run_id,t_s,event,decision,valid_plan,reason,candidate_count,decision_seconds,action,start_s,completion_s,completion_s_m,completion_t_s,predicted_min_h_m,predicted_min_net_m,execution_margin_mps2,raw_gradient_M,raw_gradient_R,gradient_M,gradient_R,partner_M,partner_R,feedback_M,feedback_R,raw_K_MR,raw_K_RM,raw_W,K_MR,K_RM,W,z_M,z_R,delta_z_M,delta_z_R,base_z_M,base_z_R,proposal_z_M,proposal_z_R,accepted_z_M,accepted_z_R,state_update_accepted,proposal_valid,partner_enabled,feedback_enabled,coupling_ablation,phase
P_collaborative_none_i0,0.0,plan_generated,1,1,,102,0.22699350002221763,new_joint_plan,1.5,155.6812499999998,155.6812499999998,4.5,0.01790625000000201,7.914968749999997,1.4130665335699089,2.14236063179744,3.021050026862092,0.0,0.0,0.0,0.0,0.0,0.0,0.16,0.16,0.7203125325753532,0.0,0.0,0.0,0.6666666666666666,0.2833333333333333,0.0,-0.04999999999999999,0.6666666666666666,0.3333333333333333,0.6666666666666666,0.3333333333333333,0.6666666666666666,0.2833333333333333,1,1,0,0,,PREPARE
P_collaborative_none_i0,0.5,plan_generated,1,1,,7,0.17866869998397306,hold_and_refine,1.5,156.74065624999983,156.74065624999983,4.5,0.06106249999999758,7.958124999999993,1.4628821117287067,2.5732366852753485,-1.0170798895860147,0.0,0.0,0.0,0.0,0.0,0.0,0.16,0.16,0.7352594219529154,0.0,0.0,0.0,0.6166666666666666,0.2833333333333333,-0.050000000000000044,0.0,0.6666666666666666,0.2833333333333333,0.6666666666666666,0.2833333333333333,0.6166666666666666,0.2833333333333333,1,1,0,0,,PREPARE
P_collaborative_none_i0,1.0,plan_generated,1,1,,7,0.16471879999153316,hold_and_refine,1.5,156.74065624999983,156.74065624999983,4.5,0.017093750000006125,7.939968750000003,1.4628821117287067,2.0463629140436783,2.15706324861662,0.0,0.0,0.0,0.0,0.0,0.0,0.16,0.16,0.7746013696589711,0.0,0.0,0.0,0.6166666666666666,0.23333333333333334,0.0,-0.04999999999999999,0.6166666666666666,0.2833333333333333,0.6166666666666666,0.2833333333333333,0.6166666666666666,0.23333333333333334,1,1,0,0,,PREPARE
P_collaborative_none_i0,1.5,plan_generated,1,1,,7,0.14829979999922216,hold_and_refine,1.5,157.41193749999988,157.41193749999988,4.5,0.017093750000006125,7.939968750000003,1.5052104000981532,1.8806182352685945,1.4753384255845694,0.0,0.0,0.0,0.0,0.0,0.0,0.16,0.16,0.7727172590420601,0.0,0.0,0.0,0.5666666666666665,0.23333333333333334,-0.050000000000000044,0.0,0.6166666666666666,0.23333333333333334,0.6166666666666666,0.23333333333333334,0.5666666666666665,0.23333333333333334,1,1,0,0,,EXECUTE
P_collaborative_none_i0,2.0,plan_generated,1,1,,7,0.15710319997742772,hold_and_refine,1.5,157.87759374999987,157.87759374999987,4.5,0.2774375000002429,8.672781250000295,1.5492895388059922,1.4220172597892398,1.143950298188772,0.0,0.0,0.0,0.0,0.0,0.0,0.16,0.16,0.715802224015182,0.0,0.0,0.0,0.5166666666666665,0.23333333333333334,-0.050000000000000044,0.0,0.5666666666666665,0.23333333333333334,0.5666666666666665,0.23333333333333334,0.5166666666666665,0.23333333333333334,1,1,0,0,,EXECUTE
P_collaborative_none_i0,2.5,plan_generated,1,1,,7,0.12848630000371486,hold_and_refine,1.5,158.17512499999992,158.17512499999992,4.5,0.48721875000032355,8.694906250000312,1.5839904055036405,0.9828750025935414,0.9135036260648646,0.0,0.0,0.0,0.0,0.0,0.0,0.16,0.16,0.6576843046177381,0.0,0.0,0.0,0.4666666666666665,0.23333333333333334,-0.04999999999999999,0.0,0.5166666666666665,0.23333333333333334,0.5166666666666665,0.23333333333333334,0.4666666666666665,0.23333333333333334,1,1,0,0,,EXECUTE
P_collaborative_none_i0,3.0,plan_generated,1,1,,7,0.10533809999469668,hold_and_refine,1.5,158.3420312499999,158.3420312499999,4.5,1.040125000000364,9.002375000000352,1.617179318941262,0.6581470812584956,0.66149116720166,0.0,0.0,0.0,0.0,0.0,0.0,0.16,0.16,0.6001185608106125,0.0,0.0,0.0,0.4166666666666665,0.23333333333333334,-0.04999999999999999,0.0,0.4666666666666665,0.23333333333333334,0.4666666666666665,0.23333333333333334,0.4166666666666665,0.23333333333333334,1,1,0,0,,EXECUTE
P_collaborative_none_i0,3.5,plan_generated,1,1,,7,0.06483449996449053,hold_and_refine,1.5,158.3420312499999,158.3420312499999,4.499999999999999,1.8986562500004434,9.641718750000432,1.617179318941262,0.41504137503082694,0.4262002182224224,0.0,0.0,0.0,0.0,0.0,0.0,0.16,0.16,0.5446285447869179,0.0,0.0,0.0,0.4166666666666665,0.18333333333333335,0.0,-0.04999999999999999,0.4166666666666665,0.23333333333333334,0.4166666666666665,0.23333333333333334,0.4166666666666665,0.18333333333333335,1,1,0,0,,EXECUTE
P_collaborative_none_i0,4.0,plan_generated,1,1,,7,0.05385899997781962,hold_and_refine,1.5,158.3601874999999,158.3601874999999,4.499999999999997,3.0692812500005298,10.593593750000519,1.6289439426425758,0.2584659865716888,0.18900875789769517,0.0,0.0,0.0,0.0,0.0,0.0,0.16,0.16,0.49298283691401795,0.0,0.0,0.0,0.36666666666666653,0.18333333333333335,-0.04999999999999999,0.0,0.4166666666666665,0.18333333333333335,0.4166666666666665,0.18333333333333335,0.36666666666666653,0.18333333333333335,1,1,0,0,,EXECUTE
P_collaborative_prepare_i0,0.0,plan_generated,1,1,,102,0.2213118000072427,new_joint_plan,1.5,155.6812499999998,155.6812499999998,4.5,0.01790625000000201,7.914968749999997,1.4130665335699089,2.14236063179744,3.021050026862092,0.0,0.0,0.0,0.0,0.0,0.0,0.16,0.16,0.7203125325753532,0.0,0.0,0.0,0.6666666666666666,0.2833333333333333,0.0,-0.04999999999999999,0.6666666666666666,0.3333333333333333,0.6666666666666666,0.3333333333333333,0.6666666666666666,0.2833333333333333,1,1,0,0,,PREPARE
P_collaborative_prepare_i0,0.5,plan_generated,1,1,,7,0.18018450000090525,hold_and_refine,1.5,156.74065624999983,156.74065624999983,4.5,0.06106249999999758,7.958124999999993,1.4628821117287067,2.5732366852753485,-1.0170798895860147,0.0,0.0,0.0,0.0,0.0,0.0,0.16,0.16,0.7352594219529154,0.0,0.0,0.0,0.6166666666666666,0.2833333333333333,-0.050000000000000044,0.0,0.6666666666666666,0.2833333333333333,0.6666666666666666,0.2833333333333333,0.6166666666666666,0.2833333333333333,1,1,0,0,,PREPARE
P_collaborative_prepare_i0,1.0,plan_generated,1,1,,7,0.14965139998821542,hold_and_refine,1.5,156.74065624999983,156.74065624999983,4.5,0.017093750000006125,7.939968750000003,1.4628821117287067,2.0463629140436783,2.15706324861662,0.0,0.0,0.0,0.0,0.0,0.0,0.16,0.16,0.7746013696589711,0.0,0.0,0.0,0.6166666666666666,0.23333333333333334,0.0,-0.04999999999999999,0.6166666666666666,0.2833333333333333,0.6166666666666666,0.2833333333333333,0.6166666666666666,0.23333333333333334,1,1,0,0,,PREPARE
P_collaborative_prepare_i0,1.5,plan_generated,1,1,,7,0.141799200035166,hold_and_refine,1.5,157.41193749999988,157.41193749999988,4.5,0.017093750000006125,7.939968750000003,1.5052115421499432,1.8806182336815152,1.475338425588051,0.0,0.0,0.0,0.0,0.0,0.0,0.16,0.16,0.7732096494802632,0.0,0.0,0.0,0.5666666666666665,0.23333333333333334,-0.050000000000000044,0.0,0.6166666666666666,0.23333333333333334,0.6166666666666666,0.23333333333333334,0.5666666666666665,0.23333333333333334,1,1,0,0,,EXECUTE
P_collaborative_prepare_i0,2.0,plan_generated,1,1,,7,0.11955160001525655,hold_and_refine,1.5,157.41193749999988,157.41193749999988,4.5,0.018708182892046565,8.20801642292501,1.5052169844624241,-58.59536984767772,1.1439502966681705,0.0,0.0,0.0,0.0,0.0,0.0,0.16,0.16,0.724677213461042,0.0,0.0,0.0,0.5666666666666665,0.18333333333333335,0.0,-0.04999999999999999,0.5666666666666665,0.23333333333333334,0.5666666666666665,0.23333333333333334,0.5666666666666665,0.18333333333333335,1,1,0,0,,EXECUTE
P_collaborative_prepare_i0,2.5,plan_generated,1,1,,7,0.10194269998464733,hold_and_refine,1.5,157.70065008481905,157.70065008481905,4.5,0.0027978751227806242,8.106008279698852,1.5407952598596046,1.1490353040949197,0.7365289706800416,0.0,0.0,0.0,0.0,0.0,0.0,0.16,0.16,0.6834292926122849,0.0,0.0,0.0,0.5166666666666665,0.18333333333333335,-0.050000000000000044,0.0,0.5666666666666665,0.18333333333333335,0.5666666666666665,0.18333333333333335,0.5166666666666665,0.18333333333333335,1,1,0,0,,EXECUTE
P_collaborative_prepare_i0,3.0,plan_generated,1,1,,7,0.08548760000849143,hold_and_refine,1.5,157.86755633481897,157.86755633481897,4.5,0.2491678626697036,8.157560215458584,1.5672675967703122,0.815721497790076,0.46248122160727945,0.0,0.0,0.0,0.0,0.0,0.0,0.16,0.16,0.6419415307597488,0.0,0.0,0.0,0.4666666666666665,0.18333333333333335,-0.04999999999999999,0.0,0.5166666666666665,0.18333333333333335,0.5166666666666665,0.18333333333333335,0.4666666666666665,0.18333333333333335,1,1,0,0,,EXECUTE
P_collaborative_prepare_i0,3.5,plan_generated,1,1,,7,0.06018319999566302,hold_and_refine,1.5,157.94133758481897,157.94133758481897,4.499999999999999,1.0512011577499614,8.71455950368168,1.5914223709327955,0.5150198640248705,0.28398164592763014,0.0,0.0,0.0,0.0,0.0,0.0,0.16,0.16,0.5911185779381065,0.0,0.0,0.0,0.4166666666666665,0.18333333333333335,-0.04999999999999999,0.0,0.4666666666666665,0.18333333333333335,0.4666666666666665,0.18333333333333335,0.4166666666666665,0.18333333333333335,1,1,0,0,,EXECUTE
P_collaborative_prepare_i0,4.0,plan_generated,1,1,,7,0.06620549998478964,hold_and_refine,1.5,157.95949383481894,157.95949383481894,4.499999999999997,2.266510611563425,9.711043334311153,1.6026088146454573,0.2910588969103279,0.13750536279589778,0.0,0.0,0.0,0.0,0.0,0.0,0.16,0.16,0.5386269890314683,0.0,0.0,0.0,0.36666666666666653,0.18333333333333335,-0.04999999999999999,0.0,0.4166666666666665,0.18333333333333335,0.4166666666666665,0.18333333333333335,0.36666666666666653,0.18333333333333335,1,1,0,0,,EXECUTE
P_collaborative_none_i2,0.0,plan_generated,1,1,,102,0.25632230000337586,new_joint_plan,2.0,161.0562499999998,161.0562499999998,5.0,0.0062500000002625455,7.671843749999991,1.375,-127.07034715465585,3.9240314557750997,0.0,0.0,0.0,0.0,0.0,0.0,0.16,0.16,0.5936371930361336,0.0,0.0,0.0,0.6666666666666666,0.2833333333333333,0.0,-0.04999999999999999,0.6666666666666666,0.3333333333333333,0.6666666666666666,0.3333333333333333,0.6666666666666666,0.2833333333333333,1,1,0,0,,PREPARE
P_collaborative_none_i2,0.5,plan_generated,1,1,,7,0.21908240002812818,hold_and_refine,2.0,161.0562499999998,161.0562499999998,5.0,0.0062500000002625455,7.671843749999991,1.375,-126.6010208055097,-0.531098111326438,0.0,0.0,0.0,0.0,0.0,0.0,0.16,0.16,0.6172775259199641,0.0,0.0,0.0,0.6666666666666666,0.2833333333333333,0.0,0.0,0.6666666666666666,0.2833333333333333,0.6666666666666666,0.2833333333333333,0.6666666666666666,0.2833333333333333,1,1,0,0,,PREPARE
P_collaborative_none_i2,1.0,plan_generated,1,1,,7,0.16813559998990968,hold_and_refine,2.0,161.0562499999998,161.0562499999998,5.0,0.0062500000002625455,7.033041411723912,1.375,-81.51364118040834,2.5812367141755037,0.0,0.0,0.0,0.0,0.0,0.0,0.16,0.16,0.6622162153585653,0.0,0.0,0.0,0.6666666666666666,0.23333333333333334,0.0,-0.04999999999999999,0.6666666666666666,0.2833333333333333,0.6666666666666666,0.2833333333333333,0.6666666666666666,0.23333333333333334,1,1,0,0,,PREPARE
P_collaborative_none_i2,1.5,plan_generated,1,1,,7,0.13875119999283925,hold_and_refine,2.0,161.0562499999998,161.0562499999998,5.0,0.0062500000002625455,7.033041411723912,1.375,364.5545754387785,-474.7076607276249,0.0,0.0,0.0,0.0,0.0,0.0,0.16,0.16,0.7224077458148848,0.0,0.0,0.0,0.6666666666666666,0.23333333333333334,0.0,0.0,0.6666666666666666,0.23333333333333334,0.6666666666666666,0.23333333333333334,0.6666666666666666,0.23333333333333334,1,1,0,0,,PREPARE
P_collaborative_none_i2,2.0,plan_generated,1,1,,7,0.1222507000202313,hold_and_refine,2.0,161.72753124999986,161.72753124999986,5.0,0.0062500000002625455,7.598062499999981,1.3857691212745353,246.58194512129032,-323.59077558868614,0.0,0.0,0.0,0.0,0.0,0.0,0.16,0.16,0.7991643324910565,0.0,0.0,0.0,0.6166666666666666,0.23333333333333334,-0.050000000000000044,0.0,0.6666666666666666,0.23333333333333334,0.6666666666666666,0.23333333333333334,0.6166666666666666,0.23333333333333334,1,1,0,0,,EXECUTE
P_collaborative_none_i2,2.5,plan_generated,1,1,,7,0.1316530000185594,hold_and_refine,2.0,162.19318749999977,162.19318749999977,5.0,0.437281250000332,8.500593750000316,1.417026843192557,1.55262455916762,1.0872315843523175,0.0,0.0,0.0,0.0,0.0,0.0,0.16,0.16,0.7132392728365908,0.0,0.0,0.0,0.5666666666666665,0.23333333333333334,-0.050000000000000044,0.0,0.6166666666666666,0.23333333333333334,0.6166666666666666,0.23333333333333334,0.5666666666666665,0.23333333333333334,1,1,0,0,,EXECUTE
P_collaborative_none_i2,3.0,plan_generated,1,1,,7,0.10740010003792122,hold_and_refine,2.0,162.4907187499998,162.4907187499998,5.0,1.2864375000004387,9.05181250000042,1.4417885779906063,1.1706398673622609,0.7538859180277415,0.0,0.0,0.0,0.0,0.0,0.0,0.16,0.16,0.6331453726312729,0.0,0.0,0.0,0.5166666666666665,0.23333333333333334,-0.050000000000000044,0.0,0.5666666666666665,0.23333333333333334,0.5666666666666665,0.23333333333333334,0.5166666666666665,0.23333333333333334,1,1,0,0,,EXECUTE
P_collaborative_none_i2,3.5,plan_generated,1,1,,7,0.08740090002538636,hold_and_refine,2.0,162.6576249999998,162.6576249999998,5.0,2.516218750000543,9.691663534489248,1.466128461127926,0.778918444658274,0.5450360057028659,0.0,0.0,0.0,0.0,0.0,0.0,0.16,0.16,0.5601532571683747,0.0,0.0,0.0,0.4666666666666665,0.23333333333333334,-0.04999999999999999,0.0,0.5166666666666665,0.23333333333333334,0.5166666666666665,0.23333333333333334,0.4666666666666665,0.23333333333333334,1,1,0,0,,EXECUTE
P_collaborative_none_i2,4.0,plan_generated,1,1,,7,0.0772988999960944,hold_and_refine,2.0,162.73140624999985,162.73140624999985,4.999999999999999,3.009062499999887,9.97501135768071,1.485216649922911,0.48889125111930565,0.3539975603064805,0.0,0.0,0.0,0.0,0.0,0.0,0.16,0.16,0.4950399896287156,0.0,0.0,0.0,0.4166666666666665,0.23333333333333334,-0.04999999999999999,0.0,0.4666666666666665,0.23333333333333334,0.4666666666666665,0.23333333333333334,0.4166666666666665,0.23333333333333334,1,1,0,0,,EXECUTE
P_collaborative_none_i2,4.5,plan_generated,1,1,,7,0.06581920001190156,hold_and_refine,2.0,162.74956249999983,162.74956249999983,4.999999999999997,3.2120340474089044,10.125480239178227,1.4936447051843018,0.2765096892611341,0.18558372172829743,0.0,0.0,0.0,0.0,0.0,0.0,0.16,0.16,0.4381300981525007,0.0,0.0,0.0,0.36666666666666653,0.23333333333333334,-0.04999999999999999,0.0,0.4166666666666665,0.23333333333333334,0.4166666666666665,0.23333333333333334,0.36666666666666653,0.23333333333333334,1,1,0,0,,EXECUTE
P_ample_none_i0,0.0,plan_generated,1,1,,102,0.17601780005497858,new_joint_plan,1.5,164.93753124999995,164.93753124999995,4.5,1.1162812499998083,9.416281249999809,2.2429097656727643,1.1424677245963382,1.9815193809593645,0.0,0.0,0.0,0.0,0.0,0.0,0.16,0.16,0.4862683493126205,0.0,0.0,0.0,0.2833333333333333,0.0,-0.04999999999999999,0.0,0.3333333333333333,0.0,0.3333333333333333,0.0,0.2833333333333333,0.0,1,1,0,0,,PREPARE
P_ample_none_i0,0.5,plan_generated,1,1,,7,0.14898699999321252,hold_and_refine,1.5,166.13256249999998,166.13256249999998,4.5,1.1900624999998044,9.490062499999805,2.148336066414396,0.3893719964610635,1.7074421069052559,0.0,0.0,0.0,0.0,0.0,0.0,0.16,0.16,0.4773122227552593,0.0,0.0,0.0,0.23333333333333334,0.0,-0.04999999999999999,0.0,0.2833333333333333,0.0,0.2833333333333333,0.0,0.23333333333333334,0.0,1,1,0,0,,PREPARE
P_ample_none_i0,1.0,plan_generated,1,1,,7,0.13468959997408092,hold_and_refine,1.5,166.13256249999998,166.13256249999998,4.5,1.1900624999998044,9.490062499999805,2.148336066414396,-0.016578722439025074,1.3153055451625861,0.0,0.0,0.0,0.0,0.0,0.0,0.16,0.16,0.47015814408326967,0.0,0.0,0.0,0.23333333333333334,0.0,0.0,0.0,0.23333333333333334,0.0,0.23333333333333334,0.0,0.23333333333333334,0.0,1,1,0,0,,PREPARE
P_ample_none_i0,1.5,plan_generated,1,1,,7,0.11555089999455959,hold_and_refine,1.5,166.13256249999998,166.13256249999998,4.5,1.1900624999998044,9.490062499999805,2.148336066414396,-0.005559912735555173,0.9941368274437619,0.0,0.0,0.0,0.0,0.0,0.0,0.16,0.16,0.4644867762294374,0.0,0.0,0.0,0.23333333333333334,0.0,0.0,0.0,0.23333333333333334,0.0,0.23333333333333334,0.0,0.23333333333333334,0.0,1,1,0,0,,EXECUTE
P_ample_none_i0,2.0,plan_generated,1,1,,7,0.10048979998100549,hold_and_refine,1.5,166.13256249999998,166.13256249999998,4.5,1.9333500386172666,10.275294883925152,2.148336066414396,-4.752696655049849e-06,0.7115063326085456,0.0,0.0,0.0,0.0,0.0,0.0,0.16,0.16,0.45975363581052014,0.0,0.0,0.0,0.23333333333333334,0.0,0.0,0.0,0.23333333333333334,0.0,0.23333333333333334,0.0,0.23333333333333334,0.0,1,1,0,0,,EXECUTE
P_ample_none_i0,2.5,plan_generated,1,1,,7,0.0895236000069417,hold_and_refine,1.5,166.13256249999998,166.13256249999998,4.5,1.9333500386172666,10.275294883925152,2.148336066414396,0.002704851577277623,0.4680918532605996,0.0,0.0,0.0,0.0,0.0,0.0,0.16,0.16,0.4556276532652973,0.0,0.0,0.0,0.23333333333333334,0.0,0.0,0.0,0.23333333333333334,0.0,0.23333333333333334,0.0,0.23333333333333334,0.0,1,1,0,0,,EXECUTE
P_ample_none_i0,3.0,plan_generated,1,1,,7,0.08161649998510256,hold_and_refine,1.5,166.13256249999998,166.13256249999998,4.5,1.9333500386172666,10.275294883925152,2.148336066414396,0.0040933915227479864,0.2679743786478489,0.0,0.0,0.0,0.0,0.0,0.0,0.16,0.16,0.45190080056271853,0.0,0.0,0.0,0.23333333333333334,0.0,0.0,0.0,0.23333333333333334,0.0,0.23333333333333334,0.0,0.23333333333333334,0.0,1,1,0,0,,EXECUTE
P_ample_none_i0,3.5,plan_generated,1,1,,7,0.05796810000902042,hold_and_refine,1.5,166.20634374999992,166.20634374999992,4.499999999999999,1.729812510478041,10.07642952147695,2.125,0.004384816302517442,0.12350464060827633,0.0,0.0,0.0,0.0,0.0,0.0,0.16,0.16,0.4484414392334598,0.0,0.0,0.0,0.18333333333333335,0.0,-0.04999999999999999,0.0,0.23333333333333334,0.0,0.23333333333333334,0.0,0.18333333333333335,0.0,1,1,0,0,,EXECUTE
P_ample_none_i0,4.0,plan_generated,1,1,,7,0.0469932000269182,hold_and_refine,1.5,166.22449999999992,166.22449999999992,4.499999999999997,1.6158304029232013,9.965375078139896,2.110191598667603,0.0013385024247358336,0.03407267385542327,0.0,0.0,0.0,0.0,0.0,0.0,0.16,0.16,0.44579950354584263,0.0,0.0,0.0,0.13333333333333336,0.0,-0.04999999999999999,0.0,0.18333333333333335,0.0,0.18333333333333335,0.0,0.13333333333333336,0.0,1,1,0,0,,EXECUTE
P_ample_prepare_i0,0.0,plan_generated,1,1,,102,0.19493479997618124,new_joint_plan,1.5,164.93753124999995,164.93753124999995,4.5,1.1162812499998083,9.416281249999809,2.2429097656727643,1.1424677245963382,1.9815193809593645,0.0,0.0,0.0,0.0,0.0,0.0,0.16,0.16,0.4862683493126205,0.0,0.0,0.0,0.2833333333333333,0.0,-0.04999999999999999,0.0,0.3333333333333333,0.0,0.3333333333333333,0.0,0.2833333333333333,0.0,1,1,0,0,,PREPARE
P_ample_prepare_i0,0.5,plan_generated,1,1,,7,0.13649629999417812,hold_and_refine,1.5,166.13256249999998,166.13256249999998,4.5,1.1900624999998044,9.490062499999805,2.148336066414396,0.3893719964610635,1.7074421069052559,0.0,0.0,0.0,0.0,0.0,0.0,0.16,0.16,0.4773122227552593,0.0,0.0,0.0,0.23333333333333334,0.0,-0.04999999999999999,0.0,0.2833333333333333,0.0,0.2833333333333333,0.0,0.23333333333333334,0.0,1,1,0,0,,PREPARE
P_ample_prepare_i0,1.0,plan_generated,1,1,,7,0.14716130000306293,hold_and_refine,1.5,166.13256249999998,166.13256249999998,4.5,1.1900624999998044,9.490062499999805,2.148336066414396,-0.016578722439025074,1.3153055451625861,0.0,0.0,0.0,0.0,0.0,0.0,0.16,0.16,0.47015814408326967,0.0,0.0,0.0,0.23333333333333334,0.0,0.0,0.0,0.23333333333333334,0.0,0.23333333333333334,0.0,0.23333333333333334,0.0,1,1,0,0,,PREPARE
P_ample_prepare_i0,1.5,plan_generated,1,1,,7,0.13768139999592677,hold_and_refine,1.5,166.13256249999998,166.13256249999998,4.5,1.1900624999998044,9.490062499999805,2.148336066414396,-0.007889913780654291,0.9961300798723522,0.0,0.0,0.0,0.0,0.0,0.0,0.16,0.16,0.4647259210004152,0.0,0.0,0.0,0.23333333333333334,0.0,0.0,0.0,0.23333333333333334,0.0,0.23333333333333334,0.0,0.23333333333333334,0.0,1,1,0,0,,EXECUTE
P_ample_prepare_i0,2.0,plan_generated,1,1,,7,0.11040290002711117,hold_and_refine,1.5,166.13256249999998,166.13256249999998,4.5,0.8196316111250876,9.177938200204533,2.0166594958202113,-0.0005551343041919344,0.723610370640578,0.0,0.0,0.0,0.0,0.0,0.0,0.16,0.16,0.46435262260605403,0.0,0.0,0.0,0.23333333333333334,0.0,0.0,0.0,0.23333333333333334,0.0,0.23333333333333334,0.0,0.23333333333333334,0.0,1,1,0,0,,EXECUTE
P_ample_prepare_i0,2.5,plan_generated,1,1,,7,0.09701999998651445,hold_and_refine,1.5,166.13256249999998,166.13256249999998,4.5,0.39691220992486187,8.754031450653496,1.8922794003775065,-345.99579023594276,0.4875850926941183,0.0,0.0,0.0,0.0,0.0,0.0,0.16,0.16,0.4697991864172559,0.0,0.0,0.0,0.23333333333333334,0.0,0.0,0.0,0.23333333333333334,0.0,0.23333333333333334,0.0,0.23333333333333334,0.0,1,1,0,0,,EXECUTE
P_ample_prepare_i0,3.0,plan_generated,1,1,,7,0.07796070002950728,hold_and_refine,1.5,166.29946874999996,166.29946874999996,4.5,0.09927510828778452,8.476086548277049,1.657449578173717,0.010867557743989288,0.28191001612906896,0.0,0.0,0.0,0.0,0.0,0.0,0.16,0.16,0.47657950655534287,0.0,0.0,0.0,0.18333333333333335,0.0,-0.04999999999999999,0.0,0.23333333333333334,0.0,0.23333333333333334,0.0,0.18333333333333335,0.0,1,1,0,0,,EXECUTE
P_ample_prepare_i0,3.5,plan_generated,1,1,,7,0.06665439996868372,hold_and_refine,1.5,166.22568749999996,166.22568749999996,4.499999999999999,0.5391155691645242,8.914581904138725,2.1303319826261107,-0.0012320393925793762,0.11982418295147616,0.0,0.0,0.0,0.0,0.0,0.0,0.16,0.16,0.47855236249051836,0.0,0.0,0.0,0.23333333333333334,0.0,0.04999999999999999,0.0,0.18333333333333335,0.0,0.18333333333333335,0.0,0.23333333333333334,0.0,1,1,0,0,,EXECUTE
P_ample_prepare_i0,4.0,plan_generated,1,1,,7,0.04736419999971986,hold_and_refine,1.5,166.24384374999997,166.24384374999997,4.499999999999997,0.4336059791800757,8.81486566019073,2.125,0.010819765529716427,0.03405795557139858,0.0,0.0,0.0,0.0,0.0,0.0,0.16,0.16,0.4769262904786835,0.0,0.0,0.0,0.18333333333333335,0.0,-0.04999999999999999,0.0,0.23333333333333334,0.0,0.23333333333333334,0.0,0.18333333333333335,0.0,1,1,0,0,,EXECUTE
S1_collaborative_none_i0,0.0,plan_generated,1,1,,102,0.19967709999764338,new_joint_plan,1.5,155.6812499999998,155.6812499999998,4.5,0.17937500000000295,8.015624999999996,1.4130665335699089,2.14236063179744,3.021050026862092,0.0,0.0,0.0,0.0,0.0,0.0,0.16,0.16,0.7203125325753532,0.0,0.0,0.0,0.6666666666666666,0.3333333333333333,0.0,0.0,0.6666666666666666,0.3333333333333333,0.6666666666666666,0.3333333333333333,0.6666666666666666,0.3333333333333333,1,1,0,0,,PREPARE
S1_collaborative_none_i0,0.5,plan_generated,1,1,,7,0.152407800022047,hold_and_refine,1.5,155.6812499999998,155.6812499999998,4.5,0.17937500000000295,8.015624999999996,1.4130665335699089,2.142360631797438,2.8721938476367797,0.0,0.0,0.0,0.0,0.0,0.0,0.16,0.16,0.7358066697365166,0.0,0.0,0.0,0.6666666666666666,0.3333333333333333,0.0,0.0,0.6666666666666666,0.3333333333333333,0.6666666666666666,0.3333333333333333,0.6666666666666666,0.3333333333333333,1,1,0,0,,PREPARE
S1_collaborative_none_i0,1.0,plan_generated,1,1,,7,0.14097009995020926,hold_and_refine,1.5,155.6812499999998,155.6812499999998,4.5,0.17937500000000295,8.015624999999996,1.4130665335699089,1.984964280658195,2.319891471865017,0.0,0.0,0.0,0.0,0.0,0.0,0.16,0.16,0.7792546293287019,0.0,0.0,0.0,0.6666666666666666,0.3333333333333333,0.0,0.0,0.6666666666666666,0.3333333333333333,0.6666666666666666,0.3333333333333333,0.6666666666666666,0.3333333333333333,1,1,0,0,,PREPARE
S1_collaborative_none_i0,1.5,plan_generated,1,1,,7,0.12714120000600815,hold_and_refine,1.5,155.6812499999998,155.6812499999998,4.5,0.17937500000000295,8.015624999999996,1.4130665335699089,1.6470131553743956,1.8163840445076178,0.0,0.0,0.0,0.0,0.0,0.0,0.16,0.16,0.7588422065471248,0.0,0.0,0.0,0.6666666666666666,0.3333333333333333,0.0,0.0,0.6666666666666666,0.3333333333333333,0.6666666666666666,0.3333333333333333,0.6666666666666666,0.3333333333333333,1,1,0,0,,EXECUTE
S1_collaborative_none_i0,2.0,plan_generated,1,1,,7,0.11832240002695471,hold_and_refine,1.5,155.6812499999998,155.6812499999998,4.5,0.5062500000002625,8.878750000000263,1.4130665335699089,1.3149856248841718,1.3687904608409698,0.0,0.0,0.0,0.0,0.0,0.0,0.16,0.16,0.6901037754021753,0.0,0.0,0.0,0.6666666666666666,0.3333333333333333,0.0,0.0,0.6666666666666666,0.3333333333333333,0.6666666666666666,0.3333333333333333,0.6666666666666666,0.3333333333333333,1,1,0,0,,EXECUTE
S1_collaborative_none_i0,2.5,plan_generated,1,1,,7,0.09543999994639307,hold_and_refine,1.5,155.6812499999998,155.6812499999998,4.5,0.9812500000003386,9.01875000000032,1.4130665335699089,1.000130037998054,0.9815624229371924,0.0,0.0,0.0,0.0,0.0,0.0,0.16,0.16,0.6192079741859735,0.0,0.0,0.0,0.6666666666666666,0.3333333333333333,0.0,0.0,0.6666666666666666,0.3333333333333333,0.6666666666666666,0.3333333333333333,0.6666666666666666,0.3333333333333333,1,1,0,0,,EXECUTE
S1_collaborative_none_i0,3.0,plan_generated,1,1,,7,0.08828969998285174,hold_and_refine,1.5,155.6812499999998,155.6812499999998,4.5,1.956250000000443,9.64375000000042,1.4130665335699089,0.7260710943511011,0.6560506782577004,0.0,0.0,0.0,0.0,0.0,0.0,0.16,0.16,0.5497145167493284,0.0,0.0,0.0,0.6666666666666666,0.3333333333333333,0.0,0.0,0.6666666666666666,0.3333333333333333,0.6666666666666666,0.3333333333333333,0.6666666666666666,0.3333333333333333,1,1,0,0,,EXECUTE
S1_collaborative_none_i0,3.5,plan_generated,1,1,,7,0.07003399997483939,hold_and_refine,1.5,155.6812499999998,155.6812499999998,4.499999999999999,3.431250000000528,10.263111977282232,1.4130665335699089,0.4934042351456598,0.39371065876826716,0.0,0.0,0.0,0.0,0.0,0.0,0.16,0.16,0.4845380975699502,0.0,0.0,0.0,0.6666666666666666,0.3333333333333333,0.0,0.0,0.6666666666666666,0.3333333333333333,0.6666666666666666,0.3333333333333333,0.6666666666666666,0.3333333333333333,1,1,0,0,,EXECUTE
S1_collaborative_none_i0,4.0,plan_generated,1,1,,7,0.05273599998326972,hold_and_refine,1.5,155.6812499999998,155.6812499999998,4.499999999999997,3.581647269662424,10.263111977282232,1.4130665335699089,0.3017308792801862,0.19432595537857594,0.0,0.0,0.0,0.0,0.0,0.0,0.16,0.16,0.4257926624096443,0.0,0.0,0.0,0.6666666666666666,0.3333333333333333,0.0,0.0,0.6666666666666666,0.3333333333333333,0.6666666666666666,0.3333333333333333,0.6666666666666666,0.3333333333333333,1,1,0,0,,EXECUTE
S1_collaborative_prepare_i0,0.0,plan_generated,1,1,,102,0.20185700000729412,new_joint_plan,1.5,155.6812499999998,155.6812499999998,4.5,0.17937500000000295,8.015624999999996,1.4130665335699089,2.14236063179744,3.021050026862092,0.0,0.0,0.0,0.0,0.0,0.0,0.16,0.16,0.7203125325753532,0.0,0.0,0.0,0.6666666666666666,0.3333333333333333,0.0,0.0,0.6666666666666666,0.3333333333333333,0.6666666666666666,0.3333333333333333,0.6666666666666666,0.3333333333333333,1,1,0,0,,PREPARE
S1_collaborative_prepare_i0,0.5,plan_generated,1,1,,7,0.16946080001071095,hold_and_refine,1.5,155.6812499999998,155.6812499999998,4.5,0.17937500000000295,8.015624999999996,1.4130665335699089,2.142360631797438,2.8721938476367797,0.0,0.0,0.0,0.0,0.0,0.0,0.16,0.16,0.7358066697365166,0.0,0.0,0.0,0.6666666666666666,0.3333333333333333,0.0,0.0,0.6666666666666666,0.3333333333333333,0.6666666666666666,0.3333333333333333,0.6666666666666666,0.3333333333333333,1,1,0,0,,PREPARE
S1_collaborative_prepare_i0,1.0,plan_generated,1,1,,7,0.1535868999781087,hold_and_refine,1.5,155.6812499999998,155.6812499999998,4.5,0.17937500000000295,8.015624999999996,1.4130665335699089,1.984964280658195,2.319891471865017,0.0,0.0,0.0,0.0,0.0,0.0,0.16,0.16,0.7792546293287019,0.0,0.0,0.0,0.6666666666666666,0.3333333333333333,0.0,0.0,0.6666666666666666,0.3333333333333333,0.6666666666666666,0.3333333333333333,0.6666666666666666,0.3333333333333333,1,1,0,0,,PREPARE
S1_collaborative_prepare_i0,1.5,plan_generated,1,1,,7,0.13647610001498833,hold_and_refine,1.5,155.6812499999998,155.6812499999998,4.5,0.17937500000000295,8.015624999999996,1.41306716345809,1.647013157651816,1.8163840445076223,0.0,0.0,0.0,0.0,0.0,0.0,0.16,0.16,0.7593226679870826,0.0,0.0,0.0,0.6666666666666666,0.3333333333333333,0.0,0.0,0.6666666666666666,0.3333333333333333,0.6666666666666666,0.3333333333333333,0.6666666666666666,0.3333333333333333,1,1,0,0,,EXECUTE
S1_collaborative_prepare_i0,2.0,plan_generated,1,1,,7,0.11741480004275218,hold_and_refine,1.5,155.6812499999998,155.6812499999998,4.5,0.33220110697810945,8.526889368782104,1.4130701146394604,1.3149856373958702,1.3687904608409764,0.0,0.0,0.0,0.0,0.0,0.0,0.16,0.16,0.6985365925393545,0.0,0.0,0.0,0.6666666666666666,0.3333333333333333,0.0,0.0,0.6666666666666666,0.3333333333333333,0.6666666666666666,0.3333333333333333,0.6666666666666666,0.3333333333333333,1,1,0,0,,EXECUTE
S1_collaborative_prepare_i0,2.5,plan_generated,1,1,,7,0.09556909999810159,hold_and_refine,1.5,155.6812499999998,155.6812499999998,4.5,0.44991391867479,8.485023844577494,1.41307171356541,1.0001300555338135,0.9815624229371902,0.0,0.0,0.0,0.0,0.0,0.0,0.16,0.16,0.6420843775745617,0.0,0.0,0.0,0.6666666666666666,0.3333333333333333,0.0,0.0,0.6666666666666666,0.3333333333333333,0.6666666666666666,0.3333333333333333,0.6666666666666666,0.3333333333333333,1,1,0,0,,EXECUTE
S1_collaborative_prepare_i0,3.0,plan_generated,1,1,,7,0.08730840001953766,hold_and_refine,1.5,155.6812499999998,155.6812499999998,4.5,1.034069255165468,8.721569255165445,1.4130713609663992,0.726071110247341,0.6560506782576959,0.0,0.0,0.0,0.0,0.0,0.0,0.16,0.16,0.5834983160138909,0.0,0.0,0.0,0.6666666666666666,0.3333333333333333,0.0,0.0,0.6666666666666666,0.3333333333333333,0.6666666666666666,0.3333333333333333,0.6666666666666666,0.3333333333333333,1,1,0,0,,EXECUTE
S1_collaborative_prepare_i0,3.5,plan_generated,1,1,,7,0.07604409998748451,hold_and_refine,1.5,155.6812499999998,155.6812499999998,4.499999999999999,2.331328324166247,9.668828324166224,1.4130705063856477,0.493404247947546,0.3937106587682694,0.0,0.0,0.0,0.0,0.0,0.0,0.16,0.16,0.5176211507765146,0.0,0.0,0.0,0.6666666666666666,0.3333333333333333,0.0,0.0,0.6666666666666666,0.3333333333333333,0.6666666666666666,0.3333333333333333,0.6666666666666666,0.3333333333333333,1,1,0,0,,EXECUTE
S1_collaborative_prepare_i0,4.0,plan_generated,1,1,,7,0.052646800002548844,hold_and_refine,1.5,155.6812499999998,155.6812499999998,4.499999999999997,3.581647264696384,10.263111972316192,1.4130705063856477,0.301730891884133,0.19432595537857594,0.0,0.0,0.0,0.0,0.0,0.0,0.16,0.16,0.453805386119541,0.0,0.0,0.0,0.6666666666666666,0.3333333333333333,0.0,0.0,0.6666666666666666,0.3333333333333333,0.6666666666666666,0.3333333333333333,0.6666666666666666,0.3333333333333333,1,1,0,0,,EXECUTE
S1_collaborative_none_i2,0.0,plan_generated,1,1,,102,0.2353917000000365,new_joint_plan,2.0,161.0562499999998,161.0562499999998,5.0,0.0062500000002625455,7.8781249999999945,1.375,-127.07034715465585,3.9240314557750997,0.0,0.0,0.0,0.0,0.0,0.0,0.16,0.16,0.5936371930361336,0.0,0.0,0.0,0.6666666666666666,0.3333333333333333,0.0,0.0,0.6666666666666666,0.3333333333333333,0.6666666666666666,0.3333333333333333,0.6666666666666666,0.3333333333333333,1,1,0,0,,PREPARE
S1_collaborative_none_i2,0.5,plan_generated,1,1,,7,0.1710824000183493,hold_and_refine,2.0,161.0562499999998,161.0562499999998,5.0,0.0062500000002625455,7.8781249999999945,1.375,-127.07034715465585,3.7466002113835204,0.0,0.0,0.0,0.0,0.0,0.0,0.16,0.16,0.6177041493325387,0.0,0.0,0.0,0.6666666666666666,0.3333333333333333,0.0,0.0,0.6666666666666666,0.3333333333333333,0.6666666666666666,0.3333333333333333,0.6666666666666666,0.3333333333333333,1,1,0,0,,PREPARE
S1_collaborative_none_i2,1.0,plan_generated,1,1,,7,0.17130980000365525,hold_and_refine,2.0,161.0562499999998,161.0562499999998,5.0,0.0062500000002625455,7.8781249999999945,1.375,-81.96395901222242,3.095400255933268,0.0,0.0,0.0,0.0,0.0,0.0,0.16,0.16,0.6653278240807743,0.0,0.0,0.0,0.6666666666666666,0.3333333333333333,0.0,0.0,0.6666666666666666,0.3333333333333333,0.6666666666666666,0.3333333333333333,0.6666666666666666,0.3333333333333333,1,1,0,0,,PREPARE
S1_collaborative_none_i2,1.5,plan_generated,1,1,,7,0.17038399999728426,hold_and_refine,2.0,161.0562499999998,161.0562499999998,5.0,0.0062500000002625455,7.8781249999999945,1.375,-18.4678999576528,2.500049396015265,0.0,0.0,0.0,0.0,0.0,0.0,0.16,0.16,0.7332509587122154,0.0,0.0,0.0,0.6666666666666666,0.3333333333333333,0.0,0.0,0.6666666666666666,0.3333333333333333,0.6666666666666666,0.3333333333333333,0.6666666666666666,0.3333333333333333,1,1,0,0,,PREPARE
S1_collaborative_none_i2,2.0,plan_generated,1,1,,7,0.1300514999893494,hold_and_refine,2.0,161.0562499999998,161.0562499999998,5.0,0.0062500000002625455,7.8781249999999945,1.375,1.5979379421518822,1.9631659709769527,0.0,0.0,0.0,0.0,0.0,0.0,0.16,0.16,0.7745672537154522,0.0,0.0,0.0,0.6666666666666666,0.3333333333333333,0.0,0.0,0.6666666666666666,0.3333333333333333,0.6666666666666666,0.3333333333333333,0.6666666666666666,0.3333333333333333,1,1,0,0,,EXECUTE
S1_collaborative_none_i2,2.5,plan_generated,1,1,,7,0.10640849999617785,hold_and_refine,2.0,161.0562499999998,161.0562499999998,5.0,0.4812500000003386,8.51875000000032,1.375,1.2536228469561317,1.4882030318164665,0.0,0.0,0.0,0.0,0.0,0.0,0.16,0.16,0.6769287722029051,0.0,0.0,0.0,0.6666666666666666,0.3333333333333333,0.0,0.0,0.6666666666666666,0.3333333333333333,0.6666666666666666,0.3333333333333333,0.6666666666666666,0.3333333333333333,1,1,0,0,,EXECUTE
S1_collaborative_none_i2,3.0,plan_generated,1,1,,7,0.09645860001910478,hold_and_refine,2.0,161.0562499999998,161.0562499999998,5.0,1.456250000000443,9.14375000000042,1.375,0.9499660298430914,1.0751525054145186,0.0,0.0,0.0,0.0,0.0,0.0,0.16,0.16,0.5861080124094539,0.0,0.0,0.0,0.6666666666666666,0.3333333333333333,0.0,0.0,0.6666666666666666,0.3333333333333333,0.6666666666666666,0.3333333333333333,0.6666666666666666,0.3333333333333333,1,1,0,0,,EXECUTE
S1_collaborative_none_i2,3.5,plan_generated,1,1,,7,0.09762630000477657,hold_and_refine,2.0,161.0562499999998,161.0562499999998,5.0,2.931250000000528,10.268750000000505,1.375,0.687829299397668,0.7276818765091965,0.0,0.0,0.0,0.0,0.0,0.0,0.16,0.16,0.5048644206186297,0.0,0.0,0.0,0.6666666666666666,0.3333333333333333,0.0,0.0,0.6666666666666666,0.3333333333333333,0.6666666666666666,0.3333333333333333,0.6666666666666666,0.3333333333333333,1,1,0,0,,EXECUTE
S1_collaborative_none_i2,4.0,plan_generated,1,1,,7,0.07432380004320294,hold_and_refine,2.0,161.0562499999998,161.0562499999998,4.999999999999999,4.090729561506476,10.456683318982396,1.375,0.465965743524905,0.445092143999979,0.0,0.0,0.0,0.0,0.0,0.0,0.16,0.16,0.43477254579833163,0.0,0.0,0.0,0.6666666666666666,0.3333333333333333,0.0,0.0,0.6666666666666666,0.3333333333333333,0.6666666666666666,0.3333333333333333,0.6666666666666666,0.3333333333333333,1,1,0,0,,EXECUTE
S1_collaborative_none_i2,4.5,plan_generated,1,1,,7,0.05964359996141866,hold_and_refine,2.0,161.0562499999998,161.0562499999998,4.999999999999997,4.090729561506476,10.456683318982396,1.375,0.28384896374648,0.2289734017792489,0.0,0.0,0.0,0.0,0.0,0.0,0.16,0.16,0.3763317484610219,0.0,0.0,0.0,0.6666666666666666,0.3333333333333333,0.0,0.0,0.6666666666666666,0.3333333333333333,0.6666666666666666,0.3333333333333333,0.6666666666666666,0.3333333333333333,1,1,0,0,,EXECUTE
S1_ample_none_i0,0.0,plan_generated,1,1,,102,0.20419379998929799,new_joint_plan,1.5,163.64062499999986,163.64062499999986,4.5,1.0156249999998082,9.315624999999809,2.1931675566263364,1.1424677245963382,1.9815193809593645,0.0,0.0,0.0,0.0,0.0,0.0,0.16,0.16,0.4862683493126205,0.0,0.0,0.0,0.3333333333333333,0.0,0.0,0.0,0.3333333333333333,0.0,0.3333333333333333,0.0,0.3333333333333333,0.0,1,1,0,0,,PREPARE
S1_ample_none_i0,0.5,plan_generated,1,1,,7,0.16366419999394566,hold_and_refine,1.5,163.64062499999986,163.64062499999986,4.5,1.0156249999998082,9.315624999999809,2.1931675566263364,1.1214672967138064,1.6032357453607209,0.0,0.0,0.0,0.0,0.0,0.0,0.16,0.16,0.47708180275167583,0.0,0.0,0.0,0.3333333333333333,0.0,0.0,0.0,0.3333333333333333,0.0,0.3333333333333333,0.0,0.3333333333333333,0.0,1,1,0,0,,PREPARE
S1_ample_none_i0,1.0,plan_generated,1,1,,7,0.1546678000013344,hold_and_refine,1.5,163.64062499999986,163.64062499999986,4.5,1.0156249999998082,9.315624999999809,2.1931675566263364,1.0186496824897,1.266491620491295,0.0,0.0,0.0,0.0,0.0,0.0,0.16,0.16,0.4685319782162442,0.0,0.0,0.0,0.3333333333333333,0.0,0.0,0.0,0.3333333333333333,0.0,0.3333333333333333,0.0,0.3333333333333333,0.0,1,1,0,0,,PREPARE
S1_ample_none_i0,1.5,plan_generated,1,1,,7,0.14144219999434426,hold_and_refine,1.5,163.64062499999986,163.64062499999986,4.5,1.0156249999998082,9.315624999999809,2.1931675566263364,0.9021598062701276,0.9688123786422598,0.0,0.0,0.0,0.0,0.0,0.0,0.16,0.16,0.46151816734768203,0.0,0.0,0.0,0.3333333333333333,0.0,0.0,0.0,0.3333333333333333,0.0,0.3333333333333333,0.0,0.3333333333333333,0.0,1,1,0,0,,EXECUTE
S1_ample_none_i0,2.0,plan_generated,1,1,,7,0.13052010000683367,hold_and_refine,1.5,163.64062499999986,163.64062499999986,4.5,2.228124999999757,10.528124999999758,2.1931675566263364,0.7696440288338872,0.7124400405782307,0.0,0.0,0.0,0.0,0.0,0.0,0.16,0.16,0.45549328493075636,0.0,0.0,0.0,0.3333333333333333,0.0,0.0,0.0,0.3333333333333333,0.0,0.3333333333333333,0.0,0.3333333333333333,0.0,1,1,0,0,,EXECUTE
S1_ample_none_i0,2.5,plan_generated,1,1,,7,0.11029489996144548,hold_and_refine,1.5,163.64062499999986,163.64062499999986,4.5,3.1906249999996774,11.490624999999678,2.1931675566263364,0.6323042193371047,0.49473813377770015,0.0,0.0,0.0,0.0,0.0,0.0,0.16,0.16,0.450118400129056,0.0,0.0,0.0,0.3333333333333333,0.0,0.0,0.0,0.3333333333333333,0.0,0.3333333333333333,0.0,0.3333333333333333,0.0,1,1,0,0,,EXECUTE
S1_ample_none_i0,3.0,plan_generated,1,1,,7,0.09277380001731217,hold_and_refine,1.5,163.64062499999986,163.64062499999986,4.5,3.903124999999612,12.203124999999613,2.1931675566263364,0.4932534366416166,0.31777535002425705,0.0,0.0,0.0,0.0,0.0,0.0,0.16,0.16,0.4451812815062496,0.0,0.0,0.0,0.3333333333333333,0.0,0.0,0.0,0.3333333333333333,0.0,0.3333333333333333,0.0,0.3333333333333333,0.0,1,1,0,0,,EXECUTE
S1_ample_none_i0,3.5,plan_generated,1,1,,7,0.07628449995536357,hold_and_refine,1.5,163.64062499999986,163.64062499999986,4.499999999999999,4.358754811682802,12.556273403071668,2.1931675566263364,0.3537700786023193,0.17861753995131707,0.0,0.0,0.0,0.0,0.0,0.0,0.16,0.16,0.44054800166600494,0.0,0.0,0.0,0.3333333333333333,0.0,0.0,0.0,0.3333333333333333,0.0,0.3333333333333333,0.0,0.3333333333333333,0.0,1,1,0,0,,EXECUTE
S1_ample_none_i0,4.0,plan_generated,1,1,,7,0.06016910000471398,hold_and_refine,1.5,163.64062499999986,163.64062499999986,4.499999999999997,4.358754811682802,12.556273403071668,2.1931675566263364,0.21413787554055524,0.0766707673701772,0.0,0.0,0.0,0.0,0.0,0.0,0.16,0.16,0.436133524634687,0.0,0.0,0.0,0.3333333333333333,0.0,0.0,0.0,0.3333333333333333,0.0,0.3333333333333333,0.0,0.3333333333333333,0.0,1,1,0,0,,EXECUTE
S1_ample_prepare_i0,0.0,plan_generated,1,1,,102,0.23782360000768676,new_joint_plan,1.5,163.64062499999986,163.64062499999986,4.5,1.0156249999998082,9.315624999999809,2.1931675566263364,1.1424677245963382,1.9815193809593645,0.0,0.0,0.0,0.0,0.0,0.0,0.16,0.16,0.4862683493126205,0.0,0.0,0.0,0.3333333333333333,0.0,0.0,0.0,0.3333333333333333,0.0,0.3333333333333333,0.0,0.3333333333333333,0.0,1,1,0,0,,PREPARE
S1_ample_prepare_i0,0.5,plan_generated,1,1,,7,0.18019429995911196,hold_and_refine,1.5,163.64062499999986,163.64062499999986,4.5,1.0156249999998082,9.315624999999809,2.1931675566263364,1.1214672967138064,1.6032357453607209,0.0,0.0,0.0,0.0,0.0,0.0,0.16,0.16,0.47708180275167583,0.0,0.0,0.0,0.3333333333333333,0.0,0.0,0.0,0.3333333333333333,0.0,0.3333333333333333,0.0,0.3333333333333333,0.0,1,1,0,0,,PREPARE
S1_ample_prepare_i0,1.0,plan_generated,1,1,,7,0.15827090002130717,hold_and_refine,1.5,163.64062499999986,163.64062499999986,4.5,1.0156249999998082,9.315624999999809,2.1931675566263364,1.0186496824897,1.266491620491295,0.0,0.0,0.0,0.0,0.0,0.0,0.16,0.16,0.4685319782162442,0.0,0.0,0.0,0.3333333333333333,0.0,0.0,0.0,0.3333333333333333,0.0,0.3333333333333333,0.0,0.3333333333333333,0.0,1,1,0,0,,PREPARE
S1_ample_prepare_i0,1.5,plan_generated,1,1,,7,0.13385360001120716,hold_and_refine,1.5,163.64062499999986,163.64062499999986,4.5,1.0156249999998082,9.315624999999809,2.206077534752814,0.8962741749214512,0.9686874563177911,0.0,0.0,0.0,0.0,0.0,0.0,0.16,0.16,0.46175462794933664,0.0,0.0,0.0,0.3333333333333333,0.0,0.0,0.0,0.3333333333333333,0.0,0.3333333333333333,0.0,0.3333333333333333,0.0,1,1,0,0,,EXECUTE
S1_ample_prepare_i0,2.0,plan_generated,1,1,,7,0.13123759999871254,hold_and_refine,1.5,163.64062499999986,163.64062499999986,4.5,2.228124999999757,10.528124999999758,2.0166594958202113,0.7401731058776176,0.7117909052270688,0.0,0.0,0.0,0.0,0.0,0.0,0.16,0.16,0.4600168414156452,0.0,0.0,0.0,0.3333333333333333,0.0,0.0,0.0,0.3333333333333333,0.0,0.3333333333333333,0.0,0.3333333333333333,0.0,1,1,0,0,,EXECUTE
S1_ample_prepare_i0,2.5,plan_generated,1,1,,7,0.10151979996589944,hold_and_refine,1.5,163.64062499999986,163.64062499999986,4.5,3.1906249999996774,11.490624999999678,1.8922794003775065,0.5943349758182467,0.49389858601130016,0.0,0.0,0.0,0.0,0.0,0.0,0.16,0.16,0.4639845102860238,0.0,0.0,0.0,0.3333333333333333,0.0,0.0,0.0,0.3333333333333333,0.0,0.3333333333333333,0.0,0.3333333333333333,0.0,1,1,0,0,,EXECUTE
S1_ample_prepare_i0,3.0,plan_generated,1,1,,7,0.09715579997282475,hold_and_refine,1.5,163.64062499999986,163.64062499999986,4.5,3.4184382736357293,11.711924795718158,1.657449578173717,0.4667997525430095,0.31722786133803443,0.0,0.0,0.0,0.0,0.0,0.0,0.16,0.16,0.46920167662873785,0.0,0.0,0.0,0.3333333333333333,0.0,0.0,0.0,0.3333333333333333,0.0,0.3333333333333333,0.0,0.3333333333333333,0.0,1,1,0,0,,EXECUTE
S1_ample_prepare_i0,3.5,plan_generated,1,1,,7,0.08375109999906272,hold_and_refine,1.5,163.64062499999986,163.64062499999986,4.499999999999999,3.5529566596751145,11.881280993351947,2.2623636723745766,0.34015285739199946,0.17839191668811302,0.0,0.0,0.0,0.0,0.0,0.0,0.16,0.16,0.4690069747806938,0.0,0.0,0.0,0.3333333333333333,0.0,0.0,0.0,0.3333333333333333,0.0,0.3333333333333333,0.0,0.3333333333333333,0.0,1,1,0,0,,EXECUTE
S1_ample_prepare_i0,4.0,plan_generated,1,1,,7,0.05223939998541027,hold_and_refine,1.5,163.64062499999986,163.64062499999986,4.499999999999997,3.5552828379451995,11.881280993351947,2.2623636723745766,0.20458496069669413,0.0765523978038185,0.0,0.0,0.0,0.0,0.0,0.0,0.16,0.16,0.46602462280179513,0.0,0.0,0.0,0.3333333333333333,0.0,0.0,0.0,0.3333333333333333,0.0,0.3333333333333333,0.0,0.3333333333333333,0.0,1,1,0,0,,EXECUTE
S2_collaborative_none_i0,0.0,plan_generated,1,1,,102,0.19733840000117198,new_joint_plan,1.5,157.2284241833711,157.2284241833711,4.5,0.2309450770367647,8.116787980986128,1.4855162815201362,2.14236063179744,3.021050026862092,2.14236063179744,3.021050026862092,-0.09980943229992989,0.09980943229992989,-0.03856249137235392,-0.05437890048351765,0.16,0.16,0.7203125325753532,0.16,0.16,0.7203125325753532,0.5941473714971914,0.35338193257487277,-0.0725192951694752,0.020048599241539455,0.6666666666666666,0.3333333333333333,0.5941473714971914,0.35338193257487277,0.5941473714971914,0.35338193257487277,1,1,1,1,,PREPARE
S2_collaborative_none_i0,0.5,plan_generated,1,1,,7,0.1610662000020966,hold_and_refine;state_update_rejected,1.5,157.2284241833711,157.2284241833711,4.5,0.2309450770367647,8.116787980986128,1.4855162815201362,1.8360393861231545,3.3025742310360426,1.8360393861231545,3.3025742310360426,-0.08081138861498945,0.08081138861498945,-0.033048708950216776,-0.05944633615864876,0.16,0.16,0.7359355913223888,0.16,0.16,0.7359355913223888,0.5941473714971914,0.35338193257487277,0.0,0.0,0.5941473714971914,0.35338193257487277,0.5342465858571024,0.36123740334244414,0.5941473714971914,0.35338193257487277,0,0,1,1,,PREPARE
S2_collaborative_none_i0,1.0,plan_generated,1,1,,7,0.1488540999707766,hold_and_refine,1.5,158.3341698582362,158.3341698582362,4.5,0.07596355569285862,8.144129652231964,1.4825867506963395,1.6614802682223802,2.6835864786848433,1.6614802682223802,2.6835864786848433,-0.08558596951867259,0.08558596951867259,-0.02990664482800284,-0.048304556616327175,0.16,0.16,0.7794168887099315,0.16,0.16,0.7794168887099315,0.5334303274663678,0.3691955835654465,-0.060717044030823675,0.015813650990573747,0.5941473714971914,0.35338193257487277,0.5334303274663678,0.3691955835654465,0.5334303274663678,0.3691955835654465,1,1,1,1,,PREPARE
S2_collaborative_none_i0,1.5,plan_generated,1,1,,7,0.12491250003222376,hold_and_refine,1.5,158.9350831942048,158.9350831942048,4.5,0.02026788663375534,8.144129652231964,1.4463587300023204,1.328460587238693,2.1751142474073375,1.328460587238693,2.1751142474073375,-0.059972149576436456,0.059972149576436456,-0.023912290570296472,-0.03915205645333207,0.16,0.16,0.759727463966015,0.16,0.16,0.759727463966015,0.4888209557556695,0.3766520654584751,-0.04460937171069829,0.00745648189302861,0.5334303274663678,0.3691955835654465,0.4888209557556695,0.3766520654584751,0.4888209557556695,0.3766520654584751,1,1,1,1,,EXECUTE
S2_collaborative_none_i0,2.0,plan_generated,1,1,,7,0.11364900000626221,hold_and_refine,1.5,159.22593796564658,159.22593796564658,4.5,0.011891269216210532,8.396011366316113,1.4453052092010055,1.0546364557399082,1.6763790640260305,1.0546364557399082,1.6763790640260305,-0.0381773521467185,0.0381773521467185,-0.018983456203318344,-0.030174823152468548,0.16,0.16,0.6913362477970235,0.16,0.16,0.6913362477970235,0.4577964468018727,0.3776401134319323,-0.03102450895379677,0.0009880479734571956,0.4888209557556695,0.3766520654584751,0.4577964468018727,0.3776401134319323,0.4577964468018727,0.3776401134319323,1,1,1,1,,EXECUTE
S2_collaborative_none_i0,2.5,plan_generated,1,1,,7,0.09434820001479238,hold_and_refine,1.5,159.35699990368107,159.35699990368107,4.5,0.06860058716396189,8.395929452604829,1.446434156637822,0.7996934921221908,1.2343510063464571,0.7996934921221908,1.2343510063464571,-0.0247148653519399,0.0247148653519399,-0.014394482858199434,-0.022218318114236225,0.16,0.16,0.6199408401344197,0.16,0.16,0.6199408401344197,0.43595279046279367,0.3758672661433287,-0.02184365633907903,-0.0017728472886036073,0.4577964468018727,0.3776401134319323,0.43595279046279367,0.3758672661433287,0.43595279046279367,0.3758672661433287,1,1,1,1,,EXECUTE
S2_collaborative_none_i0,3.0,plan_generated,1,1,,7,0.07469839998520911,hold_and_refine,1.5,159.4093749659132,159.4093749659132,4.5,0.4181346944528066,8.519235862349245,1.4477417596468962,0.5657886977246208,0.8576869854432181,0.5657886977246208,0.8576869854432181,-0.016493349451698003,0.016493349451698003,-0.010184196559043174,-0.015438365737977924,0.16,0.16,0.5493528045814449,0.16,0.16,0.5493528045814449,0.4204342535051091,0.37338781987104214,-0.01551853695768457,-0.0024794462722865784,0.43595279046279367,0.3758672661433287,0.4204342535051091,0.37338781987104214,0.4204342535051091,0.37338781987104214,1,1,1,1,,EXECUTE
S2_collaborative_none_i0,3.5,plan_generated,1,1,,7,0.06900199997471645,hold_and_refine,1.5,159.426068181688,159.426068181688,4.499999999999999,1.0806667113268436,8.961039896133098,1.4486740381777268,0.37091297438517584,0.5487658012399989,0.37091297438517584,0.5487658012399989,-0.011376844959083587,0.011376844959083587,-0.0066764335389331644,-0.009877784422319978,0.16,0.16,0.48284487706774687,0.16,0.16,0.48284487706774687,0.4093054429885752,0.3711502475804556,-0.011128810516533916,-0.0022375722905865203,0.4204342535051091,0.37338781987104214,0.4093054429885752,0.3711502475804556,0.4093054429885752,0.3711502475804556,1,1,1,1,,EXECUTE
S2_collaborative_none_i0,4.0,plan_generated,1,1,,7,0.050062900001648813,hold_and_refine,1.5,159.4290779107297,159.4290779107297,4.499999999999997,2.04850848886484,9.713996316102094,1.4491905782111343,0.2149142243078384,0.30789720397283676,0.2149142243078384,0.30789720397283676,-0.008090377754218121,0.008090377754218121,-0.003868456037541091,-0.005542149671511062,0.16,0.16,0.42284945731464785,0.16,0.16,0.42284945731464785,0.4012794988777527,0.3694551596411655,-0.00802594411082247,-0.0016950879392901297,0.4093054429885752,0.3711502475804556,0.4012794988777527,0.3694551596411655,0.4012794988777527,0.3694551596411655,1,1,1,1,,EXECUTE
S2_collaborative_prepare_i0,0.0,plan_generated,1,1,,102,0.18377430003602058,new_joint_plan,1.5,157.2284241833711,157.2284241833711,4.5,0.2309450770367647,8.116787980986128,1.4855162815201362,2.14236063179744,3.021050026862092,2.14236063179744,3.021050026862092,-0.09980943229992989,0.09980943229992989,-0.03856249137235392,-0.05437890048351765,0.16,0.16,0.7203125325753532,0.16,0.16,0.7203125325753532,0.5941473714971914,0.35338193257487277,-0.0725192951694752,0.020048599241539455,0.6666666666666666,0.3333333333333333,0.5941473714971914,0.35338193257487277,0.5941473714971914,0.35338193257487277,1,1,1,1,,PREPARE
S2_collaborative_prepare_i0,0.5,plan_generated,1,1,,7,0.15119599999161437,hold_and_refine;state_update_rejected,1.5,157.2284241833711,157.2284241833711,4.5,0.2309450770367647,8.116787980986128,1.4855162815201362,1.8360393861231545,3.3025742310360426,1.8360393861231545,3.3025742310360426,-0.08081138861498945,0.08081138861498945,-0.033048708950216776,-0.05944633615864876,0.16,0.16,0.7359355913223888,0.16,0.16,0.7359355913223888,0.5941473714971914,0.35338193257487277,0.0,0.0,0.5941473714971914,0.35338193257487277,0.5342465858571024,0.36123740334244414,0.5941473714971914,0.35338193257487277,0,0,1,1,,PREPARE
S2_collaborative_prepare_i0,1.0,plan_generated,1,1,,7,0.15172560000792146,hold_and_refine,1.5,158.3341698582362,158.3341698582362,4.5,0.07596355569285862,8.144129652231964,1.4825867506963395,1.6614802682223802,2.6835864786848433,1.6614802682223802,2.6835864786848433,-0.08558596951867259,0.08558596951867259,-0.02990664482800284,-0.048304556616327175,0.16,0.16,0.7794168887099315,0.16,0.16,0.7794168887099315,0.5334303274663678,0.3691955835654465,-0.060717044030823675,0.015813650990573747,0.5941473714971914,0.35338193257487277,0.5334303274663678,0.3691955835654465,0.5334303274663678,0.3691955835654465,1,1,1,1,,PREPARE
S2_collaborative_prepare_i0,1.5,plan_generated,1,0,empty_action_set,7,0.14713050000136718,executing_replan;state_update_rejected,1.5,158.3318040655915,158.3318040655915,4.5,-0.017225680212614947,8.144129652231964,1.4825867506963395,-260.3153643642044,2.175109117676737,-4.0,2.175109117676737,-0.06001013681688743,0.06001013681688743,0.072,-0.03915196411818127,0.16,0.16,0.7602086865010536,0.16,0.16,0.7602086865010536,0.5334303274663678,0.3691955835654465,0.0,0.0,0.5334303274663678,0.3691955835654465,0.5367581074205922,0.376671105246276,0.5334303274663678,0.3691955835654465,0,0,1,1,,EXECUTE
S2_collaborative_prepare_i0,2.0,plan_generated,1,0,dynamic_h_negative,7,0.10939609998604283,executing_replan;state_update_rejected,1.5,158.33113001773663,158.33113001773663,4.5,-0.2784972816322169,7.923699819368847,1.4825867506963395,-108.42758186780134,1.6671216755793243,-4.0,1.6671216755793243,-0.055175506926569334,0.055175506926569334,0.072,-0.030008190160427835,0.16,0.16,0.6989635730321041,0.16,0.16,0.6989635730321041,0.5334303274663678,0.3691955835654465,0.0,0.0,0.5334303274663678,0.3691955835654465,0.5391754223657512,0.3788256772799937,0.5334303274663678,0.3691955835654465,0,0,1,1,,EXECUTE
S2_collaborative_prepare_i0,2.5,plan_generated,1,0,dynamic_h_negative,7,0.13072319998173043,executing_replan;state_update_rejected,1.5,158.3341698582362,158.3341698582362,4.5,-0.3330839971460611,7.7865373210880025,1.4825867506963395,-41.060824685413365,1.2255491096587792,-4.0,1.2255491096587792,-0.050596283866362245,0.050596283866362245,0.072,-0.022059883973858024,0.16,0.16,0.6409539544502025,0.16,0.16,0.6409539544502025,0.5334303274663678,0.3691955835654465,0.0,0.0,0.5334303274663678,0.3691955835654465,0.5414650338958548,0.38051021884317504,0.5334303274663678,0.3691955835654465,0,0,1,1,,EXECUTE
S2_collaborative_prepare_i0,3.0,plan_generated,1,0,dynamic_h_negative,7,0.08700950001366436,executing_replan;state_update_rejected,1.5,158.3341698582362,158.3341698582362,4.5,-0.18526343738265805,7.80168880810474,1.4825867506963395,0.5837699092718827,0.8511271651012822,0.5837699092718827,0.8511271651012822,-0.04579956783451028,0.04579956783451028,-0.010507858366893887,-0.015320288971823078,0.16,0.16,0.5801891339129734,0.16,0.16,0.5801891339129734,0.5334303274663678,0.3691955835654465,0.0,0.0,0.5334303274663678,0.3691955835654465,0.5026094627283338,0.3814816583282665,0.5334303274663678,0.3691955835654465,0,0,1,1,,EXECUTE
S2_collaborative_prepare_i0,3.5,plan_generated,1,1,,7,0.08125139999901876,hold_and_refine,1.5,158.37373770029546,158.37373770029546,4.499999999999999,0.5642940042129592,8.271195327780514,1.4636108083562749,0.38868498679406327,0.5442426731033169,0.38868498679406327,0.5442426731033169,-0.04042648970885086,0.04042648970885086,-0.006996329762293138,-0.009796368115859704,0.16,0.16,0.5121229557464604,0.16,0.16,0.5121229557464604,0.5070517660934639,0.3815570796934185,-0.02637856137290384,0.012361496127971994,0.5334303274663678,0.3691955835654465,0.5070517660934639,0.3815570796934185,0.5070517660934639,0.3815570796934185,1,1,1,1,,EXECUTE
S2_collaborative_prepare_i0,4.0,plan_generated,1,1,,7,0.054855700000189245,hold_and_refine,1.5,158.38060447619856,158.38060447619856,4.499999999999997,1.7983398755642899,9.23903902193278,1.4544667082347469,0.22793342330455815,0.30832861616132307,0.22793342330455815,0.30832861616132307,-0.02744948553604599,0.02744948553604599,-0.004102801619482046,-0.005549915090903815,0.16,0.16,0.44663082443005864,0.16,0.16,0.44663082443005864,0.4887403636852326,0.38945440827844224,-0.018311402408231314,0.007897328585023733,0.5070517660934639,0.3815570796934185,0.4887403636852326,0.38945440827844224,0.4887403636852326,0.38945440827844224,1,1,1,1,,EXECUTE
S2_collaborative_none_i2,0.0,plan_generated,1,1,,102,0.19440010003745556,new_joint_plan;state_update_rejected,2.0,161.0562499999998,161.0562499999998,5.0,0.0062500000002625455,7.8781249999999945,1.3565484581118274,-127.07034715465585,3.9240314557750997,-4.0,3.9240314557750997,-0.08225678236809253,0.08225678236809253,0.072,-0.0706325662039518,0.16,0.16,0.5936371930361336,0.16,0.16,0.5936371930361336,0.6666666666666666,0.3333333333333333,0.0,0.0,0.6666666666666666,0.3333333333333333,0.658204942149287,0.336478774748737,0.6666666666666666,0.3333333333333333,0,0,1,1,,PREPARE
S2_collaborative_none_i2,0.5,plan_generated,1,1,,7,0.16642259998479858,hold_and_refine;state_update_rejected,2.0,161.0562499999998,161.0562499999998,5.0,0.0062500000002625455,7.8781249999999945,1.375,-127.07034715465585,3.7466002113835204,-4.0,3.7466002113835204,-0.08559159765520559,0.08559159765520559,0.072,-0.06743880380490336,0.16,0.16,0.6177041493325387,0.16,0.16,0.6177041493325387,0.6666666666666666,0.3333333333333333,0.0,0.0,0.6666666666666666,0.3333333333333333,0.6565375345057305,0.3397430635918178,0.6666666666666666,0.3333333333333333,0,0,1,1,,PREPARE
S2_collaborative_none_i2,1.0,plan_generated,1,1,,7,0.166270199988503,hold_and_refine;state_update_rejected,2.0,161.0562499999998,161.0562499999998,5.0,0.0062500000002625455,7.8781249999999945,1.375,-81.96395901222242,3.095400255933268,-4.0,3.095400255933268,-0.09219052759977192,0.09219052759977192,0.072,-0.05571720460679882,0.16,0.16,0.6653278240807743,0.16,0.16,0.6653278240807743,0.6666666666666666,0.3333333333333333,0.0,0.0,0.6666666666666666,0.3333333333333333,0.6532380695334473,0.34890332816315317,0.6666666666666666,0.3333333333333333,0,0,1,1,,PREPARE
S2_collaborative_none_i2,1.5,plan_generated,1,1,,7,0.15329270000802353,hold_and_refine;state_update_rejected,2.0,161.0562499999998,161.0562499999998,5.0,0.0062500000002625455,7.8781249999999945,1.375,-18.4678999576528,2.500049396015265,-4.0,2.500049396015265,-0.10160223321505168,0.10160223321505168,0.072,-0.04500088912827477,0.16,0.16,0.7332509587122154,0.16,0.16,0.7332509587122154,0.6666666666666666,0.3333333333333333,0.0,0.0,0.6666666666666666,0.3333333333333333,0.6485322167258074,0.3589673387100551,0.6666666666666666,0.3333333333333333,0,0,1,1,,PREPARE
S2_collaborative_none_i2,2.0,plan_generated,1,1,,7,0.10820630000671372,hold_and_refine,2.0,162.00659912526484,162.00659912526484,5.0,0.0062500000002625455,7.8781249999999945,1.4021757744027523,1.5979379421518822,1.9631659709769527,1.5979379421518822,1.9631659709769527,-0.10732718698514052,0.10732718698514052,-0.028762882958733877,-0.035336987477585145,0.16,0.16,0.7745672537154522,0.16,0.16,0.7745672537154522,0.5952882983613961,0.36666176642044435,-0.07137836830527056,0.03332843308711103,0.6666666666666666,0.3333333333333333,0.5952882983613961,0.36666176642044435,0.5952882983613961,0.36666176642044435,1,1,1,1,,EXECUTE
S2_collaborative_none_i2,2.5,plan_generated,1,1,,7,0.10800740000559017,hold_and_refine,2.0,162.46008949185554,162.46008949185554,5.0,0.42068629160336357,8.494100070627592,1.43020963012384,1.1133579045669686,1.6780983769591367,1.1133579045669686,1.6780983769591367,-0.07130427108920473,0.07130427108920473,-0.020040442282205435,-0.030205770785264457,0.16,0.16,0.6772111112145183,0.16,0.16,0.6772111112145183,0.546639500183884,0.3842777224410509,-0.04864879817751211,0.01761595602060656,0.5952882983613961,0.36666176642044435,0.546639500183884,0.3842777224410509,0.546639500183884,0.3842777224410509,1,1,1,1,,EXECUTE
S2_collaborative_none_i2,3.0,plan_generated,1,1,,7,0.09466930001508445,hold_and_refine,2.0,162.65813900056196,162.65813900056196,5.0,1.2372204819373147,9.023281961460679,1.412895988236709,0.8206081742982649,1.2580902818459785,0.8206081742982649,1.2580902818459785,-0.04577916076293104,0.04577916076293104,-0.014770947137368767,-0.02264562507322761,0.16,0.16,0.5860199749454943,0.16,0.16,0.5860199749454943,0.5136312487328146,0.3927702685063742,-0.03300825145106934,0.008492546065323292,0.546639500183884,0.3842777224410509,0.5136312487328146,0.3927702685063742,0.5136312487328146,0.3927702685063742,1,1,1,1,,EXECUTE
S2_collaborative_none_i2,3.5,plan_generated,1,1,,7,0.07119720004266128,hold_and_refine,2.0,162.73487568002105,162.73487568002105,5.0,2.43368649219211,9.950091566130748,1.3926332313815666,0.5815260865787983,0.8807403348109057,0.5815260865787983,0.8807403348109057,-0.029869805781855236,0.029869805781855236,-0.010467469558418369,-0.015853326026596302,0.16,0.16,0.5036888599565426,0.16,0.16,0.5036888599565426,0.4908944548190137,0.3966363462359527,-0.0227367939138009,0.0038660777295784765,0.5136312487328146,0.3927702685063742,0.4908944548190137,0.3966363462359527,0.4908944548190137,0.3966363462359527,1,1,1,1,,EXECUTE
S2_collaborative_none_i2,4.0,plan_generated,1,1,,7,0.06538440001895651,hold_and_refine,2.0,162.75887666235667,162.75887666235667,4.999999999999999,3.8432524435618483,10.489207685910326,1.3848313670353012,0.3841110669122493,0.5669085395238961,0.3841110669122493,0.5669085395238961,-0.020178366028261344,0.020178366028261344,-0.006913999204420486,-0.01020435371143013,0.16,0.16,0.4321784433657827,0.16,0.16,0.4321784433657827,0.4748937999285777,0.39845026162448066,-0.016000654890436006,0.0018139153885279868,0.4908944548190137,0.3966363462359527,0.4748937999285777,0.39845026162448066,0.4748937999285777,0.39845026162448066,1,1,1,1,,EXECUTE
S2_collaborative_none_i2,4.5,plan_generated,1,1,,7,0.05101900000590831,hold_and_refine,2.0,162.76318739896692,162.76318739896692,4.999999999999997,3.841807809280928,10.486862438008625,1.3815329773880385,0.2260363479231752,0.3204424257256511,0.2260363479231752,0.3204424257256511,-0.014173002992656778,0.014173002992656778,-0.004068654262617153,-0.00576796366306172,0.16,0.16,0.3724207693163679,0.16,0.16,0.3724207693163679,0.46339850230129787,0.3994651791962823,-0.011495297627279855,0.0010149175718016656,0.4748937999285777,0.39845026162448066,0.46339850230129787,0.3994651791962823,0.46339850230129787,0.3994651791962823,1,1,1,1,,EXECUTE
S2_ample_none_i0,0.0,plan_generated,1,1,,102,0.16844649997074157,new_joint_plan,1.5,164.8221269039056,164.8221269039056,4.5,1.185347613081948,9.460374436618348,2.2440394019536503,1.1424677245963382,1.9815193809593645,1.1424677245963382,1.9815193809593645,-0.06737931896976875,0.06737931896976875,-0.020564419042734084,-0.035667348857268556,0.16,0.16,0.4862683493126205,0.16,0.16,0.4862683493126205,0.2876947976604152,0.015855985056250094,-0.04563853567291809,0.015855985056250094,0.3333333333333333,0.0,0.2876947976604152,0.015855985056250094,0.2876947976604152,0.015855985056250094,1,1,1,1,,PREPARE
S2_ample_none_i0,0.5,plan_generated,1,1,,7,0.13717729999916628,hold_and_refine,1.5,165.64831949446338,165.64831949446338,4.5,1.2695227585351958,9.531151537377266,2.081103997294773,0.4692472772696178,1.7640112603364748,0.4692472772696178,1.7640112603364748,-0.057525983579031874,0.057525983579031874,-0.00844645099085312,-0.031752202686056545,0.16,0.16,0.4768914078709614,0.16,0.16,0.4768914078709614,0.2532701063871706,0.028616027622287758,-0.0344246912732446,0.012760042566037664,0.2876947976604152,0.015855985056250094,0.2532701063871706,0.028616027622287758,0.2532701063871706,0.028616027622287758,1,1,1,1,,PREPARE
S2_ample_none_i0,1.0,plan_generated,1,1,,7,0.1557232000050135,hold_and_refine,1.5,166.13154816932126,166.13154816932126,4.5,1.2893431185289401,9.545162743027728,1.9940432505427805,0.08036533498165883,1.4460596129145045,0.08036533498165883,1.4460596129145045,-0.04861704125836247,0.04861704125836247,-0.001446576029669859,-0.02602907303246108,0.16,0.16,0.468465202252981,0.16,0.16,0.468465202252981,0.2269719472112186,0.039681083514260154,-0.02629815917595202,0.011065055891972396,0.2532701063871706,0.028616027622287758,0.2269719472112186,0.039681083514260154,0.2269719472112186,0.039681083514260154,1,1,1,1,,PREPARE
S2_ample_none_i0,1.5,plan_generated,1,1,,7,0.11253139999462292,hold_and_refine,1.5,166.42536500983508,166.42536500983508,4.5,1.2893431185289401,9.545162743027728,1.9632558908962634,0.017255277983393855,1.1620736402717995,0.017255277983393855,1.1620736402717995,-0.04094810634104508,0.04094810634104508,-0.0003105950037010894,-0.02091732552489239,0.16,0.16,0.4611075333500415,0.16,0.16,0.4611075333500415,0.20520773680278942,0.049379025254222414,-0.021764210408429185,0.00969794173996226,0.2269719472112186,0.039681083514260154,0.20520773680278942,0.049379025254222414,0.20520773680278942,0.049379025254222414,1,1,1,1,,EXECUTE
S2_ample_none_i0,2.0,plan_generated,1,1,,7,0.10494729998754337,hold_and_refine,1.5,166.59502235896076,166.59502235896076,4.5,1.1763394793714923,9.546581234441401,1.9474158366268322,-0.0011637263476557693,0.8995087330054187,-0.0011637263476557693,0.8995087330054187,-0.03416243751967467,0.03416243751967467,2.0947074257803846e-05,-0.016191157194097534,0.16,0.16,0.45406641253243724,0.16,0.16,0.45406641253243724,0.18711095289606705,0.0579696332149772,-0.01809678390672237,0.008590607960754788,0.20520773680278942,0.049379025254222414,0.18711095289606705,0.0579696332149772,0.18711095289606705,0.0579696332149772,1,1,1,1,,EXECUTE
S2_ample_none_i0,2.5,plan_generated,1,1,,7,0.09167630004230887,hold_and_refine,1.5,166.6847411814984,166.6847411814984,4.5,0.9951407939261987,9.377270073060725,1.9433772768915585,-0.010120773520307243,0.6727570615266337,-0.010120773520307243,0.6727570615266337,-0.028217338573686683,0.028217338573686683,0.00018217392336553035,-0.012109627107479407,0.16,0.16,0.446849410699055,0.16,0.16,0.446849410699055,0.17215781580642614,0.06555973188236103,-0.014953137089640911,0.007590098667383825,0.18711095289606705,0.0579696332149772,0.17215781580642614,0.06555973188236103,0.17215781580642614,0.06555973188236103,1,1,1,1,,EXECUTE
S2_ample_none_i0,3.0,plan_generated,1,1,,7,0.08736790000693873,hold_and_refine,1.5,166.72642637763656,166.72642637763656,4.5,0.8906962191579098,9.286046020400004,1.937054511516735,-0.006210854024050473,0.46129005144469715,-0.006210854024050473,0.46129005144469715,-0.023092555666551676,0.023092555666551676,0.0001117953724329085,-0.008303220926004547,0.16,0.16,0.43913796380661946,0.16,0.16,0.43913796380661946,0.15980664658033464,0.0724299213975757,-0.012351169226091502,0.006870189515214675,0.17215781580642614,0.06555973188236103,0.15980664658033464,0.0724299213975757,0.15980664658033464,0.0724299213975757,1,1,1,1,,EXECUTE
S2_ample_none_i0,3.5,plan_generated,1,1,,7,0.06227190000936389,hold_and_refine,1.5,166.7415991050372,166.7415991050372,4.499999999999999,0.8356083744255649,9.231157095444484,1.9329655616035588,-0.0027301203900861877,0.28629684686389356,-0.0027301203900861877,0.28629684686389356,-0.01868137890212522,0.01868137890212522,4.914216702155137e-05,-0.005153343243550084,0.16,0.16,0.43073601982705784,0.16,0.16,0.43073601982705784,0.14969149497988113,0.07861449985568267,-0.01011515160045351,0.006184578458106965,0.15980664658033464,0.0724299213975757,0.14969149497988113,0.07861449985568267,0.14969149497988113,0.07861449985568267,1,1,1,1,,EXECUTE
S2_ample_none_i0,4.0,plan_generated,1,1,,7,0.046137900033500046,hold_and_refine,1.5,166.74469298510576,166.74469298510576,4.499999999999997,0.8111048442827293,9.211779315512285,1.9307267826669217,0.0037864681115083723,0.14649184440569268,0.0037864681115083723,0.14649184440569268,-0.014935622323015952,0.014935622323015952,-6.81564260071507e-05,-0.002636853199302468,0.16,0.16,0.4215406487179072,0.16,0.16,0.4215406487179072,0.14144114813047018,0.08413496841869395,-0.00825034684941095,0.005520468563011277,0.14969149497988113,0.07861449985568267,0.14144114813047018,0.08413496841869395,0.14144114813047018,0.08413496841869395,1,1,1,1,,EXECUTE
S2_ample_prepare_i0,0.0,plan_generated,1,1,,102,0.2090077000320889,new_joint_plan,1.5,164.8221269039056,164.8221269039056,4.5,1.185347613081948,9.460374436618348,2.2440394019536503,1.1424677245963382,1.9815193809593645,1.1424677245963382,1.9815193809593645,-0.06737931896976875,0.06737931896976875,-0.020564419042734084,-0.035667348857268556,0.16,0.16,0.4862683493126205,0.16,0.16,0.4862683493126205,0.2876947976604152,0.015855985056250094,-0.04563853567291809,0.015855985056250094,0.3333333333333333,0.0,0.2876947976604152,0.015855985056250094,0.2876947976604152,0.015855985056250094,1,1,1,1,,PREPARE
S2_ample_prepare_i0,0.5,plan_generated,1,1,,7,0.15350929996930063,hold_and_refine,1.5,165.64831949446338,165.64831949446338,4.5,1.2695227585351958,9.531151537377266,2.081103997294773,0.4692472772696178,1.7640112603364748,0.4692472772696178,1.7640112603364748,-0.057525983579031874,0.057525983579031874,-0.00844645099085312,-0.031752202686056545,0.16,0.16,0.4768914078709614,0.16,0.16,0.4768914078709614,0.2532701063871706,0.028616027622287758,-0.0344246912732446,0.012760042566037664,0.2876947976604152,0.015855985056250094,0.2532701063871706,0.028616027622287758,0.2532701063871706,0.028616027622287758,1,1,1,1,,PREPARE
S2_ample_prepare_i0,1.0,plan_generated,1,1,,7,0.16231749998405576,hold_and_refine,1.5,166.13154816932126,166.13154816932126,4.5,1.2893431185289401,9.545162743027728,1.9940432505427805,0.08036533498165883,1.4460596129145045,0.08036533498165883,1.4460596129145045,-0.04861704125836247,0.04861704125836247,-0.001446576029669859,-0.02602907303246108,0.16,0.16,0.468465202252981,0.16,0.16,0.468465202252981,0.2269719472112186,0.039681083514260154,-0.02629815917595202,0.011065055891972396,0.2532701063871706,0.028616027622287758,0.2269719472112186,0.039681083514260154,0.2269719472112186,0.039681083514260154,1,1,1,1,,PREPARE
S2_ample_prepare_i0,1.5,plan_generated,1,1,,7,0.12426829995820299,hold_and_refine,1.5,166.42483146276808,166.42483146276808,4.5,1.234339457277727,9.545162743027728,1.963260601589298,0.011699186833865062,1.1626267363797842,0.011699186833865062,1.1626267363797842,-0.04096907197181499,0.04096907197181499,-0.0002105853630095711,-0.020927281254836113,0.16,0.16,0.4613436226629129,0.16,0.16,0.4613436226629129,0.20524725880775024,0.04938453020463551,-0.021724688403468362,0.009703446690375359,0.2269719472112186,0.039681083514260154,0.20524725880775024,0.04938453020463551,0.20524725880775024,0.04938453020463551,1,1,1,1,,EXECUTE
S2_ample_prepare_i0,2.0,plan_generated,1,1,,7,0.13610479998169467,hold_and_refine,1.5,166.25870747717903,166.25870747717903,4.5,0.6174217220177809,8.988356789825314,1.9546599902436679,-572.4759030009482,0.9020032469229307,-4.0,0.9020032469229307,-0.034507743819598695,0.034507743819598695,0.072,-0.01623605844461275,0.16,0.16,0.4585640413729981,0.16,0.16,0.4585640413729981,0.22296715060391215,0.058125296650491404,0.017719891796161902,0.008740766445855891,0.20524725880775024,0.04938453020463551,0.22296715060391215,0.058125296650491404,0.22296715060391215,0.058125296650491404,1,1,1,1,,EXECUTE
S2_ample_prepare_i0,2.5,plan_generated,1,1,,7,0.10322860005544499,hold_and_refine,1.5,166.15870794240215,166.15870794240215,4.5,0.3755376746090153,8.732732622532478,1.8922794003775065,-551.4299057866463,0.6643313702895254,-4.0,0.6643313702895254,-0.036437150234964875,0.036437150234964875,0.072,-0.011957964665211455,0.16,0.16,0.4600398935843986,0.16,0.16,0.4600398935843986,0.23963373973341015,0.06989988706216418,0.016666589129498005,0.01177459041167278,0.22296715060391215,0.058125296650491404,0.23963373973341015,0.06989988706216418,0.23963373973341015,0.06989988706216418,1,1,1,1,,EXECUTE
S2_ample_prepare_i0,3.0,plan_generated,1,1,,7,0.09211609995691106,hold_and_refine,1.5,166.22677480523907,166.22677480523907,4.5,0.30524589812293534,8.672480713187195,1.657449578173717,0.024602348551172597,0.4549449859403208,0.024602348551172597,0.4549449859403208,-0.03749673904692358,0.03749673904692358,-0.0004428422739211067,-0.008189009746925774,0.16,0.16,0.46103616824761495,0.16,0.16,0.46103616824761495,0.21946578037432077,0.08399455261566577,-0.020167959359089382,0.014094665553501584,0.23963373973341015,0.06989988706216418,0.21946578037432077,0.08399455261566577,0.21946578037432077,0.08399455261566577,1,1,1,1,,EXECUTE
S2_ample_prepare_i0,3.5,plan_generated,1,1,,7,0.07013059995369986,hold_and_refine,1.5,166.2511860278343,166.2511860278343,4.499999999999999,0.4485627237062886,8.829331947118202,1.918638671766805,0.015131484173958732,0.2851323172520947,0.015131484173958732,0.2851323172520947,-0.03008127227473864,0.03008127227473864,-0.0002723667151312571,-0.005132381710537704,0.16,0.16,0.4553759520805197,0.16,0.16,0.4553759520805197,0.20319163197751422,0.09579704147684091,-0.016274148396806548,0.011802488861175145,0.21946578037432077,0.08399455261566577,0.20319163197751422,0.09579704147684091,0.20319163197751422,0.09579704147684091,1,1,1,1,,EXECUTE
S2_ample_prepare_i0,4.0,plan_generated,1,1,,7,0.06720020005013794,hold_and_refine,1.5,166.2560480908796,166.2560480908796,4.499999999999997,0.4200141697386979,8.80297226073652,1.9205950179914315,0.016443430324248613,0.1475317812263635,0.016443430324248613,0.1475317812263635,-0.023603104842578743,0.023603104842578743,-0.000295981745836475,-0.002655572062074543,0.16,0.16,0.4456437334673,0.16,0.16,0.4456437334673,0.19022613052341905,0.10550443153527829,-0.012965501454095169,0.009707390058437376,0.20319163197751422,0.09579704147684091,0.19022613052341905,0.10550443153527829,0.19022613052341905,0.10550443153527829,1,1,1,1,,EXECUTE
S3_collaborative_none_i0,0.0,plan_generated,1,1,,102,0.23434700001962483,new_joint_plan,1.5,157.4400452587376,157.4400452587376,4.5,0.19522302916932688,8.10843451748475,1.4976864732342956,2.14236063179744,3.021050026862092,2.14236063179744,3.021050026862092,-0.11934969780009494,0.08026916679976487,-0.03856249137235392,-0.05437890048351765,0.19132411845236597,0.12867588154763404,0.7203125325753532,0.19132411845236597,0.12867588154763404,0.7203125325753532,0.5843772387471089,0.34361179982479023,-0.08228942791955773,0.010278466491456917,0.6666666666666666,0.3333333333333333,0.5843772387471089,0.34361179982479023,0.5843772387471089,0.34361179982479023,1,1,1,1,,PREPARE
S3_collaborative_none_i0,0.5,plan_generated,1,1,,7,0.179662799986545,hold_and_refine,1.5,157.7816212876474,157.7816212876474,4.5,0.13185248095391344,8.125038739292119,1.5131487558993146,-118.28847220220177,3.283464805800874,-4.0,3.283464805800874,-0.09693600786921905,0.06467297086927176,0.072,-0.05910236650441573,0.19194182625424944,0.12805817374575057,0.7358727610631477,0.19194182625424944,0.12805817374575057,0.7358727610631477,0.5689873486187638,0.3436482076086199,-0.01538989012834513,3.6407783829683904e-05,0.5843772387471089,0.34361179982479023,0.5689873486187638,0.3436482076086199,0.5689873486187638,0.3436482076086199,1,1,1,1,,PREPARE
S3_collaborative_none_i0,1.0,plan_generated,1,1,,7,0.1725579999620095,hold_and_refine,1.5,158.07351637216553,158.07351637216553,4.5,0.08873119473132363,8.13287300276627,1.5329888810827483,-98.39230798783669,2.686109473530958,-4.0,2.686109473530958,-0.09808102006680758,0.06386018682111215,0.072,-0.048349970523557245,0.1938106243897563,0.1261893756102437,0.7782547685272896,0.1938106243897563,0.1261893756102437,0.7782547685272896,0.5531019018422662,0.3486541300965284,-0.015885446776497614,0.005005922487908487,0.5689873486187638,0.3436482076086199,0.5531019018422662,0.3486541300965284,0.5531019018422662,0.3486541300965284,1,1,1,1,,PREPARE
S3_collaborative_none_i0,1.5,plan_generated,1,1,,7,0.1544735999777913,hold_and_refine,1.5,158.87285216795573,158.87285216795573,4.5,0.019877989375530092,8.13287300276627,1.4778309464671966,1.347450278369594,2.141491186721794,1.347450278369594,2.141491186721794,-0.08983445590620263,0.05620639774583855,-0.024254105010652692,-0.03854684136099228,0.19684235726585025,0.12315764273414975,0.761858617944452,0.19684235726585025,0.12315764273414975,0.761858617944452,0.4932921118746272,0.3546946752481793,-0.05980978996763897,0.006040545151650922,0.5531019018422662,0.3486541300965284,0.4932921118746272,0.3546946752481793,0.4932921118746272,0.3546946752481793,1,1,1,1,,EXECUTE
S3_collaborative_none_i0,2.0,plan_generated,1,1,,7,0.15249320003204048,hold_and_refine,1.5,159.26134233290043,159.26134233290043,4.5,0.009461186691268608,8.392489205015348,1.4653694767971222,1.0582565422158048,1.6571896870684704,1.0582565422158048,1.6571896870684704,-0.05889636297625223,0.03493941677639279,-0.019048617759884486,-0.029829414367232465,0.20084914519900351,0.11915085480099649,0.6952228129098936,0.20084914519900351,0.11915085480099649,0.6952228129098936,0.4518531609471857,0.3544121190507741,-0.04143895092744149,-0.0002825561974052482,0.4932921118746272,0.3546946752481793,0.4518531609471857,0.3544121190507741,0.4518531609471857,0.3544121190507741,1,1,1,1,,EXECUTE
S3_collaborative_none_i0,2.5,plan_generated,1,1,,7,0.1161695999908261,hold_and_refine,1.5,159.4344021278745,159.4344021278745,4.5,0.0656784396240937,8.392381042643489,1.4673759691495243,0.798977632250151,1.2195293918645203,0.798977632250151,1.2195293918645203,-0.03878646933471717,0.021583063104890176,-0.014381597380502716,-0.021951529053561365,0.20559493647769955,0.11440506352230045,0.6260085658726133,0.20559493647769955,0.11440506352230045,0.6260085658726133,0.42300986178483985,0.35139258912403226,-0.028843299162345848,-0.003019529926741815,0.4518531609471857,0.3544121190507741,0.42300986178483985,0.35139258912403226,0.42300986178483985,0.35139258912403226,1,1,1,1,,EXECUTE
S3_collaborative_none_i0,3.0,plan_generated,1,1,,7,0.09087829996133223,hold_and_refine,1.5,159.50289511385398,159.50289511385398,4.5,0.4045267885010091,8.51174897977462,1.4693698710236267,0.5634252502793348,0.8457105626122743,0.5634252502793348,0.8457105626122743,-0.026216683013074678,0.013583664515744987,-0.010141654505028025,-0.015222790127020935,0.21078556055595063,0.10921443944404938,0.557493164290975,0.21078556055595063,0.10921443944404938,0.557493164290975,0.4027156437168643,0.34776188560540205,-0.020294218067975545,-0.0036307035186302072,0.42300986178483985,0.35139258912403226,0.4027156437168643,0.34776188560540205,0.4027156437168643,0.34776188560540205,1,1,1,1,,EXECUTE
S3_collaborative_none_i0,3.5,plan_generated,1,1,,7,0.0678619000245817,hold_and_refine,1.5,159.5246006022181,159.5246006022181,4.499999999999999,1.0423677374553124,8.938164215777572,1.4707690124460318,0.36812364003227077,0.539261326292675,0.36812364003227077,0.539261326292675,-0.0182872691944473,0.008791768996773421,-0.006626225520580873,-0.00970670387326815,0.21610539122177483,0.10389460877822518,0.4926012597683765,0.21610539122177483,0.10389460877822518,0.4926012597683765,0.3882453181407659,0.34452232308231145,-0.014470325576098397,-0.0032395625230906,0.4027156437168643,0.34776188560540205,0.3882453181407659,0.34452232308231145,0.3882453181407659,0.34452232308231145,1,1,1,1,,EXECUTE
S3_collaborative_none_i0,4.0,plan_generated,1,1,,7,0.06600759999128059,hold_and_refine,1.5,159.5285066220885,159.5285066220885,4.499999999999997,1.969222126178857,9.661189812477215,1.4715614502212027,0.21186877217364347,0.30080724928894137,0.21186877217364347,0.30080724928894137,-0.013136014894479749,0.00586167113370398,-0.003813637899125582,-0.005414530487200944,0.22126509302224726,0.09873490697775275,0.4335682809716907,0.22126509302224726,0.09873490697775275,0.4335682809716907,0.37782926515325943,0.34198971482090446,-0.010416052987506474,-0.002532608261406999,0.3882453181407659,0.34452232308231145,0.37782926515325943,0.34198971482090446,0.37782926515325943,0.34198971482090446,1,1,1,1,,EXECUTE
S3_collaborative_prepare_i0,0.0,plan_generated,1,1,,102,0.2195431999862194,new_joint_plan,1.5,157.4400452587376,157.4400452587376,4.5,0.19522302916932688,8.10843451748475,1.4976864732342956,2.14236063179744,3.021050026862092,2.14236063179744,3.021050026862092,-0.11934969780009494,0.08026916679976487,-0.03856249137235392,-0.05437890048351765,0.19132411845236597,0.12867588154763404,0.7203125325753532,0.19132411845236597,0.12867588154763404,0.7203125325753532,0.5843772387471089,0.34361179982479023,-0.08228942791955773,0.010278466491456917,0.6666666666666666,0.3333333333333333,0.5843772387471089,0.34361179982479023,0.5843772387471089,0.34361179982479023,1,1,1,1,,PREPARE
S3_collaborative_prepare_i0,0.5,plan_generated,1,1,,7,0.20556780003244057,hold_and_refine,1.5,157.7816212876474,157.7816212876474,4.5,0.13185248095391344,8.125038739292119,1.5131487558993146,-118.28847220220177,3.283464805800874,-4.0,3.283464805800874,-0.09693600786921905,0.06467297086927176,0.072,-0.05910236650441573,0.19194182625424944,0.12805817374575057,0.7358727610631477,0.19194182625424944,0.12805817374575057,0.7358727610631477,0.5689873486187638,0.3436482076086199,-0.01538989012834513,3.6407783829683904e-05,0.5843772387471089,0.34361179982479023,0.5689873486187638,0.3436482076086199,0.5689873486187638,0.3436482076086199,1,1,1,1,,PREPARE
S3_collaborative_prepare_i0,1.0,plan_generated,1,1,,7,0.19034600001759827,hold_and_refine,1.5,158.07351637216553,158.07351637216553,4.5,0.08873119473132363,8.13287300276627,1.5329888810827483,-98.39230798783669,2.686109473530958,-4.0,2.686109473530958,-0.09808102006680758,0.06386018682111215,0.072,-0.048349970523557245,0.1938106243897563,0.1261893756102437,0.7782547685272896,0.1938106243897563,0.1261893756102437,0.7782547685272896,0.5531019018422662,0.3486541300965284,-0.015885446776497614,0.005005922487908487,0.5689873486187638,0.3436482076086199,0.5531019018422662,0.3486541300965284,0.5531019018422662,0.3486541300965284,1,1,1,1,,PREPARE
S3_collaborative_prepare_i0,1.5,plan_generated,1,1,,7,0.15210110001498833,hold_and_refine;state_update_rejected,1.5,158.07351637216553,158.07351637216553,4.5,2.0090350234980292e-05,8.13287300276627,1.5329902406192861,-239.5707570555022,2.1414911867401525,-4.0,2.1414911867401525,-0.08989141524557603,0.056242035288826556,0.072,-0.03854684136132274,0.19684235726585025,0.12315764273414975,0.7623416727271219,0.19684235726585025,0.12315764273414975,0.7623416727271219,0.5531019018422662,0.3486541300965284,0.0,0.0,0.5531019018422662,0.3486541300965284,0.5413906847102667,0.3547124940195081,0.5531019018422662,0.3486541300965284,0,0,1,1,,EXECUTE
S3_collaborative_prepare_i0,2.0,plan_generated,1,0,dynamic_h_negative,7,0.14094539999496192,executing_replan;state_update_rejected,1.5,158.07351637216553,158.07351637216553,4.5,-0.23969909852978866,7.960550077624942,1.532996761306359,-86.14374610450298,1.6389501302045066,-4.0,1.6389501302045066,-0.08451535063464867,0.050144230173796045,0.072,-0.029501102343681116,0.20083912366814338,0.11916087633185662,0.7024853632541543,0.20083912366814338,0.11916087633185662,0.7024853632541543,0.5531019018422662,0.3486541300965284,0.0,0.0,0.5531019018422662,0.3486541300965284,0.5440787170157305,0.35618646097081363,0.5531019018422662,0.3486541300965284,0,0,1,1,,EXECUTE
S3_collaborative_prepare_i0,2.5,plan_generated,1,0,dynamic_h_negative,7,0.13308120000874624,executing_replan;state_update_rejected,1.5,158.07351637216553,158.07351637216553,4.5,-0.2829743956069839,7.834312058060147,1.533000395351924,-40.00447723400203,1.2023571940611435,-4.0,1.2023571940611435,-0.07956988702234112,0.044298660356443614,0.072,-0.021642429493100582,0.2055595579827568,0.11444044201724321,0.6461912400049081,0.2055595579827568,0.11444044201724321,0.6461912400049081,0.5531019018422662,0.3486541300965284,0.0,0.0,0.5531019018422662,0.3486541300965284,0.5465514488218842,0.3571930124874277,0.5531019018422662,0.3486541300965284,0,0,1,1,,EXECUTE
S3_collaborative_prepare_i0,3.0,plan_generated,1,0,dynamic_h_negative,7,0.1047580000013113,executing_replan;state_update_rejected,1.5,158.07351637216553,158.07351637216553,4.5,-0.0949338818867318,7.860386773627096,1.5329995922677573,0.5914179293025817,0.8325813984173849,0.5914179293025817,0.8325813984173849,-0.07411406259563603,0.03843523864364072,-0.01064552272744647,-0.014986465171512926,0.21072098866418457,0.10927901133581544,0.587141563120894,0.21072098866418457,0.10927901133581544,0.587141563120894,0.5531019018422662,0.3486541300965284,0.0,0.0,0.5531019018422662,0.3486541300965284,0.5079565996715135,0.3575892837918201,0.5531019018422662,0.3486541300965284,0,0,1,1,,EXECUTE
S3_collaborative_prepare_i0,3.5,plan_generated,1,1,,7,0.0972378000151366,hold_and_refine,1.5,158.13349502466252,158.13349502466252,4.499999999999999,0.7175159623237741,8.382458119370408,1.5397884373674346,0.39483121819718214,0.5299378070710193,0.39483121819718214,0.5299378070710193,-0.0673335557166627,0.0324099754694721,-0.007106961927549278,-0.009538880527278347,0.21602140583054918,0.10397859416945082,0.520337062664834,0.21602140583054918,0.10397859416945082,0.520337062664834,0.5131161335109489,0.35730044452685306,-0.039985768331317284,0.008646314430324653,0.5531019018422662,0.3486541300965284,0.5131161335109489,0.35730044452685306,0.5131161335109489,0.35730044452685306,1,1,1,1,,EXECUTE
S3_collaborative_prepare_i0,4.0,plan_generated,1,1,,7,0.07218959997408092,hold_and_refine,1.5,158.14412246469564,158.14412246469564,4.499999999999997,2.016961430809171,9.412517617762557,1.5176774009729366,0.23036579867232168,0.2987674103268623,0.23036579867232168,0.2987674103268623,-0.04740193446519398,0.021175361505295982,-0.00414658437610179,-0.005377813385883522,0.22119010109977802,0.09880989890022199,0.4557789226704381,0.22119010109977802,0.09880989890022199,0.4557789226704381,0.48477629342274625,0.3623408150303445,-0.028339840088202617,0.0050403705034914315,0.5131161335109489,0.35730044452685306,0.48477629342274625,0.3623408150303445,0.48477629342274625,0.3623408150303445,1,1,1,1,,EXECUTE
S3_collaborative_none_i2,0.0,plan_generated,1,1,,102,0.2514679000014439,new_joint_plan;state_update_rejected,2.0,161.0562499999998,161.0562499999998,5.0,0.0062500000002625455,7.8781249999999945,1.3565484581118274,-127.07034715465585,3.9240314557750997,-4.0,3.9240314557750997,-0.09676468120373971,0.06774888353244536,0.072,-0.0706325662039518,0.1882197254363303,0.1317802745636697,0.5936371930361336,0.1882197254363303,0.1317802745636697,0.5936371930361336,0.6666666666666666,0.3333333333333333,0.0,0.0,0.6666666666666666,0.3333333333333333,0.6509509927314634,0.32922482533091346,0.6666666666666666,0.3333333333333333,0,0,1,1,,PREPARE
S3_collaborative_none_i2,0.5,plan_generated,1,1,,7,0.16419759998098016,hold_and_refine;state_update_rejected,2.0,161.0562499999998,161.0562499999998,5.0,0.0062500000002625455,7.8781249999999945,1.375,-127.07034715465585,3.7466002113835204,-4.0,3.7466002113835204,-0.10139780994575098,0.06978538536466022,0.072,-0.06743880380490336,0.1895472223415548,0.1304527776584452,0.6177041493325387,0.1895472223415548,0.1304527776584452,0.6177041493325387,0.6666666666666666,0.3333333333333333,0.0,0.0,0.6666666666666666,0.3333333333333333,0.6486344283604578,0.3318399574465451,0.6666666666666666,0.3333333333333333,0,0,1,1,,PREPARE
S3_collaborative_none_i2,1.0,plan_generated,1,1,,7,0.1431140000349842,hold_and_refine;state_update_rejected,2.0,161.0562499999998,161.0562499999998,5.0,0.0062500000002625455,7.8781249999999945,1.375,-81.96395901222242,3.095400255933268,-4.0,3.095400255933268,-0.1106625133490251,0.07371854185051872,0.072,-0.05571720460679882,0.19205880036516704,0.12794119963483297,0.6653278240807743,0.19205880036516704,0.12794119963483297,0.6653278240807743,0.6666666666666666,0.3333333333333333,0.0,0.0,0.6666666666666666,0.3333333333333333,0.6440020766588207,0.3396673352885266,0.6666666666666666,0.3333333333333333,0,0,1,1,,PREPARE
S3_collaborative_none_i2,1.5,plan_generated,1,1,,7,0.12015540001448244,hold_and_refine;state_update_rejected,2.0,161.0562499999998,161.0562499999998,5.0,0.0062500000002625455,7.8781249999999945,1.375,-18.4678999576528,2.500049396015265,-4.0,2.500049396015265,-0.12425931357614993,0.07894515285395344,0.072,-0.04500088912827477,0.1956796572581505,0.1243203427418495,0.7332509587122154,0.1956796572581505,0.1243203427418495,0.7332509587122154,0.6666666666666666,0.3333333333333333,0.0,0.0,0.6666666666666666,0.3333333333333333,0.6372036765452583,0.34763879852950597,0.6666666666666666,0.3333333333333333,0,0,1,1,,PREPARE
S3_collaborative_none_i2,2.0,plan_generated,1,1,,7,0.10058079997543246,hold_and_refine,2.0,162.18200711226967,162.18200711226967,5.0,0.0062500000002625455,7.8781249999999945,1.4093003577995948,1.5979379421518822,1.9631659709769527,1.5979379421518822,1.9631659709769527,-0.1343050302033393,0.08034934376694171,-0.028762882958733877,-0.035336987477585145,0.20021772149408354,0.11978227850591647,0.7745672537154522,0.20021772149408354,0.11978227850591647,0.7745672537154522,0.5817993767522966,0.3531728448113449,-0.08486728991436998,0.019839511478011607,0.6666666666666666,0.3333333333333333,0.5817993767522966,0.3531728448113449,0.5817993767522966,0.3531728448113449,1,1,1,1,,EXECUTE
S3_collaborative_none_i2,2.5,plan_generated,1,1,,7,0.09367510001175106,hold_and_refine,2.0,162.72666131669902,162.72666131669902,5.0,0.410393838656848,8.49010060042087,1.445865192359082,1.1138777529934565,1.6673083863630338,1.1138777529934565,1.6673083863630338,-0.09167999608397565,0.05111395417238952,-0.020049799553882214,-0.030011550954534606,0.2054540734688055,0.1145459265311945,0.6780915662600755,0.2054540734688055,0.1145459265311945,0.6780915662600755,0.5230254820496062,0.36089866366178164,-0.058773894702690455,0.0077258188504367165,0.5817993767522966,0.3531728448113449,0.5230254820496062,0.36089866366178164,0.5230254820496062,0.36089866366178164,1,1,1,1,,EXECUTE
S3_collaborative_none_i2,3.0,plan_generated,1,1,,7,0.07920150004792958,hold_and_refine,2.0,162.96824538826513,162.96824538826513,5.0,1.197938418022388,9.002158672238476,1.4269706704445184,0.8183352600335134,1.2456297163181176,0.8183352600335134,1.2456297163181176,-0.06056773435426371,0.031241060948739865,-0.01473003468060324,-0.022421334893726115,0.21110913098682502,0.10889086901317499,0.5883996291158965,0.21110913098682502,0.10889086901317499,0.5883996291158965,0.4827614701219247,0.36242133737999427,-0.040264011927681476,0.0015226737182126304,0.5230254820496062,0.36089866366178164,0.4827614701219247,0.36242133737999427,0.4827614701219247,0.36242133737999427,1,1,1,1,,EXECUTE
S3_collaborative_none_i2,3.5,plan_generated,1,1,,7,0.06756430002860725,hold_and_refine,2.0,163.06252802096483,163.06252802096483,5.0,2.3406805208234776,9.891451003225551,1.4089808308819747,0.5780111336583802,0.8686381732085471,0.5780111336583802,0.8686381732085471,-0.040639374640909824,0.019334123491095992,-0.010404200405850843,-0.015635487117753845,0.2168391087754648,0.1031608912245352,0.5077434621572416,0.2168391087754648,0.1031608912245352,0.5077434621572416,0.4548258752479348,0.3613712848676254,-0.027935594873989944,-0.001050052512368893,0.4827614701219247,0.36242133737999427,0.4548258752479348,0.3613712848676254,0.4548258752479348,0.3613712848676254,1,1,1,1,,EXECUTE
S3_collaborative_none_i2,4.0,plan_generated,1,1,,7,0.05301590001909062,hold_and_refine,2.0,163.09219030902253,163.09219030902253,4.999999999999999,3.8203516908294306,10.786327604505896,1.4025083585208629,0.38015073733169935,0.5564298049101769,0.38015073733169935,0.5564298049101769,-0.02815874538587665,0.012372383558473005,-0.006842713271970588,-0.010015736488383184,0.22231797529875372,0.09768202470124629,0.4376687228628483,0.22231797529875372,0.09768202470124629,0.4376687228628483,0.4350510165427715,0.3596586381237293,-0.019774858705163267,-0.0017126467438960957,0.4548258752479348,0.3613712848676254,0.4350510165427715,0.3596586381237293,0.4350510165427715,0.3596586381237293,1,1,1,1,,EXECUTE
S3_collaborative_none_i2,4.5,plan_generated,1,1,,7,0.042399599973578006,hold_and_refine,2.0,163.09754438017694,163.09754438017694,4.999999999999997,4.03762275059672,10.790425049511224,1.3999537843524115,0.2221298460840449,0.31216475114945746,0.2221298460840449,0.31216475114945746,-0.02020619876197645,0.0082405578245687,-0.003998337229512808,-0.005618965520690234,0.22730125960619244,0.09269874039380757,0.3788555537358687,0.22730125960619244,0.09269874039380757,0.3788555537358687,0.42077349346431303,0.35809216517067866,-0.014277523078458476,-0.0015664729530506238,0.4350510165427715,0.3596586381237293,0.42077349346431303,0.35809216517067866,0.42077349346431303,0.35809216517067866,1,1,1,1,,EXECUTE
S3_ample_none_i0,0.0,plan_generated,1,1,,102,0.17385309998644516,new_joint_plan,1.5,164.96861623268046,164.96861623268046,4.5,1.1699014593674448,9.453647885807111,2.243644589106245,1.1424677245963382,1.9815193809593645,1.1424677245963382,1.9815193809593645,-0.07845183059297137,0.05630680734656611,-0.020564419042734084,-0.035667348857268556,0.1862929617989652,0.1337070382010348,0.4862683493126205,0.1862929617989652,0.1337070382010348,0.4862683493126205,0.28215854184881395,0.010319729244648777,-0.051174791484519366,0.010319729244648777,0.3333333333333333,0.0,0.28215854184881395,0.010319729244648777,0.28215854184881395,0.010319729244648777,1,1,1,1,,PREPARE
S3_ample_none_i0,0.5,plan_generated,1,1,,7,0.13275379996048287,hold_and_refine,1.5,165.89395655548114,165.89395655548114,4.5,1.2486533453839748,9.523786430006606,2.0906280362038623,0.3980149173927993,1.7442061138922538,0.3980149173927993,1.7442061138922538,-0.06712583963519192,0.04796719108378044,-0.007164268513070387,-0.03139571005006057,0.1866339651417358,0.1333660348582642,0.4770616166892687,0.1866339651417358,0.1333660348582642,0.4770616166892687,0.24360269506543872,0.018522911927551525,-0.03855584678337523,0.008203182682902748,0.28215854184881395,0.010319729244648777,0.24360269506543872,0.018522911927551525,0.24360269506543872,0.018522911927551525,1,1,1,1,,PREPARE
S3_ample_none_i0,1.0,plan_generated,1,1,,7,0.12321669998345897,hold_and_refine,1.5,166.44749842731255,166.44749842731255,4.5,1.2666366461882959,9.537869256196867,2.023395396859157,0.04145355958020401,1.4055925001648084,0.04145355958020401,1.4055925001648084,-0.05706726441431089,0.0404559825045068,-0.0007461640724436722,-0.02530066500296655,0.1872530416033125,0.13274695839668751,0.4691225812245901,0.1872530416033125,0.13274695839668751,0.4691225812245901,0.21347796734673424,0.02595238738290124,-0.030124727718704475,0.007429475455349714,0.24360269506543872,0.018522911927551525,0.21347796734673424,0.02595238738290124,0.21347796734673424,0.02595238738290124,1,1,1,1,,PREPARE
S3_ample_none_i0,1.5,plan_generated,1,1,,7,0.11869259999366477,hold_and_refine,1.5,166.78848014006104,166.78848014006104,4.5,0.936993543622183,9.327667703023575,1.9923747467761794,0.0017854029498697026,1.1092829269274918,0.0017854029498697026,1.1092829269274918,-0.048348892369507436,0.03389674000218352,-3.2137253097654645e-05,-0.01996709268469485,0.18811510243269453,0.13188489756730548,0.46256382890054687,0.18811510243269453,0.13188489756730548,0.46256382890054687,0.18822006269869804,0.03270959194258236,-0.025257904648036206,0.006757204559681124,0.21347796734673424,0.02595238738290124,0.18822006269869804,0.03270959194258236,0.18822006269869804,0.03270959194258236,1,1,1,1,,EXECUTE
S3_ample_none_i0,2.0,plan_generated,1,1,,7,0.11993230000371113,hold_and_refine,1.5,166.98665054590242,166.98665054590242,4.5,0.5746908181090653,8.985315933111774,1.934070046557312,-0.008762326706792941,0.84926984211805,-0.008762326706792941,0.84926984211805,-0.04055187449991292,0.0280342651492971,0.00015772188072227293,-0.0152868571581249,0.18920149036441067,0.13079850963558934,0.45665981705174186,0.18920149036441067,0.13079850963558934,0.45665981705174186,0.16708188607560923,0.038821619202627805,-0.02113817662308881,0.0061120272600454426,0.18822006269869804,0.03270959194258236,0.16708188607560923,0.038821619202627805,0.16708188607560923,0.038821619202627805,1,1,1,1,,EXECUTE
S3_ample_none_i0,2.5,plan_generated,1,1,,7,0.08876350003993139,hold_and_refine,1.5,166.8767138160583,166.8767138160583,4.5,0.8041319620988787,9.197245458871816,1.9806299378955545,-221.73303036270588,0.6229047559800793,-4.0,0.6229047559800793,-0.033683604524508054,0.022898828555042734,0.072,-0.011212285607641427,0.19049646438300794,0.12950353561699207,0.4509267908746494,0.19049646438300794,0.12950353561699207,0.4509267908746494,0.18540467438297714,0.04435431772270743,0.018322788307367915,0.005532698520079628,0.16708188607560923,0.038821619202627805,0.18540467438297714,0.04435431772270743,0.18540467438297714,0.04435431772270743,1,1,1,1,,EXECUTE
S3_ample_none_i0,3.0,plan_generated,1,1,,7,0.08977489999961108,hold_and_refine,1.5,166.9415274393917,166.9415274393917,4.5,0.6411255013133133,9.045301130943994,1.9731197905134752,-0.0023234531568365473,0.43110423526474045,-0.0023234531568365473,0.43110423526474045,-0.036595848499503876,0.02440173588088614,4.182215682305785e-05,-0.007759876234765328,0.19198582433710407,0.12801417566289594,0.4445756284681357,0.19198582433710407,0.12801417566289594,0.4445756284681357,0.16620063783972183,0.05232041300398618,-0.01920403654325531,0.00796609528127875,0.18540467438297714,0.04435431772270743,0.16620063783972183,0.05232041300398618,0.16620063783972183,0.05232041300398618,1,1,1,1,,EXECUTE
S3_ample_none_i0,3.5,plan_generated,1,1,,7,0.07884199998807162,hold_and_refine,1.5,166.96496581828677,166.96496581828677,4.499999999999999,0.5548722669796291,8.961458265788888,1.923274844270912,-0.005857880073203426,0.27063059748227064,-0.005857880073203426,0.27063059748227064,-0.029694607322972067,0.019371962684875493,0.00010544184131766166,-0.004871350754680871,0.19366086404310096,0.12633913595689905,0.43786682704084334,0.19366086404310096,0.12633913595689905,0.43786682704084334,0.15057505190969603,0.0591521556650516,-0.015625585930025804,0.0068317426610654194,0.16620063783972183,0.05232041300398618,0.15057505190969603,0.0591521556650516,0.15057505190969603,0.0591521556650516,1,1,1,1,,EXECUTE
S3_ample_none_i0,4.0,plan_generated,1,1,,7,0.0510319999884814,hold_and_refine,1.5,166.96973192112753,166.96973192112753,4.499999999999997,0.5163979422267495,8.928840787610493,1.9194075534292918,0.0035388795680795634,0.1384339667485361,0.0035388795680795634,0.1384339667485361,-0.02384976479949131,0.015185135513761086,-6.369983222543214e-05,-0.00249181140147365,0.1955154150411951,0.1244845849588049,0.43061156916674437,0.1955154150411951,0.1244845849588049,0.43061156916674437,0.13786544433428918,0.06502560047587491,-0.012709607575406845,0.00587344481082331,0.15057505190969603,0.0591521556650516,0.13786544433428918,0.06502560047587491,0.13786544433428918,0.06502560047587491,1,1,1,1,,EXECUTE
S3_ample_prepare_i0,0.0,plan_generated,1,1,,102,0.19177859998308122,new_joint_plan,1.5,164.96861623268046,164.96861623268046,4.5,1.1699014593674448,9.453647885807111,2.243644589106245,1.1424677245963382,1.9815193809593645,1.1424677245963382,1.9815193809593645,-0.07845183059297137,0.05630680734656611,-0.020564419042734084,-0.035667348857268556,0.1862929617989652,0.1337070382010348,0.4862683493126205,0.1862929617989652,0.1337070382010348,0.4862683493126205,0.28215854184881395,0.010319729244648777,-0.051174791484519366,0.010319729244648777,0.3333333333333333,0.0,0.28215854184881395,0.010319729244648777,0.28215854184881395,0.010319729244648777,1,1,1,1,,PREPARE
S3_ample_prepare_i0,0.5,plan_generated,1,1,,7,0.15326829999685287,hold_and_refine,1.5,165.89395655548114,165.89395655548114,4.5,1.2486533453839748,9.523786430006606,2.0906280362038623,0.3980149173927993,1.7442061138922538,0.3980149173927993,1.7442061138922538,-0.06712583963519192,0.04796719108378044,-0.007164268513070387,-0.03139571005006057,0.1866339651417358,0.1333660348582642,0.4770616166892687,0.1866339651417358,0.1333660348582642,0.4770616166892687,0.24360269506543872,0.018522911927551525,-0.03855584678337523,0.008203182682902748,0.28215854184881395,0.010319729244648777,0.24360269506543872,0.018522911927551525,0.24360269506543872,0.018522911927551525,1,1,1,1,,PREPARE
S3_ample_prepare_i0,1.0,plan_generated,1,1,,7,0.1321790000074543,hold_and_refine,1.5,166.44749842731255,166.44749842731255,4.5,1.2666366461882959,9.537869256196867,2.023395396859157,0.04145355958020401,1.4055925001648084,0.04145355958020401,1.4055925001648084,-0.05706726441431089,0.0404559825045068,-0.0007461640724436722,-0.02530066500296655,0.1872530416033125,0.13274695839668751,0.4691225812245901,0.1872530416033125,0.13274695839668751,0.4691225812245901,0.21347796734673424,0.02595238738290124,-0.030124727718704475,0.007429475455349714,0.24360269506543872,0.018522911927551525,0.21347796734673424,0.02595238738290124,0.21347796734673424,0.02595238738290124,1,1,1,1,,PREPARE
S3_ample_prepare_i0,1.5,plan_generated,1,1,,7,0.12243420002050698,hold_and_refine,1.5,166.78789856280108,166.78789856280108,4.5,0.7006401667343454,9.09309991223223,1.9923788209476596,-0.004379828161002603,1.1099631840680422,-0.004379828161002603,1.1099631840680422,-0.04837370693545941,0.03391413715130355,7.883690689804686e-05,-0.01997933731322476,0.18811510243269453,0.13188489756730548,0.462801234972883,0.18811510243269453,0.13188489756730548,0.462801234972883,0.1882631424957199,0.03271216820287742,-0.02521482485101434,0.006759780819976184,0.21347796734673424,0.02595238738290124,0.1882631424957199,0.03271216820287742,0.1882631424957199,0.03271216820287742,1,1,1,1,,EXECUTE
S3_ample_prepare_i0,2.0,plan_generated,1,1,,7,0.11049370002001524,executing_replan,1.5,166.65124754975568,166.65124754975568,4.5,0.04145956849956178,8.433187805222115,1.9918339094300672,-859.1442338086241,0.8517577277258316,-4.0,0.8517577277258316,-0.040965152458688404,0.028319970337934302,0.072,-0.015331639099064967,0.18920149460165608,0.13079850539834392,0.46120337588120747,0.18920149460165608,0.13079850539834392,0.46120337588120747,0.2028392505538971,0.03894463647668907,0.01457610805817719,0.006232468273811645,0.1882631424957199,0.03271216820287742,0.2028392505538971,0.03894463647668907,0.2028392505538971,0.03894463647668907,1,1,1,1,,EXECUTE
S3_ample_prepare_i0,2.5,plan_generated,1,0,empty_action_set,7,0.0876012000371702,executing_replan;state_update_rejected,1.5,166.65124754975568,166.65124754975568,4.5,-0.3885733787479353,7.997493760162155,1.891482248338309,-826.7228571361625,0.6303317928407628,-4.0,0.6303317928407628,-0.04355857741865331,0.029611961123038138,0.072,-0.01134597227113373,0.1904966814755228,0.12950331852447722,0.4643373765640424,0.1904966814755228,0.12950331852447722,0.4643373765640424,0.2028392505538971,0.03894463647668907,0.0,0.0,0.2028392505538971,0.03894463647668907,0.21604576559180094,0.04776607381082776,0.2028392505538971,0.03894463647668907,0,0,1,1,,EXECUTE
S3_ample_prepare_i0,3.0,plan_generated,1,0,empty_action_set,7,0.08905830001458526,executing_replan;state_update_rejected,1.5,166.65124754975568,166.65124754975568,4.5,-0.31050893608781394,8.079089366375268,1.657449578173717,-687.197748940103,0.43295004629182104,-4.0,0.43295004629182104,-0.044235064392787,0.02949876918333424,0.072,-0.007793100833252778,0.19197727717599672,0.1280227228240033,0.4679120248272864,0.19197727717599672,0.1280227228240033,0.4679120248272864,0.2028392505538971,0.03894463647668907,0.0,0.0,0.2028392505538971,0.03894463647668907,0.2157075221047341,0.049485913559916286,0.2028392505538971,0.03894463647668907,0,0,1,1,,EXECUTE
S3_ample_prepare_i0,3.5,plan_generated,1,0,empty_action_set,7,0.06122600001981482,executing_replan;state_update_rejected,1.5,166.65124754975568,166.65124754975568,4.499999999999999,-0.08984870175439141,8.309730873731507,1.9918339094300672,-523.3905789083462,0.26680077741693065,-4.0,0.26680077741693065,-0.044363325098357866,0.028959534137690007,0.072,-0.004802413993504751,0.19361307209491876,0.12638692790508124,0.4653039977345778,0.19361307209491876,0.12638692790508124,0.4653039977345778,0.2028392505538971,0.03894463647668907,0.0,0.0,0.2028392505538971,0.03894463647668907,0.21564339175194866,0.05071163945696818,0.2028392505538971,0.03894463647668907,0,0,1,1,,EXECUTE
S3_ample_prepare_i0,4.0,plan_generated,1,0,empty_action_set,7,0.05003639997448772,executing_replan;state_update_rejected,1.5,166.65124754975568,166.65124754975568,4.499999999999997,-0.08984870175439141,8.309730873731507,1.9918339094300672,-409.55952061961773,0.13110672795843858,-4.0,0.13110672795843858,-0.04418386602734672,0.02818317833374768,0.072,-0.0023599211032518945,0.1953767388675086,0.12462326113249142,0.4592384339111832,0.1953767388675086,0.12462326113249142,0.4592384339111832,0.2028392505538971,0.03894463647668907,0.0,0.0,0.2028392505538971,0.03894463647668907,0.21573312128745425,0.05154470800012345,0.2028392505538971,0.03894463647668907,0,0,1,1,,EXECUTE
P_ample_none_i1,0.0,plan_generated,1,1,,102,0.2094243000028655,new_joint_plan,2.5,168.46562499999982,168.46562499999982,5.5,1.1026562500000212,6.9341164469359,1.2389227471152229,-1.5368073171735923,4.921245778437342,0.0,0.0,0.0,0.0,0.0,0.0,0.16,0.16,0.4716269602267917,0.0,0.0,0.0,0.3333333333333333,0.6166666666666666,0.0,-0.050000000000000044,0.3333333333333333,0.6666666666666666,0.3333333333333333,0.6666666666666666,0.3333333333333333,0.6166666666666666,1,1,0,0,,PREPARE
P_ample_none_i1,0.5,plan_generated,1,1,,7,0.2097032000310719,hold_and_refine,2.5,168.46562499999982,168.46562499999982,5.5,0.7597187500000313,7.621266726891929,1.2571238303810381,0.398459120238699,4.977553231309995,0.0,0.0,0.0,0.0,0.0,0.0,0.16,0.16,0.46080314900439656,0.0,0.0,0.0,0.3333333333333333,0.5666666666666665,0.0,-0.050000000000000044,0.3333333333333333,0.6166666666666666,0.3333333333333333,0.6166666666666666,0.3333333333333333,0.5666666666666665,1,1,0,0,,PREPARE
P_ample_none_i1,1.0,plan_generated,1,1,,7,0.17254270002013072,hold_and_refine,2.5,168.46562499999982,168.46562499999982,5.5,0.514500000000031,7.6630000000000225,1.2792176111377906,2.31402873480437,4.449278932536963,0.0,0.0,0.0,0.0,0.0,0.0,0.16,0.16,0.43903814252646167,0.0,0.0,0.0,0.3333333333333333,0.5166666666666665,0.0,-0.050000000000000044,0.3333333333333333,0.5666666666666665,0.3333333333333333,0.5666666666666665,0.3333333333333333,0.5166666666666665,1,1,0,0,,PREPARE
P_ample_none_i1,1.5,plan_generated,1,1,,7,0.16357600002083927,hold_and_refine,2.5,168.46562499999982,168.46562499999982,5.5,0.38865625000003234,7.589218750000026,1.3014919741775006,1.9921036625353543,3.6513895527788818,0.0,0.0,0.0,0.0,0.0,0.0,0.16,0.16,0.4117415134766525,0.0,0.0,0.0,0.3333333333333333,0.4666666666666665,0.0,-0.04999999999999999,0.3333333333333333,0.5166666666666665,0.3333333333333333,0.5166666666666665,0.3333333333333333,0.4666666666666665,1,1,0,0,,PREPARE
P_ample_none_i1,2.0,plan_generated,1,1,,7,0.17447120003635064,hold_and_refine,2.5,168.46562499999982,168.46562499999982,5.5,0.3446875000000418,7.571062500000036,1.3270792985071287,1.6694849547740414,2.9330665277897254,0.0,0.0,0.0,0.0,0.0,0.0,0.16,0.16,0.3818087848761559,0.0,0.0,0.0,0.3333333333333333,0.4166666666666665,0.0,-0.04999999999999999,0.3333333333333333,0.4666666666666665,0.3333333333333333,0.4666666666666665,0.3333333333333333,0.4166666666666665,1,1,0,0,,PREPARE
P_ample_none_i1,2.5,plan_generated,1,1,,7,0.13054889999330044,hold_and_refine,2.5,168.46562499999982,168.46562499999982,5.5,0.3446875000000418,7.571062500000036,1.3499999999999996,1.345922806935982,2.2945127636266265,0.0,0.0,0.0,0.0,0.0,0.0,0.16,0.16,0.35171870119806503,0.0,0.0,0.0,0.3333333333333333,0.36666666666666653,0.0,-0.04999999999999999,0.3333333333333333,0.4166666666666665,0.3333333333333333,0.4166666666666665,0.3333333333333333,0.36666666666666653,1,1,0,0,,EXECUTE
P_ample_none_i1,3.0,plan_generated,1,1,,7,0.11370300000999123,hold_and_refine,2.5,168.46562499999982,168.46562499999982,5.5,2.071968750000045,9.10540625000004,1.373914726039072,1.043198699074548,1.7346407912850208,0.0,0.0,0.0,0.0,0.0,0.0,0.16,0.16,0.32342250712477805,0.0,0.0,0.0,0.3333333333333333,0.31666666666666654,0.0,-0.04999999999999999,0.3333333333333333,0.36666666666666653,0.3333333333333333,0.36666666666666653,0.3333333333333333,0.31666666666666654,1,1,0,0,,EXECUTE
P_ample_none_i1,3.5,plan_generated,1,1,,7,0.09168679994763806,hold_and_refine,2.5,168.46562499999982,168.46562499999982,5.5,3.779875000000014,10.57676090799701,1.3954833855337687,0.7779691391315005,1.2532124577904005,0.0,0.0,0.0,0.0,0.0,0.0,0.16,0.16,0.29819886534449436,0.0,0.0,0.0,0.3333333333333333,0.26666666666666655,0.0,-0.04999999999999999,0.3333333333333333,0.31666666666666654,0.3333333333333333,0.31666666666666654,0.3333333333333333,0.26666666666666655,1,1,0,0,,EXECUTE
P_ample_none_i1,4.0,plan_generated,1,1,,7,0.07946019998053089,hold_and_refine,2.5,168.46562499999982,168.46562499999982,5.5,3.9947856147868883,10.825091382398153,1.4096667168856152,0.5502342546102691,0.850002007905444,0.0,0.0,0.0,0.0,0.0,0.0,0.16,0.16,0.27667834251867607,0.0,0.0,0.0,0.3333333333333333,0.21666666666666656,0.0,-0.04999999999999999,0.3333333333333333,0.26666666666666655,0.3333333333333333,0.26666666666666655,0.3333333333333333,0.21666666666666656,1,1,0,0,,EXECUTE
P_ample_none_i1,4.5,plan_generated,1,1,,7,0.06740549998357892,hold_and_refine,2.5,168.46562499999982,168.46562499999982,5.499999999999999,4.112640262172111,11.00294035085646,1.4225241662456287,0.359994337135734,0.5237265253506985,0.0,0.0,0.0,0.0,0.0,0.0,0.16,0.16,0.25897074984225243,0.0,0.0,0.0,0.3333333333333333,0.16666666666666657,0.0,-0.04999999999999999,0.3333333333333333,0.21666666666666656,0.3333333333333333,0.21666666666666656,0.3333333333333333,0.16666666666666657,1,1,0,0,,EXECUTE
P_ample_none_i1,5.0,plan_generated,1,1,,7,0.0445546000264585,hold_and_refine,2.5,168.46562499999982,168.46562499999982,5.499999999999997,4.18751607044273,11.113558644021946,1.4299671129801474,0.20724954970172021,0.27392607034499417,0.0,0.0,0.0,0.0,0.0,0.0,0.16,0.16,0.244830313917781,0.0,0.0,0.0,0.3333333333333333,0.11666666666666657,0.0,-0.05,0.3333333333333333,0.16666666666666657,0.3333333333333333,0.16666666666666657,0.3333333333333333,0.11666666666666657,1,1,0,0,,EXECUTE
P_ample_none_i2,0.0,plan_generated,1,1,,102,0.17351190000772476,new_joint_plan,1.5,162.6406249999999,162.6406249999999,4.5,0.8122812499999812,8.499343749999976,1.4912937675894655,0.8675530047083726,3.531927840569847,0.0,0.0,0.0,0.0,0.0,0.0,0.16,0.16,0.5783916064388326,0.0,0.0,0.0,0.3333333333333333,0.2833333333333333,0.0,-0.04999999999999999,0.3333333333333333,0.3333333333333333,0.3333333333333333,0.3333333333333333,0.3333333333333333,0.2833333333333333,1,1,0,0,,PREPARE
P_ample_none_i2,0.5,plan_generated,1,1,,7,0.14564569998765364,hold_and_refine,1.5,162.6406249999999,162.6406249999999,4.5,0.6864374999999825,8.42556249999998,1.5504799247912464,0.851019020556796,3.280846220999277,0.0,0.0,0.0,0.0,0.0,0.0,0.16,0.16,0.549681295156941,0.0,0.0,0.0,0.3333333333333333,0.23333333333333334,0.0,-0.04999999999999999,0.3333333333333333,0.2833333333333333,0.3333333333333333,0.2833333333333333,0.3333333333333333,0.23333333333333334,1,1,0,0,,PREPARE
P_ample_none_i2,1.0,plan_generated,1,1,,7,0.1480777999968268,hold_and_refine,1.5,162.6406249999999,162.6406249999999,4.5,0.6424687499999635,8.407406249999962,1.6038697445418888,0.7692484675267899,2.5903223674955296,0.0,0.0,0.0,0.0,0.0,0.0,0.16,0.16,0.5171940578206313,0.0,0.0,0.0,0.3333333333333333,0.18333333333333335,0.0,-0.04999999999999999,0.3333333333333333,0.23333333333333334,0.3333333333333333,0.23333333333333334,0.3333333333333333,0.18333333333333335,1,1,0,0,,PREPARE
P_ample_none_i2,1.5,plan_generated,1,1,,7,0.13526059995638207,hold_and_refine,1.5,162.6406249999999,162.6406249999999,4.5,0.6424687499999635,8.407406249999962,1.6536212354070723,0.6826497690493173,1.9849826710365708,0.0,0.0,0.0,0.0,0.0,0.0,0.16,0.16,0.4853793590926768,0.0,0.0,0.0,0.3333333333333333,0.13333333333333336,0.0,-0.04999999999999999,0.3333333333333333,0.18333333333333335,0.3333333333333333,0.18333333333333335,0.3333333333333333,0.13333333333333336,1,1,0,0,,EXECUTE
P_ample_none_i2,2.0,plan_generated,1,1,,7,0.10678100003860891,hold_and_refine,1.5,162.6406249999999,162.6406249999999,4.5,2.7403749999999585,10.434874999999959,1.7023945195565897,0.5858245462289581,1.4626310110663834,0.0,0.0,0.0,0.0,0.0,0.0,0.16,0.16,0.4551804972782639,0.0,0.0,0.0,0.3333333333333333,0.08333333333333336,0.0,-0.05,0.3333333333333333,0.13333333333333336,0.3333333333333333,0.13333333333333336,0.3333333333333333,0.08333333333333336,1,1,0,0,,EXECUTE
P_ample_none_i2,2.5,plan_generated,1,1,,7,0.10213610000209883,hold_and_refine,1.5,162.6406249999999,162.6406249999999,4.5,4.2286314154855,12.29421874999991,1.7401647073697852,0.485534818890614,1.0206933784195265,0.0,0.0,0.0,0.0,0.0,0.0,0.16,0.16,0.4273762834051739,0.0,0.0,0.0,0.3333333333333333,0.033333333333333354,0.0,-0.05,0.3333333333333333,0.08333333333333336,0.3333333333333333,0.08333333333333336,0.3333333333333333,0.033333333333333354,1,1,0,0,,EXECUTE
P_ample_none_i2,3.0,plan_generated,1,1,,7,0.10508469998603687,hold_and_refine,1.5,162.6406249999999,162.6406249999999,4.5,4.2286314154855,12.595743283291863,1.764512567194487,0.3850823869272392,0.6632176486866601,0.0,0.0,0.0,0.0,0.0,0.0,0.16,0.16,0.4025028805635934,0.0,0.0,0.0,0.3333333333333333,0.0,0.0,-0.033333333333333354,0.3333333333333333,0.033333333333333354,0.3333333333333333,0.033333333333333354,0.3333333333333333,0.0,1,1,0,0,,EXECUTE
P_ample_none_i2,3.5,plan_generated,1,1,,7,0.0716466000303626,hold_and_refine,1.5,162.71440624999988,162.71440624999988,4.499999999999999,4.200897980194744,12.558227562828716,1.7583478062084419,0.28002699414652227,0.3889614827251575,0.0,0.0,0.0,0.0,0.0,0.0,0.16,0.16,0.3806029383451015,0.0,0.0,0.0,0.2833333333333333,0.0,-0.04999999999999999,0.0,0.3333333333333333,0.0,0.3333333333333333,0.0,0.2833333333333333,0.0,1,1,0,0,,EXECUTE
P_ample_none_i2,4.0,plan_generated,1,1,,7,0.05574219999834895,hold_and_refine,1.5,162.7325624999999,162.7325624999999,4.499999999999997,4.203228528347109,12.55143687578349,1.7577501554120734,0.13818379572289655,0.19223417544551924,0.0,0.0,0.0,0.0,0.0,0.0,0.16,0.16,0.36157750382316406,0.0,0.0,0.0,0.23333333333333334,0.0,-0.04999999999999999,0.0,0.2833333333333333,0.0,0.2833333333333333,0.0,0.23333333333333334,0.0,1,1,0,0,,EXECUTE
P_ample_prepare_i1,0.0,plan_generated,1,1,,102,0.2391690999502316,new_joint_plan,2.5,168.46562499999982,168.46562499999982,5.5,1.1026562500000212,6.9341164469359,1.2389227471152229,-1.5368073171735923,4.921245778437342,0.0,0.0,0.0,0.0,0.0,0.0,0.16,0.16,0.4716269602267917,0.0,0.0,0.0,0.3333333333333333,0.6166666666666666,0.0,-0.050000000000000044,0.3333333333333333,0.6666666666666666,0.3333333333333333,0.6666666666666666,0.3333333333333333,0.6166666666666666,1,1,0,0,,PREPARE
P_ample_prepare_i1,0.5,plan_generated,1,1,,7,0.18133300001500174,hold_and_refine,2.5,168.46562499999982,168.46562499999982,5.5,0.7597187500000313,7.621266726891929,1.2571238303810381,0.398459120238699,4.977553231309995,0.0,0.0,0.0,0.0,0.0,0.0,0.16,0.16,0.46080314900439656,0.0,0.0,0.0,0.3333333333333333,0.5666666666666665,0.0,-0.050000000000000044,0.3333333333333333,0.6166666666666666,0.3333333333333333,0.6166666666666666,0.3333333333333333,0.5666666666666665,1,1,0,0,,PREPARE
P_ample_prepare_i1,1.0,plan_generated,1,1,,7,0.19866300001740456,hold_and_refine,2.5,168.46562499999982,168.46562499999982,5.5,0.514500000000031,7.6630000000000225,1.2792176111377906,2.31402873480437,4.449278932536963,0.0,0.0,0.0,0.0,0.0,0.0,0.16,0.16,0.43903814252646167,0.0,0.0,0.0,0.3333333333333333,0.5166666666666665,0.0,-0.050000000000000044,0.3333333333333333,0.5666666666666665,0.3333333333333333,0.5666666666666665,0.3333333333333333,0.5166666666666665,1,1,0,0,,PREPARE
P_ample_prepare_i1,1.5,plan_generated,1,1,,7,0.18286479997914284,hold_and_refine,2.5,168.46562499999982,168.46562499999982,5.5,0.38865625000003234,7.589218750000026,1.3014919741775177,1.9921036483747971,3.6513895527788818,0.0,0.0,0.0,0.0,0.0,0.0,0.16,0.16,0.4119329668130679,0.0,0.0,0.0,0.3333333333333333,0.4666666666666665,0.0,-0.04999999999999999,0.3333333333333333,0.5166666666666665,0.3333333333333333,0.5166666666666665,0.3333333333333333,0.4666666666666665,1,1,0,0,,PREPARE
P_ample_prepare_i1,2.0,plan_generated,1,1,,7,0.16815979999955744,hold_and_refine,2.5,168.46562499999982,168.46562499999982,5.5,0.3446875000000418,7.571062500000036,1.3270792985072004,1.6694848872828154,2.9330665277897254,0.0,0.0,0.0,0.0,0.0,0.0,0.16,0.16,0.3850277434803289,0.0,0.0,0.0,0.3333333333333333,0.4166666666666665,0.0,-0.04999999999999999,0.3333333333333333,0.4666666666666665,0.3333333333333333,0.4666666666666665,0.3333333333333333,0.4166666666666665,1,1,0,0,,PREPARE
P_ample_prepare_i1,2.5,plan_generated,1,1,,7,0.15621439996175468,hold_and_refine,2.5,168.46562499999982,168.46562499999982,5.5,0.3446875000000418,7.571062500000036,1.3499999999999996,1.3459227173497148,2.2945127636266176,0.0,0.0,0.0,0.0,0.0,0.0,0.16,0.16,0.3601297106343918,0.0,0.0,0.0,0.3333333333333333,0.36666666666666653,0.0,-0.04999999999999999,0.3333333333333333,0.4166666666666665,0.3333333333333333,0.4166666666666665,0.3333333333333333,0.36666666666666653,1,1,0,0,,EXECUTE
P_ample_prepare_i1,3.0,plan_generated,1,1,,7,0.11169910000171512,hold_and_refine,2.5,168.46562499999982,168.46562499999982,5.5,2.071968750000045,9.10540625000004,1.373914726039081,1.0431986203807233,1.734640791285003,0.0,0.0,0.0,0.0,0.0,0.0,0.16,0.16,0.3355142025834696,0.0,0.0,0.0,0.3333333333333333,0.31666666666666654,0.0,-0.04999999999999999,0.3333333333333333,0.36666666666666653,0.3333333333333333,0.36666666666666653,0.3333333333333333,0.31666666666666654,1,1,0,0,,EXECUTE
P_ample_prepare_i1,3.5,plan_generated,1,1,,7,0.10270029999082908,hold_and_refine,2.5,168.46562499999982,168.46562499999982,5.5,3.779875000000014,10.57676090799701,1.3954833855337687,0.7779690784755047,1.253212457790405,0.0,0.0,0.0,0.0,0.0,0.0,0.16,0.16,0.30981666657076357,0.0,0.0,0.0,0.3333333333333333,0.26666666666666655,0.0,-0.04999999999999999,0.3333333333333333,0.31666666666666654,0.3333333333333333,0.31666666666666654,0.3333333333333333,0.26666666666666655,1,1,0,0,,EXECUTE
P_ample_prepare_i1,4.0,plan_generated,1,1,,7,0.08459129999391735,hold_and_refine,2.5,168.46562499999982,168.46562499999982,5.5,3.994785614786892,10.825091382398153,1.4096667168856152,0.5502341972803061,0.8500020079054484,0.0,0.0,0.0,0.0,0.0,0.0,0.16,0.16,0.28638471465309767,0.0,0.0,0.0,0.3333333333333333,0.21666666666666656,0.0,-0.04999999999999999,0.3333333333333333,0.26666666666666655,0.3333333333333333,0.26666666666666655,0.3333333333333333,0.21666666666666656,1,1,0,0,,EXECUTE
P_ample_prepare_i1,4.5,plan_generated,1,1,,7,0.07371289998991415,hold_and_refine,2.5,168.46562499999982,168.46562499999982,5.499999999999999,4.112640262172113,11.00294035085646,1.4225241662456287,0.35999428254348326,0.5237265253507007,0.0,0.0,0.0,0.0,0.0,0.0,0.16,0.16,0.2667531441406209,0.0,0.0,0.0,0.3333333333333333,0.16666666666666657,0.0,-0.04999999999999999,0.3333333333333333,0.21666666666666656,0.3333333333333333,0.21666666666666656,0.3333333333333333,0.16666666666666657,1,1,0,0,,EXECUTE
P_ample_prepare_i1,5.0,plan_generated,1,1,,7,0.05492269998649135,hold_and_refine,2.5,168.46562499999982,168.46562499999982,5.499999999999997,4.187516070442732,11.113558644021946,1.4299671129801474,0.20724949727755076,0.2739260703449986,0.0,0.0,0.0,0.0,0.0,0.0,0.16,0.16,0.25090356681000114,0.0,0.0,0.0,0.3333333333333333,0.11666666666666657,0.0,-0.05,0.3333333333333333,0.16666666666666657,0.3333333333333333,0.16666666666666657,0.3333333333333333,0.11666666666666657,1,1,0,0,,EXECUTE
P_ample_prepare_i2,0.0,plan_generated,1,1,,102,0.20128089998615906,new_joint_plan,1.5,162.6406249999999,162.6406249999999,4.5,0.8122812499999812,8.499343749999976,1.4912937675894655,0.8675530047083726,3.531927840569847,0.0,0.0,0.0,0.0,0.0,0.0,0.16,0.16,0.5783916064388326,0.0,0.0,0.0,0.3333333333333333,0.2833333333333333,0.0,-0.04999999999999999,0.3333333333333333,0.3333333333333333,0.3333333333333333,0.3333333333333333,0.3333333333333333,0.2833333333333333,1,1,0,0,,PREPARE
P_ample_prepare_i2,0.5,plan_generated,1,1,,7,0.1493128999718465,hold_and_refine,1.5,162.6406249999999,162.6406249999999,4.5,0.6864374999999825,8.42556249999998,1.5504799247912464,0.851019020556796,3.280846220999277,0.0,0.0,0.0,0.0,0.0,0.0,0.16,0.16,0.549681295156941,0.0,0.0,0.0,0.3333333333333333,0.23333333333333334,0.0,-0.04999999999999999,0.3333333333333333,0.2833333333333333,0.3333333333333333,0.2833333333333333,0.3333333333333333,0.23333333333333334,1,1,0,0,,PREPARE
P_ample_prepare_i2,1.0,plan_generated,1,1,,7,0.1792297000065446,hold_and_refine,1.5,162.6406249999999,162.6406249999999,4.5,0.6424687499999635,8.407406249999962,1.6038697445418888,0.7692484675267899,2.5903223674955296,0.0,0.0,0.0,0.0,0.0,0.0,0.16,0.16,0.5171940578206313,0.0,0.0,0.0,0.3333333333333333,0.18333333333333335,0.0,-0.04999999999999999,0.3333333333333333,0.23333333333333334,0.3333333333333333,0.23333333333333334,0.3333333333333333,0.18333333333333335,1,1,0,0,,PREPARE
P_ample_prepare_i2,1.5,plan_generated,1,1,,7,0.16068140004063025,hold_and_refine,1.5,162.6406249999999,162.6406249999999,4.5,0.6424687499999635,8.407406249999962,1.6536212354070723,0.6772161551035539,1.984982670990088,0.0,0.0,0.0,0.0,0.0,0.0,0.16,0.16,0.48563739460751404,0.0,0.0,0.0,0.3333333333333333,0.13333333333333336,0.0,-0.04999999999999999,0.3333333333333333,0.18333333333333335,0.3333333333333333,0.18333333333333335,0.3333333333333333,0.13333333333333336,1,1,0,0,,EXECUTE
P_ample_prepare_i2,2.0,plan_generated,1,1,,7,0.13582630001474172,hold_and_refine,1.5,162.6406249999999,162.6406249999999,4.5,2.7403749999999585,10.434874999999959,1.7023945195565897,0.557157569143293,1.4626011837568156,0.0,0.0,0.0,0.0,0.0,0.0,0.16,0.16,0.45969851579915416,0.0,0.0,0.0,0.3333333333333333,0.08333333333333336,0.0,-0.05,0.3333333333333333,0.13333333333333336,0.3333333333333333,0.13333333333333336,0.3333333333333333,0.08333333333333336,1,1,0,0,,EXECUTE
P_ample_prepare_i2,2.5,plan_generated,1,1,,7,0.12323860003380105,hold_and_refine,1.5,162.6406249999999,162.6406249999999,4.5,2.8620072274244137,11.146660992191453,1.7401647073697852,0.44911287387426346,1.0204400892734378,0.0,0.0,0.0,0.0,0.0,0.0,0.16,0.16,0.4399816118862103,0.0,0.0,0.0,0.3333333333333333,0.033333333333333354,0.0,-0.05,0.3333333333333333,0.08333333333333336,0.3333333333333333,0.08333333333333336,0.3333333333333333,0.033333333333333354,1,1,0,0,,EXECUTE
P_ample_prepare_i2,3.0,plan_generated,1,1,,7,0.09903250000206754,hold_and_refine,1.5,162.6406249999999,162.6406249999999,4.5,2.9184382736356724,11.211924795718101,1.657449578173717,0.35966487178630663,0.6629191743421201,0.0,0.0,0.0,0.0,0.0,0.0,0.16,0.16,0.422342075361405,0.0,0.0,0.0,0.3333333333333333,0.0,0.0,-0.033333333333333354,0.3333333333333333,0.033333333333333354,0.3333333333333333,0.033333333333333354,0.3333333333333333,0.0,1,1,0,0,,EXECUTE
P_ample_prepare_i2,3.5,plan_generated,1,1,,7,0.0701639000326395,hold_and_refine,1.5,162.71440624999988,162.71440624999988,4.499999999999999,3.0098601536387513,11.332664939200281,1.7583478062084419,0.26691798781575077,0.38882050718521244,0.0,0.0,0.0,0.0,0.0,0.0,0.16,0.16,0.40196987605067225,0.0,0.0,0.0,0.2833333333333333,0.0,-0.04999999999999999,0.0,0.3333333333333333,0.0,0.3333333333333333,0.0,0.2833333333333333,0.0,1,1,0,0,,EXECUTE
P_ample_prepare_i2,4.0,plan_generated,1,1,,7,0.04815810004947707,hold_and_refine,1.5,162.7325624999999,162.7325624999999,4.499999999999997,3.004981213606211,11.32013374996556,1.757750155552877,0.12465261478509101,0.19204645330574477,0.0,0.0,0.0,0.0,0.0,0.0,0.16,0.16,0.3820308851710533,0.0,0.0,0.0,0.23333333333333334,0.0,-0.04999999999999999,0.0,0.2833333333333333,0.0,0.2833333333333333,0.0,0.23333333333333334,0.0,1,1,0,0,,EXECUTE
P_collaborative_none_i1,0.0,plan_generated,1,0,finite_search_no_valid_plan,96,0.09649600001284853,continue_bounded_preparation,,,,,-0.47244431153736244,6.051029235816441,,,,0.0,0.0,0.0,0.0,0.0,0.0,,,,0.0,0.0,0.0,,,,,0.6666666666666666,0.6666666666666666,0.6666666666666666,0.6666666666666666,0.6666666666666666,0.6666666666666666,0,,0,0,,PREPARE
P_collaborative_none_i1,0.5,plan_generated,1,0,finite_search_no_valid_plan,96,0.11133369995513931,continue_bounded_preparation,,,,,0.5297477102821961,7.481874999999886,,,,0.0,0.0,0.0,0.0,0.0,0.0,,,,0.0,0.0,0.0,,,,,0.6666666666666666,0.6666666666666666,0.6666666666666666,0.6666666666666666,0.6666666666666666,0.6666666666666666,0,,0,0,,PREPARE
P_collaborative_none_i1,1.0,plan_generated,1,0,finite_search_no_valid_plan,96,0.09091030003037304,continue_bounded_preparation,,,,,0.6631249999999511,7.659374999999938,,,,0.0,0.0,0.0,0.0,0.0,0.0,,,,0.0,0.0,0.0,,,,,0.6666666666666666,0.6666666666666666,0.6666666666666666,0.6666666666666666,0.6666666666666666,0.6666666666666666,0,,0,0,,PREPARE
P_collaborative_none_i1,1.5,plan_generated,1,0,finite_search_no_valid_plan,96,0.09376489999704063,continue_bounded_preparation,,,,,1.531700861638658,7.3947662106873056,,,,0.0,0.0,0.0,0.0,0.0,0.0,,,,0.0,0.0,0.0,,,,,0.6666666666666666,0.6666666666666666,0.6666666666666666,0.6666666666666666,0.6666666666666666,0.6666666666666666,0,,0,0,,PREPARE
P_collaborative_none_i1,2.0,plan_generated,1,0,finite_search_no_valid_plan,96,0.09709440002916381,continue_bounded_preparation,,,,,1.1506249999998728,7.399999999999733,,,,0.0,0.0,0.0,0.0,0.0,0.0,,,,0.0,0.0,0.0,,,,,0.6666666666666666,0.6666666666666666,0.6666666666666666,0.6666666666666666,0.6666666666666666,0.6666666666666666,0,,0,0,,PREPARE
P_collaborative_none_i1,2.5,plan_generated,1,0,finite_search_no_valid_plan,96,0.10580089996801689,continue_bounded_preparation,,,,,1.5800000000004024,8.200000000000397,,,,0.0,0.0,0.0,0.0,0.0,0.0,,,,0.0,0.0,0.0,,,,,0.6666666666666666,0.6666666666666666,0.6666666666666666,0.6666666666666666,0.6666666666666666,0.6666666666666666,0,,0,0,,PREPARE
P_collaborative_none_i1,3.0,plan_generated,1,0,finite_search_no_valid_plan,96,0.0855967000243254,continue_bounded_preparation,,,,,1.9299999999996338,8.299310669342372,,,,0.0,0.0,0.0,0.0,0.0,0.0,,,,0.0,0.0,0.0,,,,,0.6666666666666666,0.6666666666666666,0.6666666666666666,0.6666666666666666,0.6666666666666666,0.6666666666666666,0,,0,0,,PREPARE
P_collaborative_none_i1,3.5,plan_generated,1,1,,102,0.15984130004653707,new_joint_plan,4.0,168.57065624999987,168.57065624999987,7.0,0.44667147761714165,5.319720251086079,1.2249999999999996,738.7452373218194,-716.5343810074451,0.0,0.0,0.0,0.0,0.0,0.0,0.16,0.16,0.3702988194074244,0.0,0.0,0.0,0.6166666666666666,0.3333333333333333,-0.050000000000000044,0.0,0.6666666666666666,0.3333333333333333,0.6666666666666666,0.3333333333333333,0.6166666666666666,0.3333333333333333,1,1,0,0,,PREPARE
P_collaborative_none_i1,4.0,plan_generated,1,1,,7,0.12809319997904822,hold_and_refine,4.0,169.24193749999978,169.24193749999978,7.0,0.5506418615053699,5.545755500745611,1.2229826983816907,2.098585117961969,1.6035275382912677,0.0,0.0,0.0,0.0,0.0,0.0,0.16,0.16,0.31673990257355855,0.0,0.0,0.0,0.5666666666666665,0.3333333333333333,-0.050000000000000044,0.0,0.6166666666666666,0.3333333333333333,0.6166666666666666,0.3333333333333333,0.5666666666666665,0.3333333333333333,1,1,0,0,,EXECUTE
P_collaborative_none_i1,4.5,plan_generated,1,1,,7,0.1121108999941498,hold_and_refine,4.0,169.7075937499998,169.7075937499998,7.0,0.6122107916864037,5.664826717524773,1.229656847957678,1.3914128388155942,1.4401154022694131,0.0,0.0,0.0,0.0,0.0,0.0,0.16,0.16,0.2785632988955674,0.0,0.0,0.0,0.5166666666666665,0.3333333333333333,-0.050000000000000044,0.0,0.5666666666666665,0.3333333333333333,0.5666666666666665,0.3333333333333333,0.5166666666666665,0.3333333333333333,1,1,0,0,,EXECUTE
P_collaborative_none_i1,5.0,plan_generated,1,1,,7,0.09777870000107214,hold_and_refine,4.0,169.7075937499998,169.7075937499998,7.0,0.6549935454928066,5.78081898064026,1.229656847957678,0.9294252346208328,1.1834071350877287,0.0,0.0,0.0,0.0,0.0,0.0,0.16,0.16,0.25170145401582406,0.0,0.0,0.0,0.5166666666666665,0.2833333333333333,0.0,-0.04999999999999999,0.5166666666666665,0.3333333333333333,0.5166666666666665,0.3333333333333333,0.5166666666666665,0.2833333333333333,1,1,0,0,,EXECUTE
P_collaborative_none_i1,5.5,plan_generated,1,1,,7,0.07346879999386147,hold_and_refine,4.0,169.8744999999998,169.8744999999998,7.0,0.6968782643769602,5.860616287260155,1.2348717889768257,0.7535150235106733,0.6805105613797436,0.0,0.0,0.0,0.0,0.0,0.0,0.16,0.16,0.23333166280506454,0.0,0.0,0.0,0.4666666666666665,0.2833333333333333,-0.04999999999999999,0.0,0.5166666666666665,0.2833333333333333,0.5166666666666665,0.2833333333333333,0.4666666666666665,0.2833333333333333,1,1,0,0,,EXECUTE
P_collaborative_none_i1,6.0,plan_generated,1,1,,7,0.05951490002917126,hold_and_refine,4.0,169.94828124999978,169.94828124999978,6.999999999999999,0.7226534153031929,5.907473647012421,1.239148167597741,0.4685954391934245,0.4541850790788705,0.0,0.0,0.0,0.0,0.0,0.0,0.16,0.16,0.22109216258931785,0.0,0.0,0.0,0.4166666666666665,0.2833333333333333,-0.04999999999999999,0.0,0.4666666666666665,0.2833333333333333,0.4666666666666665,0.2833333333333333,0.4166666666666665,0.2833333333333333,1,1,0,0,,EXECUTE
P_collaborative_none_i1,6.5,plan_generated,1,1,,7,0.04615389998070896,hold_and_refine,4.0,169.96643749999976,169.96643749999976,6.999999999999997,0.7376433444338018,5.9338981692223856,1.2408673914594035,0.2652766291056175,0.25031553430753034,0.0,0.0,0.0,0.0,0.0,0.0,0.16,0.16,0.21310076047718998,0.0,0.0,0.0,0.36666666666666653,0.2833333333333333,-0.04999999999999999,0.0,0.4166666666666665,0.2833333333333333,0.4166666666666665,0.2833333333333333,0.36666666666666653,0.2833333333333333,1,1,0,0,,EXECUTE
P_collaborative_prepare_i1,0.0,plan_generated,1,0,finite_search_no_valid_plan,96,0.08007699996232986,continue_bounded_preparation,,,,,-0.47244431153736244,6.051029235816441,,,,0.0,0.0,0.0,0.0,0.0,0.0,,,,0.0,0.0,0.0,,,,,0.6666666666666666,0.6666666666666666,0.6666666666666666,0.6666666666666666,0.6666666666666666,0.6666666666666666,0,,0,0,,PREPARE
P_collaborative_prepare_i1,0.5,plan_generated,1,0,finite_search_no_valid_plan,96,0.07832470000721514,continue_bounded_preparation,,,,,0.5297477102821961,7.481874999999886,,,,0.0,0.0,0.0,0.0,0.0,0.0,,,,0.0,0.0,0.0,,,,,0.6666666666666666,0.6666666666666666,0.6666666666666666,0.6666666666666666,0.6666666666666666,0.6666666666666666,0,,0,0,,PREPARE
P_collaborative_prepare_i1,1.0,plan_generated,1,0,finite_search_no_valid_plan,96,0.07676329999230802,continue_bounded_preparation,,,,,0.6631249999999511,7.659374999999938,,,,0.0,0.0,0.0,0.0,0.0,0.0,,,,0.0,0.0,0.0,,,,,0.6666666666666666,0.6666666666666666,0.6666666666666666,0.6666666666666666,0.6666666666666666,0.6666666666666666,0,,0,0,,PREPARE
P_collaborative_prepare_i1,1.5,plan_generated,1,0,finite_search_no_valid_plan,96,0.07447410002350807,continue_bounded_preparation,,,,,1.5317008616316334,7.394766210676875,,,,0.0,0.0,0.0,0.0,0.0,0.0,,,,0.0,0.0,0.0,,,,,0.6666666666666666,0.6666666666666666,0.6666666666666666,0.6666666666666666,0.6666666666666666,0.6666666666666666,0,,0,0,,PREPARE
P_collaborative_prepare_i1,2.0,plan_generated,1,0,finite_search_no_valid_plan,96,0.08178710000356659,continue_bounded_preparation,,,,,1.1506249999998728,7.399999999999733,,,,0.0,0.0,0.0,0.0,0.0,0.0,,,,0.0,0.0,0.0,,,,,0.6666666666666666,0.6666666666666666,0.6666666666666666,0.6666666666666666,0.6666666666666666,0.6666666666666666,0,,0,0,,PREPARE
P_collaborative_prepare_i1,2.5,plan_generated,1,0,finite_search_no_valid_plan,96,0.10437949997140095,continue_bounded_preparation,,,,,1.5800000000004024,8.200000000000397,,,,0.0,0.0,0.0,0.0,0.0,0.0,,,,0.0,0.0,0.0,,,,,0.6666666666666666,0.6666666666666666,0.6666666666666666,0.6666666666666666,0.6666666666666666,0.6666666666666666,0,,0,0,,PREPARE
P_collaborative_prepare_i1,3.0,plan_generated,1,0,finite_search_no_valid_plan,96,0.0777034000493586,continue_bounded_preparation,,,,,1.9299999999996338,8.299310669299995,,,,0.0,0.0,0.0,0.0,0.0,0.0,,,,0.0,0.0,0.0,,,,,0.6666666666666666,0.6666666666666666,0.6666666666666666,0.6666666666666666,0.6666666666666666,0.6666666666666666,0,,0,0,,PREPARE
P_collaborative_prepare_i1,3.5,plan_generated,1,1,,102,0.19354559999192134,new_joint_plan,4.0,168.57065624999987,168.57065624999987,7.0,0.44667147761714165,5.319720251086079,1.2249999999999996,738.7452373218194,-716.5343810074451,0.0,0.0,0.0,0.0,0.0,0.0,0.16,0.16,0.39009934858642425,0.0,0.0,0.0,0.6166666666666666,0.3333333333333333,-0.050000000000000044,0.0,0.6666666666666666,0.3333333333333333,0.6666666666666666,0.3333333333333333,0.6166666666666666,0.3333333333333333,1,1,0,0,,PREPARE
P_collaborative_prepare_i1,4.0,plan_generated,1,1,,7,0.12049609998939559,hold_and_refine,4.0,169.24193749999978,169.24193749999978,7.0,0.5506418614949959,5.545755500735237,1.2229828725412872,2.0985851186216635,1.603527538291241,0.0,0.0,0.0,0.0,0.0,0.0,0.16,0.16,0.3312231129747025,0.0,0.0,0.0,0.5666666666666665,0.3333333333333333,-0.050000000000000044,0.0,0.6166666666666666,0.3333333333333333,0.6166666666666666,0.3333333333333333,0.5666666666666665,0.3333333333333333,1,1,0,0,,EXECUTE
P_collaborative_prepare_i1,4.5,plan_generated,1,1,,7,0.12619729997823015,hold_and_refine,4.0,169.7075937499998,169.7075937499998,7.0,0.6122107916516333,5.664826717482112,1.229657036432787,1.3914128395180634,1.4401154022617038,0.0,0.0,0.0,0.0,0.0,0.0,0.16,0.16,0.2887083645980289,0.0,0.0,0.0,0.5166666666666665,0.3333333333333333,-0.050000000000000044,0.0,0.5666666666666665,0.3333333333333333,0.5666666666666665,0.3333333333333333,0.5166666666666665,0.3333333333333333,1,1,0,0,,EXECUTE
P_collaborative_prepare_i1,5.0,plan_generated,1,1,,7,0.09195370000088587,hold_and_refine,4.0,169.7075937499998,169.7075937499998,7.0,0.654993545450564,5.780818980587594,1.229657036432787,0.9294252344347506,1.1834071350696098,0.0,0.0,0.0,0.0,0.0,0.0,0.16,0.16,0.2585481489378213,0.0,0.0,0.0,0.5166666666666665,0.2833333333333333,0.0,-0.04999999999999999,0.5166666666666665,0.3333333333333333,0.5166666666666665,0.3333333333333333,0.5166666666666665,0.2833333333333333,1,1,0,0,,EXECUTE
P_collaborative_prepare_i1,5.5,plan_generated,1,1,,7,0.07690469996305183,hold_and_refine,4.0,169.8744999999998,169.8744999999998,7.0,0.696878264280202,5.860616287128562,1.2348719878100645,0.7535150232926344,0.6805105613631125,0.0,0.0,0.0,0.0,0.0,0.0,0.16,0.16,0.23781700359716262,0.0,0.0,0.0,0.4666666666666665,0.2833333333333333,-0.04999999999999999,0.0,0.5166666666666665,0.2833333333333333,0.5166666666666665,0.2833333333333333,0.4666666666666665,0.2833333333333333,1,1,0,0,,EXECUTE
P_collaborative_prepare_i1,6.0,plan_generated,1,1,,7,0.06348090001847595,hold_and_refine,4.0,169.94828124999978,169.94828124999978,6.999999999999999,0.7226534151240722,5.9074736467581035,1.2391483752243062,0.4685954384191505,0.4541850790530956,0.0,0.0,0.0,0.0,0.0,0.0,0.16,0.16,0.22395974531974358,0.0,0.0,0.0,0.4166666666666665,0.2833333333333333,-0.04999999999999999,0.0,0.4666666666666665,0.2833333333333333,0.4666666666666665,0.2833333333333333,0.4166666666666665,0.2833333333333333,1,1,0,0,,EXECUTE
P_collaborative_prepare_i1,6.5,plan_generated,1,1,,7,0.04590109997661784,hold_and_refine,4.0,169.96643749999976,169.96643749999976,6.999999999999997,0.7376433439584185,5.933898168508404,1.2408676123451443,0.2652766265264717,0.2503155342793218,0.0,0.0,0.0,0.0,0.0,0.0,0.16,0.16,0.21489366228419876,0.0,0.0,0.0,0.36666666666666653,0.2833333333333333,-0.04999999999999999,0.0,0.4166666666666665,0.2833333333333333,0.4166666666666665,0.2833333333333333,0.36666666666666653,0.2833333333333333,1,1,0,0,,EXECUTE
P_collaborative_prepare_i2,0.0,plan_generated,1,1,,102,0.18797650001943111,new_joint_plan,2.0,161.0562499999998,161.0562499999998,5.0,0.0062500000002625455,7.671843749999991,1.375,-127.07034715465585,3.9240314557750997,0.0,0.0,0.0,0.0,0.0,0.0,0.16,0.16,0.5936371930361336,0.0,0.0,0.0,0.6666666666666666,0.2833333333333333,0.0,-0.04999999999999999,0.6666666666666666,0.3333333333333333,0.6666666666666666,0.3333333333333333,0.6666666666666666,0.2833333333333333,1,1,0,0,,PREPARE
P_collaborative_prepare_i2,0.5,plan_generated,1,1,,7,0.1701623999979347,hold_and_refine,2.0,161.0562499999998,161.0562499999998,5.0,0.0062500000002625455,7.671843749999991,1.375,-126.6010208055097,-0.531098111326438,0.0,0.0,0.0,0.0,0.0,0.0,0.16,0.16,0.6172775259199641,0.0,0.0,0.0,0.6666666666666666,0.2833333333333333,0.0,0.0,0.6666666666666666,0.2833333333333333,0.6666666666666666,0.2833333333333333,0.6666666666666666,0.2833333333333333,1,1,0,0,,PREPARE
P_collaborative_prepare_i2,1.0,plan_generated,1,1,,7,0.1465574000030756,hold_and_refine,2.0,161.0562499999998,161.0562499999998,5.0,0.0062500000002625455,7.033041411723912,1.375,-81.51364118040834,2.5812367141755037,0.0,0.0,0.0,0.0,0.0,0.0,0.16,0.16,0.6622162153585653,0.0,0.0,0.0,0.6666666666666666,0.23333333333333334,0.0,-0.04999999999999999,0.6666666666666666,0.2833333333333333,0.6666666666666666,0.2833333333333333,0.6666666666666666,0.23333333333333334,1,1,0,0,,PREPARE
P_collaborative_prepare_i2,1.5,plan_generated,1,1,,103,0.24415619997307658,new_joint_plan,2.5,168.1262812499998,168.1262812499998,5.5,0.22609512835661505,8.3156576283566,1.342310998687079,2.8161042784595987,2.5963756151470734,0.0,0.0,0.0,0.0,0.0,0.0,0.16,0.16,0.721958994508769,0.0,0.0,0.0,0.6166666666666666,0.3333333333333333,-0.050000000000000044,0.0,0.6666666666666666,0.3333333333333333,0.6666666666666666,0.3333333333333333,0.6166666666666666,0.3333333333333333,1,1,0,0,,PREPARE
P_collaborative_prepare_i2,2.0,plan_generated,1,1,,103,0.2128245999920182,new_joint_plan,2.5,161.87499999999991,161.87499999999991,5.5,0.045811037910989505,7.267404498709067,1.0,1.5689952314376385,2.427034064218112,0.0,0.0,0.0,0.0,0.0,0.0,0.16,0.16,0.7939331039631028,0.0,0.0,0.0,1.0,0.6166666666666666,0.0,-0.050000000000000044,1.0,0.6666666666666666,1.0,0.6666666666666666,1.0,0.6166666666666666,1,1,0,0,,PREPARE
P_collaborative_prepare_i2,2.5,plan_generated,1,1,,7,0.11665919999359176,hold_and_refine,2.5,161.87499999999991,161.87499999999991,5.5,0.002663918674809196,6.334877921870498,1.0,1.6759921219692038,1.954175981702913,0.0,0.0,0.0,0.0,0.0,0.0,0.16,0.16,0.715085040053143,0.0,0.0,0.0,1.0,0.5666666666666665,0.0,-0.050000000000000044,1.0,0.6166666666666666,1.0,0.6166666666666666,1.0,0.5666666666666665,1,1,0,0,,EXECUTE
P_collaborative_prepare_i2,3.0,plan_generated,1,1,,7,0.1055220999987796,hold_and_refine,2.5,162.3406562499999,162.3406562499999,5.5,0.9818192551654343,7.100537673933627,1.125,1.5979169061404428,1.1261833208843253,0.0,0.0,0.0,0.0,0.0,0.0,0.16,0.16,0.6163134052834258,0.0,0.0,0.0,0.95,0.5666666666666665,-0.050000000000000044,0.0,1.0,0.5666666666666665,1.0,0.5666666666666665,0.95,0.5666666666666665,1,1,0,0,,EXECUTE
P_collaborative_prepare_i2,3.5,plan_generated,1,1,,7,0.10450459999265149,hold_and_refine,2.5,162.63818749999996,162.63818749999996,5.5,2.165984832151323,7.731373519701731,1.2750000000000004,1.14759831123873,0.9747618773783531,0.0,0.0,0.0,0.0,0.0,0.0,0.16,0.16,0.5165104308140211,0.0,0.0,0.0,0.8999999999999999,0.5666666666666665,-0.050000000000000044,0.0,0.95,0.5666666666666665,0.95,0.5666666666666665,0.8999999999999999,0.5666666666666665,1,1,0,0,,EXECUTE
P_collaborative_prepare_i2,4.0,plan_generated,1,1,,7,0.07223659998271614,hold_and_refine,2.5,162.80509374999997,162.80509374999997,5.5,2.2010322543203493,7.931227140906924,1.4250000000000003,0.7581629633693592,0.7508110032181607,0.0,0.0,0.0,0.0,0.0,0.0,0.16,0.16,0.4287394086180242,0.0,0.0,0.0,0.8499999999999999,0.5666666666666665,-0.050000000000000044,0.0,0.8999999999999999,0.5666666666666665,0.8999999999999999,0.5666666666666665,0.8499999999999999,0.5666666666666665,1,1,0,0,,EXECUTE
P_collaborative_prepare_i2,4.5,plan_generated,1,1,,7,0.05938439996680245,hold_and_refine,2.5,162.80509374999997,162.80509374999997,5.499999999999999,2.2477657268322,7.93936625723033,1.4500000000000002,0.4807386525604058,0.5118565404765847,0.0,0.0,0.0,0.0,0.0,0.0,0.16,0.16,0.3584558589321104,0.0,0.0,0.0,0.8499999999999999,0.5166666666666665,0.0,-0.050000000000000044,0.8499999999999999,0.5666666666666665,0.8499999999999999,0.5666666666666665,0.8499999999999999,0.5166666666666665,1,1,0,0,,EXECUTE
P_collaborative_prepare_i2,5.0,plan_generated,1,1,,7,0.04804230004083365,hold_and_refine,2.5,162.82324999999994,162.82324999999994,5.499999999999997,2.266789010116419,8.057691309336729,1.5750000000000002,0.3166513797599044,0.23525160772470236,0.0,0.0,0.0,0.0,0.0,0.0,0.16,0.16,0.30550142653430135,0.0,0.0,0.0,0.7999999999999998,0.5166666666666665,-0.050000000000000044,0.0,0.8499999999999999,0.5166666666666665,0.8499999999999999,0.5166666666666665,0.7999999999999998,0.5166666666666665,1,1,0,0,,EXECUTE
P_short_window_none_i0,0.0,plan_generated,1,0,finite_search_no_valid_plan,96,0.08446809998713434,continue_bounded_preparation,,,,,-1.8906249999997424,4.2687500000003356,,,,0.0,0.0,0.0,0.0,0.0,0.0,,,,0.0,0.0,0.0,,,,,0.6666666666666666,0.6666666666666666,0.6666666666666666,0.6666666666666666,0.6666666666666666,0.6666666666666666,0,,0,0,,PREPARE
P_short_window_none_i0,0.5,plan_generated,1,0,finite_search_no_valid_plan,96,0.07504109997535124,continue_bounded_preparation,,,,,-0.7535081160001007,5.008298891305924,,,,0.0,0.0,0.0,0.0,0.0,0.0,,,,0.0,0.0,0.0,,,,,0.6666666666666666,0.6666666666666666,0.6666666666666666,0.6666666666666666,0.6666666666666666,0.6666666666666666,0,,0,0,,PREPARE
P_short_window_none_i0,1.0,plan_generated,1,0,finite_search_no_valid_plan,96,0.08034909999696538,continue_bounded_preparation,,,,,-0.6437499999995024,5.008298891305924,,,,0.0,0.0,0.0,0.0,0.0,0.0,,,,0.0,0.0,0.0,,,,,0.6666666666666666,0.6666666666666666,0.6666666666666666,0.6666666666666666,0.6666666666666666,0.6666666666666666,0,,0,0,,PREPARE
P_short_window_none_i0,1.5,plan_generated,1,0,finite_search_no_valid_plan,96,0.08069120004074648,continue_bounded_preparation,,,,,-0.2017821799186299,5.68437500000054,,,,0.0,0.0,0.0,0.0,0.0,0.0,,,,0.0,0.0,0.0,,,,,0.6666666666666666,0.6666666666666666,0.6666666666666666,0.6666666666666666,0.6666666666666666,0.6666666666666666,0,,0,0,,PREPARE
P_short_window_none_i0,2.0,plan_generated,1,0,finite_search_no_valid_plan,96,0.07465700001921505,continue_bounded_preparation,,,,,0.7831250000007044,6.721875000000591,,,,0.0,0.0,0.0,0.0,0.0,0.0,,,,0.0,0.0,0.0,,,,,0.6666666666666666,0.6666666666666666,0.6666666666666666,0.6666666666666666,0.6666666666666666,0.6666666666666666,0,,0,0,,PREPARE
P_short_window_none_i0,2.5,plan_generated,1,0,finite_search_no_valid_plan,96,0.08185240003513172,continue_bounded_preparation,,,,,1.9956250000006728,9.075000000000227,,,,0.0,0.0,0.0,0.0,0.0,0.0,,,,0.0,0.0,0.0,,,,,0.6666666666666666,0.6666666666666666,0.6666666666666666,0.6666666666666666,0.6666666666666666,0.6666666666666666,0,,0,0,,PREPARE
P_short_window_none_i0,3.0,plan_generated,1,0,finite_search_no_valid_plan,96,0.07635020004818216,continue_bounded_preparation,,,,,2.0870424938662113,8.666230499966883,,,,0.0,0.0,0.0,0.0,0.0,0.0,,,,0.0,0.0,0.0,,,,,0.6666666666666666,0.6666666666666666,0.6666666666666666,0.6666666666666666,0.6666666666666666,0.6666666666666666,0,,0,0,,PREPARE
P_short_window_none_i0,3.5,plan_generated,1,0,finite_search_no_valid_plan,96,0.08319019997725263,continue_bounded_preparation,,,,,1.6114040776888956,8.052790928257746,,,,0.0,0.0,0.0,0.0,0.0,0.0,,,,0.0,0.0,0.0,,,,,0.6666666666666666,0.6666666666666666,0.6666666666666666,0.6666666666666666,0.6666666666666666,0.6666666666666666,0,,0,0,,PREPARE
P_short_window_none_i0,4.0,plan_generated,1,0,finite_search_no_valid_plan,96,0.07744819996878505,continue_bounded_preparation,,,,,1.3952934765773604,7.293740559455114,,,,0.0,0.0,0.0,0.0,0.0,0.0,,,,0.0,0.0,0.0,,,,,0.6666666666666666,0.6666666666666666,0.6666666666666666,0.6666666666666666,0.6666666666666666,0.6666666666666666,0,,0,0,,PREPARE
P_short_window_none_i0,4.5,plan_generated,1,0,finite_search_no_valid_plan,96,0.0822193999774754,continue_bounded_preparation,,,,,0.8991913376653526,6.392580226910934,,,,0.0,0.0,0.0,0.0,0.0,0.0,,,,0.0,0.0,0.0,,,,,0.6666666666666666,0.6666666666666666,0.6666666666666666,0.6666666666666666,0.6666666666666666,0.6666666666666666,0,,0,0,,PREPARE
P_short_window_none_i0,5.0,plan_generated,1,0,finite_search_no_valid_plan,96,0.08738089998951182,continue_bounded_preparation,,,,,0.5065271621527518,5.598292632883255,,,,0.0,0.0,0.0,0.0,0.0,0.0,,,,0.0,0.0,0.0,,,,,0.6666666666666666,0.6666666666666666,0.6666666666666666,0.6666666666666666,0.6666666666666666,0.6666666666666666,0,,0,0,,PREPARE
P_short_window_none_i0,5.5,plan_generated,1,0,finite_search_no_valid_plan,96,0.09175790002336726,continue_bounded_preparation,,,,,0.20920978129942203,4.905118629631812,,,,0.0,0.0,0.0,0.0,0.0,0.0,,,,0.0,0.0,0.0,,,,,0.6666666666666666,0.6666666666666666,0.6666666666666666,0.6666666666666666,0.6666666666666666,0.6666666666666666,0,,0,0,,PREPARE
P_short_window_none_i1,0.0,plan_generated,1,0,finite_search_no_valid_plan,96,0.08709509996697307,continue_bounded_preparation,,,,,-3.7950000000000257,2.715884862531266,,,,0.0,0.0,0.0,0.0,0.0,0.0,,,,0.0,0.0,0.0,,,,,0.6666666666666666,0.6666666666666666,0.6666666666666666,0.6666666666666666,0.6666666666666666,0.6666666666666666,0,,0,0,,PREPARE
P_short_window_none_i1,0.5,plan_generated,1,0,finite_search_no_valid_plan,96,0.104230800003279,continue_bounded_preparation,,,,,-1.05812500000006,5.194513229497187,,,,0.0,0.0,0.0,0.0,0.0,0.0,,,,0.0,0.0,0.0,,,,,0.6666666666666666,0.6666666666666666,0.6666666666666666,0.6666666666666666,0.6666666666666666,0.6666666666666666,0,,0,0,,PREPARE
P_short_window_none_i1,1.0,plan_generated,1,0,finite_search_no_valid_plan,96,0.10256530001061037,continue_bounded_preparation,,,,,-0.8260952947863869,4.359591849835636,,,,0.0,0.0,0.0,0.0,0.0,0.0,,,,0.0,0.0,0.0,,,,,0.6666666666666666,0.6666666666666666,0.6666666666666666,0.6666666666666666,0.6666666666666666,0.6666666666666666,0,,0,0,,PREPARE
P_short_window_none_i1,1.5,plan_generated,1,0,finite_search_no_valid_plan,96,0.09223790001124144,continue_bounded_preparation,,,,,-0.81801889444947,3.6318550384463437,,,,0.0,0.0,0.0,0.0,0.0,0.0,,,,0.0,0.0,0.0,,,,,0.6666666666666666,0.6666666666666666,0.6666666666666666,0.6666666666666666,0.6666666666666666,0.6666666666666666,0,,0,0,,PREPARE
P_short_window_none_i1,2.0,plan_generated,1,0,finite_search_no_valid_plan,96,0.10979360004421324,continue_bounded_preparation,,,,,-0.4118615879062193,3.2937499999998012,,,,0.0,0.0,0.0,0.0,0.0,0.0,,,,0.0,0.0,0.0,,,,,0.6666666666666666,0.6666666666666666,0.6666666666666666,0.6666666666666666,0.6666666666666666,0.6666666666666666,0,,0,0,,PREPARE
P_short_window_none_i1,2.5,plan_generated,1,0,finite_search_no_valid_plan,96,0.0890646000043489,continue_bounded_preparation,,,,,-0.5657224172143134,3.059375000000199,,,,0.0,0.0,0.0,0.0,0.0,0.0,,,,0.0,0.0,0.0,,,,,0.6666666666666666,0.6666666666666666,0.6666666666666666,0.6666666666666666,0.6666666666666666,0.6666666666666666,0,,0,0,,PREPARE
P_short_window_none_i1,3.0,plan_generated,1,0,finite_search_no_valid_plan,96,0.08615619997726753,continue_bounded_preparation,,,,,-0.6738586196749954,3.3593749999998126,,,,0.0,0.0,0.0,0.0,0.0,0.0,,,,0.0,0.0,0.0,,,,,0.6666666666666666,0.6666666666666666,0.6666666666666666,0.6666666666666666,0.6666666666666666,0.6666666666666666,0,,0,0,,PREPARE
P_short_window_none_i1,3.5,plan_generated,1,0,finite_search_no_valid_plan,96,0.08190069999545813,continue_bounded_preparation,,,,,-0.7442735668235505,3.659375000000421,,,,0.0,0.0,0.0,0.0,0.0,0.0,,,,0.0,0.0,0.0,,,,,0.6666666666666666,0.6666666666666666,0.6666666666666666,0.6666666666666666,0.6666666666666666,0.6666666666666666,0,,0,0,,PREPARE
P_short_window_none_i1,4.0,plan_generated,1,0,finite_search_no_valid_plan,96,0.09763169998768717,continue_bounded_preparation,,,,,-0.7442735668235505,3.732951385625978,,,,0.0,0.0,0.0,0.0,0.0,0.0,,,,0.0,0.0,0.0,,,,,0.6666666666666666,0.6666666666666666,0.6666666666666666,0.6666666666666666,0.6666666666666666,0.6666666666666666,0,,0,0,,PREPARE
P_short_window_none_i1,4.5,plan_generated,1,0,finite_search_no_valid_plan,96,0.0984967999975197,continue_bounded_preparation,,,,,-0.4618750000004823,3.242897909675503,,,,0.0,0.0,0.0,0.0,0.0,0.0,,,,0.0,0.0,0.0,,,,,0.6666666666666666,0.6666666666666666,0.6666666666666666,0.6666666666666666,0.6666666666666666,0.6666666666666666,0,,0,0,,PREPARE
P_short_window_none_i1,5.0,plan_generated,1,0,finite_search_no_valid_plan,96,0.08667250000871718,continue_bounded_preparation,,,,,-0.5035260251128273,3.0299937921434266,,,,0.0,0.0,0.0,0.0,0.0,0.0,,,,0.0,0.0,0.0,,,,,0.6666666666666666,0.6666666666666666,0.6666666666666666,0.6666666666666666,0.6666666666666666,0.6666666666666666,0,,0,0,,PREPARE
P_short_window_none_i1,5.5,plan_generated,1,0,finite_search_no_valid_plan,96,0.07890570000745356,continue_bounded_preparation,,,,,-0.5224304113223122,3.00000000000004,,,,0.0,0.0,0.0,0.0,0.0,0.0,,,,0.0,0.0,0.0,,,,,0.6666666666666666,0.6666666666666666,0.6666666666666666,0.6666666666666666,0.6666666666666666,0.6666666666666666,0,,0,0,,PREPARE
P_short_window_none_i1,6.0,plan_generated,1,0,finite_search_no_valid_plan,96,0.09419670002534986,continue_bounded_preparation,,,,,-0.5404006380594204,3.3000000000000513,,,,0.0,0.0,0.0,0.0,0.0,0.0,,,,0.0,0.0,0.0,,,,,0.6666666666666666,0.6666666666666666,0.6666666666666666,0.6666666666666666,0.6666666666666666,0.6666666666666666,0,,0,0,,PREPARE
P_short_window_none_i1,6.5,plan_generated,1,0,finite_search_no_valid_plan,96,0.09647460002452135,continue_bounded_preparation,,,,,-0.3949999999999676,3.6000000000000343,,,,0.0,0.0,0.0,0.0,0.0,0.0,,,,0.0,0.0,0.0,,,,,0.6666666666666666,0.6666666666666666,0.6666666666666666,0.6666666666666666,0.6666666666666666,0.6666666666666666,0,,0,0,,PREPARE
P_short_window_none_i1,7.0,plan_generated,1,0,finite_search_no_valid_plan,96,0.08457420003833249,continue_bounded_preparation,,,,,-0.27064184871709607,3.393822738104018,,,,0.0,0.0,0.0,0.0,0.0,0.0,,,,0.0,0.0,0.0,,,,,0.6666666666666666,0.6666666666666666,0.6666666666666666,0.6666666666666666,0.6666666666666666,0.6666666666666666,0,,0,0,,PREPARE
P_short_window_none_i1,7.5,plan_generated,1,0,finite_search_no_valid_plan,96,0.08917350001865998,continue_bounded_preparation,,,,,-0.42695841431270143,2.9043973456762844,,,,0.0,0.0,0.0,0.0,0.0,0.0,,,,0.0,0.0,0.0,,,,,0.6666666666666666,0.6666666666666666,0.6666666666666666,0.6666666666666666,0.6666666666666666,0.6666666666666666,0,,0,0,,PREPARE
P_short_window_none_i2,0.0,plan_generated,1,0,finite_search_no_valid_plan,96,0.09931069996673614,continue_bounded_preparation,,,,,-2.3906249999997424,3.9256250000002213,,,,0.0,0.0,0.0,0.0,0.0,0.0,,,,0.0,0.0,0.0,,,,,0.6666666666666666,0.6666666666666666,0.6666666666666666,0.6666666666666666,0.6666666666666666,0.6666666666666666,0,,0,0,,PREPARE
P_short_window_none_i2,0.5,plan_generated,1,0,finite_search_no_valid_plan,96,0.10487520002061501,continue_bounded_preparation,,,,,-0.5059275329696673,4.617248229319114,,,,0.0,0.0,0.0,0.0,0.0,0.0,,,,0.0,0.0,0.0,,,,,0.6666666666666666,0.6666666666666666,0.6666666666666666,0.6666666666666666,0.6666666666666666,0.6666666666666666,0,,0,0,,PREPARE
P_short_window_none_i2,1.0,plan_generated,1,0,finite_search_no_valid_plan,96,0.10345589998178184,continue_bounded_preparation,,,,,-0.5362527959405461,4.617248229319114,,,,0.0,0.0,0.0,0.0,0.0,0.0,,,,0.0,0.0,0.0,,,,,0.6666666666666666,0.6666666666666666,0.6666666666666666,0.6666666666666666,0.6666666666666666,0.6666666666666666,0,,0,0,,PREPARE
P_short_window_none_i2,1.5,plan_generated,1,0,finite_search_no_valid_plan,96,0.09855029999744147,continue_bounded_preparation,,,,,-0.17779734853164753,5.5617976203399,,,,0.0,0.0,0.0,0.0,0.0,0.0,,,,0.0,0.0,0.0,,,,,0.6666666666666666,0.6666666666666666,0.6666666666666666,0.6666666666666666,0.6666666666666666,0.6666666666666666,0,,0,0,,PREPARE
P_short_window_none_i2,2.0,plan_generated,1,0,finite_search_no_valid_plan,96,0.10966100002406165,continue_bounded_preparation,,,,,0.6715933709307871,7.559375000000682,,,,0.0,0.0,0.0,0.0,0.0,0.0,,,,0.0,0.0,0.0,,,,,0.6666666666666666,0.6666666666666666,0.6666666666666666,0.6666666666666666,0.6666666666666666,0.6666666666666666,0,,0,0,,PREPARE
P_short_window_none_i2,2.5,plan_generated,1,0,finite_search_no_valid_plan,96,0.10207729996182024,continue_bounded_preparation,,,,,1.742456031439695,8.596875000000647,,,,0.0,0.0,0.0,0.0,0.0,0.0,,,,0.0,0.0,0.0,,,,,0.6666666666666666,0.6666666666666666,0.6666666666666666,0.6666666666666666,0.6666666666666666,0.6666666666666666,0,,0,0,,PREPARE
P_short_window_none_i2,3.0,plan_generated,1,0,finite_search_no_valid_plan,96,0.09707099996739998,continue_bounded_preparation,,,,,1.700000000000645,8.187296465677274,,,,0.0,0.0,0.0,0.0,0.0,0.0,,,,0.0,0.0,0.0,,,,,0.6666666666666666,0.6666666666666666,0.6666666666666666,0.6666666666666666,0.6666666666666666,0.6666666666666666,0,,0,0,,PREPARE
P_short_window_none_i2,3.5,plan_generated,1,0,finite_search_no_valid_plan,96,0.11561139998957515,continue_bounded_preparation,,,,,1.3848118202797073,7.605780985985047,,,,0.0,0.0,0.0,0.0,0.0,0.0,,,,0.0,0.0,0.0,,,,,0.6666666666666666,0.6666666666666666,0.6666666666666666,0.6666666666666666,0.6666666666666666,0.6666666666666666,0,,0,0,,PREPARE
P_short_window_none_i2,4.0,plan_generated,1,0,finite_search_no_valid_plan,96,0.10919409996131435,continue_bounded_preparation,,,,,1.08125000000061,6.8712591172887985,,,,0.0,0.0,0.0,0.0,0.0,0.0,,,,0.0,0.0,0.0,,,,,0.6666666666666666,0.6666666666666666,0.6666666666666666,0.6666666666666666,0.6666666666666666,0.6666666666666666,0,,0,0,,PREPARE
P_short_window_none_i2,4.5,plan_generated,1,0,finite_search_no_valid_plan,96,0.11826959997415543,continue_bounded_preparation,,,,,0.7285320718732047,5.999556400397876,,,,0.0,0.0,0.0,0.0,0.0,0.0,,,,0.0,0.0,0.0,,,,,0.6666666666666666,0.6666666666666666,0.6666666666666666,0.6666666666666666,0.6666666666666666,0.6666666666666666,0,,0,0,,PREPARE
P_short_window_none_i2,5.0,plan_generated,1,0,finite_search_no_valid_plan,96,0.12441540003055707,continue_bounded_preparation,,,,,0.36845006802988056,5.235962405715424,,,,0.0,0.0,0.0,0.0,0.0,0.0,,,,0.0,0.0,0.0,,,,,0.6666666666666666,0.6666666666666666,0.6666666666666666,0.6666666666666666,0.6666666666666666,0.6666666666666666,0,,0,0,,PREPARE
P_short_window_none_i2,5.5,plan_generated,1,0,finite_search_no_valid_plan,96,0.11520440003369004,continue_bounded_preparation,,,,,0.10422104488359807,4.575266708780828,,,,0.0,0.0,0.0,0.0,0.0,0.0,,,,0.0,0.0,0.0,,,,,0.6666666666666666,0.6666666666666666,0.6666666666666666,0.6666666666666666,0.6666666666666666,0.6666666666666666,0,,0,0,,PREPARE
P_short_window_prepare_i0,0.0,plan_generated,1,0,finite_search_no_valid_plan,96,0.1014761000405997,continue_bounded_preparation,,,,,-1.8906249999997424,4.2687500000003356,,,,0.0,0.0,0.0,0.0,0.0,0.0,,,,0.0,0.0,0.0,,,,,0.6666666666666666,0.6666666666666666,0.6666666666666666,0.6666666666666666,0.6666666666666666,0.6666666666666666,0,,0,0,,PREPARE
P_short_window_prepare_i0,0.5,plan_generated,1,0,finite_search_no_valid_plan,96,0.10064100002637133,continue_bounded_preparation,,,,,-0.7535081160001007,5.008298891305924,,,,0.0,0.0,0.0,0.0,0.0,0.0,,,,0.0,0.0,0.0,,,,,0.6666666666666666,0.6666666666666666,0.6666666666666666,0.6666666666666666,0.6666666666666666,0.6666666666666666,0,,0,0,,PREPARE
P_short_window_prepare_i0,1.0,plan_generated,1,0,finite_search_no_valid_plan,96,0.1006753999972716,continue_bounded_preparation,,,,,-0.6437499999995024,5.008298891305924,,,,0.0,0.0,0.0,0.0,0.0,0.0,,,,0.0,0.0,0.0,,,,,0.6666666666666666,0.6666666666666666,0.6666666666666666,0.6666666666666666,0.6666666666666666,0.6666666666666666,0,,0,0,,PREPARE
P_short_window_prepare_i0,1.5,plan_generated,1,0,finite_search_no_valid_plan,96,0.11373040004400536,continue_bounded_preparation,,,,,-0.2017821799186299,5.486582920697043,,,,0.0,0.0,0.0,0.0,0.0,0.0,,,,0.0,0.0,0.0,,,,,0.6666666666666666,0.6666666666666666,0.6666666666666666,0.6666666666666666,0.6666666666666666,0.6666666666666666,0,,0,0,,PREPARE
P_short_window_prepare_i0,2.0,plan_generated,1,0,finite_search_no_valid_plan,96,0.1046409000409767,continue_bounded_preparation,,,,,0.26343750000014854,6.3629964100422685,,,,0.0,0.0,0.0,0.0,0.0,0.0,,,,0.0,0.0,0.0,,,,,0.6666666666666666,0.6666666666666666,0.6666666666666666,0.6666666666666666,0.6666666666666666,0.6666666666666666,0,,0,0,,PREPARE
P_short_window_prepare_i0,2.5,plan_generated,1,0,finite_search_no_valid_plan,96,0.10007069999119267,continue_bounded_preparation,,,,,0.7393598121795675,7.62034310235718,,,,0.0,0.0,0.0,0.0,0.0,0.0,,,,0.0,0.0,0.0,,,,,0.6666666666666666,0.6666666666666666,0.6666666666666666,0.6666666666666666,0.6666666666666666,0.6666666666666666,0,,0,0,,PREPARE
P_short_window_prepare_i0,3.0,plan_generated,1,0,finite_search_no_valid_plan,96,0.08957640000153333,continue_bounded_preparation,,,,,1.9117569102925218,8.462787868092743,,,,0.0,0.0,0.0,0.0,0.0,0.0,,,,0.0,0.0,0.0,,,,,0.6666666666666666,0.6666666666666666,0.6666666666666666,0.6666666666666666,0.6666666666666666,0.6666666666666666,0,,0,0,,PREPARE
P_short_window_prepare_i0,3.5,plan_generated,1,0,finite_search_no_valid_plan,96,0.10168289998546243,continue_bounded_preparation,,,,,1.6114040776888992,7.830723359237948,,,,0.0,0.0,0.0,0.0,0.0,0.0,,,,0.0,0.0,0.0,,,,,0.6666666666666666,0.6666666666666666,0.6666666666666666,0.6666666666666666,0.6666666666666666,0.6666666666666666,0,,0,0,,PREPARE
P_short_window_prepare_i0,4.0,plan_generated,1,0,finite_search_no_valid_plan,96,0.09163540002191439,continue_bounded_preparation,,,,,1.2229334787036121,7.224243782558472,,,,0.0,0.0,0.0,0.0,0.0,0.0,,,,0.0,0.0,0.0,,,,,0.6666666666666666,0.6666666666666666,0.6666666666666666,0.6666666666666666,0.6666666666666666,0.6666666666666666,0,,0,0,,PREPARE
P_short_window_prepare_i0,4.5,plan_generated,1,0,finite_search_no_valid_plan,96,0.0895100999623537,continue_bounded_preparation,,,,,0.8991913376653535,6.392580226910934,,,,0.0,0.0,0.0,0.0,0.0,0.0,,,,0.0,0.0,0.0,,,,,0.6666666666666666,0.6666666666666666,0.6666666666666666,0.6666666666666666,0.6666666666666666,0.6666666666666666,0,,0,0,,PREPARE
P_short_window_prepare_i0,5.0,plan_generated,1,0,finite_search_no_valid_plan,96,0.08662399998866022,continue_bounded_preparation,,,,,0.5065271621527518,5.598292632883255,,,,0.0,0.0,0.0,0.0,0.0,0.0,,,,0.0,0.0,0.0,,,,,0.6666666666666666,0.6666666666666666,0.6666666666666666,0.6666666666666666,0.6666666666666666,0.6666666666666666,0,,0,0,,PREPARE
P_short_window_prepare_i0,5.5,plan_generated,1,0,finite_search_no_valid_plan,96,0.08128419995773584,continue_bounded_preparation,,,,,0.20920978129942203,4.905118629631812,,,,0.0,0.0,0.0,0.0,0.0,0.0,,,,0.0,0.0,0.0,,,,,0.6666666666666666,0.6666666666666666,0.6666666666666666,0.6666666666666666,0.6666666666666666,0.6666666666666666,0,,0,0,,PREPARE
P_short_window_prepare_i1,0.0,plan_generated,1,0,finite_search_no_valid_plan,96,0.07734449999406934,continue_bounded_preparation,,,,,-3.7950000000000257,2.715884862531266,,,,0.0,0.0,0.0,0.0,0.0,0.0,,,,0.0,0.0,0.0,,,,,0.6666666666666666,0.6666666666666666,0.6666666666666666,0.6666666666666666,0.6666666666666666,0.6666666666666666,0,,0,0,,PREPARE
P_short_window_prepare_i1,0.5,plan_generated,1,0,finite_search_no_valid_plan,96,0.08719180000480264,continue_bounded_preparation,,,,,-1.05812500000006,5.194513229497187,,,,0.0,0.0,0.0,0.0,0.0,0.0,,,,0.0,0.0,0.0,,,,,0.6666666666666666,0.6666666666666666,0.6666666666666666,0.6666666666666666,0.6666666666666666,0.6666666666666666,0,,0,0,,PREPARE
P_short_window_prepare_i1,1.0,plan_generated,1,0,finite_search_no_valid_plan,96,0.08640570001443848,continue_bounded_preparation,,,,,-0.8260952947863869,4.359591849835636,,,,0.0,0.0,0.0,0.0,0.0,0.0,,,,0.0,0.0,0.0,,,,,0.6666666666666666,0.6666666666666666,0.6666666666666666,0.6666666666666666,0.6666666666666666,0.6666666666666666,0,,0,0,,PREPARE
P_short_window_prepare_i1,1.5,plan_generated,1,0,finite_search_no_valid_plan,96,0.08296329999575391,continue_bounded_preparation,,,,,-0.81801889444947,3.6318550384463437,,,,0.0,0.0,0.0,0.0,0.0,0.0,,,,0.0,0.0,0.0,,,,,0.6666666666666666,0.6666666666666666,0.6666666666666666,0.6666666666666666,0.6666666666666666,0.6666666666666666,0,,0,0,,PREPARE
P_short_window_prepare_i1,2.0,plan_generated,1,0,finite_search_no_valid_plan,96,0.08717299997806549,continue_bounded_preparation,,,,,-0.4118615879062193,3.2937499999998012,,,,0.0,0.0,0.0,0.0,0.0,0.0,,,,0.0,0.0,0.0,,,,,0.6666666666666666,0.6666666666666666,0.6666666666666666,0.6666666666666666,0.6666666666666666,0.6666666666666666,0,,0,0,,PREPARE
P_short_window_prepare_i1,2.5,plan_generated,1,0,finite_search_no_valid_plan,96,0.08018549997359514,continue_bounded_preparation,,,,,-0.5657224172143134,3.059375000000199,,,,0.0,0.0,0.0,0.0,0.0,0.0,,,,0.0,0.0,0.0,,,,,0.6666666666666666,0.6666666666666666,0.6666666666666666,0.6666666666666666,0.6666666666666666,0.6666666666666666,0,,0,0,,PREPARE
P_short_window_prepare_i1,3.0,plan_generated,1,0,finite_search_no_valid_plan,96,0.09803310001734644,continue_bounded_preparation,,,,,-0.6738586196749954,3.3593749999998126,,,,0.0,0.0,0.0,0.0,0.0,0.0,,,,0.0,0.0,0.0,,,,,0.6666666666666666,0.6666666666666666,0.6666666666666666,0.6666666666666666,0.6666666666666666,0.6666666666666666,0,,0,0,,PREPARE
P_short_window_prepare_i1,3.5,plan_generated,1,0,finite_search_no_valid_plan,96,0.08788550004828721,continue_bounded_preparation,,,,,-0.7442735668235505,3.659375000000421,,,,0.0,0.0,0.0,0.0,0.0,0.0,,,,0.0,0.0,0.0,,,,,0.6666666666666666,0.6666666666666666,0.6666666666666666,0.6666666666666666,0.6666666666666666,0.6666666666666666,0,,0,0,,PREPARE
P_short_window_prepare_i1,4.0,plan_generated,1,0,finite_search_no_valid_plan,96,0.10095670004375279,continue_bounded_preparation,,,,,-0.7442735668235505,3.732951385625978,,,,0.0,0.0,0.0,0.0,0.0,0.0,,,,0.0,0.0,0.0,,,,,0.6666666666666666,0.6666666666666666,0.6666666666666666,0.6666666666666666,0.6666666666666666,0.6666666666666666,0,,0,0,,PREPARE
P_short_window_prepare_i1,4.5,plan_generated,1,0,finite_search_no_valid_plan,96,0.09220899996580556,continue_bounded_preparation,,,,,-0.4618750000004823,3.242897909675503,,,,0.0,0.0,0.0,0.0,0.0,0.0,,,,0.0,0.0,0.0,,,,,0.6666666666666666,0.6666666666666666,0.6666666666666666,0.6666666666666666,0.6666666666666666,0.6666666666666666,0,,0,0,,PREPARE
P_short_window_prepare_i1,5.0,plan_generated,1,0,finite_search_no_valid_plan,96,0.08015300001716241,continue_bounded_preparation,,,,,-0.5035260251128273,3.0299937921434266,,,,0.0,0.0,0.0,0.0,0.0,0.0,,,,0.0,0.0,0.0,,,,,0.6666666666666666,0.6666666666666666,0.6666666666666666,0.6666666666666666,0.6666666666666666,0.6666666666666666,0,,0,0,,PREPARE
P_short_window_prepare_i1,5.5,plan_generated,1,0,finite_search_no_valid_plan,96,0.09256830002414063,continue_bounded_preparation,,,,,-0.5224304113223122,3.00000000000004,,,,0.0,0.0,0.0,0.0,0.0,0.0,,,,0.0,0.0,0.0,,,,,0.6666666666666666,0.6666666666666666,0.6666666666666666,0.6666666666666666,0.6666666666666666,0.6666666666666666,0,,0,0,,PREPARE
P_short_window_prepare_i1,6.0,plan_generated,1,0,finite_search_no_valid_plan,96,0.10416729998541996,continue_bounded_preparation,,,,,-0.5404006380594204,3.3000000000000513,,,,0.0,0.0,0.0,0.0,0.0,0.0,,,,0.0,0.0,0.0,,,,,0.6666666666666666,0.6666666666666666,0.6666666666666666,0.6666666666666666,0.6666666666666666,0.6666666666666666,0,,0,0,,PREPARE
P_short_window_prepare_i1,6.5,plan_generated,1,0,finite_search_no_valid_plan,96,0.0915151999797672,continue_bounded_preparation,,,,,-0.3949999999999676,3.6000000000000343,,,,0.0,0.0,0.0,0.0,0.0,0.0,,,,0.0,0.0,0.0,,,,,0.6666666666666666,0.6666666666666666,0.6666666666666666,0.6666666666666666,0.6666666666666666,0.6666666666666666,0,,0,0,,PREPARE
P_short_window_prepare_i1,7.0,plan_generated,1,0,finite_search_no_valid_plan,96,0.08678000001236796,continue_bounded_preparation,,,,,-0.27064184871709607,3.393822738104018,,,,0.0,0.0,0.0,0.0,0.0,0.0,,,,0.0,0.0,0.0,,,,,0.6666666666666666,0.6666666666666666,0.6666666666666666,0.6666666666666666,0.6666666666666666,0.6666666666666666,0,,0,0,,PREPARE
P_short_window_prepare_i1,7.5,plan_generated,1,0,finite_search_no_valid_plan,96,0.09059919998981059,continue_bounded_preparation,,,,,-0.42695841431270143,2.9043973456762844,,,,0.0,0.0,0.0,0.0,0.0,0.0,,,,0.0,0.0,0.0,,,,,0.6666666666666666,0.6666666666666666,0.6666666666666666,0.6666666666666666,0.6666666666666666,0.6666666666666666,0,,0,0,,PREPARE
P_short_window_prepare_i2,0.0,plan_generated,1,0,finite_search_no_valid_plan,96,0.08530199999222532,continue_bounded_preparation,,,,,-2.3906249999997424,3.9256250000002213,,,,0.0,0.0,0.0,0.0,0.0,0.0,,,,0.0,0.0,0.0,,,,,0.6666666666666666,0.6666666666666666,0.6666666666666666,0.6666666666666666,0.6666666666666666,0.6666666666666666,0,,0,0,,PREPARE
P_short_window_prepare_i2,0.5,plan_generated,1,0,finite_search_no_valid_plan,96,0.08742110000457615,continue_bounded_preparation,,,,,-0.5059275329696673,4.617248229319114,,,,0.0,0.0,0.0,0.0,0.0,0.0,,,,0.0,0.0,0.0,,,,,0.6666666666666666,0.6666666666666666,0.6666666666666666,0.6666666666666666,0.6666666666666666,0.6666666666666666,0,,0,0,,PREPARE
P_short_window_prepare_i2,1.0,plan_generated,1,0,finite_search_no_valid_plan,96,0.08036969997920096,continue_bounded_preparation,,,,,-0.5362527959405461,4.617248229319114,,,,0.0,0.0,0.0,0.0,0.0,0.0,,,,0.0,0.0,0.0,,,,,0.6666666666666666,0.6666666666666666,0.6666666666666666,0.6666666666666666,0.6666666666666666,0.6666666666666666,0,,0,0,,PREPARE
P_short_window_prepare_i2,1.5,plan_generated,1,0,finite_search_no_valid_plan,96,0.08341640001162887,continue_bounded_preparation,,,,,-0.17779734853164753,5.5617976203399,,,,0.0,0.0,0.0,0.0,0.0,0.0,,,,0.0,0.0,0.0,,,,,0.6666666666666666,0.6666666666666666,0.6666666666666666,0.6666666666666666,0.6666666666666666,0.6666666666666666,0,,0,0,,PREPARE
P_short_window_prepare_i2,2.0,plan_generated,1,0,finite_search_no_valid_plan,96,0.08926129998872057,continue_bounded_preparation,,,,,0.2914416597773357,6.4870008232576994,,,,0.0,0.0,0.0,0.0,0.0,0.0,,,,0.0,0.0,0.0,,,,,0.6666666666666666,0.6666666666666666,0.6666666666666666,0.6666666666666666,0.6666666666666666,0.6666666666666666,0,,0,0,,PREPARE
P_short_window_prepare_i2,2.5,plan_generated,1,0,finite_search_no_valid_plan,96,0.1121739000082016,continue_bounded_preparation,,,,,1.742456025632391,8.258782059029567,,,,0.0,0.0,0.0,0.0,0.0,0.0,,,,0.0,0.0,0.0,,,,,0.6666666666666666,0.6666666666666666,0.6666666666666666,0.6666666666666666,0.6666666666666666,0.6666666666666666,0,,0,0,,PREPARE
P_short_window_prepare_i2,3.0,plan_generated,1,0,finite_search_no_valid_plan,96,0.08143550000386313,continue_bounded_preparation,,,,,1.6484786539293816,7.986481643292092,,,,0.0,0.0,0.0,0.0,0.0,0.0,,,,0.0,0.0,0.0,,,,,0.6666666666666666,0.6666666666666666,0.6666666666666666,0.6666666666666666,0.6666666666666666,0.6666666666666666,0,,0,0,,PREPARE
P_short_window_prepare_i2,3.5,plan_generated,1,0,finite_search_no_valid_plan,96,0.09081810002680868,continue_bounded_preparation,,,,,1.38481182027971,7.387789666616453,,,,0.0,0.0,0.0,0.0,0.0,0.0,,,,0.0,0.0,0.0,,,,,0.6666666666666666,0.6666666666666666,0.6666666666666666,0.6666666666666666,0.6666666666666666,0.6666666666666666,0,,0,0,,PREPARE
P_short_window_prepare_i2,4.0,plan_generated,1,0,finite_search_no_valid_plan,96,0.09378120000474155,continue_bounded_preparation,,,,,1.0278033065331753,6.7242437825585,,,,0.0,0.0,0.0,0.0,0.0,0.0,,,,0.0,0.0,0.0,,,,,0.6666666666666666,0.6666666666666666,0.6666666666666666,0.6666666666666666,0.6666666666666666,0.6666666666666666,0,,0,0,,PREPARE
P_short_window_prepare_i2,4.5,plan_generated,1,0,finite_search_no_valid_plan,96,0.0764181999838911,continue_bounded_preparation,,,,,0.7285320718732047,5.999556400397876,,,,0.0,0.0,0.0,0.0,0.0,0.0,,,,0.0,0.0,0.0,,,,,0.6666666666666666,0.6666666666666666,0.6666666666666666,0.6666666666666666,0.6666666666666666,0.6666666666666666,0,,0,0,,PREPARE
P_short_window_prepare_i2,5.0,plan_generated,1,0,finite_search_no_valid_plan,96,0.08753690001321957,continue_bounded_preparation,,,,,0.36845006802988056,5.235962405715424,,,,0.0,0.0,0.0,0.0,0.0,0.0,,,,0.0,0.0,0.0,,,,,0.6666666666666666,0.6666666666666666,0.6666666666666666,0.6666666666666666,0.6666666666666666,0.6666666666666666,0,,0,0,,PREPARE
P_short_window_prepare_i2,5.5,plan_generated,1,0,finite_search_no_valid_plan,96,0.08293309999862686,continue_bounded_preparation,,,,,0.10422104488359807,4.575266708780828,,,,0.0,0.0,0.0,0.0,0.0,0.0,,,,0.0,0.0,0.0,,,,,0.6666666666666666,0.6666666666666666,0.6666666666666666,0.6666666666666666,0.6666666666666666,0.6666666666666666,0,,0,0,,PREPARE
S1_ample_none_i1,0.0,plan_generated,1,1,,102,0.21613700001034886,new_joint_plan,2.5,168.46562499999982,168.46562499999982,5.5,1.2923529617517016,6.283467563795267,1.375,-1.5368073171735923,4.921245778437342,0.0,0.0,0.0,0.0,0.0,0.0,0.16,0.16,0.4716269602267917,0.0,0.0,0.0,0.3333333333333333,0.6666666666666666,0.0,0.0,0.3333333333333333,0.6666666666666666,0.3333333333333333,0.6666666666666666,0.3333333333333333,0.6666666666666666,1,1,0,0,,PREPARE
S1_ample_none_i1,0.5,plan_generated,1,1,,7,0.181951200007461,hold_and_refine,2.5,168.46562499999982,168.46562499999982,5.5,1.2923529617517016,6.283467563795267,1.375,0.39845913259757737,4.921245778437342,0.0,0.0,0.0,0.0,0.0,0.0,0.16,0.16,0.46080314900439656,0.0,0.0,0.0,0.3333333333333333,0.6666666666666666,0.0,0.0,0.3333333333333333,0.6666666666666666,0.3333333333333333,0.6666666666666666,0.3333333333333333,0.6666666666666666,1,1,0,0,,PREPARE
S1_ample_none_i1,1.0,plan_generated,1,1,,7,0.1748370000277646,hold_and_refine,2.5,168.46562499999982,168.46562499999982,5.5,1.2923529617517016,6.283467563795267,1.375,2.314028754706437,4.541099148460348,0.0,0.0,0.0,0.0,0.0,0.0,0.16,0.16,0.4380176918371551,0.0,0.0,0.0,0.3333333333333333,0.6666666666666666,0.0,0.0,0.3333333333333333,0.6666666666666666,0.3333333333333333,0.6666666666666666,0.3333333333333333,0.6666666666666666,1,1,0,0,,PREPARE
S1_ample_none_i1,1.5,plan_generated,1,1,,7,0.15487329999450594,hold_and_refine,2.5,168.46562499999982,168.46562499999982,5.5,1.2923529617517016,6.283467563795267,1.375,1.9921036821876652,3.773450694870003,0.0,0.0,0.0,0.0,0.0,0.0,0.16,0.16,0.40713665710553076,0.0,0.0,0.0,0.3333333333333333,0.6666666666666666,0.0,0.0,0.3333333333333333,0.6666666666666666,0.3333333333333333,0.6666666666666666,0.3333333333333333,0.6666666666666666,1,1,0,0,,PREPARE
S1_ample_none_i1,2.0,plan_generated,1,1,,7,0.14012039999943227,hold_and_refine,2.5,168.46562499999982,168.46562499999982,5.5,1.2923529617517016,6.283467563795267,1.375,1.669484944072686,3.0748628034845744,0.0,0.0,0.0,0.0,0.0,0.0,0.16,0.16,0.37201318437640885,0.0,0.0,0.0,0.3333333333333333,0.6666666666666666,0.0,0.0,0.3333333333333333,0.6666666666666666,0.3333333333333333,0.6666666666666666,0.3333333333333333,0.6666666666666666,1,1,0,0,,PREPARE
S1_ample_none_i1,2.5,plan_generated,1,1,,7,0.1591900999774225,hold_and_refine,2.5,168.46562499999982,168.46562499999982,5.5,1.2923529617517016,6.283467563795267,1.375,1.3459227676939192,2.4466013541860687,0.0,0.0,0.0,0.0,0.0,0.0,0.16,0.16,0.3361571054652437,0.0,0.0,0.0,0.3333333333333333,0.6666666666666666,0.0,0.0,0.3333333333333333,0.6666666666666666,0.3333333333333333,0.6666666666666666,0.3333333333333333,0.6666666666666666,1,1,0,0,,EXECUTE
S1_ample_none_i1,3.0,plan_generated,1,1,,7,0.11176120000891387,hold_and_refine,2.5,168.46562499999982,168.46562499999982,5.5,1.2923529617517016,6.283467563795267,1.375,1.0431986295278908,1.8891335222312726,0.0,0.0,0.0,0.0,0.0,0.0,0.16,0.16,0.30265489836811826,0.0,0.0,0.0,0.3333333333333333,0.6666666666666666,0.0,0.0,0.3333333333333333,0.6666666666666666,0.3333333333333333,0.6666666666666666,0.3333333333333333,0.6666666666666666,1,1,0,0,,EXECUTE
S1_ample_none_i1,3.5,plan_generated,1,1,,7,0.13036200002534315,hold_and_refine,2.5,168.46562499999982,168.46562499999982,5.5,1.2923529617517016,6.283467563795267,1.375,0.7779690052546864,1.402826799542488,0.0,0.0,0.0,0.0,0.0,0.0,0.16,0.16,0.27368466179338485,0.0,0.0,0.0,0.3333333333333333,0.6666666666666666,0.0,0.0,0.3333333333333333,0.6666666666666666,0.3333333333333333,0.6666666666666666,0.3333333333333333,0.6666666666666666,1,1,0,0,,EXECUTE
S1_ample_none_i1,4.0,plan_generated,1,1,,7,0.09374530002241954,hold_and_refine,2.5,168.46562499999982,168.46562499999982,5.5,1.2923529617517016,6.283467563795267,1.375,0.5502341198152162,0.9879456602089967,0.0,0.0,0.0,0.0,0.0,0.0,0.16,0.16,0.2503386125316437,0.0,0.0,0.0,0.3333333333333333,0.6666666666666666,0.0,0.0,0.3333333333333333,0.6666666666666666,0.3333333333333333,0.6666666666666666,0.3333333333333333,0.6666666666666666,1,1,0,0,,EXECUTE
S1_ample_none_i1,4.5,plan_generated,1,1,,7,0.08015029999660328,hold_and_refine,2.5,168.46562499999982,168.46562499999982,5.499999999999999,1.2923529617517016,6.283467563795267,1.375,0.3599941974664889,0.6446668785283677,0.0,0.0,0.0,0.0,0.0,0.0,0.16,0.16,0.23272405078560712,0.0,0.0,0.0,0.3333333333333333,0.6666666666666666,0.0,0.0,0.3333333333333333,0.6666666666666666,0.3333333333333333,0.6666666666666666,0.3333333333333333,0.6666666666666666,1,1,0,0,,EXECUTE
S1_ample_none_i1,5.0,plan_generated,1,1,,7,0.061693099967669696,hold_and_refine,2.5,168.46562499999982,168.46562499999982,5.499999999999997,1.2923529617517016,6.283467563795267,1.375,0.20724946183535048,0.37312577513221445,0.0,0.0,0.0,0.0,0.0,0.0,0.16,0.16,0.22024041676871722,0.0,0.0,0.0,0.3333333333333333,0.6666666666666666,0.0,0.0,0.3333333333333333,0.6666666666666666,0.3333333333333333,0.6666666666666666,0.3333333333333333,0.6666666666666666,1,1,0,0,,EXECUTE
S1_ample_none_i2,0.0,plan_generated,1,1,,102,0.23786359996302053,new_joint_plan,1.5,162.6406249999999,162.6406249999999,4.5,0.973749999999983,8.599999999999977,1.4411321272621027,0.8675530047083726,3.531927840569847,0.0,0.0,0.0,0.0,0.0,0.0,0.16,0.16,0.5783916064388326,0.0,0.0,0.0,0.3333333333333333,0.3333333333333333,0.0,0.0,0.3333333333333333,0.3333333333333333,0.3333333333333333,0.3333333333333333,0.3333333333333333,0.3333333333333333,1,1,0,0,,PREPARE
S1_ample_none_i2,0.5,plan_generated,1,1,,7,0.17171600001165643,hold_and_refine,1.5,162.6406249999999,162.6406249999999,4.5,0.973749999999983,8.599999999999977,1.4411321272621027,0.8510188331500437,3.352463750764195,0.0,0.0,0.0,0.0,0.0,0.0,0.16,0.16,0.5493241470948693,0.0,0.0,0.0,0.3333333333333333,0.3333333333333333,0.0,0.0,0.3333333333333333,0.3333333333333333,0.3333333333333333,0.3333333333333333,0.3333333333333333,0.3333333333333333,1,1,0,0,,PREPARE
S1_ample_none_i2,1.0,plan_generated,1,1,,7,0.15490680001676083,hold_and_refine,1.5,162.6406249999999,162.6406249999999,4.5,0.973749999999983,8.599999999999977,1.4411321272621027,0.769248161819305,2.7182160070239485,0.0,0.0,0.0,0.0,0.0,0.0,0.16,0.16,0.5136907118451307,0.0,0.0,0.0,0.3333333333333333,0.3333333333333333,0.0,0.0,0.3333333333333333,0.3333333333333333,0.3333333333333333,0.3333333333333333,0.3333333333333333,0.3333333333333333,1,1,0,0,,PREPARE
S1_ample_none_i2,1.5,plan_generated,1,1,,7,0.13245900004403666,hold_and_refine,1.5,162.6406249999999,162.6406249999999,4.5,0.973749999999983,8.599999999999977,1.4411321272621027,0.6826492774179217,2.148878852637757,0.0,0.0,0.0,0.0,0.0,0.0,0.16,0.16,0.4760801589964328,0.0,0.0,0.0,0.3333333333333333,0.3333333333333333,0.0,0.0,0.3333333333333333,0.3333333333333333,0.3333333333333333,0.3333333333333333,0.3333333333333333,0.3333333333333333,1,1,0,0,,EXECUTE
S1_ample_none_i2,2.0,plan_generated,1,1,,7,0.10759779997169971,hold_and_refine,1.5,162.6406249999999,162.6406249999999,4.5,3.448750000000011,10.900000000000002,1.4411321272621027,0.5857920277524765,1.6452894337780193,0.0,0.0,0.0,0.0,0.0,0.0,0.16,0.16,0.43772953673998755,0.0,0.0,0.0,0.3333333333333333,0.3333333333333333,0.0,0.0,0.3333333333333333,0.3333333333333333,0.3333333333333333,0.3333333333333333,0.3333333333333333,0.3333333333333333,1,1,0,0,,EXECUTE
S1_ample_none_i2,2.5,plan_generated,1,1,,7,0.08671060000779107,hold_and_refine,1.5,162.6406249999999,162.6406249999999,4.5,4.2286314154855,12.533755866555634,1.4411321272621027,0.48382175678303396,1.208153282409872,0.0,0.0,0.0,0.0,0.0,0.0,0.16,0.16,0.400060917218801,0.0,0.0,0.0,0.3333333333333333,0.3333333333333333,0.0,0.0,0.3333333333333333,0.3333333333333333,0.3333333333333333,0.3333333333333333,0.3333333333333333,0.3333333333333333,1,1,0,0,,EXECUTE
S1_ample_none_i2,3.0,plan_generated,1,1,,7,0.07689500000560656,hold_and_refine,1.5,162.6406249999999,162.6406249999999,4.5,4.2286314154855,12.533755866555634,1.4411321272621027,0.37911970935958783,0.8379369418780671,0.0,0.0,0.0,0.0,0.0,0.0,0.16,0.16,0.3644218467308951,0.0,0.0,0.0,0.3333333333333333,0.3333333333333333,0.0,0.0,0.3333333333333333,0.3333333333333333,0.3333333333333333,0.3333333333333333,0.3333333333333333,0.3333333333333333,1,1,0,0,,EXECUTE
S1_ample_none_i2,3.5,plan_generated,1,1,,7,0.060976199980359524,hold_and_refine,1.5,162.6406249999999,162.6406249999999,4.499999999999999,4.2286314154855,12.533755866555634,1.4411321272621027,0.2725385044583773,0.5348408674552064,0.0,0.0,0.0,0.0,0.0,0.0,0.16,0.16,0.3319083232889435,0.0,0.0,0.0,0.3333333333333333,0.3333333333333333,0.0,0.0,0.3333333333333333,0.3333333333333333,0.3333333333333333,0.3333333333333333,0.3333333333333333,0.3333333333333333,1,1,0,0,,EXECUTE
S1_ample_none_i2,4.0,plan_generated,1,1,,7,0.05190489999949932,hold_and_refine,1.5,162.6406249999999,162.6406249999999,4.499999999999997,4.247197278347116,12.533755866555634,1.4411321272621027,0.1633511668139043,0.29874390803809275,0.0,0.0,0.0,0.0,0.0,0.0,0.16,0.16,0.3032687617689487,0.0,0.0,0.0,0.3333333333333333,0.3333333333333333,0.0,0.0,0.3333333333333333,0.3333333333333333,0.3333333333333333,0.3333333333333333,0.3333333333333333,0.3333333333333333,1,1,0,0,,EXECUTE
S1_ample_prepare_i1,0.0,plan_generated,1,1,,102,0.2086793999769725,new_joint_plan,2.5,168.46562499999982,168.46562499999982,5.5,1.2923529617517016,6.283467563795267,1.375,-1.5368073171735923,4.921245778437342,0.0,0.0,0.0,0.0,0.0,0.0,0.16,0.16,0.4716269602267917,0.0,0.0,0.0,0.3333333333333333,0.6666666666666666,0.0,0.0,0.3333333333333333,0.6666666666666666,0.3333333333333333,0.6666666666666666,0.3333333333333333,0.6666666666666666,1,1,0,0,,PREPARE
S1_ample_prepare_i1,0.5,plan_generated,1,1,,7,0.20593799999915063,hold_and_refine,2.5,168.46562499999982,168.46562499999982,5.5,1.2923529617517016,6.283467563795267,1.375,0.39845913259757737,4.921245778437342,0.0,0.0,0.0,0.0,0.0,0.0,0.16,0.16,0.46080314900439656,0.0,0.0,0.0,0.3333333333333333,0.6666666666666666,0.0,0.0,0.3333333333333333,0.6666666666666666,0.3333333333333333,0.6666666666666666,0.3333333333333333,0.6666666666666666,1,1,0,0,,PREPARE
S1_ample_prepare_i1,1.0,plan_generated,1,1,,7,0.22442869999213144,hold_and_refine,2.5,168.46562499999982,168.46562499999982,5.5,1.2923529617517016,6.283467563795267,1.375,2.314028754706437,4.541099148460348,0.0,0.0,0.0,0.0,0.0,0.0,0.16,0.16,0.4380176918371551,0.0,0.0,0.0,0.3333333333333333,0.6666666666666666,0.0,0.0,0.3333333333333333,0.6666666666666666,0.3333333333333333,0.6666666666666666,0.3333333333333333,0.6666666666666666,1,1,0,0,,PREPARE
S1_ample_prepare_i1,1.5,plan_generated,1,1,,7,0.2033555000089109,hold_and_refine,2.5,168.46562499999982,168.46562499999982,5.5,1.2923529617517016,6.283467563795267,1.375,1.9921036680271347,3.773450694870003,0.0,0.0,0.0,0.0,0.0,0.0,0.16,0.16,0.4073239468034537,0.0,0.0,0.0,0.3333333333333333,0.6666666666666666,0.0,0.0,0.3333333333333333,0.6666666666666666,0.3333333333333333,0.6666666666666666,0.3333333333333333,0.6666666666666666,1,1,0,0,,PREPARE
S1_ample_prepare_i1,2.0,plan_generated,1,1,,7,0.18180379999103025,hold_and_refine,2.5,168.46562499999982,168.46562499999982,5.5,1.2923529617517016,6.283467563795267,1.375,1.6694848765814645,3.0748628034845877,0.0,0.0,0.0,0.0,0.0,0.0,0.16,0.16,0.3750587100382013,0.0,0.0,0.0,0.3333333333333333,0.6666666666666666,0.0,0.0,0.3333333333333333,0.6666666666666666,0.3333333333333333,0.6666666666666666,0.3333333333333333,0.6666666666666666,1,1,0,0,,PREPARE
S1_ample_prepare_i1,2.5,plan_generated,1,1,,7,0.17027599998982623,hold_and_refine,2.5,168.46562499999982,168.46562499999982,5.5,1.2923529617517016,6.283467563795267,1.375,1.3459226781076652,2.446601354186073,0.0,0.0,0.0,0.0,0.0,0.0,0.16,0.16,0.343705408277275,0.0,0.0,0.0,0.3333333333333333,0.6666666666666666,0.0,0.0,0.3333333333333333,0.6666666666666666,0.3333333333333333,0.6666666666666666,0.3333333333333333,0.6666666666666666,1,1,0,0,,EXECUTE
S1_ample_prepare_i1,3.0,plan_generated,1,1,,7,0.11961019999580458,hold_and_refine,2.5,168.46562499999982,168.46562499999982,5.5,1.2923529617517016,6.283467563795267,1.375,1.043198550834057,1.8891335222312815,0.0,0.0,0.0,0.0,0.0,0.0,0.16,0.16,0.31271199246972575,0.0,0.0,0.0,0.3333333333333333,0.6666666666666666,0.0,0.0,0.3333333333333333,0.6666666666666666,0.3333333333333333,0.6666666666666666,0.3333333333333333,0.6666666666666666,1,1,0,0,,EXECUTE
S1_ample_prepare_i1,3.5,plan_generated,1,1,,7,0.13630079996073619,hold_and_refine,2.5,168.46562499999982,168.46562499999982,5.5,1.2923529617517016,6.283467563795267,1.375,0.7779689445986862,1.402826799542479,0.0,0.0,0.0,0.0,0.0,0.0,0.16,0.16,0.2824022141921551,0.0,0.0,0.0,0.3333333333333333,0.6666666666666666,0.0,0.0,0.3333333333333333,0.6666666666666666,0.3333333333333333,0.6666666666666666,0.3333333333333333,0.6666666666666666,1,1,0,0,,EXECUTE
S1_ample_prepare_i1,4.0,plan_generated,1,1,,7,0.09575770003721118,hold_and_refine,2.5,168.46562499999982,168.46562499999982,5.5,1.2923529617517016,6.283467563795267,1.375,0.5502340624852798,0.9879456602089922,0.0,0.0,0.0,0.0,0.0,0.0,0.16,0.16,0.2567107547808529,0.0,0.0,0.0,0.3333333333333333,0.6666666666666666,0.0,0.0,0.3333333333333333,0.6666666666666666,0.3333333333333333,0.6666666666666666,0.3333333333333333,0.6666666666666666,1,1,0,0,,EXECUTE
S1_ample_prepare_i1,4.5,plan_generated,1,1,,7,0.06016470002941787,hold_and_refine,2.5,168.46562499999982,168.46562499999982,5.499999999999999,1.2923529617517016,6.283467563795267,1.375,0.3599941428742515,0.6446668785283677,0.0,0.0,0.0,0.0,0.0,0.0,0.16,0.16,0.23704265733096525,0.0,0.0,0.0,0.3333333333333333,0.6666666666666666,0.0,0.0,0.3333333333333333,0.6666666666666666,0.3333333333333333,0.6666666666666666,0.3333333333333333,0.6666666666666666,1,1,0,0,,EXECUTE
S1_ample_prepare_i1,5.0,plan_generated,1,1,,7,0.05351699999300763,hold_and_refine,2.5,168.46562499999982,168.46562499999982,5.499999999999997,1.2923529617517016,6.283467563795267,1.375,0.20724940941118325,0.37312577513221223,0.0,0.0,0.0,0.0,0.0,0.0,0.16,0.16,0.222982426782428,0.0,0.0,0.0,0.3333333333333333,0.6666666666666666,0.0,0.0,0.3333333333333333,0.6666666666666666,0.3333333333333333,0.6666666666666666,0.3333333333333333,0.6666666666666666,1,1,0,0,,EXECUTE
S1_ample_prepare_i2,0.0,plan_generated,1,1,,102,0.20538780000060797,new_joint_plan,1.5,162.6406249999999,162.6406249999999,4.5,0.973749999999983,8.599999999999977,1.4411321272621027,0.8675530047083726,3.531927840569847,0.0,0.0,0.0,0.0,0.0,0.0,0.16,0.16,0.5783916064388326,0.0,0.0,0.0,0.3333333333333333,0.3333333333333333,0.0,0.0,0.3333333333333333,0.3333333333333333,0.3333333333333333,0.3333333333333333,0.3333333333333333,0.3333333333333333,1,1,0,0,,PREPARE
S1_ample_prepare_i2,0.5,plan_generated,1,1,,7,0.14800109999487177,hold_and_refine,1.5,162.6406249999999,162.6406249999999,4.5,0.973749999999983,8.599999999999977,1.4411321272621027,0.8510188331500437,3.352463750764195,0.0,0.0,0.0,0.0,0.0,0.0,0.16,0.16,0.5493241470948693,0.0,0.0,0.0,0.3333333333333333,0.3333333333333333,0.0,0.0,0.3333333333333333,0.3333333333333333,0.3333333333333333,0.3333333333333333,0.3333333333333333,0.3333333333333333,1,1,0,0,,PREPARE
S1_ample_prepare_i2,1.0,plan_generated,1,1,,7,0.1337614000076428,hold_and_refine,1.5,162.6406249999999,162.6406249999999,4.5,0.973749999999983,8.599999999999977,1.4411321272621027,0.769248161819305,2.7182160070239485,0.0,0.0,0.0,0.0,0.0,0.0,0.16,0.16,0.5136907118451307,0.0,0.0,0.0,0.3333333333333333,0.3333333333333333,0.0,0.0,0.3333333333333333,0.3333333333333333,0.3333333333333333,0.3333333333333333,0.3333333333333333,0.3333333333333333,1,1,0,0,,PREPARE
S1_ample_prepare_i2,1.5,plan_generated,1,1,,7,0.14705820003291592,hold_and_refine,1.5,162.6406249999999,162.6406249999999,4.5,0.973749999999983,8.599999999999977,1.4411321281652676,0.6772156640866857,2.1488788526043816,0.0,0.0,0.0,0.0,0.0,0.0,0.16,0.16,0.47632978632123124,0.0,0.0,0.0,0.3333333333333333,0.3333333333333333,0.0,0.0,0.3333333333333333,0.3333333333333333,0.3333333333333333,0.3333333333333333,0.3333333333333333,0.3333333333333333,1,1,0,0,,EXECUTE
S1_ample_prepare_i2,2.0,plan_generated,1,1,,7,0.14532849995885044,hold_and_refine,1.5,162.6406249999999,162.6406249999999,4.5,3.222212305431569,10.900000000000002,1.4411321338461622,0.5571199603483336,1.6452894336006145,0.0,0.0,0.0,0.0,0.0,0.0,0.16,0.16,0.441938582734528,0.0,0.0,0.0,0.3333333333333333,0.3333333333333333,0.0,0.0,0.3333333333333333,0.3333333333333333,0.3333333333333333,0.3333333333333333,0.3333333333333333,0.3333333333333333,1,1,0,0,,EXECUTE
S1_ample_prepare_i2,2.5,plan_generated,1,1,,7,0.11317299999063835,hold_and_refine,1.5,162.6406249999999,162.6406249999999,4.5,2.8620072274244137,11.146660992191453,1.4411321383711457,0.4473409222968062,1.2081532821395726,0.0,0.0,0.0,0.0,0.0,0.0,0.16,0.16,0.41115193137381134,0.0,0.0,0.0,0.3333333333333333,0.3333333333333333,0.0,0.0,0.3333333333333333,0.3333333333333333,0.3333333333333333,0.3333333333333333,0.3333333333333333,0.3333333333333333,1,1,0,0,,EXECUTE
S1_ample_prepare_i2,3.0,plan_generated,1,1,,7,0.10035979998065159,hold_and_refine,1.5,162.6406249999999,162.6406249999999,4.5,2.9184382736356724,11.211924795718101,1.4411321371767227,0.35382405211623175,0.8379369416583906,0.0,0.0,0.0,0.0,0.0,0.0,0.16,0.16,0.3805302449780289,0.0,0.0,0.0,0.3333333333333333,0.3333333333333333,0.0,0.0,0.3333333333333333,0.3333333333333333,0.3333333333333333,0.3333333333333333,0.3333333333333333,0.3333333333333333,1,1,0,0,,EXECUTE
S1_ample_prepare_i2,3.5,plan_generated,1,1,,7,0.0867947000078857,hold_and_refine,1.5,162.6406249999999,162.6406249999999,4.499999999999999,3.0529566596750577,11.38128099335189,1.4411321334177445,0.2596314823472801,0.5348408673301054,0.0,0.0,0.0,0.0,0.0,0.0,0.16,0.16,0.3475142539143662,0.0,0.0,0.0,0.3333333333333333,0.3333333333333333,0.0,0.0,0.3333333333333333,0.3333333333333333,0.3333333333333333,0.3333333333333333,0.3333333333333333,0.3333333333333333,1,1,0,0,,EXECUTE
S1_ample_prepare_i2,4.0,plan_generated,1,1,,7,0.05781959998421371,hold_and_refine,1.5,162.6406249999999,162.6406249999999,4.499999999999997,3.0552828379451427,11.38128099335189,1.4411321334177445,0.1543932483348898,0.2987439079216359,0.0,0.0,0.0,0.0,0.0,0.0,0.16,0.16,0.3163410974333014,0.0,0.0,0.0,0.3333333333333333,0.3333333333333333,0.0,0.0,0.3333333333333333,0.3333333333333333,0.3333333333333333,0.3333333333333333,0.3333333333333333,0.3333333333333333,1,1,0,0,,EXECUTE
S1_collaborative_none_i1,0.0,plan_generated,1,0,finite_search_no_valid_plan,96,0.10658359999069944,continue_bounded_preparation,,,,,-0.47244431153736244,6.051029235816441,,,,0.0,0.0,0.0,0.0,0.0,0.0,,,,0.0,0.0,0.0,,,,,0.6666666666666666,0.6666666666666666,0.6666666666666666,0.6666666666666666,0.6666666666666666,0.6666666666666666,0,,0,0,,PREPARE
S1_collaborative_none_i1,0.5,plan_generated,1,0,finite_search_no_valid_plan,96,0.11327629996230826,continue_bounded_preparation,,,,,0.5297477102821961,7.481874999999886,,,,0.0,0.0,0.0,0.0,0.0,0.0,,,,0.0,0.0,0.0,,,,,0.6666666666666666,0.6666666666666666,0.6666666666666666,0.6666666666666666,0.6666666666666666,0.6666666666666666,0,,0,0,,PREPARE
S1_collaborative_none_i1,1.0,plan_generated,1,0,finite_search_no_valid_plan,96,0.11025129997869954,continue_bounded_preparation,,,,,0.6631249999999511,7.659374999999938,,,,0.0,0.0,0.0,0.0,0.0,0.0,,,,0.0,0.0,0.0,,,,,0.6666666666666666,0.6666666666666666,0.6666666666666666,0.6666666666666666,0.6666666666666666,0.6666666666666666,0,,0,0,,PREPARE
S1_collaborative_none_i1,1.5,plan_generated,1,0,finite_search_no_valid_plan,96,0.1201654999749735,continue_bounded_preparation,,,,,1.531700861638658,7.3947662106873056,,,,0.0,0.0,0.0,0.0,0.0,0.0,,,,0.0,0.0,0.0,,,,,0.6666666666666666,0.6666666666666666,0.6666666666666666,0.6666666666666666,0.6666666666666666,0.6666666666666666,0,,0,0,,PREPARE
S1_collaborative_none_i1,2.0,plan_generated,1,0,finite_search_no_valid_plan,96,0.09445390000473708,continue_bounded_preparation,,,,,1.1506249999998728,7.399999999999733,,,,0.0,0.0,0.0,0.0,0.0,0.0,,,,0.0,0.0,0.0,,,,,0.6666666666666666,0.6666666666666666,0.6666666666666666,0.6666666666666666,0.6666666666666666,0.6666666666666666,0,,0,0,,PREPARE
S1_collaborative_none_i1,2.5,plan_generated,1,0,finite_search_no_valid_plan,96,0.10664100002031773,continue_bounded_preparation,,,,,1.5800000000004024,8.200000000000397,,,,0.0,0.0,0.0,0.0,0.0,0.0,,,,0.0,0.0,0.0,,,,,0.6666666666666666,0.6666666666666666,0.6666666666666666,0.6666666666666666,0.6666666666666666,0.6666666666666666,0,,0,0,,PREPARE
S1_collaborative_none_i1,3.0,plan_generated,1,0,finite_search_no_valid_plan,96,0.09229090000735596,continue_bounded_preparation,,,,,1.9299999999996338,8.299310669342372,,,,0.0,0.0,0.0,0.0,0.0,0.0,,,,0.0,0.0,0.0,,,,,0.6666666666666666,0.6666666666666666,0.6666666666666666,0.6666666666666666,0.6666666666666666,0.6666666666666666,0,,0,0,,PREPARE
S1_collaborative_none_i1,3.5,plan_generated,1,1,,102,0.20292170002358034,new_joint_plan,4.0,167.6562499999999,167.6562499999999,7.0,0.014109795800099079,4.270035676452648,1.375,738.7452373218194,-716.5343810074451,0.0,0.0,0.0,0.0,0.0,0.0,0.16,0.16,0.3702988194074244,0.0,0.0,0.0,0.6666666666666666,0.3333333333333333,0.0,0.0,0.6666666666666666,0.3333333333333333,0.6666666666666666,0.3333333333333333,0.6666666666666666,0.3333333333333333,1,1,0,0,,PREPARE
S1_collaborative_none_i1,4.0,plan_generated,1,1,,7,0.12119949999032542,hold_and_refine,4.0,167.6562499999999,167.6562499999999,7.0,0.014109795800099079,4.270035676452648,1.375,562.5717513787433,-670.5917144264636,0.0,0.0,0.0,0.0,0.0,0.0,0.16,0.16,0.3164389562759526,0.0,0.0,0.0,0.6666666666666666,0.3333333333333333,0.0,0.0,0.6666666666666666,0.3333333333333333,0.6666666666666666,0.3333333333333333,0.6666666666666666,0.3333333333333333,1,1,0,0,,EXECUTE
S1_collaborative_none_i1,4.5,plan_generated,1,1,,7,0.10841119999531657,hold_and_refine,4.0,167.6562499999999,167.6562499999999,7.0,0.014109795800099079,4.270035676452648,1.375,434.63366331008024,-511.9767828598352,0.0,0.0,0.0,0.0,0.0,0.0,0.16,0.16,0.27795386327530464,0.0,0.0,0.0,0.6666666666666666,0.3333333333333333,0.0,0.0,0.6666666666666666,0.3333333333333333,0.6666666666666666,0.3333333333333333,0.6666666666666666,0.3333333333333333,1,1,0,0,,EXECUTE
S1_collaborative_none_i1,5.0,plan_generated,1,1,,7,0.10956770001212135,hold_and_refine,4.0,167.6562499999999,167.6562499999999,7.0,0.014109795800099079,4.270035676452648,1.375,359.73916923576,-417.0126625069629,0.0,0.0,0.0,0.0,0.0,0.0,0.16,0.16,0.25090021539192986,0.0,0.0,0.0,0.6666666666666666,0.3333333333333333,0.0,0.0,0.6666666666666666,0.3333333333333333,0.6666666666666666,0.3333333333333333,0.6666666666666666,0.3333333333333333,1,1,0,0,,EXECUTE
S1_collaborative_none_i1,5.5,plan_generated,1,1,,7,0.08282020001206547,hold_and_refine,4.0,167.6562499999999,167.6562499999999,7.0,0.014109795800099079,4.270035676452648,1.375,266.1701552484549,-330.57765330369426,0.0,0.0,0.0,0.0,0.0,0.0,0.16,0.16,0.2324148663399119,0.0,0.0,0.0,0.6666666666666666,0.3333333333333333,0.0,0.0,0.6666666666666666,0.3333333333333333,0.6666666666666666,0.3333333333333333,0.6666666666666666,0.3333333333333333,1,1,0,0,,EXECUTE
S1_collaborative_none_i1,6.0,plan_generated,1,1,,7,0.07141580001916736,hold_and_refine,4.0,167.6562499999999,167.6562499999999,6.999999999999999,0.014109795800099079,4.270035676452648,1.375,162.40056279328812,-222.05519702437152,0.0,0.0,0.0,0.0,0.0,0.0,0.16,0.16,0.22013313882500024,0.0,0.0,0.0,0.6666666666666666,0.3333333333333333,0.0,0.0,0.6666666666666666,0.3333333333333333,0.6666666666666666,0.3333333333333333,0.6666666666666666,0.3333333333333333,1,1,0,0,,EXECUTE
S1_collaborative_none_i1,6.5,plan_generated,1,1,,7,0.046330699988175184,hold_and_refine,4.0,167.6562499999999,167.6562499999999,6.999999999999997,0.014109795800099079,4.270035676452648,1.375,101.25524045846755,-120.32383208444975,0.0,0.0,0.0,0.0,0.0,0.0,0.16,0.16,0.21219611130230215,0.0,0.0,0.0,0.6666666666666666,0.3333333333333333,0.0,0.0,0.6666666666666666,0.3333333333333333,0.6666666666666666,0.3333333333333333,0.6666666666666666,0.3333333333333333,1,1,0,0,,EXECUTE
S1_collaborative_prepare_i1,0.0,plan_generated,1,0,finite_search_no_valid_plan,96,0.08154879999347031,continue_bounded_preparation,,,,,-0.47244431153736244,6.051029235816441,,,,0.0,0.0,0.0,0.0,0.0,0.0,,,,0.0,0.0,0.0,,,,,0.6666666666666666,0.6666666666666666,0.6666666666666666,0.6666666666666666,0.6666666666666666,0.6666666666666666,0,,0,0,,PREPARE
S1_collaborative_prepare_i1,0.5,plan_generated,1,0,finite_search_no_valid_plan,96,0.07532899995567277,continue_bounded_preparation,,,,,0.5297477102821961,7.481874999999886,,,,0.0,0.0,0.0,0.0,0.0,0.0,,,,0.0,0.0,0.0,,,,,0.6666666666666666,0.6666666666666666,0.6666666666666666,0.6666666666666666,0.6666666666666666,0.6666666666666666,0,,0,0,,PREPARE
S1_collaborative_prepare_i1,1.0,plan_generated,1,0,finite_search_no_valid_plan,96,0.07404600002337247,continue_bounded_preparation,,,,,0.6631249999999511,7.659374999999938,,,,0.0,0.0,0.0,0.0,0.0,0.0,,,,0.0,0.0,0.0,,,,,0.6666666666666666,0.6666666666666666,0.6666666666666666,0.6666666666666666,0.6666666666666666,0.6666666666666666,0,,0,0,,PREPARE
S1_collaborative_prepare_i1,1.5,plan_generated,1,0,finite_search_no_valid_plan,96,0.08554850000655279,continue_bounded_preparation,,,,,1.5317008616316334,7.394766210676875,,,,0.0,0.0,0.0,0.0,0.0,0.0,,,,0.0,0.0,0.0,,,,,0.6666666666666666,0.6666666666666666,0.6666666666666666,0.6666666666666666,0.6666666666666666,0.6666666666666666,0,,0,0,,PREPARE
S1_collaborative_prepare_i1,2.0,plan_generated,1,0,finite_search_no_valid_plan,96,0.0909080000128597,continue_bounded_preparation,,,,,1.1506249999998728,7.399999999999733,,,,0.0,0.0,0.0,0.0,0.0,0.0,,,,0.0,0.0,0.0,,,,,0.6666666666666666,0.6666666666666666,0.6666666666666666,0.6666666666666666,0.6666666666666666,0.6666666666666666,0,,0,0,,PREPARE
S1_collaborative_prepare_i1,2.5,plan_generated,1,0,finite_search_no_valid_plan,96,0.07509009999921545,continue_bounded_preparation,,,,,1.5800000000004024,8.200000000000397,,,,0.0,0.0,0.0,0.0,0.0,0.0,,,,0.0,0.0,0.0,,,,,0.6666666666666666,0.6666666666666666,0.6666666666666666,0.6666666666666666,0.6666666666666666,0.6666666666666666,0,,0,0,,PREPARE
S1_collaborative_prepare_i1,3.0,plan_generated,1,0,finite_search_no_valid_plan,96,0.08903229999123141,continue_bounded_preparation,,,,,1.9299999999996338,8.299310669299995,,,,0.0,0.0,0.0,0.0,0.0,0.0,,,,0.0,0.0,0.0,,,,,0.6666666666666666,0.6666666666666666,0.6666666666666666,0.6666666666666666,0.6666666666666666,0.6666666666666666,0,,0,0,,PREPARE
S1_collaborative_prepare_i1,3.5,plan_generated,1,1,,102,0.18872320000082254,new_joint_plan,4.0,167.6562499999999,167.6562499999999,7.0,0.014109795800099079,4.270035676452648,1.375,738.7452373218194,-716.5343810074451,0.0,0.0,0.0,0.0,0.0,0.0,0.16,0.16,0.39009934858642425,0.0,0.0,0.0,0.6666666666666666,0.3333333333333333,0.0,0.0,0.6666666666666666,0.3333333333333333,0.6666666666666666,0.3333333333333333,0.6666666666666666,0.3333333333333333,1,1,0,0,,PREPARE
S1_collaborative_prepare_i1,4.0,plan_generated,1,1,,7,0.12049339996883646,hold_and_refine,4.0,167.6562499999999,167.6562499999999,7.0,0.014109795800099079,4.270035676452648,1.375,562.5717513787433,-670.5917144264636,0.0,0.0,0.0,0.0,0.0,0.0,0.16,0.16,0.33088483009850106,0.0,0.0,0.0,0.6666666666666666,0.3333333333333333,0.0,0.0,0.6666666666666666,0.3333333333333333,0.6666666666666666,0.3333333333333333,0.6666666666666666,0.3333333333333333,1,1,0,0,,EXECUTE
S1_collaborative_prepare_i1,4.5,plan_generated,1,1,,7,0.10779400001047179,hold_and_refine,4.0,167.6562499999999,167.6562499999999,7.0,0.014109795800099079,4.270035676452648,1.375,434.63366331008024,-511.97678285983534,0.0,0.0,0.0,0.0,0.0,0.0,0.16,0.16,0.2880202311061657,0.0,0.0,0.0,0.6666666666666666,0.3333333333333333,0.0,0.0,0.6666666666666666,0.3333333333333333,0.6666666666666666,0.3333333333333333,0.6666666666666666,0.3333333333333333,1,1,0,0,,EXECUTE
S1_collaborative_prepare_i1,5.0,plan_generated,1,1,,7,0.09509250003611669,hold_and_refine,4.0,167.6562499999999,167.6562499999999,7.0,0.014109795800099079,4.270035676452648,1.375,359.73916923576,-417.0126625069629,0.0,0.0,0.0,0.0,0.0,0.0,0.16,0.16,0.25764080427644803,0.0,0.0,0.0,0.6666666666666666,0.3333333333333333,0.0,0.0,0.6666666666666666,0.3333333333333333,0.6666666666666666,0.3333333333333333,0.6666666666666666,0.3333333333333333,1,1,0,0,,EXECUTE
S1_collaborative_prepare_i1,5.5,plan_generated,1,1,,7,0.08417490002466366,hold_and_refine,4.0,167.6562499999999,167.6562499999999,7.0,0.014109795800099079,4.270035676452648,1.375,266.1701552484549,-330.5776533036942,0.0,0.0,0.0,0.0,0.0,0.0,0.16,0.16,0.23677683661169574,0.0,0.0,0.0,0.6666666666666666,0.3333333333333333,0.0,0.0,0.6666666666666666,0.3333333333333333,0.6666666666666666,0.3333333333333333,0.6666666666666666,0.3333333333333333,1,1,0,0,,EXECUTE
S1_collaborative_prepare_i1,6.0,plan_generated,1,1,,7,0.06267090002074838,hold_and_refine,4.0,167.6562499999999,167.6562499999999,6.999999999999999,0.014109795800099079,4.270035676452648,1.375,162.40056279328812,-222.05519702437152,0.0,0.0,0.0,0.0,0.0,0.0,0.16,0.16,0.22287033758114264,0.0,0.0,0.0,0.6666666666666666,0.3333333333333333,0.0,0.0,0.6666666666666666,0.3333333333333333,0.6666666666666666,0.3333333333333333,0.6666666666666666,0.3333333333333333,1,1,0,0,,EXECUTE
S1_collaborative_prepare_i1,6.5,plan_generated,1,1,,7,0.05340760003309697,hold_and_refine,4.0,167.6562499999999,167.6562499999999,6.999999999999997,0.014109795800099079,4.270035676452648,1.375,101.25524045846754,-120.32383208444975,0.0,0.0,0.0,0.0,0.0,0.0,0.16,0.16,0.21386520753762758,0.0,0.0,0.0,0.6666666666666666,0.3333333333333333,0.0,0.0,0.6666666666666666,0.3333333333333333,0.6666666666666666,0.3333333333333333,0.6666666666666666,0.3333333333333333,1,1,0,0,,EXECUTE
S1_collaborative_prepare_i2,0.0,plan_generated,1,1,,102,0.20594640000490472,new_joint_plan,2.0,161.0562499999998,161.0562499999998,5.0,0.0062500000002625455,7.8781249999999945,1.375,-127.07034715465585,3.9240314557750997,0.0,0.0,0.0,0.0,0.0,0.0,0.16,0.16,0.5936371930361336,0.0,0.0,0.0,0.6666666666666666,0.3333333333333333,0.0,0.0,0.6666666666666666,0.3333333333333333,0.6666666666666666,0.3333333333333333,0.6666666666666666,0.3333333333333333,1,1,0,0,,PREPARE
S1_collaborative_prepare_i2,0.5,plan_generated,1,1,,7,0.16195119998883456,hold_and_refine,2.0,161.0562499999998,161.0562499999998,5.0,0.0062500000002625455,7.8781249999999945,1.375,-127.07034715465585,3.7466002113835204,0.0,0.0,0.0,0.0,0.0,0.0,0.16,0.16,0.6177041493325387,0.0,0.0,0.0,0.6666666666666666,0.3333333333333333,0.0,0.0,0.6666666666666666,0.3333333333333333,0.6666666666666666,0.3333333333333333,0.6666666666666666,0.3333333333333333,1,1,0,0,,PREPARE
S1_collaborative_prepare_i2,1.0,plan_generated,1,1,,7,0.1586403000401333,hold_and_refine,2.0,161.0562499999998,161.0562499999998,5.0,0.0062500000002625455,7.8781249999999945,1.375,-81.96395901222242,3.095400255933268,0.0,0.0,0.0,0.0,0.0,0.0,0.16,0.16,0.6653278240807743,0.0,0.0,0.0,0.6666666666666666,0.3333333333333333,0.0,0.0,0.6666666666666666,0.3333333333333333,0.6666666666666666,0.3333333333333333,0.6666666666666666,0.3333333333333333,1,1,0,0,,PREPARE
S1_collaborative_prepare_i2,1.5,plan_generated,1,1,,103,0.3007508000009693,new_joint_plan,2.5,166.93124999999975,166.93124999999975,5.5,0.35193887835661464,8.389438878356597,1.375,2.5451114144317244,2.9676346301347505,0.0,0.0,0.0,0.0,0.0,0.0,0.16,0.16,0.7327928930228631,0.0,0.0,0.0,0.6666666666666666,0.3333333333333333,0.0,0.0,0.6666666666666666,0.3333333333333333,0.6666666666666666,0.3333333333333333,0.6666666666666666,0.3333333333333333,1,1,0,0,,PREPARE
S1_collaborative_prepare_i2,2.0,plan_generated,1,1,,103,0.28692929999670014,new_joint_plan,2.5,161.39687499999985,161.39687499999985,5.5,0.16618603791099584,6.885150602813707,1.0,1.5894686435130887,2.5067613029789704,0.0,0.0,0.0,0.0,0.0,0.0,0.16,0.16,0.7844533652427854,0.0,0.0,0.0,1.0,0.6666666666666666,0.0,0.0,1.0,0.6666666666666666,1.0,0.6666666666666666,1.0,0.6666666666666666,1,1,0,0,,PREPARE
S1_collaborative_prepare_i2,2.5,plan_generated,1,1,,7,0.1489700999809429,hold_and_refine,2.5,161.39687499999985,161.39687499999985,5.5,0.12303891867481465,6.885150602813707,1.0,1.4759012263532498,2.354491913737682,0.0,0.0,0.0,0.0,0.0,0.0,0.16,0.16,0.6887315021640479,0.0,0.0,0.0,1.0,0.6666666666666666,0.0,0.0,1.0,0.6666666666666666,1.0,0.6666666666666666,1.0,0.6666666666666666,1,1,0,0,,EXECUTE
S1_collaborative_prepare_i2,3.0,plan_generated,1,1,,7,0.13301950000459328,hold_and_refine,2.5,161.39687499999985,161.39687499999985,5.5,1.1696942551654654,6.885150602813707,1.0,1.159631777121043,1.8190858560338825,0.0,0.0,0.0,0.0,0.0,0.0,0.16,0.16,0.5860232997538032,0.0,0.0,0.0,1.0,0.6666666666666666,0.0,0.0,1.0,0.6666666666666666,1.0,0.6666666666666666,1.0,0.6666666666666666,1,1,0,0,,EXECUTE
S1_collaborative_prepare_i2,3.5,plan_generated,1,1,,7,0.1097466999781318,hold_and_refine,2.5,161.39687499999985,161.39687499999985,5.5,1.6103945751510347,6.885150602813707,1.0,0.8807402350198849,1.3492323832193331,0.0,0.0,0.0,0.0,0.0,0.0,0.16,0.16,0.48391412702259246,0.0,0.0,0.0,1.0,0.6666666666666666,0.0,0.0,1.0,0.6666666666666666,1.0,0.6666666666666666,1.0,0.6666666666666666,1,1,0,0,,EXECUTE
S1_collaborative_prepare_i2,4.0,plan_generated,1,1,,7,0.08416979998582974,hold_and_refine,2.5,161.39687499999985,161.39687499999985,5.5,1.6103945751510347,6.885150602813707,1.0,0.6386687682568043,0.947160035647924,0.0,0.0,0.0,0.0,0.0,0.0,0.16,0.16,0.39649368177199995,0.0,0.0,0.0,1.0,0.6666666666666666,0.0,0.0,1.0,0.6666666666666666,1.0,0.6666666666666666,1.0,0.6666666666666666,1,1,0,0,,EXECUTE
S1_collaborative_prepare_i2,4.5,plan_generated,1,1,,7,0.08094620000338182,hold_and_refine,2.5,161.39687499999985,161.39687499999985,5.499999999999999,1.6103945751510347,6.885150602813707,1.0,0.4337951913423406,0.6141093452371077,0.0,0.0,0.0,0.0,0.0,0.0,0.16,0.16,0.3290408714322889,0.0,0.0,0.0,1.0,0.6666666666666666,0.0,0.0,1.0,0.6666666666666666,1.0,0.6666666666666666,1.0,0.6666666666666666,1,1,0,0,,EXECUTE
S1_collaborative_prepare_i2,5.0,plan_generated,1,1,,7,0.059856200008653104,hold_and_refine,2.5,161.39687499999985,161.39687499999985,5.499999999999997,1.6103945751510347,6.885150602813707,1.0,0.2663270815496419,0.35054230360561844,0.0,0.0,0.0,0.0,0.0,0.0,0.16,0.16,0.280482778066681,0.0,0.0,0.0,1.0,0.6666666666666666,0.0,0.0,1.0,0.6666666666666666,1.0,0.6666666666666666,1.0,0.6666666666666666,1,1,0,0,,EXECUTE
S1_short_window_none_i0,0.0,plan_generated,1,0,finite_search_no_valid_plan,96,0.09439490002114326,continue_bounded_preparation,,,,,-1.8906249999997424,4.2687500000003356,,,,0.0,0.0,0.0,0.0,0.0,0.0,,,,0.0,0.0,0.0,,,,,0.6666666666666666,0.6666666666666666,0.6666666666666666,0.6666666666666666,0.6666666666666666,0.6666666666666666,0,,0,0,,PREPARE
S1_short_window_none_i0,0.5,plan_generated,1,0,finite_search_no_valid_plan,96,0.08409100002609193,continue_bounded_preparation,,,,,-0.7535081160001007,5.008298891305924,,,,0.0,0.0,0.0,0.0,0.0,0.0,,,,0.0,0.0,0.0,,,,,0.6666666666666666,0.6666666666666666,0.6666666666666666,0.6666666666666666,0.6666666666666666,0.6666666666666666,0,,0,0,,PREPARE
S1_short_window_none_i0,1.0,plan_generated,1,0,finite_search_no_valid_plan,96,0.09354679996613413,continue_bounded_preparation,,,,,-0.6437499999995024,5.008298891305924,,,,0.0,0.0,0.0,0.0,0.0,0.0,,,,0.0,0.0,0.0,,,,,0.6666666666666666,0.6666666666666666,0.6666666666666666,0.6666666666666666,0.6666666666666666,0.6666666666666666,0,,0,0,,PREPARE
S1_short_window_none_i0,1.5,plan_generated,1,0,finite_search_no_valid_plan,96,0.09212280000792816,continue_bounded_preparation,,,,,-0.2017821799186299,5.68437500000054,,,,0.0,0.0,0.0,0.0,0.0,0.0,,,,0.0,0.0,0.0,,,,,0.6666666666666666,0.6666666666666666,0.6666666666666666,0.6666666666666666,0.6666666666666666,0.6666666666666666,0,,0,0,,PREPARE
S1_short_window_none_i0,2.0,plan_generated,1,0,finite_search_no_valid_plan,96,0.08931399998255074,continue_bounded_preparation,,,,,0.7831250000007044,6.721875000000591,,,,0.0,0.0,0.0,0.0,0.0,0.0,,,,0.0,0.0,0.0,,,,,0.6666666666666666,0.6666666666666666,0.6666666666666666,0.6666666666666666,0.6666666666666666,0.6666666666666666,0,,0,0,,PREPARE
S1_short_window_none_i0,2.5,plan_generated,1,0,finite_search_no_valid_plan,96,0.09853889996884391,continue_bounded_preparation,,,,,1.9956250000006728,9.075000000000227,,,,0.0,0.0,0.0,0.0,0.0,0.0,,,,0.0,0.0,0.0,,,,,0.6666666666666666,0.6666666666666666,0.6666666666666666,0.6666666666666666,0.6666666666666666,0.6666666666666666,0,,0,0,,PREPARE
S1_short_window_none_i0,3.0,plan_generated,1,0,finite_search_no_valid_plan,96,0.09486469998955727,continue_bounded_preparation,,,,,2.0870424938662113,8.666230499966883,,,,0.0,0.0,0.0,0.0,0.0,0.0,,,,0.0,0.0,0.0,,,,,0.6666666666666666,0.6666666666666666,0.6666666666666666,0.6666666666666666,0.6666666666666666,0.6666666666666666,0,,0,0,,PREPARE
S1_short_window_none_i0,3.5,plan_generated,1,0,finite_search_no_valid_plan,96,0.08861149998847395,continue_bounded_preparation,,,,,1.6114040776888956,8.052790928257746,,,,0.0,0.0,0.0,0.0,0.0,0.0,,,,0.0,0.0,0.0,,,,,0.6666666666666666,0.6666666666666666,0.6666666666666666,0.6666666666666666,0.6666666666666666,0.6666666666666666,0,,0,0,,PREPARE
S1_short_window_none_i0,4.0,plan_generated,1,0,finite_search_no_valid_plan,96,0.1177200999809429,continue_bounded_preparation,,,,,1.3952934765773604,7.293740559455114,,,,0.0,0.0,0.0,0.0,0.0,0.0,,,,0.0,0.0,0.0,,,,,0.6666666666666666,0.6666666666666666,0.6666666666666666,0.6666666666666666,0.6666666666666666,0.6666666666666666,0,,0,0,,PREPARE
S1_short_window_none_i0,4.5,plan_generated,1,0,finite_search_no_valid_plan,96,0.0817063000285998,continue_bounded_preparation,,,,,0.8991913376653526,6.392580226910934,,,,0.0,0.0,0.0,0.0,0.0,0.0,,,,0.0,0.0,0.0,,,,,0.6666666666666666,0.6666666666666666,0.6666666666666666,0.6666666666666666,0.6666666666666666,0.6666666666666666,0,,0,0,,PREPARE
S1_short_window_none_i0,5.0,plan_generated,1,0,finite_search_no_valid_plan,96,0.0996519000036642,continue_bounded_preparation,,,,,0.5065271621527518,5.598292632883255,,,,0.0,0.0,0.0,0.0,0.0,0.0,,,,0.0,0.0,0.0,,,,,0.6666666666666666,0.6666666666666666,0.6666666666666666,0.6666666666666666,0.6666666666666666,0.6666666666666666,0,,0,0,,PREPARE
S1_short_window_none_i0,5.5,plan_generated,1,0,finite_search_no_valid_plan,96,0.09616419998928905,continue_bounded_preparation,,,,,0.20920978129942203,4.905118629631812,,,,0.0,0.0,0.0,0.0,0.0,0.0,,,,0.0,0.0,0.0,,,,,0.6666666666666666,0.6666666666666666,0.6666666666666666,0.6666666666666666,0.6666666666666666,0.6666666666666666,0,,0,0,,PREPARE
S1_short_window_none_i1,0.0,plan_generated,1,0,finite_search_no_valid_plan,96,0.10228689998621121,continue_bounded_preparation,,,,,-3.7950000000000257,2.715884862531266,,,,0.0,0.0,0.0,0.0,0.0,0.0,,,,0.0,0.0,0.0,,,,,0.6666666666666666,0.6666666666666666,0.6666666666666666,0.6666666666666666,0.6666666666666666,0.6666666666666666,0,,0,0,,PREPARE
S1_short_window_none_i1,0.5,plan_generated,1,0,finite_search_no_valid_plan,96,0.09148829994956031,continue_bounded_preparation,,,,,-1.05812500000006,5.194513229497187,,,,0.0,0.0,0.0,0.0,0.0,0.0,,,,0.0,0.0,0.0,,,,,0.6666666666666666,0.6666666666666666,0.6666666666666666,0.6666666666666666,0.6666666666666666,0.6666666666666666,0,,0,0,,PREPARE
S1_short_window_none_i1,1.0,plan_generated,1,0,finite_search_no_valid_plan,96,0.1024747000192292,continue_bounded_preparation,,,,,-0.8260952947863869,4.359591849835636,,,,0.0,0.0,0.0,0.0,0.0,0.0,,,,0.0,0.0,0.0,,,,,0.6666666666666666,0.6666666666666666,0.6666666666666666,0.6666666666666666,0.6666666666666666,0.6666666666666666,0,,0,0,,PREPARE
S1_short_window_none_i1,1.5,plan_generated,1,0,finite_search_no_valid_plan,96,0.09079280000878498,continue_bounded_preparation,,,,,-0.81801889444947,3.6318550384463437,,,,0.0,0.0,0.0,0.0,0.0,0.0,,,,0.0,0.0,0.0,,,,,0.6666666666666666,0.6666666666666666,0.6666666666666666,0.6666666666666666,0.6666666666666666,0.6666666666666666,0,,0,0,,PREPARE
S1_short_window_none_i1,2.0,plan_generated,1,0,finite_search_no_valid_plan,96,0.09307160001480952,continue_bounded_preparation,,,,,-0.4118615879062193,3.2937499999998012,,,,0.0,0.0,0.0,0.0,0.0,0.0,,,,0.0,0.0,0.0,,,,,0.6666666666666666,0.6666666666666666,0.6666666666666666,0.6666666666666666,0.6666666666666666,0.6666666666666666,0,,0,0,,PREPARE
S1_short_window_none_i1,2.5,plan_generated,1,0,finite_search_no_valid_plan,96,0.096033499983605,continue_bounded_preparation,,,,,-0.5657224172143134,3.059375000000199,,,,0.0,0.0,0.0,0.0,0.0,0.0,,,,0.0,0.0,0.0,,,,,0.6666666666666666,0.6666666666666666,0.6666666666666666,0.6666666666666666,0.6666666666666666,0.6666666666666666,0,,0,0,,PREPARE
S1_short_window_none_i1,3.0,plan_generated,1,0,finite_search_no_valid_plan,96,0.11218420002842322,continue_bounded_preparation,,,,,-0.6738586196749954,3.3593749999998126,,,,0.0,0.0,0.0,0.0,0.0,0.0,,,,0.0,0.0,0.0,,,,,0.6666666666666666,0.6666666666666666,0.6666666666666666,0.6666666666666666,0.6666666666666666,0.6666666666666666,0,,0,0,,PREPARE
S1_short_window_none_i1,3.5,plan_generated,1,0,finite_search_no_valid_plan,96,0.08752440003445372,continue_bounded_preparation,,,,,-0.7442735668235505,3.659375000000421,,,,0.0,0.0,0.0,0.0,0.0,0.0,,,,0.0,0.0,0.0,,,,,0.6666666666666666,0.6666666666666666,0.6666666666666666,0.6666666666666666,0.6666666666666666,0.6666666666666666,0,,0,0,,PREPARE
S1_short_window_none_i1,4.0,plan_generated,1,0,finite_search_no_valid_plan,96,0.0942528999876231,continue_bounded_preparation,,,,,-0.7442735668235505,3.732951385625978,,,,0.0,0.0,0.0,0.0,0.0,0.0,,,,0.0,0.0,0.0,,,,,0.6666666666666666,0.6666666666666666,0.6666666666666666,0.6666666666666666,0.6666666666666666,0.6666666666666666,0,,0,0,,PREPARE
S1_short_window_none_i1,4.5,plan_generated,1,0,finite_search_no_valid_plan,96,0.09019140002783388,continue_bounded_preparation,,,,,-0.4618750000004823,3.242897909675503,,,,0.0,0.0,0.0,0.0,0.0,0.0,,,,0.0,0.0,0.0,,,,,0.6666666666666666,0.6666666666666666,0.6666666666666666,0.6666666666666666,0.6666666666666666,0.6666666666666666,0,,0,0,,PREPARE
S1_short_window_none_i1,5.0,plan_generated,1,0,finite_search_no_valid_plan,96,0.09234010003274307,continue_bounded_preparation,,,,,-0.5035260251128273,3.0299937921434266,,,,0.0,0.0,0.0,0.0,0.0,0.0,,,,0.0,0.0,0.0,,,,,0.6666666666666666,0.6666666666666666,0.6666666666666666,0.6666666666666666,0.6666666666666666,0.6666666666666666,0,,0,0,,PREPARE
S1_short_window_none_i1,5.5,plan_generated,1,0,finite_search_no_valid_plan,96,0.0867257000063546,continue_bounded_preparation,,,,,-0.5224304113223122,3.00000000000004,,,,0.0,0.0,0.0,0.0,0.0,0.0,,,,0.0,0.0,0.0,,,,,0.6666666666666666,0.6666666666666666,0.6666666666666666,0.6666666666666666,0.6666666666666666,0.6666666666666666,0,,0,0,,PREPARE
S1_short_window_none_i1,6.0,plan_generated,1,0,finite_search_no_valid_plan,96,0.11103770002955571,continue_bounded_preparation,,,,,-0.5404006380594204,3.3000000000000513,,,,0.0,0.0,0.0,0.0,0.0,0.0,,,,0.0,0.0,0.0,,,,,0.6666666666666666,0.6666666666666666,0.6666666666666666,0.6666666666666666,0.6666666666666666,0.6666666666666666,0,,0,0,,PREPARE
S1_short_window_none_i1,6.5,plan_generated,1,0,finite_search_no_valid_plan,96,0.10321470000781119,continue_bounded_preparation,,,,,-0.3949999999999676,3.6000000000000343,,,,0.0,0.0,0.0,0.0,0.0,0.0,,,,0.0,0.0,0.0,,,,,0.6666666666666666,0.6666666666666666,0.6666666666666666,0.6666666666666666,0.6666666666666666,0.6666666666666666,0,,0,0,,PREPARE
S1_short_window_none_i1,7.0,plan_generated,1,0,finite_search_no_valid_plan,96,0.08626859996002167,continue_bounded_preparation,,,,,-0.27064184871709607,3.393822738104018,,,,0.0,0.0,0.0,0.0,0.0,0.0,,,,0.0,0.0,0.0,,,,,0.6666666666666666,0.6666666666666666,0.6666666666666666,0.6666666666666666,0.6666666666666666,0.6666666666666666,0,,0,0,,PREPARE
S1_short_window_none_i1,7.5,plan_generated,1,0,finite_search_no_valid_plan,96,0.0874006999656558,continue_bounded_preparation,,,,,-0.42695841431270143,2.9043973456762844,,,,0.0,0.0,0.0,0.0,0.0,0.0,,,,0.0,0.0,0.0,,,,,0.6666666666666666,0.6666666666666666,0.6666666666666666,0.6666666666666666,0.6666666666666666,0.6666666666666666,0,,0,0,,PREPARE
S1_short_window_none_i2,0.0,plan_generated,1,0,finite_search_no_valid_plan,96,0.09427880001021549,continue_bounded_preparation,,,,,-2.3906249999997424,3.9256250000002213,,,,0.0,0.0,0.0,0.0,0.0,0.0,,,,0.0,0.0,0.0,,,,,0.6666666666666666,0.6666666666666666,0.6666666666666666,0.6666666666666666,0.6666666666666666,0.6666666666666666,0,,0,0,,PREPARE
S1_short_window_none_i2,0.5,plan_generated,1,0,finite_search_no_valid_plan,96,0.09764660004293546,continue_bounded_preparation,,,,,-0.5059275329696673,4.617248229319114,,,,0.0,0.0,0.0,0.0,0.0,0.0,,,,0.0,0.0,0.0,,,,,0.6666666666666666,0.6666666666666666,0.6666666666666666,0.6666666666666666,0.6666666666666666,0.6666666666666666,0,,0,0,,PREPARE
S1_short_window_none_i2,1.0,plan_generated,1,0,finite_search_no_valid_plan,96,0.11175330000696704,continue_bounded_preparation,,,,,-0.5362527959405461,4.617248229319114,,,,0.0,0.0,0.0,0.0,0.0,0.0,,,,0.0,0.0,0.0,,,,,0.6666666666666666,0.6666666666666666,0.6666666666666666,0.6666666666666666,0.6666666666666666,0.6666666666666666,0,,0,0,,PREPARE
S1_short_window_none_i2,1.5,plan_generated,1,0,finite_search_no_valid_plan,96,0.10547599999699742,continue_bounded_preparation,,,,,-0.17779734853164753,5.5617976203399,,,,0.0,0.0,0.0,0.0,0.0,0.0,,,,0.0,0.0,0.0,,,,,0.6666666666666666,0.6666666666666666,0.6666666666666666,0.6666666666666666,0.6666666666666666,0.6666666666666666,0,,0,0,,PREPARE
S1_short_window_none_i2,2.0,plan_generated,1,0,finite_search_no_valid_plan,96,0.09703289996832609,continue_bounded_preparation,,,,,0.6715933709307871,7.559375000000682,,,,0.0,0.0,0.0,0.0,0.0,0.0,,,,0.0,0.0,0.0,,,,,0.6666666666666666,0.6666666666666666,0.6666666666666666,0.6666666666666666,0.6666666666666666,0.6666666666666666,0,,0,0,,PREPARE
S1_short_window_none_i2,2.5,plan_generated,1,0,finite_search_no_valid_plan,96,0.10248160001356155,continue_bounded_preparation,,,,,1.742456031439695,8.596875000000647,,,,0.0,0.0,0.0,0.0,0.0,0.0,,,,0.0,0.0,0.0,,,,,0.6666666666666666,0.6666666666666666,0.6666666666666666,0.6666666666666666,0.6666666666666666,0.6666666666666666,0,,0,0,,PREPARE
S1_short_window_none_i2,3.0,plan_generated,1,0,finite_search_no_valid_plan,96,0.10775109997484833,continue_bounded_preparation,,,,,1.700000000000645,8.187296465677274,,,,0.0,0.0,0.0,0.0,0.0,0.0,,,,0.0,0.0,0.0,,,,,0.6666666666666666,0.6666666666666666,0.6666666666666666,0.6666666666666666,0.6666666666666666,0.6666666666666666,0,,0,0,,PREPARE
S1_short_window_none_i2,3.5,plan_generated,1,0,finite_search_no_valid_plan,96,0.11922769999364391,continue_bounded_preparation,,,,,1.3848118202797073,7.605780985985047,,,,0.0,0.0,0.0,0.0,0.0,0.0,,,,0.0,0.0,0.0,,,,,0.6666666666666666,0.6666666666666666,0.6666666666666666,0.6666666666666666,0.6666666666666666,0.6666666666666666,0,,0,0,,PREPARE
S1_short_window_none_i2,4.0,plan_generated,1,0,finite_search_no_valid_plan,96,0.10822219995316118,continue_bounded_preparation,,,,,1.08125000000061,6.8712591172887985,,,,0.0,0.0,0.0,0.0,0.0,0.0,,,,0.0,0.0,0.0,,,,,0.6666666666666666,0.6666666666666666,0.6666666666666666,0.6666666666666666,0.6666666666666666,0.6666666666666666,0,,0,0,,PREPARE
S1_short_window_none_i2,4.5,plan_generated,1,0,finite_search_no_valid_plan,96,0.10458799998741597,continue_bounded_preparation,,,,,0.7285320718732047,5.999556400397876,,,,0.0,0.0,0.0,0.0,0.0,0.0,,,,0.0,0.0,0.0,,,,,0.6666666666666666,0.6666666666666666,0.6666666666666666,0.6666666666666666,0.6666666666666666,0.6666666666666666,0,,0,0,,PREPARE
S1_short_window_none_i2,5.0,plan_generated,1,0,finite_search_no_valid_plan,96,0.08967140002641827,continue_bounded_preparation,,,,,0.36845006802988056,5.235962405715424,,,,0.0,0.0,0.0,0.0,0.0,0.0,,,,0.0,0.0,0.0,,,,,0.6666666666666666,0.6666666666666666,0.6666666666666666,0.6666666666666666,0.6666666666666666,0.6666666666666666,0,,0,0,,PREPARE
S1_short_window_none_i2,5.5,plan_generated,1,0,finite_search_no_valid_plan,96,0.08915440004784614,continue_bounded_preparation,,,,,0.10422104488359807,4.575266708780828,,,,0.0,0.0,0.0,0.0,0.0,0.0,,,,0.0,0.0,0.0,,,,,0.6666666666666666,0.6666666666666666,0.6666666666666666,0.6666666666666666,0.6666666666666666,0.6666666666666666,0,,0,0,,PREPARE
S1_short_window_prepare_i0,0.0,plan_generated,1,0,finite_search_no_valid_plan,96,0.09492800000589341,continue_bounded_preparation,,,,,-1.8906249999997424,4.2687500000003356,,,,0.0,0.0,0.0,0.0,0.0,0.0,,,,0.0,0.0,0.0,,,,,0.6666666666666666,0.6666666666666666,0.6666666666666666,0.6666666666666666,0.6666666666666666,0.6666666666666666,0,,0,0,,PREPARE
S1_short_window_prepare_i0,0.5,plan_generated,1,0,finite_search_no_valid_plan,96,0.10581569996429607,continue_bounded_preparation,,,,,-0.7535081160001007,5.008298891305924,,,,0.0,0.0,0.0,0.0,0.0,0.0,,,,0.0,0.0,0.0,,,,,0.6666666666666666,0.6666666666666666,0.6666666666666666,0.6666666666666666,0.6666666666666666,0.6666666666666666,0,,0,0,,PREPARE
S1_short_window_prepare_i0,1.0,plan_generated,1,0,finite_search_no_valid_plan,96,0.09241919999476522,continue_bounded_preparation,,,,,-0.6437499999995024,5.008298891305924,,,,0.0,0.0,0.0,0.0,0.0,0.0,,,,0.0,0.0,0.0,,,,,0.6666666666666666,0.6666666666666666,0.6666666666666666,0.6666666666666666,0.6666666666666666,0.6666666666666666,0,,0,0,,PREPARE
S1_short_window_prepare_i0,1.5,plan_generated,1,0,finite_search_no_valid_plan,96,0.0946612999541685,continue_bounded_preparation,,,,,-0.2017821799186299,5.486582920697043,,,,0.0,0.0,0.0,0.0,0.0,0.0,,,,0.0,0.0,0.0,,,,,0.6666666666666666,0.6666666666666666,0.6666666666666666,0.6666666666666666,0.6666666666666666,0.6666666666666666,0,,0,0,,PREPARE
S1_short_window_prepare_i0,2.0,plan_generated,1,0,finite_search_no_valid_plan,96,0.09786080004414544,continue_bounded_preparation,,,,,0.26343750000014854,6.3629964100422685,,,,0.0,0.0,0.0,0.0,0.0,0.0,,,,0.0,0.0,0.0,,,,,0.6666666666666666,0.6666666666666666,0.6666666666666666,0.6666666666666666,0.6666666666666666,0.6666666666666666,0,,0,0,,PREPARE
S1_short_window_prepare_i0,2.5,plan_generated,1,0,finite_search_no_valid_plan,96,0.08745609998004511,continue_bounded_preparation,,,,,0.7393598121795675,7.62034310235718,,,,0.0,0.0,0.0,0.0,0.0,0.0,,,,0.0,0.0,0.0,,,,,0.6666666666666666,0.6666666666666666,0.6666666666666666,0.6666666666666666,0.6666666666666666,0.6666666666666666,0,,0,0,,PREPARE
S1_short_window_prepare_i0,3.0,plan_generated,1,0,finite_search_no_valid_plan,96,0.08437890000641346,continue_bounded_preparation,,,,,1.9117569102925218,8.462787868092743,,,,0.0,0.0,0.0,0.0,0.0,0.0,,,,0.0,0.0,0.0,,,,,0.6666666666666666,0.6666666666666666,0.6666666666666666,0.6666666666666666,0.6666666666666666,0.6666666666666666,0,,0,0,,PREPARE
S1_short_window_prepare_i0,3.5,plan_generated,1,0,finite_search_no_valid_plan,96,0.0824558999738656,continue_bounded_preparation,,,,,1.6114040776888992,7.830723359237948,,,,0.0,0.0,0.0,0.0,0.0,0.0,,,,0.0,0.0,0.0,,,,,0.6666666666666666,0.6666666666666666,0.6666666666666666,0.6666666666666666,0.6666666666666666,0.6666666666666666,0,,0,0,,PREPARE
S1_short_window_prepare_i0,4.0,plan_generated,1,0,finite_search_no_valid_plan,96,0.09352910000598058,continue_bounded_preparation,,,,,1.2229334787036121,7.224243782558472,,,,0.0,0.0,0.0,0.0,0.0,0.0,,,,0.0,0.0,0.0,,,,,0.6666666666666666,0.6666666666666666,0.6666666666666666,0.6666666666666666,0.6666666666666666,0.6666666666666666,0,,0,0,,PREPARE
S1_short_window_prepare_i0,4.5,plan_generated,1,0,finite_search_no_valid_plan,96,0.0894496000255458,continue_bounded_preparation,,,,,0.8991913376653535,6.392580226910934,,,,0.0,0.0,0.0,0.0,0.0,0.0,,,,0.0,0.0,0.0,,,,,0.6666666666666666,0.6666666666666666,0.6666666666666666,0.6666666666666666,0.6666666666666666,0.6666666666666666,0,,0,0,,PREPARE
S1_short_window_prepare_i0,5.0,plan_generated,1,0,finite_search_no_valid_plan,96,0.08397559996228665,continue_bounded_preparation,,,,,0.5065271621527518,5.598292632883255,,,,0.0,0.0,0.0,0.0,0.0,0.0,,,,0.0,0.0,0.0,,,,,0.6666666666666666,0.6666666666666666,0.6666666666666666,0.6666666666666666,0.6666666666666666,0.6666666666666666,0,,0,0,,PREPARE
S1_short_window_prepare_i0,5.5,plan_generated,1,0,finite_search_no_valid_plan,96,0.09043270000256598,continue_bounded_preparation,,,,,0.20920978129942203,4.905118629631812,,,,0.0,0.0,0.0,0.0,0.0,0.0,,,,0.0,0.0,0.0,,,,,0.6666666666666666,0.6666666666666666,0.6666666666666666,0.6666666666666666,0.6666666666666666,0.6666666666666666,0,,0,0,,PREPARE
S1_short_window_prepare_i1,0.0,plan_generated,1,0,finite_search_no_valid_plan,96,0.09951990004628897,continue_bounded_preparation,,,,,-3.7950000000000257,2.715884862531266,,,,0.0,0.0,0.0,0.0,0.0,0.0,,,,0.0,0.0,0.0,,,,,0.6666666666666666,0.6666666666666666,0.6666666666666666,0.6666666666666666,0.6666666666666666,0.6666666666666666,0,,0,0,,PREPARE
S1_short_window_prepare_i1,0.5,plan_generated,1,0,finite_search_no_valid_plan,96,0.10180369997397065,continue_bounded_preparation,,,,,-1.05812500000006,5.194513229497187,,,,0.0,0.0,0.0,0.0,0.0,0.0,,,,0.0,0.0,0.0,,,,,0.6666666666666666,0.6666666666666666,0.6666666666666666,0.6666666666666666,0.6666666666666666,0.6666666666666666,0,,0,0,,PREPARE
S1_short_window_prepare_i1,1.0,plan_generated,1,0,finite_search_no_valid_plan,96,0.07833109999774024,continue_bounded_preparation,,,,,-0.8260952947863869,4.359591849835636,,,,0.0,0.0,0.0,0.0,0.0,0.0,,,,0.0,0.0,0.0,,,,,0.6666666666666666,0.6666666666666666,0.6666666666666666,0.6666666666666666,0.6666666666666666,0.6666666666666666,0,,0,0,,PREPARE
S1_short_window_prepare_i1,1.5,plan_generated,1,0,finite_search_no_valid_plan,96,0.09325979999266565,continue_bounded_preparation,,,,,-0.81801889444947,3.6318550384463437,,,,0.0,0.0,0.0,0.0,0.0,0.0,,,,0.0,0.0,0.0,,,,,0.6666666666666666,0.6666666666666666,0.6666666666666666,0.6666666666666666,0.6666666666666666,0.6666666666666666,0,,0,0,,PREPARE
S1_short_window_prepare_i1,2.0,plan_generated,1,0,finite_search_no_valid_plan,96,0.1091395000112243,continue_bounded_preparation,,,,,-0.4118615879062193,3.2937499999998012,,,,0.0,0.0,0.0,0.0,0.0,0.0,,,,0.0,0.0,0.0,,,,,0.6666666666666666,0.6666666666666666,0.6666666666666666,0.6666666666666666,0.6666666666666666,0.6666666666666666,0,,0,0,,PREPARE
S1_short_window_prepare_i1,2.5,plan_generated,1,0,finite_search_no_valid_plan,96,0.10811209998792037,continue_bounded_preparation,,,,,-0.5657224172143134,3.059375000000199,,,,0.0,0.0,0.0,0.0,0.0,0.0,,,,0.0,0.0,0.0,,,,,0.6666666666666666,0.6666666666666666,0.6666666666666666,0.6666666666666666,0.6666666666666666,0.6666666666666666,0,,0,0,,PREPARE
S1_short_window_prepare_i1,3.0,plan_generated,1,0,finite_search_no_valid_plan,96,0.10467490000883117,continue_bounded_preparation,,,,,-0.6738586196749954,3.3593749999998126,,,,0.0,0.0,0.0,0.0,0.0,0.0,,,,0.0,0.0,0.0,,,,,0.6666666666666666,0.6666666666666666,0.6666666666666666,0.6666666666666666,0.6666666666666666,0.6666666666666666,0,,0,0,,PREPARE
S1_short_window_prepare_i1,3.5,plan_generated,1,0,finite_search_no_valid_plan,96,0.08381909999297932,continue_bounded_preparation,,,,,-0.7442735668235505,3.659375000000421,,,,0.0,0.0,0.0,0.0,0.0,0.0,,,,0.0,0.0,0.0,,,,,0.6666666666666666,0.6666666666666666,0.6666666666666666,0.6666666666666666,0.6666666666666666,0.6666666666666666,0,,0,0,,PREPARE
S1_short_window_prepare_i1,4.0,plan_generated,1,0,finite_search_no_valid_plan,96,0.09085269999923185,continue_bounded_preparation,,,,,-0.7442735668235505,3.732951385625978,,,,0.0,0.0,0.0,0.0,0.0,0.0,,,,0.0,0.0,0.0,,,,,0.6666666666666666,0.6666666666666666,0.6666666666666666,0.6666666666666666,0.6666666666666666,0.6666666666666666,0,,0,0,,PREPARE
S1_short_window_prepare_i1,4.5,plan_generated,1,0,finite_search_no_valid_plan,96,0.07424350001383573,continue_bounded_preparation,,,,,-0.4618750000004823,3.242897909675503,,,,0.0,0.0,0.0,0.0,0.0,0.0,,,,0.0,0.0,0.0,,,,,0.6666666666666666,0.6666666666666666,0.6666666666666666,0.6666666666666666,0.6666666666666666,0.6666666666666666,0,,0,0,,PREPARE
S1_short_window_prepare_i1,5.0,plan_generated,1,0,finite_search_no_valid_plan,96,0.07985859998734668,continue_bounded_preparation,,,,,-0.5035260251128273,3.0299937921434266,,,,0.0,0.0,0.0,0.0,0.0,0.0,,,,0.0,0.0,0.0,,,,,0.6666666666666666,0.6666666666666666,0.6666666666666666,0.6666666666666666,0.6666666666666666,0.6666666666666666,0,,0,0,,PREPARE
S1_short_window_prepare_i1,5.5,plan_generated,1,0,finite_search_no_valid_plan,96,0.08653030003188178,continue_bounded_preparation,,,,,-0.5224304113223122,3.00000000000004,,,,0.0,0.0,0.0,0.0,0.0,0.0,,,,0.0,0.0,0.0,,,,,0.6666666666666666,0.6666666666666666,0.6666666666666666,0.6666666666666666,0.6666666666666666,0.6666666666666666,0,,0,0,,PREPARE
S1_short_window_prepare_i1,6.0,plan_generated,1,0,finite_search_no_valid_plan,96,0.08596970001235604,continue_bounded_preparation,,,,,-0.5404006380594204,3.3000000000000513,,,,0.0,0.0,0.0,0.0,0.0,0.0,,,,0.0,0.0,0.0,,,,,0.6666666666666666,0.6666666666666666,0.6666666666666666,0.6666666666666666,0.6666666666666666,0.6666666666666666,0,,0,0,,PREPARE
S1_short_window_prepare_i1,6.5,plan_generated,1,0,finite_search_no_valid_plan,96,0.07943669997621328,continue_bounded_preparation,,,,,-0.3949999999999676,3.6000000000000343,,,,0.0,0.0,0.0,0.0,0.0,0.0,,,,0.0,0.0,0.0,,,,,0.6666666666666666,0.6666666666666666,0.6666666666666666,0.6666666666666666,0.6666666666666666,0.6666666666666666,0,,0,0,,PREPARE
S1_short_window_prepare_i1,7.0,plan_generated,1,0,finite_search_no_valid_plan,96,0.09041420003632084,continue_bounded_preparation,,,,,-0.27064184871709607,3.393822738104018,,,,0.0,0.0,0.0,0.0,0.0,0.0,,,,0.0,0.0,0.0,,,,,0.6666666666666666,0.6666666666666666,0.6666666666666666,0.6666666666666666,0.6666666666666666,0.6666666666666666,0,,0,0,,PREPARE
S1_short_window_prepare_i1,7.5,plan_generated,1,0,finite_search_no_valid_plan,96,0.09378219995414838,continue_bounded_preparation,,,,,-0.42695841431270143,2.9043973456762844,,,,0.0,0.0,0.0,0.0,0.0,0.0,,,,0.0,0.0,0.0,,,,,0.6666666666666666,0.6666666666666666,0.6666666666666666,0.6666666666666666,0.6666666666666666,0.6666666666666666,0,,0,0,,PREPARE
S1_short_window_prepare_i2,0.0,plan_generated,1,0,finite_search_no_valid_plan,96,0.08416430000215769,continue_bounded_preparation,,,,,-2.3906249999997424,3.9256250000002213,,,,0.0,0.0,0.0,0.0,0.0,0.0,,,,0.0,0.0,0.0,,,,,0.6666666666666666,0.6666666666666666,0.6666666666666666,0.6666666666666666,0.6666666666666666,0.6666666666666666,0,,0,0,,PREPARE
S1_short_window_prepare_i2,0.5,plan_generated,1,0,finite_search_no_valid_plan,96,0.0790119000012055,continue_bounded_preparation,,,,,-0.5059275329696673,4.617248229319114,,,,0.0,0.0,0.0,0.0,0.0,0.0,,,,0.0,0.0,0.0,,,,,0.6666666666666666,0.6666666666666666,0.6666666666666666,0.6666666666666666,0.6666666666666666,0.6666666666666666,0,,0,0,,PREPARE
S1_short_window_prepare_i2,1.0,plan_generated,1,0,finite_search_no_valid_plan,96,0.08031699998537078,continue_bounded_preparation,,,,,-0.5362527959405461,4.617248229319114,,,,0.0,0.0,0.0,0.0,0.0,0.0,,,,0.0,0.0,0.0,,,,,0.6666666666666666,0.6666666666666666,0.6666666666666666,0.6666666666666666,0.6666666666666666,0.6666666666666666,0,,0,0,,PREPARE
S1_short_window_prepare_i2,1.5,plan_generated,1,0,finite_search_no_valid_plan,96,0.09606650000205263,continue_bounded_preparation,,,,,-0.17779734853164753,5.5617976203399,,,,0.0,0.0,0.0,0.0,0.0,0.0,,,,0.0,0.0,0.0,,,,,0.6666666666666666,0.6666666666666666,0.6666666666666666,0.6666666666666666,0.6666666666666666,0.6666666666666666,0,,0,0,,PREPARE
S1_short_window_prepare_i2,2.0,plan_generated,1,0,finite_search_no_valid_plan,96,0.09985679999226704,continue_bounded_preparation,,,,,0.2914416597773357,6.4870008232576994,,,,0.0,0.0,0.0,0.0,0.0,0.0,,,,0.0,0.0,0.0,,,,,0.6666666666666666,0.6666666666666666,0.6666666666666666,0.6666666666666666,0.6666666666666666,0.6666666666666666,0,,0,0,,PREPARE
S1_short_window_prepare_i2,2.5,plan_generated,1,0,finite_search_no_valid_plan,96,0.09171220002463087,continue_bounded_preparation,,,,,1.742456025632391,8.258782059029567,,,,0.0,0.0,0.0,0.0,0.0,0.0,,,,0.0,0.0,0.0,,,,,0.6666666666666666,0.6666666666666666,0.6666666666666666,0.6666666666666666,0.6666666666666666,0.6666666666666666,0,,0,0,,PREPARE
S1_short_window_prepare_i2,3.0,plan_generated,1,0,finite_search_no_valid_plan,96,0.10380680003436282,continue_bounded_preparation,,,,,1.6484786539293816,7.986481643292092,,,,0.0,0.0,0.0,0.0,0.0,0.0,,,,0.0,0.0,0.0,,,,,0.6666666666666666,0.6666666666666666,0.6666666666666666,0.6666666666666666,0.6666666666666666,0.6666666666666666,0,,0,0,,PREPARE
S1_short_window_prepare_i2,3.5,plan_generated,1,0,finite_search_no_valid_plan,96,0.09280670003499836,continue_bounded_preparation,,,,,1.38481182027971,7.387789666616453,,,,0.0,0.0,0.0,0.0,0.0,0.0,,,,0.0,0.0,0.0,,,,,0.6666666666666666,0.6666666666666666,0.6666666666666666,0.6666666666666666,0.6666666666666666,0.6666666666666666,0,,0,0,,PREPARE
S1_short_window_prepare_i2,4.0,plan_generated,1,0,finite_search_no_valid_plan,96,0.09692540002288297,continue_bounded_preparation,,,,,1.0278033065331753,6.7242437825585,,,,0.0,0.0,0.0,0.0,0.0,0.0,,,,0.0,0.0,0.0,,,,,0.6666666666666666,0.6666666666666666,0.6666666666666666,0.6666666666666666,0.6666666666666666,0.6666666666666666,0,,0,0,,PREPARE
S1_short_window_prepare_i2,4.5,plan_generated,1,0,finite_search_no_valid_plan,96,0.09295459999702871,continue_bounded_preparation,,,,,0.7285320718732047,5.999556400397876,,,,0.0,0.0,0.0,0.0,0.0,0.0,,,,0.0,0.0,0.0,,,,,0.6666666666666666,0.6666666666666666,0.6666666666666666,0.6666666666666666,0.6666666666666666,0.6666666666666666,0,,0,0,,PREPARE
S1_short_window_prepare_i2,5.0,plan_generated,1,0,finite_search_no_valid_plan,96,0.08586750004906207,continue_bounded_preparation,,,,,0.36845006802988056,5.235962405715424,,,,0.0,0.0,0.0,0.0,0.0,0.0,,,,0.0,0.0,0.0,,,,,0.6666666666666666,0.6666666666666666,0.6666666666666666,0.6666666666666666,0.6666666666666666,0.6666666666666666,0,,0,0,,PREPARE
S1_short_window_prepare_i2,5.5,plan_generated,1,0,finite_search_no_valid_plan,96,0.09208440000656992,continue_bounded_preparation,,,,,0.10422104488359807,4.575266708780828,,,,0.0,0.0,0.0,0.0,0.0,0.0,,,,0.0,0.0,0.0,,,,,0.6666666666666666,0.6666666666666666,0.6666666666666666,0.6666666666666666,0.6666666666666666,0.6666666666666666,0,,0,0,,PREPARE
S2_ample_none_i1,0.0,plan_generated,1,1,,102,0.2671783000114374,new_joint_plan,2.5,166.71861293981962,166.71861293981962,5.5,0.6449700460634089,7.259107954068566,1.2476642999491323,-1.5368073171735923,4.921245778437342,-1.5368073171735923,4.0,0.06535054858656555,-0.06535054858656555,0.02766253170912466,-0.072,0.16,0.16,0.4716269602267917,0.16,0.16,0.4716269602267917,0.3781732068145118,0.5926580590400505,0.04483987348117846,-0.0740086076266161,0.3333333333333333,0.6666666666666666,0.3781732068145118,0.5926580590400505,0.3781732068145118,0.5926580590400505,1,1,1,1,,PREPARE
S2_ample_none_i1,0.5,plan_generated,1,1,,7,0.21330180001677945,hold_and_refine,2.5,166.84645297711893,166.84645297711893,5.5,0.2131874419521953,7.357366654679564,1.2741489261060641,2.723866897040246,4.992979239571311,2.723866897040246,4.0,0.04599320089222962,-0.04599320089222962,-0.04902960414672443,-0.072,0.16,0.16,0.46068472971212554,0.16,0.16,0.46068472971212554,0.3747641391531918,0.5289201941216153,-0.0034090676613199866,-0.06373786491843525,0.3781732068145118,0.5926580590400505,0.3747641391531918,0.5289201941216153,0.3747641391531918,0.5289201941216153,1,1,1,1,,PREPARE
S2_ample_none_i1,1.0,plan_generated,1,1,,7,0.22762580000562593,hold_and_refine;state_update_rejected,2.5,166.84645297711893,166.84645297711893,5.5,0.2131874419521953,7.357366654679564,1.2741489261060641,2.3778483669346477,4.10207519747442,2.3778483669346477,4.0,0.03269823570537265,-0.03269823570537265,-0.04280127060482366,-0.072,0.16,0.16,0.4389401845851745,0.16,0.16,0.4389401845851745,0.3747641391531918,0.5289201941216153,0.0,0.0,0.3747641391531918,0.5289201941216153,0.36783880100770033,0.47233971471595604,0.3747641391531918,0.5289201941216153,0,0,1,1,,PREPARE
S2_ample_none_i1,1.5,plan_generated,1,1,,7,0.18625369999790564,hold_and_refine,2.5,166.96365330368684,166.96365330368684,5.5,0.08880951965094219,7.287536950498446,1.2991138719112234,2.037077900530489,3.659601286325661,2.037077900530489,3.659601286325661,0.030648349720407333,-0.030648349720407333,-0.0366674022095488,-0.06587282315386189,0.16,0.16,0.4114225735211807,0.16,0.16,0.4114225735211807,0.3698807922128551,0.47642824613150775,-0.004883346940336708,-0.052491947990107535,0.3747641391531918,0.5289201941216153,0.3698807922128551,0.47642824613150775,0.3698807922128551,0.47642824613150775,1,1,1,1,,PREPARE
S2_ample_none_i1,2.0,plan_generated,1,1,,7,0.14182640000944957,hold_and_refine,2.5,167.09361740184517,167.09361740184517,5.5,0.055206949281788376,7.27508307115603,1.3161230798199375,1.693660295062474,2.939147167542045,1.693660295062474,2.939147167542045,0.02003894105277024,-0.02003894105277024,-0.03048588531112453,-0.052904649015756804,0.16,0.16,0.38124337630520594,0.16,0.16,0.38124337630520594,0.36280791612261365,0.43614502512819214,-0.007072876090241431,-0.040283221003315606,0.3698807922128551,0.47642824613150775,0.36280791612261365,0.43614502512819214,0.36280791612261365,0.43614502512819214,1,1,1,1,,PREPARE
S2_ample_none_i1,2.5,plan_generated,1,1,,7,0.13667450001230463,hold_and_refine,2.5,167.19622056331622,167.19622056331622,5.5,0.055206949281788376,7.27508307115603,1.332340109168406,1.3550661723100534,2.3063159570792284,1.3550661723100534,2.3063159570792284,0.012818801896735945,-0.012818801896735945,-0.02439119110158096,-0.041513687227426106,0.16,0.16,0.35083492478062717,0.16,0.16,0.35083492478062717,0.3552076819395781,0.40548962036508557,-0.00760023418303557,-0.030655404763106575,0.36280791612261365,0.43614502512819214,0.3552076819395781,0.40548962036508557,0.3552076819395781,0.40548962036508557,1,1,1,1,,EXECUTE
S2_ample_none_i1,3.0,plan_generated,1,1,,7,0.12355530000058934,hold_and_refine,2.5,167.26344786314928,167.26344786314928,5.5,1.6993281079987979,8.706322179181367,1.340864875243352,1.0497325921803793,1.7559079985008768,1.0497325921803793,1.7559079985008768,0.008105439514247666,-0.008105439514247666,-0.018895186659246825,-0.03160634397301578,0.16,0.16,0.3220344766543576,0.16,0.16,0.3220344766543576,0.3480367699573806,0.38238981165853314,-0.007170911982197492,-0.023099808706552427,0.3552076819395781,0.40548962036508557,0.3480367699573806,0.38238981165853314,0.3480367699573806,0.38238981165853314,1,1,1,1,,EXECUTE
S2_ample_none_i1,3.5,plan_generated,1,1,,7,0.11236420000204816,hold_and_refine,2.5,167.30082555904795,167.30082555904795,5.5,3.326227525671312,9.778597543692467,1.345668766292452,0.7823226480757974,1.2840332631585352,0.7823226480757974,1.2840332631585352,0.005102943398708172,-0.005102943398708172,-0.014081807665364352,-0.023112598736853632,0.16,0.16,0.2960936516042014,0.16,0.16,0.2960936516042014,0.3418071539742656,0.36522292209748397,-0.006229615983115,-0.01716688956104917,0.3480367699573806,0.38238981165853314,0.3418071539742656,0.36522292209748397,0.3418071539742656,0.36522292209748397,1,1,1,1,,EXECUTE
S2_ample_none_i1,4.0,plan_generated,1,1,,7,0.09456229995703325,hold_and_refine,2.5,167.31795653752388,167.31795653752388,5.5,3.3633718408775906,9.839518770565615,1.3499090221450127,0.552903007538117,0.8878572449384372,0.552903007538117,0.8878572449384372,0.003218634726735125,-0.003218634726735125,-0.009952254135686105,-0.01598143040889187,0.16,0.16,0.27370655323679083,0.16,0.16,0.27370655323679083,0.3367313084999188,0.3527011061528906,-0.005075845474346807,-0.012521815944593395,0.3418071539742656,0.36522292209748397,0.3367313084999188,0.3527011061528906,0.3367313084999188,0.3527011061528906,1,1,1,1,,EXECUTE
S2_ample_none_i1,4.5,plan_generated,1,1,,7,0.08629529998870566,hold_and_refine,2.5,167.3238281319153,167.3238281319153,5.499999999999999,3.3829656981656404,9.871611850147769,1.3524763158304214,0.3615786449909631,0.5655313911840555,0.3615786449909631,0.5655313911840555,0.002046936172984744,-0.002046936172984744,-0.006508415609837335,-0.010179565041312998,0.16,0.16,0.25510398354621433,0.16,0.16,0.25510398354621433,0.3328169122389929,0.34376624669651856,-0.003914396260925879,-0.008934859456372013,0.3367313084999188,0.3527011061528906,0.3328169122389929,0.34376624669651856,0.3328169122389929,0.34376624669651856,1,1,1,1,,EXECUTE
S2_ample_none_i1,5.0,plan_generated,1,1,,7,0.056810200039763004,hold_and_refine,2.5,167.32490693638937,167.32490693638937,5.499999999999997,3.3922336294788655,9.886683884280995,1.353800054409161,0.20816840029116662,0.3157846105180174,0.20816840029116662,0.3157846105180174,0.00132157646556922,-0.00132157646556922,-0.0037470312052409987,-0.005684122989324312,0.16,0.16,0.24017089061980523,0.16,0.16,0.24017089061980523,0.32994010030796206,0.33751326699549966,-0.0028768119310308427,-0.0062529797010189014,0.3328169122389929,0.34376624669651856,0.32994010030796206,0.33751326699549966,0.32994010030796206,0.33751326699549966,1,1,1,1,,EXECUTE
S2_ample_none_i2,0.0,plan_generated,1,1,,102,0.2307928999653086,new_joint_plan,1.5,162.8853905769185,162.8853905769185,4.5,0.882593941966868,8.550447167774248,1.4764673451453922,0.8675530047083726,3.531927840569847,0.8675530047083726,3.531927840569847,0.0,-0.0,-0.015615954084750706,-0.06357470113025725,0.16,0.16,0.5783916064388326,0.16,0.16,0.5783916064388326,0.3238586896242913,0.298879316101538,-0.009474643709041997,-0.03445401723179531,0.3333333333333333,0.3333333333333333,0.3238586896242913,0.298879316101538,0.3238586896242913,0.298879316101538,1,1,1,1,,PREPARE
S2_ample_none_i2,0.5,plan_generated,1,1,,7,0.19467250001616776,hold_and_refine,1.5,163.16539773120417,163.16539773120417,4.5,0.8269628047816768,8.524929035900595,1.5065656350814032,0.7334201039385847,3.3038787252406796,0.7334201039385847,3.3038787252406796,-0.006893780756650139,0.006893780756650139,-0.013201561870894524,-0.05946981705433223,0.16,0.16,0.5496065705558633,0.16,0.16,0.5496065705558633,0.31219172486239755,0.27020026342388465,-0.011666964761893772,-0.02867905267765336,0.3238586896242913,0.298879316101538,0.31219172486239755,0.27020026342388465,0.31219172486239755,0.27020026342388465,1,1,1,1,,PREPARE
S2_ample_none_i2,1.0,plan_generated,1,1,,7,0.19745450001209974,hold_and_refine,1.5,163.3815836732358,163.3815836732358,4.5,0.8129321663999312,8.521656578741936,1.5252941214116857,0.5301024066205363,2.6403903002266698,0.5301024066205363,2.6403903002266698,-0.010866682102342654,0.010866682102342654,-0.009541843319169654,-0.047527025404080055,0.16,0.16,0.5163289936681623,0.16,0.16,0.5163289936681623,0.3004265035273294,0.24970848966562487,-0.011765221335068132,-0.02049177375825978,0.31219172486239755,0.27020026342388465,0.3004265035273294,0.24970848966562487,0.3004265035273294,0.24970848966562487,1,1,1,1,,PREPARE
S2_ample_none_i2,1.5,plan_generated,1,1,,7,0.15233760001137853,hold_and_refine,1.5,163.5285653779449,163.5285653779449,4.5,0.8129321663999312,8.521656578741936,1.5400759765145944,0.36227808383275334,2.0621824586627784,0.36227808383275334,2.0621824586627784,-0.012249796820023326,0.012249796820023326,-0.0065210055089895596,-0.03711928425593001,0.16,0.16,0.48254295147946974,0.16,0.16,0.48254295147946974,0.28953896984518634,0.23527607803034653,-0.010887533682143069,-0.014432411635278336,0.3004265035273294,0.24970848966562487,0.28953896984518634,0.23527607803034653,0.28953896984518634,0.23527607803034653,1,1,1,1,,EXECUTE
S2_ample_none_i2,2.0,plan_generated,1,1,,7,0.14350689999992028,hold_and_refine,1.5,163.61905106529485,163.61905106529485,4.5,3.14095105741755,10.726155528793623,1.5490081621574352,0.23458892750789279,1.5614797765619044,0.23458892750789279,1.5614797765619044,-0.012185622907755381,0.012185622907755381,-0.00422260069514207,-0.02810663597811428,0.16,0.16,0.44893190076644734,0.16,0.16,0.44893190076644734,0.2798871631945117,0.2254333628709243,-0.009651806650674666,-0.009842715159422227,0.28953896984518634,0.23527607803034653,0.2798871631945117,0.2254333628709243,0.2798871631945117,0.2254333628709243,1,1,1,1,,EXECUTE
S2_ample_none_i2,2.5,plan_generated,1,1,,7,0.12493519997224212,hold_and_refine,1.5,163.66912476008588,163.66912476008588,4.5,3.2228089324003673,11.545098212325609,1.549202873896763,0.14195284055552929,1.1337206119681367,0.14195284055552929,1.1337206119681367,-0.01133720883505989,0.01133720883505989,-0.002555151129999527,-0.020406971015426458,0.16,0.16,0.41622530040909667,0.16,0.16,0.41622530040909667,0.2715415473960094,0.21909501487777364,-0.008345615798502293,-0.006338347993150667,0.2798871631945117,0.2254333628709243,0.2715415473960094,0.21909501487777364,0.2715415473960094,0.21909501487777364,1,1,1,1,,EXECUTE
S2_ample_none_i2,3.0,plan_generated,1,1,,7,0.08743499999400228,hold_and_refine,1.5,163.69308142134633,163.69308142134633,4.5,3.18090288693052,11.50357848195959,1.551459066472673,0.07637964544815136,0.7759203090561493,0.07637964544815136,0.7759203090561493,-0.010106290914156534,0.010106290914156534,-0.0013748336180667243,-0.013966565563010685,0.16,0.16,0.3850986164557124,0.16,0.16,0.3850986164557124,0.26444327739291773,0.21541211743432437,-0.007098270003091656,-0.003682897443449268,0.2715415473960094,0.21909501487777364,0.26444327739291773,0.21541211743432437,0.26444327739291773,0.21541211743432437,1,1,1,1,,EXECUTE
S2_ample_none_i2,3.5,plan_generated,1,1,,7,0.08935379999456927,hold_and_refine,1.5,163.70207861414045,163.70207861414045,4.499999999999999,3.162192698114165,11.48497291360145,1.5522678619783732,0.03387738110726458,0.4860983956909227,0.03387738110726458,0.4860983956909227,-0.008742031425006269,0.008742031425006269,-0.0006097928599307623,-0.008749771122436608,0.16,0.16,0.3561140619416874,0.16,0.16,0.3561140619416874,0.25844514886348463,0.2136849506461346,-0.0059981285294331,-0.0017271667881897657,0.26444327739291773,0.21541211743432437,0.25844514886348463,0.2136849506461346,0.25844514886348463,0.2136849506461346,1,1,1,1,,EXECUTE
S2_ample_none_i2,4.0,plan_generated,1,1,,7,0.05942380003398284,hold_and_refine,1.5,163.70399460416837,163.70399460416837,4.499999999999997,3.155874780272832,11.4787376261698,1.5523892258325405,0.013382590601778158,0.2626422054926185,0.013382590601778158,0.2626422054926185,-0.007393275362641711,0.007393275362641711,-0.00024088663083200683,-0.004727559698867133,0.16,0.16,0.329691100513664,0.16,0.16,0.329691100513664,0.2533358421224303,0.2133083288728528,-0.005109306741054309,-0.00037662177328179336,0.25844514886348463,0.2136849506461346,0.2533358421224303,0.2133083288728528,0.2533358421224303,0.2133083288728528,1,1,1,1,,EXECUTE
S2_ample_prepare_i1,0.0,plan_generated,1,1,,102,0.32852229999843985,new_joint_plan,2.5,166.71861293981962,166.71861293981962,5.5,0.6449700460634089,7.259107954068566,1.2476642999491323,-1.5368073171735923,4.921245778437342,-1.5368073171735923,4.0,0.06535054858656555,-0.06535054858656555,0.02766253170912466,-0.072,0.16,0.16,0.4716269602267917,0.16,0.16,0.4716269602267917,0.3781732068145118,0.5926580590400505,0.04483987348117846,-0.0740086076266161,0.3333333333333333,0.6666666666666666,0.3781732068145118,0.5926580590400505,0.3781732068145118,0.5926580590400505,1,1,1,1,,PREPARE
S2_ample_prepare_i1,0.5,plan_generated,1,1,,7,0.24818739999318495,hold_and_refine,2.5,166.84645297711893,166.84645297711893,5.5,0.2131874419521953,7.357366654679564,1.2741489261060641,2.723866897040246,4.992979239571311,2.723866897040246,4.0,0.04599320089222962,-0.04599320089222962,-0.04902960414672443,-0.072,0.16,0.16,0.46068472971212554,0.16,0.16,0.46068472971212554,0.3747641391531918,0.5289201941216153,-0.0034090676613199866,-0.06373786491843525,0.3781732068145118,0.5926580590400505,0.3747641391531918,0.5289201941216153,0.3747641391531918,0.5289201941216153,1,1,1,1,,PREPARE
S2_ample_prepare_i1,1.0,plan_generated,1,1,,7,0.2256568999728188,hold_and_refine;state_update_rejected,2.5,166.84645297711893,166.84645297711893,5.5,0.2131874419521953,7.357366654679564,1.2741489261060641,2.3778483669346477,4.10207519747442,2.3778483669346477,4.0,0.03269823570537265,-0.03269823570537265,-0.04280127060482366,-0.072,0.16,0.16,0.4389401845851745,0.16,0.16,0.4389401845851745,0.3747641391531918,0.5289201941216153,0.0,0.0,0.3747641391531918,0.5289201941216153,0.36783880100770033,0.47233971471595604,0.3747641391531918,0.5289201941216153,0,0,1,1,,PREPARE
S2_ample_prepare_i1,1.5,plan_generated,1,1,,7,0.21128709998447448,hold_and_refine,2.5,166.96348241464602,166.96348241464602,5.5,0.08878209752015565,7.28751663085009,1.2991179015921357,2.037077890133459,3.6596012863256564,2.037077890133459,3.6596012863256564,0.03066259028667902,-0.03066259028667902,-0.036667402022402255,-0.06587282315386181,0.16,0.16,0.41161373847711946,0.16,0.16,0.41161373847711946,0.3698879125895642,0.47642112584837193,-0.0048762265636275726,-0.052499068273243354,0.3747641391531918,0.5289201941216153,0.3698879125895642,0.47642112584837193,0.3698879125895642,0.47642112584837193,1,1,1,1,,PREPARE
S2_ample_prepare_i1,2.0,plan_generated,1,1,,7,0.20228740002494305,hold_and_refine,2.5,167.09192181942305,167.09192181942305,5.5,0.05507377310319672,7.275000536209402,1.3161745745446591,1.6936629177679667,2.9391418560965334,1.6936629177679667,2.9391418560965334,0.020205012486303287,-0.020205012486303287,-0.0304859325198234,-0.0529045534097376,0.16,0.16,0.3844523572417673,0.16,0.16,0.3844523572417673,0.36289801300985636,0.4360549738935645,-0.006989899579707859,-0.04036615195480742,0.3698879125895642,0.47642112584837193,0.36289801300985636,0.4360549738935645,0.36289801300985636,0.4360549738935645,1,1,1,1,,PREPARE
S2_ample_prepare_i1,2.5,plan_generated,1,1,,7,0.15681139996740967,hold_and_refine,2.5,167.19268524331264,167.19268524331264,5.5,0.05507377310319672,7.275000536209402,1.3324723091931332,1.3550901248574345,2.306258459500024,1.3550901248574345,2.306258459500024,0.01309268772721897,-0.01309268772721897,-0.024391622247433818,-0.04151265227100043,0.16,0.16,0.35919758146381486,0.16,0.16,0.35919758146381486,0.35543405568469966,0.4052638641033063,-0.0074639573251567,-0.03079110979025823,0.36289801300985636,0.4360549738935645,0.35543405568469966,0.4052638641033063,0.35543405568469966,0.4052638641033063,1,1,1,1,,EXECUTE
S2_ample_prepare_i1,3.0,plan_generated,1,1,,7,0.14427779999095947,hold_and_refine,2.5,167.25886834915508,167.25886834915508,5.5,1.6987616034650967,8.705924837917063,1.3410569402699835,1.049787698833904,1.7557845043555536,1.049787698833904,1.7557845043555536,0.008331456556170538,-0.008331456556170538,-0.018896178579010273,-0.03160412107839996,0.16,0.16,0.33399282674549213,0.16,0.16,0.33399282674549213,0.3483745243948563,0.3820539643731946,-0.007059531289843379,-0.02320989973011167,0.35543405568469966,0.4052638641033063,0.3483745243948563,0.3820539643731946,0.3483745243948563,0.3820539643731946,1,1,1,1,,EXECUTE
S2_ample_prepare_i1,3.5,plan_generated,1,1,,7,0.0883633999619633,hold_and_refine,2.5,167.29598264757115,167.29598264757115,5.5,3.328331157227354,9.781966132946945,1.3456313567364346,0.7823975040754096,1.283887458114097,0.7823975040754096,1.283887458114097,0.005195467511926012,-0.005195467511926012,-0.014083155073357372,-0.023109974246053745,0.16,0.16,0.30746844427135483,0.16,0.16,0.30746844427135483,0.34218880799216633,0.3648448117792192,-0.006185716402689945,-0.01720915259397543,0.3483745243948563,0.3820539643731946,0.34218880799216633,0.3648448117792192,0.34218880799216633,0.3648448117792192,1,1,1,1,,EXECUTE
S2_ample_prepare_i1,4.0,plan_generated,1,1,,7,0.09789959999034181,hold_and_refine,2.5,167.31311898469767,167.31311898469767,5.5,3.3654800408922467,9.842880376090687,1.350125075008869,0.5529797437465312,0.8877124645962378,0.5529797437465312,0.8877124645962378,0.003220657022030257,-0.003220657022030257,-0.009953635387437562,-0.015978824362732277,0.16,0.16,0.28304668064449534,0.16,0.16,0.28304668064449534,0.33711137476950187,0.35232631259260416,-0.0050774332226644625,-0.012518499186615017,0.34218880799216633,0.3648448117792192,0.33711137476950187,0.35232631259260416,0.33711137476950187,0.35232631259260416,1,1,1,1,,EXECUTE
S2_ample_prepare_i1,4.5,plan_generated,1,1,,7,0.07116099999984726,hold_and_refine,2.5,167.3190249317936,167.3190249317936,5.499999999999999,3.3850290853978704,9.874892088103916,1.3526880610412861,0.3616352836780901,0.5654254926346393,0.3616352836780901,0.5654254926346393,0.0020059527259041286,-0.0020059527259041286,-0.006509435106205622,-0.010177658867423505,0.16,0.16,0.2623892543773685,0.16,0.16,0.2623892543773685,0.33317407670550364,0.34341589629519953,-0.003937298063998229,-0.008910416297404633,0.33711137476950187,0.35232631259260416,0.33317407670550364,0.34341589629519953,0.33317407670550364,0.34341589629519953,1,1,1,1,,EXECUTE
S2_ample_prepare_i1,5.0,plan_generated,1,1,,7,0.05449180002324283,hold_and_refine,2.5,167.32011530236744,167.32011530236744,5.499999999999997,3.3942533214778967,9.889889379550379,1.3540063511767948,0.20821489631779327,0.3157112165595844,0.20821489631779327,0.3157112165595844,0.001264299173470186,-0.001264299173470186,-0.0037478681337202785,-0.005682801898072519,0.16,0.16,0.24562796785901544,0.16,0.16,0.24562796785901544,0.33026642184185107,0.3371950185890666,-0.0029076548636525756,-0.0062208777061329434,0.33317407670550364,0.34341589629519953,0.33026642184185107,0.3371950185890666,0.33026642184185107,0.3371950185890666,1,1,1,1,,EXECUTE
S2_ample_prepare_i2,0.0,plan_generated,1,1,,102,0.1879981000092812,new_joint_plan,1.5,162.8853905769185,162.8853905769185,4.5,0.882593941966868,8.550447167774248,1.4764673451453922,0.8675530047083726,3.531927840569847,0.8675530047083726,3.531927840569847,0.0,-0.0,-0.015615954084750706,-0.06357470113025725,0.16,0.16,0.5783916064388326,0.16,0.16,0.5783916064388326,0.3238586896242913,0.298879316101538,-0.009474643709041997,-0.03445401723179531,0.3333333333333333,0.3333333333333333,0.3238586896242913,0.298879316101538,0.3238586896242913,0.298879316101538,1,1,1,1,,PREPARE
S2_ample_prepare_i2,0.5,plan_generated,1,1,,7,0.14826670003822073,hold_and_refine,1.5,163.16539773120417,163.16539773120417,4.5,0.8269628047816768,8.524929035900595,1.5065656350814032,0.7334201039385847,3.3038787252406796,0.7334201039385847,3.3038787252406796,-0.006893780756650139,0.006893780756650139,-0.013201561870894524,-0.05946981705433223,0.16,0.16,0.5496065705558633,0.16,0.16,0.5496065705558633,0.31219172486239755,0.27020026342388465,-0.011666964761893772,-0.02867905267765336,0.3238586896242913,0.298879316101538,0.31219172486239755,0.27020026342388465,0.31219172486239755,0.27020026342388465,1,1,1,1,,PREPARE
S2_ample_prepare_i2,1.0,plan_generated,1,1,,7,0.1338774999603629,hold_and_refine,1.5,163.3815836732358,163.3815836732358,4.5,0.8129321663999312,8.521656578741936,1.5252941214116857,0.5301024066205363,2.6403903002266698,0.5301024066205363,2.6403903002266698,-0.010866682102342654,0.010866682102342654,-0.009541843319169654,-0.047527025404080055,0.16,0.16,0.5163289936681623,0.16,0.16,0.5163289936681623,0.3004265035273294,0.24970848966562487,-0.011765221335068132,-0.02049177375825978,0.31219172486239755,0.27020026342388465,0.3004265035273294,0.24970848966562487,0.3004265035273294,0.24970848966562487,1,1,1,1,,PREPARE
S2_ample_prepare_i2,1.5,plan_generated,1,1,,7,0.12410510005429387,hold_and_refine,1.5,163.52810415748974,163.52810415748974,4.5,0.8129321663999312,8.521656578741936,1.540072607400186,0.35812173274027753,2.062182458413861,0.35812173274027753,2.062182458413861,-0.012256282183370942,0.012256282183370942,-0.006446191189324995,-0.037119284251449496,0.16,0.16,0.48279842235928544,0.16,0.16,0.48279842235928544,0.2895731343233448,0.23527932071426058,-0.010853369203984609,-0.014429168951364285,0.3004265035273294,0.24970848966562487,0.2895731343233448,0.23527932071426058,0.2895731343233448,0.23527932071426058,1,1,1,1,,EXECUTE
S2_ample_prepare_i2,2.0,plan_generated,1,1,,7,0.1210665000253357,hold_and_refine,1.5,163.61726616730795,163.61726616730795,4.5,2.200936595962295,10.507844675566002,1.548946855047678,0.21185069636364023,1.5614823705303056,0.21185069636364023,1.5614823705303056,-0.012312184883510472,0.012312184883510472,-0.003813312534545524,-0.0281066826695455,0.16,0.16,0.45333875838259563,0.16,0.16,0.45333875838259563,0.2800625199427001,0.22549983725552897,-0.00951061438064471,-0.009779483458731614,0.2895731343233448,0.23527932071426058,0.2800625199427001,0.22549983725552897,0.2800625199427001,0.22549983725552897,1,1,1,1,,EXECUTE
S2_ample_prepare_i2,2.5,plan_generated,1,1,,7,0.10923449997790158,hold_and_refine,1.5,163.6671773234775,163.6671773234775,4.5,1.7286778875697095,10.026659141882828,1.5490110481609058,0.11942923454102308,1.1337615013848725,0.11942923454102308,1.1337615013848725,-0.011686700635280909,0.011686700635280909,-0.002149726221738415,-0.020407707024927703,0.16,0.16,0.42820844093140986,0.16,0.16,0.42820844093140986,0.27174399391447696,0.21933533536266134,-0.008318526028223139,-0.00616450189286763,0.2800625199427001,0.22549983725552897,0.27174399391447696,0.21933533536266134,0.27174399391447696,0.21933533536266134,1,1,1,1,,EXECUTE
S2_ample_prepare_i2,3.0,plan_generated,1,1,,7,0.0819902999792248,hold_and_refine,1.5,163.69173058349054,163.69173058349054,4.5,1.7602894143423544,10.064277644572126,1.5511244839497422,0.06990637834477621,0.7760346812463212,0.06990637834477621,0.7760346812463212,-0.010574325258428705,0.010574325258428705,-0.0012583148102059717,-0.013968624262433782,0.16,0.16,0.4032215383281351,0.16,0.16,0.4032215383281351,0.2644689539105872,0.2158835031777575,-0.007275040003889732,-0.0034518321849038303,0.27174399391447696,0.21933533536266134,0.2644689539105872,0.2158835031777575,0.2644689539105872,0.2158835031777575,1,1,1,1,,EXECUTE
S2_ample_prepare_i2,3.5,plan_generated,1,1,,7,0.05995349999284372,hold_and_refine,1.5,163.70105657918108,163.70105657918108,4.499999999999999,1.9349885940810445,10.25717667337143,1.5518485380891478,0.03766629054011262,0.4862716162465742,0.03766629054011262,0.4862716162465742,-0.009111978151807842,0.009111978151807842,-0.0006779932297220271,-0.008752889092438335,0.16,0.16,0.37456244422871987,0.16,0.16,0.37456244422871987,0.25825162345026936,0.2143359796820202,-0.00621733046031786,-0.0015475234957373074,0.2644689539105872,0.2158835031777575,0.25825162345026936,0.2143359796820202,0.25825162345026936,0.2143359796820202,1,1,1,1,,EXECUTE
S2_ample_prepare_i2,4.0,plan_generated,1,1,,7,0.05072430003201589,hold_and_refine,1.5,163.70303012882763,163.70303012882763,4.499999999999997,1.9294096592938175,10.251895094055907,1.551936277569002,0.018216667591215433,0.2628269394909559,0.018216667591215433,0.2628269394909559,-0.00761518186360045,0.00761518186360045,-0.00032790001664187776,-0.004730884910837206,0.16,0.16,0.3460746582055717,0.16,0.16,0.3460746582055717,0.2529888243928968,0.21406344032094565,-0.005262799057372536,-0.00027253936107454746,0.25825162345026936,0.2143359796820202,0.2529888243928968,0.21406344032094565,0.2529888243928968,0.21406344032094565,1,1,1,1,,EXECUTE
S2_collaborative_none_i1,0.0,plan_generated,1,0,finite_search_no_valid_plan,96,0.08428740000817925,continue_bounded_preparation,,,,,-0.47244431153736244,6.051029235816441,,,,0.0,0.0,0.0,0.0,0.0,0.0,,,,0.0,0.0,0.0,,,,,0.6666666666666666,0.6666666666666666,0.6666666666666666,0.6666666666666666,0.6666666666666666,0.6666666666666666,0,,0,0,,PREPARE
S2_collaborative_none_i1,0.5,plan_generated,1,0,finite_search_no_valid_plan,96,0.07996890001231804,continue_bounded_preparation,,,,,0.5297477102821961,7.481874999999886,,,,0.0,0.0,0.0,0.0,0.0,0.0,,,,0.0,0.0,0.0,,,,,0.6666666666666666,0.6666666666666666,0.6666666666666666,0.6666666666666666,0.6666666666666666,0.6666666666666666,0,,0,0,,PREPARE
S2_collaborative_none_i1,1.0,plan_generated,1,0,finite_search_no_valid_plan,96,0.09206630004337057,continue_bounded_preparation,,,,,0.6631249999999511,7.659374999999938,,,,0.0,0.0,0.0,0.0,0.0,0.0,,,,0.0,0.0,0.0,,,,,0.6666666666666666,0.6666666666666666,0.6666666666666666,0.6666666666666666,0.6666666666666666,0.6666666666666666,0,,0,0,,PREPARE
S2_collaborative_none_i1,1.5,plan_generated,1,0,finite_search_no_valid_plan,96,0.08454220002749935,continue_bounded_preparation,,,,,1.531700861638658,7.3947662106873056,,,,0.0,0.0,0.0,0.0,0.0,0.0,,,,0.0,0.0,0.0,,,,,0.6666666666666666,0.6666666666666666,0.6666666666666666,0.6666666666666666,0.6666666666666666,0.6666666666666666,0,,0,0,,PREPARE
S2_collaborative_none_i1,2.0,plan_generated,1,0,finite_search_no_valid_plan,96,0.07461409998359159,continue_bounded_preparation,,,,,1.1506249999998728,7.399999999999733,,,,0.0,0.0,0.0,0.0,0.0,0.0,,,,0.0,0.0,0.0,,,,,0.6666666666666666,0.6666666666666666,0.6666666666666666,0.6666666666666666,0.6666666666666666,0.6666666666666666,0,,0,0,,PREPARE
S2_collaborative_none_i1,2.5,plan_generated,1,0,finite_search_no_valid_plan,96,0.08851590001722798,continue_bounded_preparation,,,,,1.5800000000004024,8.200000000000397,,,,0.0,0.0,0.0,0.0,0.0,0.0,,,,0.0,0.0,0.0,,,,,0.6666666666666666,0.6666666666666666,0.6666666666666666,0.6666666666666666,0.6666666666666666,0.6666666666666666,0,,0,0,,PREPARE
S2_collaborative_none_i1,3.0,plan_generated,1,0,finite_search_no_valid_plan,96,0.10751840000739321,continue_bounded_preparation,,,,,1.9299999999996338,8.299310669342372,,,,0.0,0.0,0.0,0.0,0.0,0.0,,,,0.0,0.0,0.0,,,,,0.6666666666666666,0.6666666666666666,0.6666666666666666,0.6666666666666666,0.6666666666666666,0.6666666666666666,0,,0,0,,PREPARE
S2_collaborative_none_i1,3.5,plan_generated,1,1,,102,0.20090549997985363,new_joint_plan,4.0,168.83825518406155,168.83825518406155,7.0,0.43765634190154845,5.260318696220463,1.2188279828789332,738.7452373218194,-716.5343810074451,4.0,-4.0,-0.05131010953571449,0.05131010953571449,-0.072,0.072,0.16,0.16,0.3702988194074244,0.16,0.16,0.3702988194074244,0.6016782785654761,0.3923217214345239,-0.06498838810119056,0.05898838810119056,0.6666666666666666,0.3333333333333333,0.6016782785654761,0.3923217214345239,0.6016782785654761,0.3923217214345239,1,1,1,1,,PREPARE
S2_collaborative_none_i1,4.0,plan_generated,1,1,,7,0.1150086999987252,hold_and_refine,4.0,169.27928852827623,169.27928852827623,7.0,0.4797308021085671,5.348243618089481,1.2228860622009063,1.5748728540146826,2.185539741474312,1.5748728540146826,2.185539741474312,-0.030973779059093154,0.030973779059093154,-0.028347711372264283,-0.039339715346537615,0.16,0.16,0.31667497120919486,0.16,0.16,0.31667497120919486,0.5690091419569699,0.38500017951932547,-0.03266913660850612,-0.007321541915198404,0.6016782785654761,0.3923217214345239,0.5690091419569699,0.38500017951932547,0.5690091419569699,0.38500017951932547,1,1,1,1,,EXECUTE
S2_collaborative_none_i1,4.5,plan_generated,1,1,,7,0.10769380000419915,hold_and_refine,4.0,169.51869680404465,169.51869680404465,7.0,0.5056339466855642,5.403081504335927,1.226607000983738,1.1708841281810745,1.7371807283322398,1.1708841281810745,1.7371807283322398,-0.024307759770418137,0.024307759770418137,-0.021075914307259337,-0.03126925310998031,0.16,0.16,0.2780353475162328,0.16,0.16,0.2780353475162328,0.5434722592083464,0.37843943141338976,-0.025536882748623535,-0.00656074810593571,0.5690091419569699,0.38500017951932547,0.5434722592083464,0.37843943141338976,0.5434722592083464,0.37843943141338976,1,1,1,1,,EXECUTE
S2_collaborative_none_i1,5.0,plan_generated,1,1,,7,0.09520019998308271,hold_and_refine,4.0,169.6411992396169,169.6411992396169,7.0,0.5209557447430226,5.4352365802420595,1.228448784231307,0.8618718752312212,1.2942578302002075,0.8618718752312212,1.2942578302002075,-0.019885728844504815,0.019885728844504815,-0.015513693754161981,-0.023296640943603734,0.16,0.16,0.25080465020075954,0.16,0.16,0.25080465020075954,0.5230551866129712,0.3737064599125332,-0.020417072595375174,-0.004732971500856553,0.5434722592083464,0.37843943141338976,0.5230551866129712,0.3737064599125332,0.5230551866129712,0.3737064599125332,1,1,1,1,,EXECUTE
S2_collaborative_none_i1,5.5,plan_generated,1,1,,7,0.08034149999730289,hold_and_refine,4.0,169.69689653365202,169.69689653365202,7.0,0.5290802939883568,5.4517161216215415,1.2304011632407754,0.6098027333298137,0.9029799234468963,0.6098027333298137,0.9029799234468963,-0.016798802806621844,0.016798802806621844,-0.010976449199936646,-0.016253638622044132,0.16,0.16,0.23219878724452866,0.16,0.16,0.23219878724452866,0.5065522846766272,0.3709893903255218,-0.016502901936344072,-0.0027170695870114003,0.5230551866129712,0.3737064599125332,0.5065522846766272,0.3709893903255218,0.5065522846766272,0.3709893903255218,1,1,1,1,,EXECUTE
S2_collaborative_none_i1,6.0,plan_generated,1,1,,7,0.06299359997501597,hold_and_refine,4.0,169.7170438824003,169.7170438824003,6.999999999999999,0.5324696759548635,5.458054629646893,1.2307304112903614,0.4035847884502396,0.5763465494425991,0.4035847884502396,0.5763465494425991,-0.01453308262537307,0.01453308262537307,-0.007264526192104312,-0.010374237889966784,0.16,0.16,0.21986486595798513,0.16,0.16,0.21986486595798513,0.4931207188445053,0.37010089757062076,-0.01343156583212185,-0.0008884927549010491,0.5065522846766272,0.3709893903255218,0.4931207188445053,0.37010089757062076,0.4931207188445053,0.37010089757062076,1,1,1,1,,EXECUTE
S2_collaborative_none_i1,6.5,plan_generated,1,1,,7,0.05171279999194667,hold_and_refine,4.0,169.72117325392924,169.72117325392924,6.999999999999997,0.5334083453601677,5.459381743562301,1.2315408286343037,0.23949964466824186,0.31943352008705356,0.23949964466824186,0.31943352008705356,-0.012781114028916114,0.012781114028916114,-0.004310993604028353,-0.005749803361566963,0.16,0.16,0.21192858251073696,0.16,0.16,0.21192858251073696,0.48210906143381055,0.3706557457237304,-0.011011657410694764,0.0005548481531096328,0.4931207188445053,0.37010089757062076,0.48210906143381055,0.3706557457237304,0.48210906143381055,0.3706557457237304,1,1,1,1,,EXECUTE
S2_collaborative_prepare_i1,0.0,plan_generated,1,0,finite_search_no_valid_plan,96,0.09281910001300275,continue_bounded_preparation,,,,,-0.47244431153736244,6.051029235816441,,,,0.0,0.0,0.0,0.0,0.0,0.0,,,,0.0,0.0,0.0,,,,,0.6666666666666666,0.6666666666666666,0.6666666666666666,0.6666666666666666,0.6666666666666666,0.6666666666666666,0,,0,0,,PREPARE
S2_collaborative_prepare_i1,0.5,plan_generated,1,0,finite_search_no_valid_plan,96,0.08951750001870096,continue_bounded_preparation,,,,,0.5297477102821961,7.481874999999886,,,,0.0,0.0,0.0,0.0,0.0,0.0,,,,0.0,0.0,0.0,,,,,0.6666666666666666,0.6666666666666666,0.6666666666666666,0.6666666666666666,0.6666666666666666,0.6666666666666666,0,,0,0,,PREPARE
S2_collaborative_prepare_i1,1.0,plan_generated,1,0,finite_search_no_valid_plan,96,0.07758929999545217,continue_bounded_preparation,,,,,0.6631249999999511,7.659374999999938,,,,0.0,0.0,0.0,0.0,0.0,0.0,,,,0.0,0.0,0.0,,,,,0.6666666666666666,0.6666666666666666,0.6666666666666666,0.6666666666666666,0.6666666666666666,0.6666666666666666,0,,0,0,,PREPARE
S2_collaborative_prepare_i1,1.5,plan_generated,1,0,finite_search_no_valid_plan,96,0.08656589995371178,continue_bounded_preparation,,,,,1.5317008616316334,7.394766210676875,,,,0.0,0.0,0.0,0.0,0.0,0.0,,,,0.0,0.0,0.0,,,,,0.6666666666666666,0.6666666666666666,0.6666666666666666,0.6666666666666666,0.6666666666666666,0.6666666666666666,0,,0,0,,PREPARE
S2_collaborative_prepare_i1,2.0,plan_generated,1,0,finite_search_no_valid_plan,96,0.09384640003554523,continue_bounded_preparation,,,,,1.1506249999998728,7.399999999999733,,,,0.0,0.0,0.0,0.0,0.0,0.0,,,,0.0,0.0,0.0,,,,,0.6666666666666666,0.6666666666666666,0.6666666666666666,0.6666666666666666,0.6666666666666666,0.6666666666666666,0,,0,0,,PREPARE
S2_collaborative_prepare_i1,2.5,plan_generated,1,0,finite_search_no_valid_plan,96,0.09275880001951009,continue_bounded_preparation,,,,,1.5800000000004024,8.200000000000397,,,,0.0,0.0,0.0,0.0,0.0,0.0,,,,0.0,0.0,0.0,,,,,0.6666666666666666,0.6666666666666666,0.6666666666666666,0.6666666666666666,0.6666666666666666,0.6666666666666666,0,,0,0,,PREPARE
S2_collaborative_prepare_i1,3.0,plan_generated,1,0,finite_search_no_valid_plan,96,0.09523660002741963,continue_bounded_preparation,,,,,1.9299999999996338,8.299310669299995,,,,0.0,0.0,0.0,0.0,0.0,0.0,,,,0.0,0.0,0.0,,,,,0.6666666666666666,0.6666666666666666,0.6666666666666666,0.6666666666666666,0.6666666666666666,0.6666666666666666,0,,0,0,,PREPARE
S2_collaborative_prepare_i1,3.5,plan_generated,1,1,,102,0.18477990000974387,new_joint_plan,4.0,168.86274733149392,168.86274733149392,7.0,0.43710429801209916,5.2572737833910255,1.219036707650686,738.7452373218194,-716.5343810074451,4.0,-4.0,-0.054053751340096726,0.054053751340096726,-0.072,0.072,0.16,0.16,0.39009934858642425,0.16,0.16,0.39009934858642425,0.6003064576632849,0.393693542336715,-0.06636020900338169,0.06036020900338168,0.6666666666666666,0.3333333333333333,0.6003064576632849,0.393693542336715,0.6003064576632849,0.393693542336715,1,1,1,1,,PREPARE
S2_collaborative_prepare_i1,4.0,plan_generated,1,1,,7,0.1129491999745369,hold_and_refine,4.0,169.30937429285828,169.30937429285828,7.0,0.4778513232771342,5.342008262705844,1.223190420056848,1.563143096246272,2.200849974609245,1.563143096246272,2.200849974609245,-0.03202731693008461,0.03202731693008461,-0.028136575732432893,-0.03961529954296641,0.16,0.16,0.331153769289393,0.16,0.16,0.331153769289393,0.5672229790437098,0.3867500026915804,-0.03308347861957517,-0.006943539645134611,0.6003064576632849,0.393693542336715,0.5672229790437098,0.3867500026915804,0.5672229790437098,0.3867500026915804,1,1,1,1,,EXECUTE
S2_collaborative_prepare_i1,4.5,plan_generated,1,1,,7,0.11425969999982044,hold_and_refine,4.0,169.55011951349906,169.55011951349906,7.0,0.5028490406397284,5.394987457625757,1.2269698754202722,1.1627225888712178,1.748009941161444,1.1627225888712178,1.748009941161444,-0.02475774401326218,0.02475774401326218,-0.02092900659968192,-0.03146417894090599,0.16,0.16,0.2881054456616521,0.16,0.16,0.2881054456616521,0.5415434888420192,0.38030278520622585,-0.02567949020169058,-0.006447217485354539,0.5672229790437098,0.3867500026915804,0.5415434888420192,0.38030278520622585,0.5415434888420192,0.38030278520622585,1,1,1,1,,EXECUTE
S2_collaborative_prepare_i1,5.0,plan_generated,1,1,,7,0.09751990000950173,hold_and_refine,4.0,169.67260598833477,169.67260598833477,7.0,0.5178872491509656,5.42666472047365,1.2288256153471395,0.8568581191711196,1.3014773218167532,0.8568581191711196,1.3014773218167532,-0.0199899439117247,0.0199899439117247,-0.015423446145080153,-0.023426591792701557,0.16,0.16,0.25751441088517324,0.16,0.16,0.25751441088517324,0.5211290763694066,0.3755420389840876,-0.020414412472612553,-0.004760746222138235,0.5415434888420192,0.38030278520622585,0.5211290763694066,0.3755420389840876,0.5211290763694066,0.3755420389840876,1,1,1,1,,EXECUTE
S2_collaborative_prepare_i1,5.5,plan_generated,1,1,,7,0.07681130000855774,hold_and_refine,4.0,169.72802443302106,169.72802443302106,7.0,0.5257017319416386,5.442662937587028,1.2307870747053982,0.6066042890468146,0.9076540898677401,0.6066042890468146,0.9076540898677401,-0.016710391847570824,0.016710391847570824,-0.010918877202842663,-0.01633777361761932,0.16,0.16,0.2365064040173978,0.16,0.16,0.2365064040173978,0.5047087964623529,0.37272401178719067,-0.016420279907053748,-0.002818027196896944,0.5211290763694066,0.3755420389840876,0.5047087964623529,0.37272401178719067,0.5047087964623529,0.37272401178719067,1,1,1,1,,EXECUTE
S2_collaborative_prepare_i1,6.0,plan_generated,1,1,,7,0.06319770001573488,hold_and_refine,4.0,169.74799075845925,169.74799075845925,6.999999999999999,0.5291196066313004,5.449144092771474,1.23110333781637,0.4016825556252578,0.5797698519593998,0.4016825556252578,0.5797698519593998,-0.014344393284943116,0.014344393284943116,-0.0072302860012546395,-0.010435857335269196,0.16,0.16,0.22253850023063004,0.16,0.16,0.22253850023063004,0.49139791283694223,0.3716964876677301,-0.013310883625410663,-0.0010275241194605544,0.5047087964623529,0.37272401178719067,0.49139791283694223,0.3716964876677301,0.49139791283694223,0.3716964876677301,1,1,1,1,,EXECUTE
S2_collaborative_prepare_i1,6.5,plan_generated,1,1,,7,0.053184300020802766,hold_and_refine,4.0,169.75206849691057,169.75206849691057,6.999999999999997,0.530100235475861,5.45060469302565,1.2319107697886191,0.2381385652536138,0.3218311687361997,0.2381385652536138,0.3218311687361997,-0.012547465104512401,0.012547465104512401,-0.004286494174565048,-0.005792961037251594,0.16,0.16,0.21353621320093627,0.16,0.16,0.21353621320093627,0.4805239436332188,0.3721001678000187,-0.01087396920372341,0.00040368013228858635,0.49139791283694223,0.3716964876677301,0.4805239436332188,0.3721001678000187,0.4805239436332188,0.3721001678000187,1,1,1,1,,EXECUTE
S2_collaborative_prepare_i2,0.0,plan_generated,1,1,,102,0.21020540001336485,new_joint_plan;state_update_rejected,2.0,161.0562499999998,161.0562499999998,5.0,0.0062500000002625455,7.8781249999999945,1.3565484581118274,-127.07034715465585,3.9240314557750997,-4.0,3.9240314557750997,-0.08225678236809253,0.08225678236809253,0.072,-0.0706325662039518,0.16,0.16,0.5936371930361336,0.16,0.16,0.5936371930361336,0.6666666666666666,0.3333333333333333,0.0,0.0,0.6666666666666666,0.3333333333333333,0.658204942149287,0.336478774748737,0.6666666666666666,0.3333333333333333,0,0,1,1,,PREPARE
S2_collaborative_prepare_i2,0.5,plan_generated,1,1,,7,0.17567730002338067,hold_and_refine;state_update_rejected,2.0,161.0562499999998,161.0562499999998,5.0,0.0062500000002625455,7.8781249999999945,1.375,-127.07034715465585,3.7466002113835204,-4.0,3.7466002113835204,-0.08559159765520559,0.08559159765520559,0.072,-0.06743880380490336,0.16,0.16,0.6177041493325387,0.16,0.16,0.6177041493325387,0.6666666666666666,0.3333333333333333,0.0,0.0,0.6666666666666666,0.3333333333333333,0.6565375345057305,0.3397430635918178,0.6666666666666666,0.3333333333333333,0,0,1,1,,PREPARE
S2_collaborative_prepare_i2,1.0,plan_generated,1,1,,7,0.1574341999948956,hold_and_refine;state_update_rejected,2.0,161.0562499999998,161.0562499999998,5.0,0.0062500000002625455,7.8781249999999945,1.375,-81.96395901222242,3.095400255933268,-4.0,3.095400255933268,-0.09219052759977192,0.09219052759977192,0.072,-0.05571720460679882,0.16,0.16,0.6653278240807743,0.16,0.16,0.6653278240807743,0.6666666666666666,0.3333333333333333,0.0,0.0,0.6666666666666666,0.3333333333333333,0.6532380695334473,0.34890332816315317,0.6666666666666666,0.3333333333333333,0,0,1,1,,PREPARE
S2_collaborative_prepare_i2,1.5,plan_generated,1,1,,103,0.25311729998793453,new_joint_plan,2.5,168.75838650929177,168.75838650929177,5.5,0.16259088263058175,8.27909457778706,1.3607470489003652,2.5451114144317244,2.9676346301347505,2.5451114144317244,2.9676346301347505,-0.10153876177127871,0.10153876177127871,-0.04581200545977104,-0.0534174233424255,0.16,0.16,0.7327928930228631,0.16,0.16,0.7327928930228631,0.5896579497178084,0.35472733588109323,-0.07700871694885825,0.021394002547759916,0.6666666666666666,0.3333333333333333,0.5896579497178084,0.35472733588109323,0.5896579497178084,0.35472733588109323,1,1,1,1,,PREPARE
S2_collaborative_prepare_i2,2.0,plan_generated,1,1,,103,0.22587389999534935,new_joint_plan,3.0,167.2860439649531,167.2860439649531,6.0,0.8464153800748422,5.591315760897271,1.2289046290693402,1.8749683560615777,3.2414051883874846,1.8749683560615777,3.2414051883874846,-0.10885365563711843,0.10885365563711843,-0.0337494304091084,-0.05834529339097472,0.16,0.16,0.7855835923045644,0.16,0.16,0.7855835923045644,0.9236984569768866,0.6865875144564052,-0.07630154302311343,0.01992084778973857,1.0,0.6666666666666666,0.9236984569768866,0.6865875144564052,0.9236984569768866,0.6865875144564052,1,1,1,1,,PREPARE
S2_collaborative_prepare_i2,2.5,plan_generated,1,1,,7,0.15118260000599548,hold_and_refine,3.0,168.34767114528577,168.34767114528577,6.0,0.7461574385862937,5.5577121962611615,1.3539046290693402,1.8011753373707313,3.1101303169023238,1.8011753373707313,3.1101303169023238,-0.07483373701157492,0.07483373701157492,-0.03242115607267316,-0.05598234570424182,0.16,0.16,0.6899380286547158,0.16,0.16,0.6899380286547158,0.8654525181498781,0.6905205099944205,-0.05824593882700846,0.003932995538015294,0.9236984569768866,0.6865875144564052,0.8654525181498781,0.6905205099944205,0.8654525181498781,0.6905205099944205,1,1,1,1,,PREPARE
S2_collaborative_prepare_i2,3.0,plan_generated,1,1,,7,0.14691060001496226,hold_and_refine,3.0,168.91259739096003,168.91259739096003,6.0,0.7486337260119447,5.581807324442463,1.4367533902804386,1.4412795995213998,2.477663255582667,1.4412795995213998,2.477663255582667,-0.04910750695851691,0.04910750695851691,-0.025943032791385195,-0.044597938600488,0.16,0.16,0.5876168216725204,0.16,0.16,0.5876168216725204,0.8235999856841777,0.6872511300934796,-0.04185253246570042,-0.003269379900940894,0.8654525181498781,0.6905205099944205,0.8235999856841777,0.6872511300934796,0.8235999856841777,0.6872511300934796,1,1,1,1,,EXECUTE
S2_collaborative_prepare_i2,3.5,plan_generated,1,1,,7,0.109679099987261,hold_and_refine,3.0,169.19725583582797,169.19725583582797,6.0,0.8607297311944464,5.622794225352476,1.4170377882377085,1.122563918071692,1.9129278409283383,1.122563918071692,1.9129278409283383,-0.032284984523052174,0.032284984523052174,-0.020206150525290453,-0.03443270113671009,0.16,0.16,0.4857832917187082,0.16,0.16,0.4857832917187082,0.7932364182315855,0.6806792627459028,-0.030363567452592166,-0.006571867347576754,0.8235999856841777,0.6872511300934796,0.7932364182315855,0.6806792627459028,0.7932364182315855,0.6806792627459028,1,1,1,1,,EXECUTE
S2_collaborative_prepare_i2,4.0,plan_generated,1,1,,7,0.10127109999302775,hold_and_refine,3.0,169.3328601091512,169.3328601091512,6.0,0.8776818204039971,5.659827236426264,1.395486206186722,0.84419569000766,1.4194661667773265,0.84419569000766,1.4194661667773265,-0.02207353783860166,0.02207353783860166,-0.015195522420137879,-0.025550391001991874,0.16,0.16,0.39839845023218196,0.16,0.16,0.39839845023218196,0.7706357060110578,0.6734954020622406,-0.02260071222052773,-0.00718386068366228,0.7932364182315855,0.6806792627459028,0.7706357060110578,0.6734954020622406,0.7706357060110578,0.6734954020622406,1,1,1,1,,EXECUTE
S2_collaborative_prepare_i2,4.5,plan_generated,1,1,,7,0.08543809998081997,hold_and_refine,3.0,169.39108277578833,169.39108277578833,6.0,0.8897195950464489,5.68630618844777,1.376214900845775,0.6051867441832964,0.9985673875391035,0.6051867441832964,0.9985673875391035,-0.015902602514735287,0.015902602514735287,-0.010893361395299336,-0.01797421297570386,0.16,0.16,0.3307966151533289,0.16,0.16,0.3307966151533289,0.7533845455259852,0.6670716336152583,-0.01725116048507258,-0.006423768446982225,0.7706357060110578,0.6734954020622406,0.7533845455259852,0.6670716336152583,0.7533845455259852,0.6670716336152583,1,1,1,1,,EXECUTE
S2_collaborative_prepare_i2,5.0,plan_generated,1,1,,7,0.06315399997401983,hold_and_refine,3.0,169.411262790068,169.411262790068,5.999999999999999,0.89706228872772,5.702481387830102,1.3607633077731716,0.4049231328239241,0.6506744317037544,0.4049231328239241,0.6506744317037544,-0.012084223860109431,0.012084223860109431,-0.007288616390830634,-0.011712139770667578,0.16,0.16,0.28197354188099566,0.16,0.16,0.28197354188099566,0.7399312026728853,0.6619211025910572,-0.013453342853099959,-0.005150531024201155,0.7533845455259852,0.6670716336152583,0.7399312026728853,0.6619211025910572,0.7399312026728853,0.6619211025910572,1,1,1,1,,EXECUTE
S2_collaborative_prepare_i2,5.5,plan_generated,1,1,,7,0.05059629998868331,hold_and_refine,3.0,169.41528188419878,169.41528188419878,5.999999999999997,0.9009732384153919,5.711010920878079,1.349221030038976,0.2430186864075743,0.3758685831575411,0.2430186864075743,0.3758685831575411,-0.009661520315495697,0.009661520315495697,-0.004374336355336337,-0.00676563449683574,0.16,0.16,0.24887482465445598,0.16,0.16,0.24887482465445598,0.7292136183241048,0.6580736766796587,-0.010717584348780451,-0.0038474259113985276,0.7399312026728853,0.6619211025910572,0.7292136183241048,0.6580736766796587,0.7292136183241048,0.6580736766796587,1,1,1,1,,EXECUTE
S2_short_window_none_i0,0.0,plan_generated,1,0,finite_search_no_valid_plan,96,0.09863590000895783,continue_bounded_preparation,,,,,-1.8906249999997424,4.2687500000003356,,,,0.0,0.0,0.0,0.0,0.0,0.0,,,,0.0,0.0,0.0,,,,,0.6666666666666666,0.6666666666666666,0.6666666666666666,0.6666666666666666,0.6666666666666666,0.6666666666666666,0,,0,0,,PREPARE
S2_short_window_none_i0,0.5,plan_generated,1,0,finite_search_no_valid_plan,96,0.10125140001764521,continue_bounded_preparation,,,,,-0.7535081160001007,5.008298891305924,,,,0.0,0.0,0.0,0.0,0.0,0.0,,,,0.0,0.0,0.0,,,,,0.6666666666666666,0.6666666666666666,0.6666666666666666,0.6666666666666666,0.6666666666666666,0.6666666666666666,0,,0,0,,PREPARE
S2_short_window_none_i0,1.0,plan_generated,1,0,finite_search_no_valid_plan,96,0.1058197999955155,continue_bounded_preparation,,,,,-0.6437499999995024,5.008298891305924,,,,0.0,0.0,0.0,0.0,0.0,0.0,,,,0.0,0.0,0.0,,,,,0.6666666666666666,0.6666666666666666,0.6666666666666666,0.6666666666666666,0.6666666666666666,0.6666666666666666,0,,0,0,,PREPARE
S2_short_window_none_i0,1.5,plan_generated,1,0,finite_search_no_valid_plan,96,0.10497129999566823,continue_bounded_preparation,,,,,-0.2017821799186299,5.68437500000054,,,,0.0,0.0,0.0,0.0,0.0,0.0,,,,0.0,0.0,0.0,,,,,0.6666666666666666,0.6666666666666666,0.6666666666666666,0.6666666666666666,0.6666666666666666,0.6666666666666666,0,,0,0,,PREPARE
S2_short_window_none_i0,2.0,plan_generated,1,0,finite_search_no_valid_plan,96,0.09878419997403398,continue_bounded_preparation,,,,,0.7831250000007044,6.721875000000591,,,,0.0,0.0,0.0,0.0,0.0,0.0,,,,0.0,0.0,0.0,,,,,0.6666666666666666,0.6666666666666666,0.6666666666666666,0.6666666666666666,0.6666666666666666,0.6666666666666666,0,,0,0,,PREPARE
S2_short_window_none_i0,2.5,plan_generated,1,0,finite_search_no_valid_plan,96,0.10355439997510985,continue_bounded_preparation,,,,,1.9956250000006728,9.075000000000227,,,,0.0,0.0,0.0,0.0,0.0,0.0,,,,0.0,0.0,0.0,,,,,0.6666666666666666,0.6666666666666666,0.6666666666666666,0.6666666666666666,0.6666666666666666,0.6666666666666666,0,,0,0,,PREPARE
S2_short_window_none_i0,3.0,plan_generated,1,0,finite_search_no_valid_plan,96,0.0906645999639295,continue_bounded_preparation,,,,,2.0870424938662113,8.666230499966883,,,,0.0,0.0,0.0,0.0,0.0,0.0,,,,0.0,0.0,0.0,,,,,0.6666666666666666,0.6666666666666666,0.6666666666666666,0.6666666666666666,0.6666666666666666,0.6666666666666666,0,,0,0,,PREPARE
S2_short_window_none_i0,3.5,plan_generated,1,0,finite_search_no_valid_plan,96,0.08465739997336641,continue_bounded_preparation,,,,,1.6114040776888956,8.052790928257746,,,,0.0,0.0,0.0,0.0,0.0,0.0,,,,0.0,0.0,0.0,,,,,0.6666666666666666,0.6666666666666666,0.6666666666666666,0.6666666666666666,0.6666666666666666,0.6666666666666666,0,,0,0,,PREPARE
S2_short_window_none_i0,4.0,plan_generated,1,0,finite_search_no_valid_plan,96,0.09377119998680428,continue_bounded_preparation,,,,,1.3952934765773604,7.293740559455114,,,,0.0,0.0,0.0,0.0,0.0,0.0,,,,0.0,0.0,0.0,,,,,0.6666666666666666,0.6666666666666666,0.6666666666666666,0.6666666666666666,0.6666666666666666,0.6666666666666666,0,,0,0,,PREPARE
S2_short_window_none_i0,4.5,plan_generated,1,0,finite_search_no_valid_plan,96,0.09701540000969544,continue_bounded_preparation,,,,,0.8991913376653526,6.392580226910934,,,,0.0,0.0,0.0,0.0,0.0,0.0,,,,0.0,0.0,0.0,,,,,0.6666666666666666,0.6666666666666666,0.6666666666666666,0.6666666666666666,0.6666666666666666,0.6666666666666666,0,,0,0,,PREPARE
S2_short_window_none_i0,5.0,plan_generated,1,0,finite_search_no_valid_plan,96,0.0918882999685593,continue_bounded_preparation,,,,,0.5065271621527518,5.598292632883255,,,,0.0,0.0,0.0,0.0,0.0,0.0,,,,0.0,0.0,0.0,,,,,0.6666666666666666,0.6666666666666666,0.6666666666666666,0.6666666666666666,0.6666666666666666,0.6666666666666666,0,,0,0,,PREPARE
S2_short_window_none_i0,5.5,plan_generated,1,0,finite_search_no_valid_plan,96,0.10522509994916618,continue_bounded_preparation,,,,,0.20920978129942203,4.905118629631812,,,,0.0,0.0,0.0,0.0,0.0,0.0,,,,0.0,0.0,0.0,,,,,0.6666666666666666,0.6666666666666666,0.6666666666666666,0.6666666666666666,0.6666666666666666,0.6666666666666666,0,,0,0,,PREPARE
S2_short_window_none_i1,0.0,plan_generated,1,0,finite_search_no_valid_plan,96,0.1187579000252299,continue_bounded_preparation,,,,,-3.7950000000000257,2.715884862531266,,,,0.0,0.0,0.0,0.0,0.0,0.0,,,,0.0,0.0,0.0,,,,,0.6666666666666666,0.6666666666666666,0.6666666666666666,0.6666666666666666,0.6666666666666666,0.6666666666666666,0,,0,0,,PREPARE
S2_short_window_none_i1,0.5,plan_generated,1,0,finite_search_no_valid_plan,96,0.11145440000109375,continue_bounded_preparation,,,,,-1.05812500000006,5.194513229497187,,,,0.0,0.0,0.0,0.0,0.0,0.0,,,,0.0,0.0,0.0,,,,,0.6666666666666666,0.6666666666666666,0.6666666666666666,0.6666666666666666,0.6666666666666666,0.6666666666666666,0,,0,0,,PREPARE
S2_short_window_none_i1,1.0,plan_generated,1,0,finite_search_no_valid_plan,96,0.11727230000542477,continue_bounded_preparation,,,,,-0.8260952947863869,4.359591849835636,,,,0.0,0.0,0.0,0.0,0.0,0.0,,,,0.0,0.0,0.0,,,,,0.6666666666666666,0.6666666666666666,0.6666666666666666,0.6666666666666666,0.6666666666666666,0.6666666666666666,0,,0,0,,PREPARE
S2_short_window_none_i1,1.5,plan_generated,1,0,finite_search_no_valid_plan,96,0.11047439998947084,continue_bounded_preparation,,,,,-0.81801889444947,3.6318550384463437,,,,0.0,0.0,0.0,0.0,0.0,0.0,,,,0.0,0.0,0.0,,,,,0.6666666666666666,0.6666666666666666,0.6666666666666666,0.6666666666666666,0.6666666666666666,0.6666666666666666,0,,0,0,,PREPARE
S2_short_window_none_i1,2.0,plan_generated,1,0,finite_search_no_valid_plan,96,0.12845620000734925,continue_bounded_preparation,,,,,-0.4118615879062193,3.2937499999998012,,,,0.0,0.0,0.0,0.0,0.0,0.0,,,,0.0,0.0,0.0,,,,,0.6666666666666666,0.6666666666666666,0.6666666666666666,0.6666666666666666,0.6666666666666666,0.6666666666666666,0,,0,0,,PREPARE
S2_short_window_none_i1,2.5,plan_generated,1,0,finite_search_no_valid_plan,96,0.1079427000368014,continue_bounded_preparation,,,,,-0.5657224172143134,3.059375000000199,,,,0.0,0.0,0.0,0.0,0.0,0.0,,,,0.0,0.0,0.0,,,,,0.6666666666666666,0.6666666666666666,0.6666666666666666,0.6666666666666666,0.6666666666666666,0.6666666666666666,0,,0,0,,PREPARE
S2_short_window_none_i1,3.0,plan_generated,1,0,finite_search_no_valid_plan,96,0.11916060000658035,continue_bounded_preparation,,,,,-0.6738586196749954,3.3593749999998126,,,,0.0,0.0,0.0,0.0,0.0,0.0,,,,0.0,0.0,0.0,,,,,0.6666666666666666,0.6666666666666666,0.6666666666666666,0.6666666666666666,0.6666666666666666,0.6666666666666666,0,,0,0,,PREPARE
S2_short_window_none_i1,3.5,plan_generated,1,0,finite_search_no_valid_plan,96,0.11243800004012883,continue_bounded_preparation,,,,,-0.7442735668235505,3.659375000000421,,,,0.0,0.0,0.0,0.0,0.0,0.0,,,,0.0,0.0,0.0,,,,,0.6666666666666666,0.6666666666666666,0.6666666666666666,0.6666666666666666,0.6666666666666666,0.6666666666666666,0,,0,0,,PREPARE
S2_short_window_none_i1,4.0,plan_generated,1,0,finite_search_no_valid_plan,96,0.11170929996296763,continue_bounded_preparation,,,,,-0.7442735668235505,3.732951385625978,,,,0.0,0.0,0.0,0.0,0.0,0.0,,,,0.0,0.0,0.0,,,,,0.6666666666666666,0.6666666666666666,0.6666666666666666,0.6666666666666666,0.6666666666666666,0.6666666666666666,0,,0,0,,PREPARE
S2_short_window_none_i1,4.5,plan_generated,1,0,finite_search_no_valid_plan,96,0.1110566999996081,continue_bounded_preparation,,,,,-0.4618750000004823,3.242897909675503,,,,0.0,0.0,0.0,0.0,0.0,0.0,,,,0.0,0.0,0.0,,,,,0.6666666666666666,0.6666666666666666,0.6666666666666666,0.6666666666666666,0.6666666666666666,0.6666666666666666,0,,0,0,,PREPARE
S2_short_window_none_i1,5.0,plan_generated,1,0,finite_search_no_valid_plan,96,0.09402349998708814,continue_bounded_preparation,,,,,-0.5035260251128273,3.0299937921434266,,,,0.0,0.0,0.0,0.0,0.0,0.0,,,,0.0,0.0,0.0,,,,,0.6666666666666666,0.6666666666666666,0.6666666666666666,0.6666666666666666,0.6666666666666666,0.6666666666666666,0,,0,0,,PREPARE
S2_short_window_none_i1,5.5,plan_generated,1,0,finite_search_no_valid_plan,96,0.117124899988994,continue_bounded_preparation,,,,,-0.5224304113223122,3.00000000000004,,,,0.0,0.0,0.0,0.0,0.0,0.0,,,,0.0,0.0,0.0,,,,,0.6666666666666666,0.6666666666666666,0.6666666666666666,0.6666666666666666,0.6666666666666666,0.6666666666666666,0,,0,0,,PREPARE
S2_short_window_none_i1,6.0,plan_generated,1,0,finite_search_no_valid_plan,96,0.12269450002349913,continue_bounded_preparation,,,,,-0.5404006380594204,3.3000000000000513,,,,0.0,0.0,0.0,0.0,0.0,0.0,,,,0.0,0.0,0.0,,,,,0.6666666666666666,0.6666666666666666,0.6666666666666666,0.6666666666666666,0.6666666666666666,0.6666666666666666,0,,0,0,,PREPARE
S2_short_window_none_i1,6.5,plan_generated,1,0,finite_search_no_valid_plan,96,0.11995820002630353,continue_bounded_preparation,,,,,-0.3949999999999676,3.6000000000000343,,,,0.0,0.0,0.0,0.0,0.0,0.0,,,,0.0,0.0,0.0,,,,,0.6666666666666666,0.6666666666666666,0.6666666666666666,0.6666666666666666,0.6666666666666666,0.6666666666666666,0,,0,0,,PREPARE
S2_short_window_none_i1,7.0,plan_generated,1,0,finite_search_no_valid_plan,96,0.10471390001475811,continue_bounded_preparation,,,,,-0.27064184871709607,3.393822738104018,,,,0.0,0.0,0.0,0.0,0.0,0.0,,,,0.0,0.0,0.0,,,,,0.6666666666666666,0.6666666666666666,0.6666666666666666,0.6666666666666666,0.6666666666666666,0.6666666666666666,0,,0,0,,PREPARE
S2_short_window_none_i1,7.5,plan_generated,1,0,finite_search_no_valid_plan,96,0.10769209999125451,continue_bounded_preparation,,,,,-0.42695841431270143,2.9043973456762844,,,,0.0,0.0,0.0,0.0,0.0,0.0,,,,0.0,0.0,0.0,,,,,0.6666666666666666,0.6666666666666666,0.6666666666666666,0.6666666666666666,0.6666666666666666,0.6666666666666666,0,,0,0,,PREPARE
S2_short_window_none_i2,0.0,plan_generated,1,0,finite_search_no_valid_plan,96,0.12081400002352893,continue_bounded_preparation,,,,,-2.3906249999997424,3.9256250000002213,,,,0.0,0.0,0.0,0.0,0.0,0.0,,,,0.0,0.0,0.0,,,,,0.6666666666666666,0.6666666666666666,0.6666666666666666,0.6666666666666666,0.6666666666666666,0.6666666666666666,0,,0,0,,PREPARE
S2_short_window_none_i2,0.5,plan_generated,1,0,finite_search_no_valid_plan,96,0.11830069997813553,continue_bounded_preparation,,,,,-0.5059275329696673,4.617248229319114,,,,0.0,0.0,0.0,0.0,0.0,0.0,,,,0.0,0.0,0.0,,,,,0.6666666666666666,0.6666666666666666,0.6666666666666666,0.6666666666666666,0.6666666666666666,0.6666666666666666,0,,0,0,,PREPARE
S2_short_window_none_i2,1.0,plan_generated,1,0,finite_search_no_valid_plan,96,0.11749889998463914,continue_bounded_preparation,,,,,-0.5362527959405461,4.617248229319114,,,,0.0,0.0,0.0,0.0,0.0,0.0,,,,0.0,0.0,0.0,,,,,0.6666666666666666,0.6666666666666666,0.6666666666666666,0.6666666666666666,0.6666666666666666,0.6666666666666666,0,,0,0,,PREPARE
S2_short_window_none_i2,1.5,plan_generated,1,0,finite_search_no_valid_plan,96,0.10890599997946993,continue_bounded_preparation,,,,,-0.17779734853164753,5.5617976203399,,,,0.0,0.0,0.0,0.0,0.0,0.0,,,,0.0,0.0,0.0,,,,,0.6666666666666666,0.6666666666666666,0.6666666666666666,0.6666666666666666,0.6666666666666666,0.6666666666666666,0,,0,0,,PREPARE
S2_short_window_none_i2,2.0,plan_generated,1,0,finite_search_no_valid_plan,96,0.09151719999499619,continue_bounded_preparation,,,,,0.6715933709307871,7.559375000000682,,,,0.0,0.0,0.0,0.0,0.0,0.0,,,,0.0,0.0,0.0,,,,,0.6666666666666666,0.6666666666666666,0.6666666666666666,0.6666666666666666,0.6666666666666666,0.6666666666666666,0,,0,0,,PREPARE
S2_short_window_none_i2,2.5,plan_generated,1,0,finite_search_no_valid_plan,96,0.10978200001409277,continue_bounded_preparation,,,,,1.742456031439695,8.596875000000647,,,,0.0,0.0,0.0,0.0,0.0,0.0,,,,0.0,0.0,0.0,,,,,0.6666666666666666,0.6666666666666666,0.6666666666666666,0.6666666666666666,0.6666666666666666,0.6666666666666666,0,,0,0,,PREPARE
S2_short_window_none_i2,3.0,plan_generated,1,0,finite_search_no_valid_plan,96,0.10229390003951266,continue_bounded_preparation,,,,,1.700000000000645,8.187296465677274,,,,0.0,0.0,0.0,0.0,0.0,0.0,,,,0.0,0.0,0.0,,,,,0.6666666666666666,0.6666666666666666,0.6666666666666666,0.6666666666666666,0.6666666666666666,0.6666666666666666,0,,0,0,,PREPARE
S2_short_window_none_i2,3.5,plan_generated,1,0,finite_search_no_valid_plan,96,0.0877813000115566,continue_bounded_preparation,,,,,1.3848118202797073,7.605780985985047,,,,0.0,0.0,0.0,0.0,0.0,0.0,,,,0.0,0.0,0.0,,,,,0.6666666666666666,0.6666666666666666,0.6666666666666666,0.6666666666666666,0.6666666666666666,0.6666666666666666,0,,0,0,,PREPARE
S2_short_window_none_i2,4.0,plan_generated,1,0,finite_search_no_valid_plan,96,0.1008430999936536,continue_bounded_preparation,,,,,1.08125000000061,6.8712591172887985,,,,0.0,0.0,0.0,0.0,0.0,0.0,,,,0.0,0.0,0.0,,,,,0.6666666666666666,0.6666666666666666,0.6666666666666666,0.6666666666666666,0.6666666666666666,0.6666666666666666,0,,0,0,,PREPARE
S2_short_window_none_i2,4.5,plan_generated,1,0,finite_search_no_valid_plan,96,0.09458619996439666,continue_bounded_preparation,,,,,0.7285320718732047,5.999556400397876,,,,0.0,0.0,0.0,0.0,0.0,0.0,,,,0.0,0.0,0.0,,,,,0.6666666666666666,0.6666666666666666,0.6666666666666666,0.6666666666666666,0.6666666666666666,0.6666666666666666,0,,0,0,,PREPARE
S2_short_window_none_i2,5.0,plan_generated,1,0,finite_search_no_valid_plan,96,0.09779299999354407,continue_bounded_preparation,,,,,0.36845006802988056,5.235962405715424,,,,0.0,0.0,0.0,0.0,0.0,0.0,,,,0.0,0.0,0.0,,,,,0.6666666666666666,0.6666666666666666,0.6666666666666666,0.6666666666666666,0.6666666666666666,0.6666666666666666,0,,0,0,,PREPARE
S2_short_window_none_i2,5.5,plan_generated,1,0,finite_search_no_valid_plan,96,0.09906899998895824,continue_bounded_preparation,,,,,0.10422104488359807,4.575266708780828,,,,0.0,0.0,0.0,0.0,0.0,0.0,,,,0.0,0.0,0.0,,,,,0.6666666666666666,0.6666666666666666,0.6666666666666666,0.6666666666666666,0.6666666666666666,0.6666666666666666,0,,0,0,,PREPARE
S2_short_window_prepare_i0,0.0,plan_generated,1,0,finite_search_no_valid_plan,96,0.08723649999592453,continue_bounded_preparation,,,,,-1.8906249999997424,4.2687500000003356,,,,0.0,0.0,0.0,0.0,0.0,0.0,,,,0.0,0.0,0.0,,,,,0.6666666666666666,0.6666666666666666,0.6666666666666666,0.6666666666666666,0.6666666666666666,0.6666666666666666,0,,0,0,,PREPARE
S2_short_window_prepare_i0,0.5,plan_generated,1,0,finite_search_no_valid_plan,96,0.110336699988693,continue_bounded_preparation,,,,,-0.7535081160001007,5.008298891305924,,,,0.0,0.0,0.0,0.0,0.0,0.0,,,,0.0,0.0,0.0,,,,,0.6666666666666666,0.6666666666666666,0.6666666666666666,0.6666666666666666,0.6666666666666666,0.6666666666666666,0,,0,0,,PREPARE
S2_short_window_prepare_i0,1.0,plan_generated,1,0,finite_search_no_valid_plan,96,0.09785740001825616,continue_bounded_preparation,,,,,-0.6437499999995024,5.008298891305924,,,,0.0,0.0,0.0,0.0,0.0,0.0,,,,0.0,0.0,0.0,,,,,0.6666666666666666,0.6666666666666666,0.6666666666666666,0.6666666666666666,0.6666666666666666,0.6666666666666666,0,,0,0,,PREPARE
S2_short_window_prepare_i0,1.5,plan_generated,1,0,finite_search_no_valid_plan,96,0.08627420000266284,continue_bounded_preparation,,,,,-0.2017821799186299,5.486582920697043,,,,0.0,0.0,0.0,0.0,0.0,0.0,,,,0.0,0.0,0.0,,,,,0.6666666666666666,0.6666666666666666,0.6666666666666666,0.6666666666666666,0.6666666666666666,0.6666666666666666,0,,0,0,,PREPARE
S2_short_window_prepare_i0,2.0,plan_generated,1,0,finite_search_no_valid_plan,96,0.10331189999124035,continue_bounded_preparation,,,,,0.26343750000014854,6.3629964100422685,,,,0.0,0.0,0.0,0.0,0.0,0.0,,,,0.0,0.0,0.0,,,,,0.6666666666666666,0.6666666666666666,0.6666666666666666,0.6666666666666666,0.6666666666666666,0.6666666666666666,0,,0,0,,PREPARE
S2_short_window_prepare_i0,2.5,plan_generated,1,0,finite_search_no_valid_plan,96,0.10648269997909665,continue_bounded_preparation,,,,,0.7393598121795675,7.62034310235718,,,,0.0,0.0,0.0,0.0,0.0,0.0,,,,0.0,0.0,0.0,,,,,0.6666666666666666,0.6666666666666666,0.6666666666666666,0.6666666666666666,0.6666666666666666,0.6666666666666666,0,,0,0,,PREPARE
S2_short_window_prepare_i0,3.0,plan_generated,1,0,finite_search_no_valid_plan,96,0.11515490000601858,continue_bounded_preparation,,,,,1.9117569102925218,8.462787868092743,,,,0.0,0.0,0.0,0.0,0.0,0.0,,,,0.0,0.0,0.0,,,,,0.6666666666666666,0.6666666666666666,0.6666666666666666,0.6666666666666666,0.6666666666666666,0.6666666666666666,0,,0,0,,PREPARE
S2_short_window_prepare_i0,3.5,plan_generated,1,0,finite_search_no_valid_plan,96,0.09325620002346113,continue_bounded_preparation,,,,,1.6114040776888992,7.830723359237948,,,,0.0,0.0,0.0,0.0,0.0,0.0,,,,0.0,0.0,0.0,,,,,0.6666666666666666,0.6666666666666666,0.6666666666666666,0.6666666666666666,0.6666666666666666,0.6666666666666666,0,,0,0,,PREPARE
S2_short_window_prepare_i0,4.0,plan_generated,1,0,finite_search_no_valid_plan,96,0.08852410002145916,continue_bounded_preparation,,,,,1.2229334787036121,7.224243782558472,,,,0.0,0.0,0.0,0.0,0.0,0.0,,,,0.0,0.0,0.0,,,,,0.6666666666666666,0.6666666666666666,0.6666666666666666,0.6666666666666666,0.6666666666666666,0.6666666666666666,0,,0,0,,PREPARE
S2_short_window_prepare_i0,4.5,plan_generated,1,0,finite_search_no_valid_plan,96,0.08428260002983734,continue_bounded_preparation,,,,,0.8991913376653535,6.392580226910934,,,,0.0,0.0,0.0,0.0,0.0,0.0,,,,0.0,0.0,0.0,,,,,0.6666666666666666,0.6666666666666666,0.6666666666666666,0.6666666666666666,0.6666666666666666,0.6666666666666666,0,,0,0,,PREPARE
S2_short_window_prepare_i0,5.0,plan_generated,1,0,finite_search_no_valid_plan,96,0.10274040000513196,continue_bounded_preparation,,,,,0.5065271621527518,5.598292632883255,,,,0.0,0.0,0.0,0.0,0.0,0.0,,,,0.0,0.0,0.0,,,,,0.6666666666666666,0.6666666666666666,0.6666666666666666,0.6666666666666666,0.6666666666666666,0.6666666666666666,0,,0,0,,PREPARE
S2_short_window_prepare_i0,5.5,plan_generated,1,0,finite_search_no_valid_plan,96,0.09647109999787062,continue_bounded_preparation,,,,,0.20920978129942203,4.905118629631812,,,,0.0,0.0,0.0,0.0,0.0,0.0,,,,0.0,0.0,0.0,,,,,0.6666666666666666,0.6666666666666666,0.6666666666666666,0.6666666666666666,0.6666666666666666,0.6666666666666666,0,,0,0,,PREPARE
S2_short_window_prepare_i1,0.0,plan_generated,1,0,finite_search_no_valid_plan,96,0.09727809997275472,continue_bounded_preparation,,,,,-3.7950000000000257,2.715884862531266,,,,0.0,0.0,0.0,0.0,0.0,0.0,,,,0.0,0.0,0.0,,,,,0.6666666666666666,0.6666666666666666,0.6666666666666666,0.6666666666666666,0.6666666666666666,0.6666666666666666,0,,0,0,,PREPARE
S2_short_window_prepare_i1,0.5,plan_generated,1,0,finite_search_no_valid_plan,96,0.0940664000227116,continue_bounded_preparation,,,,,-1.05812500000006,5.194513229497187,,,,0.0,0.0,0.0,0.0,0.0,0.0,,,,0.0,0.0,0.0,,,,,0.6666666666666666,0.6666666666666666,0.6666666666666666,0.6666666666666666,0.6666666666666666,0.6666666666666666,0,,0,0,,PREPARE
S2_short_window_prepare_i1,1.0,plan_generated,1,0,finite_search_no_valid_plan,96,0.09399710001889616,continue_bounded_preparation,,,,,-0.8260952947863869,4.359591849835636,,,,0.0,0.0,0.0,0.0,0.0,0.0,,,,0.0,0.0,0.0,,,,,0.6666666666666666,0.6666666666666666,0.6666666666666666,0.6666666666666666,0.6666666666666666,0.6666666666666666,0,,0,0,,PREPARE
S2_short_window_prepare_i1,1.5,plan_generated,1,0,finite_search_no_valid_plan,96,0.08329610002692789,continue_bounded_preparation,,,,,-0.81801889444947,3.6318550384463437,,,,0.0,0.0,0.0,0.0,0.0,0.0,,,,0.0,0.0,0.0,,,,,0.6666666666666666,0.6666666666666666,0.6666666666666666,0.6666666666666666,0.6666666666666666,0.6666666666666666,0,,0,0,,PREPARE
S2_short_window_prepare_i1,2.0,plan_generated,1,0,finite_search_no_valid_plan,96,0.08229890000075102,continue_bounded_preparation,,,,,-0.4118615879062193,3.2937499999998012,,,,0.0,0.0,0.0,0.0,0.0,0.0,,,,0.0,0.0,0.0,,,,,0.6666666666666666,0.6666666666666666,0.6666666666666666,0.6666666666666666,0.6666666666666666,0.6666666666666666,0,,0,0,,PREPARE
S2_short_window_prepare_i1,2.5,plan_generated,1,0,finite_search_no_valid_plan,96,0.08743650000542402,continue_bounded_preparation,,,,,-0.5657224172143134,3.059375000000199,,,,0.0,0.0,0.0,0.0,0.0,0.0,,,,0.0,0.0,0.0,,,,,0.6666666666666666,0.6666666666666666,0.6666666666666666,0.6666666666666666,0.6666666666666666,0.6666666666666666,0,,0,0,,PREPARE
S2_short_window_prepare_i1,3.0,plan_generated,1,0,finite_search_no_valid_plan,96,0.09081619995413348,continue_bounded_preparation,,,,,-0.6738586196749954,3.3593749999998126,,,,0.0,0.0,0.0,0.0,0.0,0.0,,,,0.0,0.0,0.0,,,,,0.6666666666666666,0.6666666666666666,0.6666666666666666,0.6666666666666666,0.6666666666666666,0.6666666666666666,0,,0,0,,PREPARE
S2_short_window_prepare_i1,3.5,plan_generated,1,0,finite_search_no_valid_plan,96,0.10388199996668845,continue_bounded_preparation,,,,,-0.7442735668235505,3.659375000000421,,,,0.0,0.0,0.0,0.0,0.0,0.0,,,,0.0,0.0,0.0,,,,,0.6666666666666666,0.6666666666666666,0.6666666666666666,0.6666666666666666,0.6666666666666666,0.6666666666666666,0,,0,0,,PREPARE
S2_short_window_prepare_i1,4.0,plan_generated,1,0,finite_search_no_valid_plan,96,0.0804954000050202,continue_bounded_preparation,,,,,-0.7442735668235505,3.732951385625978,,,,0.0,0.0,0.0,0.0,0.0,0.0,,,,0.0,0.0,0.0,,,,,0.6666666666666666,0.6666666666666666,0.6666666666666666,0.6666666666666666,0.6666666666666666,0.6666666666666666,0,,0,0,,PREPARE
S2_short_window_prepare_i1,4.5,plan_generated,1,0,finite_search_no_valid_plan,96,0.09442099998705089,continue_bounded_preparation,,,,,-0.4618750000004823,3.242897909675503,,,,0.0,0.0,0.0,0.0,0.0,0.0,,,,0.0,0.0,0.0,,,,,0.6666666666666666,0.6666666666666666,0.6666666666666666,0.6666666666666666,0.6666666666666666,0.6666666666666666,0,,0,0,,PREPARE
S2_short_window_prepare_i1,5.0,plan_generated,1,0,finite_search_no_valid_plan,96,0.09419199998956174,continue_bounded_preparation,,,,,-0.5035260251128273,3.0299937921434266,,,,0.0,0.0,0.0,0.0,0.0,0.0,,,,0.0,0.0,0.0,,,,,0.6666666666666666,0.6666666666666666,0.6666666666666666,0.6666666666666666,0.6666666666666666,0.6666666666666666,0,,0,0,,PREPARE
S2_short_window_prepare_i1,5.5,plan_generated,1,0,finite_search_no_valid_plan,96,0.10537589999148622,continue_bounded_preparation,,,,,-0.5224304113223122,3.00000000000004,,,,0.0,0.0,0.0,0.0,0.0,0.0,,,,0.0,0.0,0.0,,,,,0.6666666666666666,0.6666666666666666,0.6666666666666666,0.6666666666666666,0.6666666666666666,0.6666666666666666,0,,0,0,,PREPARE
S2_short_window_prepare_i1,6.0,plan_generated,1,0,finite_search_no_valid_plan,96,0.09325730003183708,continue_bounded_preparation,,,,,-0.5404006380594204,3.3000000000000513,,,,0.0,0.0,0.0,0.0,0.0,0.0,,,,0.0,0.0,0.0,,,,,0.6666666666666666,0.6666666666666666,0.6666666666666666,0.6666666666666666,0.6666666666666666,0.6666666666666666,0,,0,0,,PREPARE
S2_short_window_prepare_i1,6.5,plan_generated,1,0,finite_search_no_valid_plan,96,0.10856329998932779,continue_bounded_preparation,,,,,-0.3949999999999676,3.6000000000000343,,,,0.0,0.0,0.0,0.0,0.0,0.0,,,,0.0,0.0,0.0,,,,,0.6666666666666666,0.6666666666666666,0.6666666666666666,0.6666666666666666,0.6666666666666666,0.6666666666666666,0,,0,0,,PREPARE
S2_short_window_prepare_i1,7.0,plan_generated,1,0,finite_search_no_valid_plan,96,0.07920729997567832,continue_bounded_preparation,,,,,-0.27064184871709607,3.393822738104018,,,,0.0,0.0,0.0,0.0,0.0,0.0,,,,0.0,0.0,0.0,,,,,0.6666666666666666,0.6666666666666666,0.6666666666666666,0.6666666666666666,0.6666666666666666,0.6666666666666666,0,,0,0,,PREPARE
S2_short_window_prepare_i1,7.5,plan_generated,1,0,finite_search_no_valid_plan,96,0.0965656999615021,continue_bounded_preparation,,,,,-0.42695841431270143,2.9043973456762844,,,,0.0,0.0,0.0,0.0,0.0,0.0,,,,0.0,0.0,0.0,,,,,0.6666666666666666,0.6666666666666666,0.6666666666666666,0.6666666666666666,0.6666666666666666,0.6666666666666666,0,,0,0,,PREPARE
S2_short_window_prepare_i2,0.0,plan_generated,1,0,finite_search_no_valid_plan,96,0.09498340002028272,continue_bounded_preparation,,,,,-2.3906249999997424,3.9256250000002213,,,,0.0,0.0,0.0,0.0,0.0,0.0,,,,0.0,0.0,0.0,,,,,0.6666666666666666,0.6666666666666666,0.6666666666666666,0.6666666666666666,0.6666666666666666,0.6666666666666666,0,,0,0,,PREPARE
S2_short_window_prepare_i2,0.5,plan_generated,1,0,finite_search_no_valid_plan,96,0.10897729999851435,continue_bounded_preparation,,,,,-0.5059275329696673,4.617248229319114,,,,0.0,0.0,0.0,0.0,0.0,0.0,,,,0.0,0.0,0.0,,,,,0.6666666666666666,0.6666666666666666,0.6666666666666666,0.6666666666666666,0.6666666666666666,0.6666666666666666,0,,0,0,,PREPARE
S2_short_window_prepare_i2,1.0,plan_generated,1,0,finite_search_no_valid_plan,96,0.08504430000903085,continue_bounded_preparation,,,,,-0.5362527959405461,4.617248229319114,,,,0.0,0.0,0.0,0.0,0.0,0.0,,,,0.0,0.0,0.0,,,,,0.6666666666666666,0.6666666666666666,0.6666666666666666,0.6666666666666666,0.6666666666666666,0.6666666666666666,0,,0,0,,PREPARE
S2_short_window_prepare_i2,1.5,plan_generated,1,0,finite_search_no_valid_plan,96,0.11304949998157099,continue_bounded_preparation,,,,,-0.17779734853164753,5.5617976203399,,,,0.0,0.0,0.0,0.0,0.0,0.0,,,,0.0,0.0,0.0,,,,,0.6666666666666666,0.6666666666666666,0.6666666666666666,0.6666666666666666,0.6666666666666666,0.6666666666666666,0,,0,0,,PREPARE
S2_short_window_prepare_i2,2.0,plan_generated,1,0,finite_search_no_valid_plan,96,0.11261989997001365,continue_bounded_preparation,,,,,0.2914416597773357,6.4870008232576994,,,,0.0,0.0,0.0,0.0,0.0,0.0,,,,0.0,0.0,0.0,,,,,0.6666666666666666,0.6666666666666666,0.6666666666666666,0.6666666666666666,0.6666666666666666,0.6666666666666666,0,,0,0,,PREPARE
S2_short_window_prepare_i2,2.5,plan_generated,1,0,finite_search_no_valid_plan,96,0.09886470000492409,continue_bounded_preparation,,,,,1.742456025632391,8.258782059029567,,,,0.0,0.0,0.0,0.0,0.0,0.0,,,,0.0,0.0,0.0,,,,,0.6666666666666666,0.6666666666666666,0.6666666666666666,0.6666666666666666,0.6666666666666666,0.6666666666666666,0,,0,0,,PREPARE
S2_short_window_prepare_i2,3.0,plan_generated,1,0,finite_search_no_valid_plan,96,0.08495829999446869,continue_bounded_preparation,,,,,1.6484786539293816,7.986481643292092,,,,0.0,0.0,0.0,0.0,0.0,0.0,,,,0.0,0.0,0.0,,,,,0.6666666666666666,0.6666666666666666,0.6666666666666666,0.6666666666666666,0.6666666666666666,0.6666666666666666,0,,0,0,,PREPARE
S2_short_window_prepare_i2,3.5,plan_generated,1,0,finite_search_no_valid_plan,96,0.09176530002150685,continue_bounded_preparation,,,,,1.38481182027971,7.387789666616453,,,,0.0,0.0,0.0,0.0,0.0,0.0,,,,0.0,0.0,0.0,,,,,0.6666666666666666,0.6666666666666666,0.6666666666666666,0.6666666666666666,0.6666666666666666,0.6666666666666666,0,,0,0,,PREPARE
S2_short_window_prepare_i2,4.0,plan_generated,1,0,finite_search_no_valid_plan,96,0.099974500015378,continue_bounded_preparation,,,,,1.0278033065331753,6.7242437825585,,,,0.0,0.0,0.0,0.0,0.0,0.0,,,,0.0,0.0,0.0,,,,,0.6666666666666666,0.6666666666666666,0.6666666666666666,0.6666666666666666,0.6666666666666666,0.6666666666666666,0,,0,0,,PREPARE
S2_short_window_prepare_i2,4.5,plan_generated,1,0,finite_search_no_valid_plan,96,0.08329080004477873,continue_bounded_preparation,,,,,0.7285320718732047,5.999556400397876,,,,0.0,0.0,0.0,0.0,0.0,0.0,,,,0.0,0.0,0.0,,,,,0.6666666666666666,0.6666666666666666,0.6666666666666666,0.6666666666666666,0.6666666666666666,0.6666666666666666,0,,0,0,,PREPARE
S2_short_window_prepare_i2,5.0,plan_generated,1,0,finite_search_no_valid_plan,96,0.09010020003188401,continue_bounded_preparation,,,,,0.36845006802988056,5.235962405715424,,,,0.0,0.0,0.0,0.0,0.0,0.0,,,,0.0,0.0,0.0,,,,,0.6666666666666666,0.6666666666666666,0.6666666666666666,0.6666666666666666,0.6666666666666666,0.6666666666666666,0,,0,0,,PREPARE
S2_short_window_prepare_i2,5.5,plan_generated,1,0,finite_search_no_valid_plan,96,0.08824640000239015,continue_bounded_preparation,,,,,0.10422104488359807,4.575266708780828,,,,0.0,0.0,0.0,0.0,0.0,0.0,,,,0.0,0.0,0.0,,,,,0.6666666666666666,0.6666666666666666,0.6666666666666666,0.6666666666666666,0.6666666666666666,0.6666666666666666,0,,0,0,,PREPARE
S3_ample_none_i1,0.0,plan_generated,1,1,,102,0.24923280003713444,new_joint_plan,2.5,166.51320710079264,166.51320710079264,5.5,0.6473662126004003,7.185853830346116,1.2455939397939646,-1.5368073171735923,4.921245778437342,-1.5368073171735923,4.0,0.07608967032111547,-0.054611426852015615,0.02766253170912466,-0.072,0.1862929617989652,0.1337070382010348,0.4716269602267917,0.1862929617989652,0.1337070382010348,0.4716269602267917,0.3835427676817867,0.5980276199073254,0.050209434348453374,-0.06863904675934118,0.3333333333333333,0.6666666666666666,0.3835427676817867,0.5980276199073254,0.3835427676817867,0.5980276199073254,1,1,1,1,,PREPARE
S3_ample_none_i1,0.5,plan_generated,1,1,,7,0.18883629998890683,hold_and_refine,2.5,166.50235675831928,166.50235675831928,5.5,0.22478682623583435,7.350755750480471,1.2692885645154872,2.732241138766272,4.989650446855127,2.732241138766272,4.0,0.053594453106539305,-0.0383904813494038,-0.04918034049779289,-0.072,0.1864460207046928,0.1335539792953072,0.4606773810624584,0.1864460207046928,0.1335539792953072,0.4606773810624584,0.383832110147751,0.5380481582733649,0.0002893424659642929,-0.05997946163396051,0.3835427676817867,0.5980276199073254,0.383832110147751,0.5380481582733649,0.383832110147751,0.5380481582733649,1,1,1,1,,PREPARE
S3_ample_none_i1,1.0,plan_generated,1,1,,7,0.20132220000959933,hold_and_refine;state_update_rejected,2.5,166.50235675831928,166.50235675831928,5.5,0.22478682623583435,7.350755750480471,1.2692885645154872,2.38888994153498,4.294390014444594,2.38888994153498,4.0,0.03843817766945742,-0.026942331557115385,-0.043000018947629635,-0.072,0.18813277840343218,0.13186722159656783,0.4386758947264074,0.18813277840343218,0.13186722159656783,0.4386758947264074,0.383832110147751,0.5380481582733649,0.0,0.0,0.383832110147751,0.5380481582733649,0.37963202895792614,0.4842726072286203,0.383832110147751,0.5380481582733649,0,0,1,1,,PREPARE
S3_ample_none_i1,1.5,plan_generated,1,1,,7,0.20493909996002913,hold_and_refine,2.5,166.55024304972736,166.55024304972736,5.5,0.10286392449350679,7.280501670840377,1.2915616346011691,2.044543413697482,3.6680945049132094,2.044543413697482,3.6680945049132094,0.0366495782640277,-0.02457619926086587,-0.036801781446554674,-0.06602570108843776,0.19155110018358645,0.12844889981641355,0.41079938124948956,0.19155110018358645,0.12844889981641355,0.41079938124948956,0.38183684800574874,0.4884428228325262,-0.001995262142002241,-0.04960533544083873,0.383832110147751,0.5380481582733649,0.38183684800574874,0.4884428228325262,0.38183684800574874,0.4884428228325262,1,1,1,1,,PREPARE
S3_ample_none_i1,2.0,plan_generated,1,1,,7,0.17245059995912015,hold_and_refine,2.5,166.64074481635748,166.64074481635748,5.5,0.0703554771349264,7.268033886424672,1.3089333065358522,1.6987318757241092,2.9493098817774226,1.6987318757241092,2.9493098817774226,0.024545009820767766,-0.015442719602194156,-0.030577173763033965,-0.0530875778719936,0.19642033333694353,0.12357966666305648,0.3801848418174302,0.19642033333694353,0.12357966666305648,0.3801848418174302,0.3769115817945869,0.4502701315127721,-0.0049252662111618495,-0.03817269131975409,0.38183684800574874,0.4884428228325262,0.3769115817945869,0.4502701315127721,0.3769115817945869,0.4502701315127721,1,1,1,1,,PREPARE
S3_ample_none_i1,2.5,plan_generated,1,1,,7,0.15338899998459965,hold_and_refine,2.5,166.72232731074595,166.72232731074595,5.5,0.0703554771349264,7.268033886424672,1.3210701564965712,1.3589957256758158,2.316880801891337,1.3589957256758158,2.316880801891337,0.016144743415125725,-0.009390724283230125,-0.024461923062164683,-0.04170385443404406,0.2023192977653147,0.1176807022346853,0.3493369375803772,0.2023192977653147,0.1176807022346853,0.3493369375803772,0.37086843406209447,0.4211206811020328,-0.0060431477324924265,-0.029149450410739297,0.3769115817945869,0.4502701315127721,0.37086843406209447,0.4211206811020328,0.37086843406209447,0.4211206811020328,1,1,1,1,,EXECUTE
S3_ample_none_i1,3.0,plan_generated,1,1,,7,0.1342026999918744,hold_and_refine,2.5,166.77936249619165,166.77936249619165,5.5,1.7208333617915077,8.697423413502687,1.3286699061140093,1.0537382607216152,1.765868386619927,1.0537382607216152,1.765868386619927,0.01050846680521175,-0.005599210223220345,-0.018967288692989075,-0.031785630959158685,0.20876439052832702,0.11123560947167299,0.3201718218216458,0.20876439052832702,0.11123560947167299,0.3201718218216458,0.36478468094789535,0.39905929506202703,-0.00608375311419912,-0.022061386040005793,0.37086843406209447,0.4211206811020328,0.36478468094789535,0.39905929506202703,0.36478468094789535,0.39905929506202703,1,1,1,1,,EXECUTE
S3_ample_none_i1,3.5,plan_generated,1,1,,7,0.11747629998717457,hold_and_refine,2.5,166.81236044819184,166.81236044819184,5.5,3.1773375040226366,9.54622388799164,1.33537542469588,0.7862557982339793,1.2928351089122228,0.7862557982339793,1.2928351089122228,0.006801133844298576,-0.003309298365680772,-0.014152604368211625,-0.02327103196042001,0.21525912888544949,0.10474087111455052,0.29399290212755297,0.21525912888544949,0.10474087111455052,0.29399290212755297,0.35928502228119935,0.3825766555384804,-0.005499658666695995,-0.016482639523546616,0.36478468094789535,0.39905929506202703,0.35928502228119935,0.3825766555384804,0.35928502228119935,0.3825766555384804,1,1,1,1,,EXECUTE
S3_ample_none_i1,4.0,plan_generated,1,1,,7,0.0991723999613896,hold_and_refine,2.5,166.8279158998544,166.8279158998544,5.5,3.2126265407399988,9.604926539608652,1.3395742675560196,0.5566436396628972,0.8953468976096592,0.5566436396628972,0.8953468976096592,0.004394390307098259,-0.0019575564584894014,-0.01001958551393215,-0.016116244156973866,0.22138171967839937,0.09861828032160064,0.271515532432314,0.22138171967839937,0.09861828032160064,0.271515532432314,0.3546759995663764,0.37047914198644094,-0.004609022714822941,-0.012097513552039474,0.35928502228119935,0.3825766555384804,0.3546759995663764,0.37047914198644094,0.3546759995663764,0.37047914198644094,1,1,1,1,,EXECUTE
S3_ample_none_i1,4.5,plan_generated,1,1,,7,0.09026690002065152,hold_and_refine,2.5,166.8333664429494,166.8333664429494,5.499999999999999,3.231415767555238,9.636147746937194,1.3391521580827157,0.3649129822851683,0.5716138410409833,0.3649129822851683,0.5716138410409833,0.002847802883448005,-0.001169394456394755,-0.006568433681133029,-0.0102890491387377,0.22684893113541477,0.09315106886458524,0.25296374739196437,0.22684893113541477,0.09315106886458524,0.25296374739196437,0.351042304169702,0.3617860870529832,-0.003633695396674408,-0.008693054933457733,0.3546759995663764,0.37047914198644094,0.351042304169702,0.3617860870529832,0.351042304169702,0.3617860870529832,1,1,1,1,,EXECUTE
S3_ample_none_i1,5.0,plan_generated,1,1,,7,0.07191599998623133,hold_and_refine,2.5,166.8343878712601,166.8343878712601,5.499999999999997,3.240259627973745,9.650759620356535,1.3403639662578257,0.21101467410865166,0.32008505661990766,0.21101467410865166,0.32008505661990766,0.0018610695185761754,-0.0007111522035652813,-0.0037982641339557297,-0.0057615310191583375,0.23152834797171692,0.08847165202828308,0.23819563084200554,0.23152834797171692,0.08847165202828308,0.23819563084200554,0.3483184953411637,0.35565545674519755,-0.0027238088285382878,-0.006130630307785656,0.351042304169702,0.3617860870529832,0.3483184953411637,0.35565545674519755,0.3483184953411637,0.35565545674519755,1,1,1,1,,EXECUTE
S3_ample_none_i2,0.0,plan_generated,1,1,,102,0.22370529995532706,new_joint_plan,1.5,162.8853905769185,162.8853905769185,4.5,0.882593941966868,8.550447167774248,1.4764673451453922,0.8675530047083726,3.531927840569847,0.8675530047083726,3.531927840569847,0.0,-0.0,-0.015615954084750706,-0.06357470113025725,0.1835059661339993,0.1364940338660007,0.5783916064388326,0.1835059661339993,0.1364940338660007,0.5783916064388326,0.3238586896242913,0.298879316101538,-0.009474643709041997,-0.03445401723179531,0.3333333333333333,0.3333333333333333,0.3238586896242913,0.298879316101538,0.3238586896242913,0.298879316101538,1,1,1,1,,PREPARE
S3_ample_none_i2,0.5,plan_generated,1,1,,7,0.2200406000483781,hold_and_refine,1.5,163.1781765455279,163.1781765455279,4.5,0.826403731654989,8.524929035900595,1.5072266856992622,0.7334201039385847,3.3038787252406796,0.7334201039385847,3.3038787252406796,-0.007958681950335009,0.005828879562965269,-0.013201561870894524,-0.05946981705433223,0.18471563819682207,0.13528436180317793,0.5496065705558633,0.18471563819682207,0.13528436180317793,0.5496065705558633,0.3116592742655551,0.2696678128270422,-0.012199415358736199,-0.029211503274495787,0.3238586896242913,0.298879316101538,0.3116592742655551,0.2696678128270422,0.3116592742655551,0.2696678128270422,1,1,1,1,,PREPARE
S3_ample_none_i2,1.0,plan_generated,1,1,,7,0.20088790002046153,hold_and_refine,1.5,163.41016701301615,163.41016701301615,4.5,0.8118823532258004,8.521640252834711,1.5270155674090924,0.5243212394746456,2.639680050185185,0.5243212394746456,2.639680050185185,-0.012696288074784361,0.00903808642932003,-0.00943778231054362,-0.04751424090333333,0.18693025571836727,0.13306974428163273,0.516352995791232,0.18693025571836727,0.13306974428163273,0.516352995791232,0.29903394270156336,0.24827239308741922,-0.01262533156399176,-0.021395419739623,0.3116592742655551,0.2696678128270422,0.29903394270156336,0.24827239308741922,0.29903394270156336,0.24827239308741922,1,1,1,1,,PREPARE
S3_ample_none_i2,1.5,plan_generated,1,1,,7,0.17672430002130568,hold_and_refine,1.5,163.57116606216246,163.57116606216246,4.5,0.8118823532258004,8.521640252834711,1.543027961092824,0.3497878182399106,2.0606669477287847,0.3497878182399106,2.0606669477287847,-0.014565190829277399,0.00995982325233818,-0.006296180728318391,-0.037092005059118124,0.19004519425995514,0.12995480574004487,0.48263286138216943,0.19004519425995514,0.12995480574004487,0.48263286138216943,0.2871080872092576,0.2327201230393299,-0.011925855492305737,-0.015552270048089317,0.29903394270156336,0.24827239308741922,0.2871080872092576,0.2327201230393299,0.2871080872092576,0.2327201230393299,1,1,1,1,,EXECUTE
S3_ample_none_i2,2.0,plan_generated,1,1,,7,0.15156160003971308,hold_and_refine,1.5,163.67240224480963,163.67240224480963,4.5,3.1384798139255876,10.726059648938854,1.54848856534143,0.21760358938502705,1.5592566198963982,0.21760358938502705,1.5592566198963982,-0.014809106817047763,0.009628924142133247,-0.003916864608930487,-0.028066619158135166,0.19391554865327412,0.12608445134672588,0.4491369717639129,0.19391554865327412,0.12608445134672588,0.4491369717639129,0.2763095610602222,0.2216395145470143,-0.010798526149035426,-0.011080608492315597,0.2871080872092576,0.2327201230393299,0.2763095610602222,0.2216395145470143,0.2763095610602222,0.2216395145470143,1,1,1,1,,EXECUTE
S3_ample_none_i2,2.5,plan_generated,1,1,,7,0.1304128000047058,hold_and_refine,1.5,163.7296989403086,163.7296989403086,4.5,3.1406028410477322,11.46373038863187,1.554283694956799,0.12286766525704487,1.1311006052294483,0.12286766525704487,1.1311006052294483,-0.01412418491439497,0.00865941823604578,-0.0022116179746268076,-0.020359810894130068,0.19837683893817978,0.12162316106182022,0.41659147902612403,0.19837683893817978,0.12162316106182022,0.41659147902612403,0.2667601118104102,0.21401620210159605,-0.009549449249811992,-0.007623312445418251,0.2763095610602222,0.2216395145470143,0.2667601118104102,0.21401620210159605,0.2667601118104102,0.21401620210159605,1,1,1,1,,EXECUTE
S3_ample_none_i2,3.0,plan_generated,1,1,,7,0.1158411999931559,hold_and_refine,1.5,163.75780642667434,163.75780642667434,4.5,3.09295192064263,11.41655901836209,1.5573560667932373,0.0589146951997699,0.7731836549630646,0.0589146951997699,0.7731836549630646,-0.012928222585058933,0.0074275080995824016,-0.001060464513595858,-0.013917305789335163,0.20323668510412662,0.11676331489587338,0.3856592143621914,0.20323668510412662,0.11676331489587338,0.3856592143621914,0.25843196770203075,0.2090591736399069,-0.008328144108379454,-0.004957028461689161,0.2667601118104102,0.21401620210159605,0.25843196770203075,0.2090591736399069,0.25843196770203075,0.2090591736399069,1,1,1,1,,EXECUTE
S3_ample_none_i2,3.5,plan_generated,1,1,,7,0.08184420003090054,hold_and_refine,1.5,163.7686845983121,163.7686845983121,4.499999999999999,3.071522984833102,11.395292727438612,1.5587535669356876,0.024237991344741035,0.4836323226877771,0.024237991344741035,0.4836323226877771,-0.011483625329091309,0.006159321165876544,-0.0004362838442053386,-0.008705381808379988,0.2082849430143281,0.11171505698567191,0.3568834416432831,0.2082849430143281,0.11171505698567191,0.3568834416432831,0.25117985327687226,0.20611366992953592,-0.007252114425158496,-0.0029455037103709725,0.25843196770203075,0.2090591736399069,0.25117985327687226,0.20611366992953592,0.25117985327687226,0.20611366992953592,1,1,1,1,,EXECUTE
S3_ample_none_i2,4.0,plan_generated,1,1,,7,0.07885089999763295,hold_and_refine,1.5,163.77105426824926,163.77105426824926,4.499999999999997,3.0644510243605723,11.388321356583344,1.5592458315331361,0.009635296868206746,0.26068548043592366,0.009635296868206746,0.26068548043592366,-0.009953005788467185,0.004977805043755635,-0.0001734353436277214,-0.004692338647846625,0.21331472805454726,0.10668527194545274,0.33066225498579216,0.21331472805454726,0.10668527194545274,0.33066225498579216,0.24486073344444045,0.20460749376805415,-0.006319119832431802,-0.0015061761614817704,0.25117985327687226,0.20611366992953592,0.24486073344444045,0.20460749376805415,0.24486073344444045,0.20460749376805415,1,1,1,1,,EXECUTE
S3_ample_prepare_i1,0.0,plan_generated,1,1,,102,0.300402499968186,new_joint_plan,2.5,166.51320710079264,166.51320710079264,5.5,0.6473662126004003,7.185853830346116,1.2455939397939646,-1.5368073171735923,4.921245778437342,-1.5368073171735923,4.0,0.07608967032111547,-0.054611426852015615,0.02766253170912466,-0.072,0.1862929617989652,0.1337070382010348,0.4716269602267917,0.1862929617989652,0.1337070382010348,0.4716269602267917,0.3835427676817867,0.5980276199073254,0.050209434348453374,-0.06863904675934118,0.3333333333333333,0.6666666666666666,0.3835427676817867,0.5980276199073254,0.3835427676817867,0.5980276199073254,1,1,1,1,,PREPARE
S3_ample_prepare_i1,0.5,plan_generated,1,1,,7,0.26221429998986423,hold_and_refine,2.5,166.50235675831928,166.50235675831928,5.5,0.22478682623583435,7.350755750480471,1.2692885645154872,2.732241138766272,4.989650446855127,2.732241138766272,4.0,0.053594453106539305,-0.0383904813494038,-0.04918034049779289,-0.072,0.1864460207046928,0.1335539792953072,0.4606773810624584,0.1864460207046928,0.1335539792953072,0.4606773810624584,0.383832110147751,0.5380481582733649,0.0002893424659642929,-0.05997946163396051,0.3835427676817867,0.5980276199073254,0.383832110147751,0.5380481582733649,0.383832110147751,0.5380481582733649,1,1,1,1,,PREPARE
S3_ample_prepare_i1,1.0,plan_generated,1,1,,7,0.26026459998684004,hold_and_refine;state_update_rejected,2.5,166.50235675831928,166.50235675831928,5.5,0.22478682623583435,7.350755750480471,1.2692885645154872,2.38888994153498,4.294390014444594,2.38888994153498,4.0,0.03843817766945742,-0.026942331557115385,-0.043000018947629635,-0.072,0.18813277840343218,0.13186722159656783,0.4386758947264074,0.18813277840343218,0.13186722159656783,0.4386758947264074,0.383832110147751,0.5380481582733649,0.0,0.0,0.383832110147751,0.5380481582733649,0.37963202895792614,0.4842726072286203,0.383832110147751,0.5380481582733649,0,0,1,1,,PREPARE
S3_ample_prepare_i1,1.5,plan_generated,1,1,,7,0.2208231000113301,hold_and_refine,2.5,166.55003899342245,166.55003899342245,5.5,0.10283776556726743,7.280481199056578,1.2915646753416279,2.0445434064903805,3.6680945049132094,2.0445434064903805,3.6680945049132094,0.0366665828263657,-0.024587602052716623,-0.03680178131682685,-0.06602570108843776,0.19155110018358645,0.12844889981641355,0.4109899827248066,0.19155110018358645,0.12844889981641355,0.4109899827248066,0.38184535035178163,0.48843712143660084,-0.0019867597959693506,-0.0496110368367641,0.383832110147751,0.5380481582733649,0.38184535035178163,0.48843712143660084,0.38184535035178163,0.48843712143660084,1,1,1,1,,PREPARE
S3_ample_prepare_i1,2.0,plan_generated,1,1,,7,0.20919090003008023,hold_and_refine,2.5,166.63867887910484,166.63867887910484,5.5,0.07023398058207153,7.267951525380394,1.308971577444024,1.6987345885265852,2.949305792715147,1.6987345885265852,2.949305792715147,0.024747797383271094,-0.015570306774856617,-0.03057722259347853,-0.05308750426887265,0.19642032600509324,0.12357967399490677,0.3833750475082003,0.19642032600509324,0.12357967399490677,0.3833750475082003,0.377021410994919,0.4502007189432434,-0.00482393935686265,-0.03823640249335741,0.38184535035178163,0.48843712143660084,0.377021410994919,0.4502007189432434,0.377021410994919,0.4502007189432434,1,1,1,1,,PREPARE
S3_ample_prepare_i1,2.5,plan_generated,1,1,,7,0.17223830003058538,hold_and_refine,2.5,166.71795721066925,166.71795721066925,5.5,0.07023398058207153,7.267951525380394,1.3211624761552003,1.3590228537358275,2.3168371984104077,1.3590228537358275,2.3168371984104077,0.016487687467653427,-0.00959021712587646,-0.024462411367244894,-0.041703069571387336,0.20231916911599274,0.11768083088400727,0.3576160422515233,0.20231916911599274,0.11768083088400727,0.3576160422515233,0.37114894199014864,0.42095246984306556,-0.005872469004770342,-0.02924824910017787,0.377021410994919,0.4502007189432434,0.37114894199014864,0.42095246984306556,0.37114894199014864,0.42095246984306556,1,1,1,1,,EXECUTE
S3_ample_prepare_i1,3.0,plan_generated,1,1,,7,0.15776920004282147,hold_and_refine,2.5,166.7736518374665,166.7736518374665,5.5,1.7203106281034133,8.697028126234127,1.3288005761082482,1.053801466992286,1.7657824412474015,1.053801466992286,1.7657824412474015,0.01079839544235385,-0.005753736243273956,-0.018968426405861147,-0.031784083942453224,0.20876383822837916,0.11123616177162085,0.33194595368245733,0.20876383822837916,0.11123616177162085,0.33194595368245733,0.3652081817984443,0.3988159399914574,-0.005940760191704364,-0.022136529851608133,0.37114894199014864,0.42095246984306556,0.3652081817984443,0.3988159399914574,0.3652081817984443,0.3988159399914574,1,1,1,1,,EXECUTE
S3_ample_prepare_i1,3.5,plan_generated,1,1,,7,0.11989180004457012,hold_and_refine,2.5,166.80630617763967,166.80630617763967,5.5,3.1788203018576358,9.548629252306721,1.3355221320700643,0.7863491657922641,1.2927266671121809,0.7863491657922641,1.2927266671121809,0.006921586744505821,-0.003367972353597152,-0.014154284984260752,-0.023269080008019253,0.2152577906521002,0.1047422093478998,0.3051157009458741,0.2152577906521002,0.1047422093478998,0.3051157009458741,0.35976579176957457,0.3823068862907176,-0.005442390028869704,-0.01650905370073985,0.3652081817984443,0.3988159399914574,0.35976579176957457,0.3823068862907176,0.35976579176957457,0.3823068862907176,1,1,1,1,,EXECUTE
S3_ample_prepare_i1,4.0,plan_generated,1,1,,7,0.10538800002541393,hold_and_refine,2.5,166.82187186561964,166.82187186561964,5.5,3.2141124474017966,9.60732680368319,1.3397233685968606,0.5567397612534953,0.8952534031858674,0.5567397612534953,0.8952534031858674,0.004394862224729259,-0.001957833109298106,-0.010021315702562915,-0.016114561257345613,0.2213794047985278,0.0986205952014722,0.2805732206355742,0.2213794047985278,0.0986205952014722,0.2805732206355742,0.3551537360718099,0.37021223401707,-0.004612055697764683,-0.012094652273647588,0.35976579176957457,0.3823068862907176,0.3551537360718099,0.37021223401707,0.3551537360718099,0.37021223401707,1,1,1,1,,EXECUTE
S3_ample_prepare_i1,4.5,plan_generated,1,1,,7,0.09184790001017973,hold_and_refine,2.5,166.82737145739222,166.82737145739222,5.499999999999999,3.2328659162136857,9.638484417017178,1.3392949270568626,0.36499924035472425,0.5715327766588963,0.36499924035472425,0.5715327766588963,0.002788734657038795,-0.0011451950906742393,-0.006569986326385036,-0.010287589979860134,0.2268457109004559,0.0931542890995441,0.2599603422097974,0.2268457109004559,0.0931542890995441,0.2599603422097974,0.35148734155677774,0.36153414360966624,-0.0036663945150321453,-0.008678090407403749,0.3551537360718099,0.37021223401707,0.35148734155677774,0.36153414360966624,0.35148734155677774,0.36153414360966624,1,1,1,1,,EXECUTE
S3_ample_prepare_i1,5.0,plan_generated,1,1,,7,0.06413779995637015,hold_and_refine,2.5,166.8284094989191,166.8284094989191,5.499999999999997,3.241685957001387,9.653054357802812,1.340504024282581,0.21108689746307757,0.32002677190783985,0.21108689746307757,0.32002677190783985,0.0017782160933254105,-0.0006795333384699297,-0.003799564154335396,-0.005760481894341116,0.23152447621500055,0.08847552378499945,0.24337839286083693,0.23152447621500055,0.08847552378499945,0.24337839286083693,0.3487192308184889,0.3554218628443834,-0.0027681107382888648,-0.006112280765282863,0.35148734155677774,0.36153414360966624,0.3487192308184889,0.3554218628443834,0.3487192308184889,0.3554218628443834,1,1,1,1,,EXECUTE
S3_ample_prepare_i2,0.0,plan_generated,1,1,,102,0.25886920001357794,new_joint_plan,1.5,162.8853905769185,162.8853905769185,4.5,0.882593941966868,8.550447167774248,1.4764673451453922,0.8675530047083726,3.531927840569847,0.8675530047083726,3.531927840569847,0.0,-0.0,-0.015615954084750706,-0.06357470113025725,0.1835059661339993,0.1364940338660007,0.5783916064388326,0.1835059661339993,0.1364940338660007,0.5783916064388326,0.3238586896242913,0.298879316101538,-0.009474643709041997,-0.03445401723179531,0.3333333333333333,0.3333333333333333,0.3238586896242913,0.298879316101538,0.3238586896242913,0.298879316101538,1,1,1,1,,PREPARE
S3_ample_prepare_i2,0.5,plan_generated,1,1,,7,0.16409490001387894,hold_and_refine,1.5,163.1781765455279,163.1781765455279,4.5,0.826403731654989,8.524929035900595,1.5072266856992622,0.7334201039385847,3.3038787252406796,0.7334201039385847,3.3038787252406796,-0.007958681950335009,0.005828879562965269,-0.013201561870894524,-0.05946981705433223,0.18471563819682207,0.13528436180317793,0.5496065705558633,0.18471563819682207,0.13528436180317793,0.5496065705558633,0.3116592742655551,0.2696678128270422,-0.012199415358736199,-0.029211503274495787,0.3238586896242913,0.298879316101538,0.3116592742655551,0.2696678128270422,0.3116592742655551,0.2696678128270422,1,1,1,1,,PREPARE
S3_ample_prepare_i2,1.0,plan_generated,1,1,,7,0.15726140001788735,hold_and_refine,1.5,163.41016701301615,163.41016701301615,4.5,0.8118823532258004,8.521640252834711,1.5270155674090924,0.5243212394746456,2.639680050185185,0.5243212394746456,2.639680050185185,-0.012696288074784361,0.00903808642932003,-0.00943778231054362,-0.04751424090333333,0.18693025571836727,0.13306974428163273,0.516352995791232,0.18693025571836727,0.13306974428163273,0.516352995791232,0.29903394270156336,0.24827239308741922,-0.01262533156399176,-0.021395419739623,0.3116592742655551,0.2696678128270422,0.29903394270156336,0.24827239308741922,0.29903394270156336,0.24827239308741922,1,1,1,1,,PREPARE
S3_ample_prepare_i2,1.5,plan_generated,1,1,,7,0.14851470000576228,hold_and_refine,1.5,163.57073182764665,163.57073182764665,4.5,0.8118823532258004,8.521640252834711,1.543025205259378,0.345785415472425,2.0606669474611343,0.345785415472425,2.0606669474611343,-0.014572903039722529,0.009965096939021633,-0.006224137478503649,-0.037092005054300416,0.19004519425995514,0.12995480574004487,0.48288841355710094,0.19004519425995514,0.12995480574004487,0.48288841355710094,0.28714025272894245,0.23272275988508048,-0.011893689972620913,-0.015549633202338736,0.29903394270156336,0.24827239308741922,0.28714025272894245,0.23272275988508048,0.28714025272894245,0.23272275988508048,1,1,1,1,,EXECUTE
S3_ample_prepare_i2,2.0,plan_generated,1,1,,7,0.11354600003687665,hold_and_refine,1.5,163.67090809030194,163.67090809030194,4.5,2.134689553780447,10.44327591984064,1.548440979024698,0.19649782438240787,1.5592587324916114,0.19649782438240787,1.5592587324916114,-0.014962572666935296,0.009728707541858927,-0.0035369608388833413,-0.028066657184849002,0.19391555289684648,0.12608444710315353,0.453547500198663,0.19391555289684648,0.12608444710315353,0.453547500198663,0.27645478471238843,0.2216920029845048,-0.010685468016554012,-0.011030756900575672,0.28714025272894245,0.23272275988508048,0.27645478471238843,0.2216920029845048,0.27645478471238843,0.2216920029845048,1,1,1,1,,EXECUTE
S3_ample_prepare_i2,2.5,plan_generated,1,1,,7,0.10853440000209957,hold_and_refine,1.5,163.7285629070584,163.7285629070584,4.5,1.6493801883240131,9.950132295989317,1.5541349802534412,0.10545205600560162,1.1311329571102504,0.10545205600560162,1.1311329571102504,-0.014555587396916298,0.008923895898102413,-0.001898137008100829,-0.020360393227984507,0.19837693651467145,0.12162306348532856,0.4285956092731591,0.19837693651467145,0.12162306348532856,0.4285956092731591,0.26684564858631793,0.21420021829568772,-0.009609136126070505,-0.007491784688817088,0.27645478471238843,0.2216920029845048,0.26684564858631793,0.21420021829568772,0.26684564858631793,0.21420021829568772,1,1,1,1,,EXECUTE
S3_ample_prepare_i2,3.0,plan_generated,1,1,,7,0.09645919996546581,hold_and_refine,1.5,163.75768188654234,163.75768188654234,4.5,1.6724157009351082,9.979575157046963,1.5571034408106348,0.05969737911702745,0.773271417873844,0.05969737911702745,0.773271417873844,-0.013512682236074967,0.007763233874281911,-0.001074552824106494,-0.013918885521729192,0.20323723279953554,0.11676276720046447,0.4038401520585978,0.20323723279953554,0.11676276720046447,0.4038401520585978,0.2582178028132956,0.2094087907255986,-0.008627845773022336,-0.0047914275700891296,0.26684564858631793,0.21420021829568772,0.2582178028132956,0.2094087907255986,0.2582178028132956,0.2094087907255986,1,1,1,1,,EXECUTE
S3_ample_prepare_i2,3.5,plan_generated,1,1,,7,0.07726120000006631,hold_and_refine,1.5,163.76901107926452,163.76901107926452,4.499999999999999,1.8453655345456283,10.169910246734542,1.558443416542181,0.032208182314783514,0.48374292807853114,0.032208182314783514,0.48374292807853114,-0.011943664986351327,0.006405917568128093,-0.0005797472816661032,-0.00870737270541356,0.20828663454795712,0.11171336545204288,0.375430499596201,0.20828663454795712,0.11171336545204288,0.375430499596201,0.2506650076652204,0.20658279283115108,-0.00755279514807522,-0.002825997894447513,0.2582178028132956,0.2094087907255986,0.2506650076652204,0.20658279283115108,0.2506650076652204,0.20658279283115108,1,1,1,1,,EXECUTE
S3_ample_prepare_i2,4.0,plan_generated,1,1,,7,0.06191819999366999,hold_and_refine,1.5,163.77145721611035,163.77145721611035,4.499999999999997,1.8376369594604753,10.162598764149248,1.558914826928562,0.017537608930027208,0.26079495678732123,0.017537608930027208,0.26079495678732123,-0.010223736140450843,0.005112944470819722,-0.0003156769607404897,-0.004694309222171782,0.21331836059362488,0.10668163940637512,0.3471820222192261,0.21331836059362488,0.10668163940637512,0.3471820222192261,0.24414197607629862,0.20513944811282583,-0.006523031588921757,-0.0014433447183252457,0.2506650076652204,0.20658279283115108,0.24414197607629862,0.20513944811282583,0.24414197607629862,0.20513944811282583,1,1,1,1,,EXECUTE
S3_collaborative_none_i1,0.0,plan_generated,1,0,finite_search_no_valid_plan,96,0.08945659996243194,continue_bounded_preparation,,,,,-0.47244431153736244,6.051029235816441,,,,0.0,0.0,0.0,0.0,0.0,0.0,,,,0.0,0.0,0.0,,,,,0.6666666666666666,0.6666666666666666,0.6666666666666666,0.6666666666666666,0.6666666666666666,0.6666666666666666,0,,0,0,,PREPARE
S3_collaborative_none_i1,0.5,plan_generated,1,0,finite_search_no_valid_plan,96,0.09090609999839216,continue_bounded_preparation,,,,,0.5297477102821961,7.481874999999886,,,,0.0,0.0,0.0,0.0,0.0,0.0,,,,0.0,0.0,0.0,,,,,0.6666666666666666,0.6666666666666666,0.6666666666666666,0.6666666666666666,0.6666666666666666,0.6666666666666666,0,,0,0,,PREPARE
S3_collaborative_none_i1,1.0,plan_generated,1,0,finite_search_no_valid_plan,96,0.10376909998012707,continue_bounded_preparation,,,,,0.6631249999999511,7.659374999999938,,,,0.0,0.0,0.0,0.0,0.0,0.0,,,,0.0,0.0,0.0,,,,,0.6666666666666666,0.6666666666666666,0.6666666666666666,0.6666666666666666,0.6666666666666666,0.6666666666666666,0,,0,0,,PREPARE
S3_collaborative_none_i1,1.5,plan_generated,1,0,finite_search_no_valid_plan,96,0.07764500001212582,continue_bounded_preparation,,,,,1.531700861638658,7.3947662106873056,,,,0.0,0.0,0.0,0.0,0.0,0.0,,,,0.0,0.0,0.0,,,,,0.6666666666666666,0.6666666666666666,0.6666666666666666,0.6666666666666666,0.6666666666666666,0.6666666666666666,0,,0,0,,PREPARE
S3_collaborative_none_i1,2.0,plan_generated,1,0,finite_search_no_valid_plan,96,0.08597740001277998,continue_bounded_preparation,,,,,1.1506249999998728,7.399999999999733,,,,0.0,0.0,0.0,0.0,0.0,0.0,,,,0.0,0.0,0.0,,,,,0.6666666666666666,0.6666666666666666,0.6666666666666666,0.6666666666666666,0.6666666666666666,0.6666666666666666,0,,0,0,,PREPARE
S3_collaborative_none_i1,2.5,plan_generated,1,0,finite_search_no_valid_plan,96,0.10793290002038702,continue_bounded_preparation,,,,,1.5800000000004024,8.200000000000397,,,,0.0,0.0,0.0,0.0,0.0,0.0,,,,0.0,0.0,0.0,,,,,0.6666666666666666,0.6666666666666666,0.6666666666666666,0.6666666666666666,0.6666666666666666,0.6666666666666666,0,,0,0,,PREPARE
S3_collaborative_none_i1,3.0,plan_generated,1,0,finite_search_no_valid_plan,96,0.10042879998218268,continue_bounded_preparation,,,,,1.9299999999996338,8.299310669342372,,,,0.0,0.0,0.0,0.0,0.0,0.0,,,,0.0,0.0,0.0,,,,,0.6666666666666666,0.6666666666666666,0.6666666666666666,0.6666666666666666,0.6666666666666666,0.6666666666666666,0,,0,0,,PREPARE
S3_collaborative_none_i1,3.5,plan_generated,1,1,,102,0.21536630002083257,new_joint_plan,4.0,169.02189376583073,169.02189376583073,7.0,0.4664087401731143,5.3289047622167915,1.2204342757850233,738.7452373218194,-716.5343810074451,4.0,-4.0,-0.071881539265516,0.030738679805912987,-0.072,0.072,0.22414776320984536,0.09585223679015464,0.3702988194074244,0.22414776320984536,0.09585223679015464,0.3702988194074244,0.5913925637005752,0.3820360065696231,-0.07527410296609138,0.048702673236289795,0.6666666666666666,0.3333333333333333,0.5913925637005752,0.3820360065696231,0.5913925637005752,0.3820360065696231,1,1,1,1,,PREPARE
S3_collaborative_none_i1,4.0,plan_generated,1,1,,7,0.14689070003805682,hold_and_refine,4.0,169.55450083470666,169.55450083470666,7.0,0.5274686691459269,5.46055658379309,1.2258659920501822,1.5792539808673376,2.1745925022335038,1.5792539808673376,2.1745925022335038,-0.0445642536519694,0.01740074199519457,-0.028426571655612076,-0.03914266504020306,0.23013898443294556,0.08986101556705445,0.3167641115910713,0.23013898443294556,0.08986101556705445,0.3167641115910713,0.5519401882282816,0.36810875699456186,-0.03945237547229363,-0.013927249575061251,0.5913925637005752,0.3820360065696231,0.5519401882282816,0.36810875699456186,0.5519401882282816,0.36810875699456186,1,1,1,1,,EXECUTE
S3_collaborative_none_i1,4.5,plan_generated,1,1,,7,0.11668639996787533,hold_and_refine,4.0,169.84607910071355,169.84607910071355,7.0,0.5671162417292175,5.546347140787884,1.2298657840064178,1.1669226415392309,1.7217932617749647,1.1669226415392309,1.7217932617749647,-0.03567935398481008,0.012942242887847002,-0.021004607547706153,-0.030992278711949362,0.23482143758137095,0.08517856241862906,0.27830805969272165,0.23482143758137095,0.08517856241862906,0.27830805969272165,0.520838506520882,0.3561388690265542,-0.031101681707399575,-0.011969887968007686,0.5519401882282816,0.36810875699456186,0.520838506520882,0.3561388690265542,0.520838506520882,0.3561388690265542,1,1,1,1,,EXECUTE
S3_collaborative_none_i1,5.0,plan_generated,1,1,,7,0.108822499983944,hold_and_refine,4.0,169.97502128465706,169.97502128465706,7.0,0.590909196690073,5.598001941198629,1.2330519622202736,0.4524311311220062,1.278322740200997,0.4524311311220062,1.278322740200997,-0.029628582555755963,0.01013657803759283,-0.00814376036019611,-0.023009809323617944,0.23842847045933332,0.08157152954066668,0.251226003010374,0.23842847045933332,0.08157152954066668,0.251226003010374,0.4993481425303016,0.3468531424313292,-0.021490363990580463,-0.009285726595224975,0.520838506520882,0.3561388690265542,0.4993481425303016,0.3468531424313292,0.4993481425303016,0.3468531424313292,1,1,1,1,,EXECUTE
S3_collaborative_none_i1,5.5,plan_generated,1,1,,7,0.08975320000899956,hold_and_refine;state_update_rejected,4.0,169.97502128465706,169.97502128465706,7.0,0.590909196690073,5.598001941198629,1.2330519622202736,0.2108965436936349,0.8856090965472598,0.2108965436936349,0.8856090965472598,-0.02587055477571523,0.008453064668606569,-0.0037961377864854278,-0.015940963737850675,0.2411918574513391,0.07880814254866092,0.23269092648801573,0.2411918574513391,0.07880814254866092,0.23269092648801573,0.4993481425303016,0.3468531424313292,0.0,0.0,0.4993481425303016,0.3468531424313292,0.48201805553654975,0.3403343677572565,0.4993481425303016,0.3468531424313292,0,0,1,1,,EXECUTE
S3_collaborative_none_i1,6.0,plan_generated,1,1,,7,0.08112460002303123,hold_and_refine;state_update_rejected,4.0,169.97502128465706,169.97502128465706,6.999999999999999,0.590909196690073,5.598001941198629,1.2330519622202736,0.362730098715942,0.5586558817523858,0.362730098715942,0.5586558817523858,-0.02471058134283478,0.0077892196653682804,-0.006529141776886955,-0.010055805871542943,0.2433056752474047,0.0766943247525953,0.22032667095445196,0.2433056752474047,0.0766943247525953,0.22032667095445196,0.4993481425303016,0.3468531424313292,0.0,0.0,0.4993481425303016,0.3468531424313292,0.4812315402577892,0.34294502418879125,0.4993481425303016,0.3468531424313292,0,0,1,1,,EXECUTE
S3_collaborative_none_i1,6.5,plan_generated,1,1,,7,0.05445669998880476,hold_and_refine,4.0,169.98128160390183,169.98128160390183,6.999999999999997,0.5949943878014707,5.605679737178247,1.2333015406455956,0.24581569091699942,0.30438963693933735,0.24581569091699942,0.30438963693933735,-0.023970205443805716,0.007347702945459614,-0.0044246824365059894,-0.005479013464908072,0.24492267001607915,0.07507732998392086,0.21231423832169638,0.24492267001607915,0.07507732998392086,0.21231423832169638,0.4826539578774942,0.34501266203215436,-0.016694184652807365,-0.0018404803991748375,0.4993481425303016,0.3468531424313292,0.4826539578774942,0.34501266203215436,0.4826539578774942,0.34501266203215436,1,1,1,1,,EXECUTE
S3_collaborative_prepare_i1,0.0,plan_generated,1,0,finite_search_no_valid_plan,96,0.0892998999916017,continue_bounded_preparation,,,,,-0.47244431153736244,6.051029235816441,,,,0.0,0.0,0.0,0.0,0.0,0.0,,,,0.0,0.0,0.0,,,,,0.6666666666666666,0.6666666666666666,0.6666666666666666,0.6666666666666666,0.6666666666666666,0.6666666666666666,0,,0,0,,PREPARE
S3_collaborative_prepare_i1,0.5,plan_generated,1,0,finite_search_no_valid_plan,96,0.10074670001631603,continue_bounded_preparation,,,,,0.5297477102821961,7.481874999999886,,,,0.0,0.0,0.0,0.0,0.0,0.0,,,,0.0,0.0,0.0,,,,,0.6666666666666666,0.6666666666666666,0.6666666666666666,0.6666666666666666,0.6666666666666666,0.6666666666666666,0,,0,0,,PREPARE
S3_collaborative_prepare_i1,1.0,plan_generated,1,0,finite_search_no_valid_plan,96,0.09732790000271052,continue_bounded_preparation,,,,,0.6631249999999511,7.659374999999938,,,,0.0,0.0,0.0,0.0,0.0,0.0,,,,0.0,0.0,0.0,,,,,0.6666666666666666,0.6666666666666666,0.6666666666666666,0.6666666666666666,0.6666666666666666,0.6666666666666666,0,,0,0,,PREPARE
S3_collaborative_prepare_i1,1.5,plan_generated,1,0,finite_search_no_valid_plan,96,0.08010739996097982,continue_bounded_preparation,,,,,1.5317008616316334,7.394766210676875,,,,0.0,0.0,0.0,0.0,0.0,0.0,,,,0.0,0.0,0.0,,,,,0.6666666666666666,0.6666666666666666,0.6666666666666666,0.6666666666666666,0.6666666666666666,0.6666666666666666,0,,0,0,,PREPARE
S3_collaborative_prepare_i1,2.0,plan_generated,1,0,finite_search_no_valid_plan,96,0.0938855999847874,continue_bounded_preparation,,,,,1.1506249999998728,7.399999999999733,,,,0.0,0.0,0.0,0.0,0.0,0.0,,,,0.0,0.0,0.0,,,,,0.6666666666666666,0.6666666666666666,0.6666666666666666,0.6666666666666666,0.6666666666666666,0.6666666666666666,0,,0,0,,PREPARE
S3_collaborative_prepare_i1,2.5,plan_generated,1,0,finite_search_no_valid_plan,96,0.09620660002110526,continue_bounded_preparation,,,,,1.5800000000004024,8.200000000000397,,,,0.0,0.0,0.0,0.0,0.0,0.0,,,,0.0,0.0,0.0,,,,,0.6666666666666666,0.6666666666666666,0.6666666666666666,0.6666666666666666,0.6666666666666666,0.6666666666666666,0,,0,0,,PREPARE
S3_collaborative_prepare_i1,3.0,plan_generated,1,0,finite_search_no_valid_plan,96,0.0987143000238575,continue_bounded_preparation,,,,,1.9299999999996338,8.299310669299995,,,,0.0,0.0,0.0,0.0,0.0,0.0,,,,0.0,0.0,0.0,,,,,0.6666666666666666,0.6666666666666666,0.6666666666666666,0.6666666666666666,0.6666666666666666,0.6666666666666666,0,,0,0,,PREPARE
S3_collaborative_prepare_i1,3.5,plan_generated,1,1,,102,0.24240099999587983,new_joint_plan,4.0,169.05620539122557,169.05620539122557,7.0,0.4676348018907408,5.3300581099191335,1.2207456052729855,738.7452373218194,-716.5343810074451,4.0,-4.0,-0.07572517159989914,0.03238233108029431,-0.072,0.072,0.22414776320984536,0.09585223679015464,0.39009934858642425,0.22414776320984536,0.09585223679015464,0.39009934858642425,0.5894707475333837,0.3828578322068138,-0.07719591913328294,0.04952449887348048,0.6666666666666666,0.3333333333333333,0.5894707475333837,0.3828578322068138,0.5894707475333837,0.3828578322068138,1,1,1,1,,PREPARE
S3_collaborative_prepare_i1,4.0,plan_generated,1,1,,7,0.13157050003064796,hold_and_refine,4.0,169.59742952715834,169.59742952715834,7.0,0.5277503696074577,5.4594720409684045,1.226344170385498,1.5669357086760969,2.189264119920811,1.5669357086760969,2.189264119920811,-0.04608180323999333,0.017993249418577,-0.028204842756169742,-0.0394067541585746,0.2301391325477982,0.08986086745220181,0.3312593317077131,0.2301391325477982,0.08986086745220181,0.3312593317077131,0.5493800707976353,0.36908821717916046,-0.0400906767357484,-0.013769615027653337,0.5894707475333837,0.3828578322068138,0.5493800707976353,0.36908821717916046,0.5493800707976353,0.36908821717916046,1,1,1,1,,EXECUTE
S3_collaborative_prepare_i1,4.5,plan_generated,1,1,,7,0.12518759997328743,hold_and_refine,4.0,169.88529744318527,169.88529744318527,7.0,0.5667334125869505,5.544019840464313,1.2303259246471343,1.087462975151094,1.7325038078102666,1.087462975151094,1.7325038078102666,-0.036343687825085576,0.013182952060988181,-0.019574333552719692,-0.031185068540584795,0.23482271623473455,0.08517728376526545,0.2884281430674759,0.23482271623473455,0.08517728376526545,0.2884281430674759,0.5186741597547445,0.3571344532019289,-0.030705911042890777,-0.01195376397723158,0.5493800707976353,0.36908821717916046,0.5186741597547445,0.3571344532019289,0.5186741597547445,0.3571344532019289,1,1,1,1,,EXECUTE
S3_collaborative_prepare_i1,5.0,plan_generated,1,1,,7,0.10417870001401752,hold_and_refine;state_update_rejected,4.0,169.88529744318527,169.88529744318527,7.0,0.5667334125869505,5.544019840464313,1.2303259246471343,0.1915659159485194,1.2845575012731116,0.1915659159485194,1.2845575012731116,-0.029896838784716703,0.01022789349852772,-0.003448186487073349,-0.02312203502291601,0.23843120855174896,0.08156879144825105,0.2580106707183517,0.23843120855174896,0.08156879144825105,0.2580106707183517,0.5186741597547445,0.3571344532019289,0.0,0.0,0.5186741597547445,0.3571344532019289,0.4994082763200758,0.3478303068141193,0.5186741597547445,0.3571344532019289,0,0,1,1,,EXECUTE
S3_collaborative_prepare_i1,5.5,plan_generated,1,1,,7,0.07695620000595227,hold_and_refine,4.0,169.95801707386394,169.95801707386394,7.0,0.5816071232193778,5.575225044667275,1.233019262603234,0.5624259592101397,0.8865506710212403,0.5624259592101397,0.8865506710212403,-0.027782705612944936,0.009076458526907335,-0.010123667265782513,-0.015957912078382323,0.24120096056464757,0.07879903943535244,0.23701236421239327,0.24120096056464757,0.07879903943535244,0.23701236421239327,0.49712760251660704,0.35083665080057597,-0.021546557238137476,-0.006297802401352914,0.5186741597547445,0.3571344532019289,0.49712760251660704,0.35083665080057597,0.49712760251660704,0.35083665080057597,1,1,1,1,,EXECUTE
S3_collaborative_prepare_i1,6.0,plan_generated,1,1,,7,0.06677519995719194,hold_and_refine,4.0,169.98503046735595,169.98503046735595,6.999999999999999,0.5897604288855485,5.59175320825845,1.2338175301326546,0.3875667582328556,0.5637360981655971,0.3875667582328556,0.5637360981655971,-0.024070380315976008,0.007585379028107852,-0.0069762016481914,-0.010147249766980747,0.24332133743466325,0.07667866256533676,0.22301451420956286,0.24332133743466325,0.07667866256533676,0.22301451420956286,0.4791186735219403,0.3467490222247349,-0.018008928994666717,-0.004087628575841051,0.49712760251660704,0.35083665080057597,0.4791186735219403,0.3467490222247349,0.4791186735219403,0.3467490222247349,1,1,1,1,,EXECUTE
S3_collaborative_prepare_i1,6.5,plan_generated,1,1,,7,0.05495910003082827,hold_and_refine,4.0,169.9907132630548,169.9907132630548,6.999999999999997,0.593715553110969,5.599362612527199,1.235019872820109,0.2414969916891075,0.3095779417943412,0.2414969916891075,0.3095779417943412,-0.021170111141453805,0.0064873840242982385,-0.004346945850403934,-0.005572402952298142,0.24494031453918225,0.07505968546081776,0.21395123504020663,0.24494031453918225,0.07505968546081776,0.21395123504020663,0.4639645516584017,0.3444325205829371,-0.015154121863538594,-0.002316501641797808,0.4791186735219403,0.3467490222247349,0.4639645516584017,0.3444325205829371,0.4639645516584017,0.3444325205829371,1,1,1,1,,EXECUTE
S3_collaborative_prepare_i2,0.0,plan_generated,1,1,,102,0.22351179999532178,new_joint_plan;state_update_rejected,2.0,161.0562499999998,161.0562499999998,5.0,0.0062500000002625455,7.8781249999999945,1.3565484581118274,-127.07034715465585,3.9240314557750997,-4.0,3.9240314557750997,-0.09676468120373971,0.06774888353244536,0.072,-0.0706325662039518,0.1882197254363303,0.1317802745636697,0.5936371930361336,0.1882197254363303,0.1317802745636697,0.5936371930361336,0.6666666666666666,0.3333333333333333,0.0,0.0,0.6666666666666666,0.3333333333333333,0.6509509927314634,0.32922482533091346,0.6666666666666666,0.3333333333333333,0,0,1,1,,PREPARE
S3_collaborative_prepare_i2,0.5,plan_generated,1,1,,7,0.15742469998076558,hold_and_refine;state_update_rejected,2.0,161.0562499999998,161.0562499999998,5.0,0.0062500000002625455,7.8781249999999945,1.375,-127.07034715465585,3.7466002113835204,-4.0,3.7466002113835204,-0.10139780994575098,0.06978538536466022,0.072,-0.06743880380490336,0.1895472223415548,0.1304527776584452,0.6177041493325387,0.1895472223415548,0.1304527776584452,0.6177041493325387,0.6666666666666666,0.3333333333333333,0.0,0.0,0.6666666666666666,0.3333333333333333,0.6486344283604578,0.3318399574465451,0.6666666666666666,0.3333333333333333,0,0,1,1,,PREPARE
S3_collaborative_prepare_i2,1.0,plan_generated,1,1,,7,0.14987869997275993,hold_and_refine;state_update_rejected,2.0,161.0562499999998,161.0562499999998,5.0,0.0062500000002625455,7.8781249999999945,1.375,-81.96395901222242,3.095400255933268,-4.0,3.095400255933268,-0.1106625133490251,0.07371854185051872,0.072,-0.05571720460679882,0.19205880036516704,0.12794119963483297,0.6653278240807743,0.19205880036516704,0.12794119963483297,0.6653278240807743,0.6666666666666666,0.3333333333333333,0.0,0.0,0.6666666666666666,0.3333333333333333,0.6440020766588207,0.3396673352885266,0.6666666666666666,0.3333333333333333,0,0,1,1,,PREPARE
S3_collaborative_prepare_i2,1.5,plan_generated,1,1,,103,0.2303643999621272,new_joint_plan,2.5,169.02040930969798,169.02040930969798,5.5,0.13692693927274746,8.264461459496925,1.3670999705362443,2.5451114144317244,2.9676346301347505,2.5451114144317244,2.9676346301347505,-0.12418168813638009,0.07889583540617734,-0.04581200545977104,-0.0534174233424255,0.1956796572581505,0.1243203427418495,0.7327928930228631,0.1956796572581505,0.1243203427418495,0.7327928930228631,0.5783364865352577,0.34340587269854256,-0.08833018013140892,0.010072539365209243,0.6666666666666666,0.3333333333333333,0.5783364865352577,0.34340587269854256,0.5783364865352577,0.34340587269854256,1,1,1,1,,PREPARE
S3_collaborative_prepare_i2,2.0,plan_generated,1,1,,103,0.2612478000228293,new_joint_plan,3.0,167.66526117029522,167.66526117029522,6.0,0.9181731044102266,5.737645359424261,1.2698689775162721,1.862832657569003,3.224542839688646,1.862832657569003,3.224542839688646,-0.13638166384127262,0.08157374445398259,-0.03353098783624205,-0.058041771114395624,0.20023422575542169,0.11976577424457832,0.7864788353162524,0.20023422575542169,0.11976577424457832,0.7864788353162524,0.9100436741612427,0.6730993200031268,-0.08995632583875735,0.006432653336460148,1.0,0.6666666666666666,0.9100436741612427,0.6730993200031268,0.9100436741612427,0.6730993200031268,1,1,1,1,,PREPARE
S3_collaborative_prepare_i2,2.5,plan_generated,1,1,,7,0.15566980000585318,hold_and_refine,3.0,168.9182521413509,168.9182521413509,6.0,0.6832578842444637,5.794206237745169,1.374741787243834,1.7987754821878428,3.1018160027931936,1.7987754821878428,3.1018160027931936,-0.09645029978934253,0.05356482865996317,-0.03237795867938117,-0.05583268805027748,0.20573988938068635,0.11426011061931365,0.6919334496716403,0.20573988938068635,0.11426011061931365,0.6919334496716403,0.8410793265560745,0.6665805957479446,-0.06896434760516812,-0.0065187242551821845,0.9100436741612427,0.6730993200031268,0.8410793265560745,0.6665805957479446,0.8410793265560745,0.6665805957479446,1,1,1,1,,PREPARE
S3_collaborative_prepare_i2,3.0,plan_generated,1,1,,7,0.13706359994830564,hold_and_refine,3.0,169.5876481701498,169.5876481701498,6.0,0.6857341716701146,5.875880713969747,1.341897340993448,1.437371961841388,2.4664867609208563,1.437371961841388,2.4664867609208563,-0.06542767163176837,0.0331657537282852,-0.025872695313144983,-0.04439676169657541,0.21235548765758494,0.10764451234241507,0.5911952102089353,0.21235548765758494,0.10764451234241507,0.5911952102089353,0.7912237464508375,0.655632446997816,-0.04985558010523705,-0.010948148750128617,0.8410793265560745,0.6665805957479446,0.7912237464508375,0.655632446997816,0.7912237464508375,0.655632446997816,1,1,1,1,,EXECUTE
S3_collaborative_prepare_i2,3.5,plan_generated,1,1,,7,0.16324429999804124,hold_and_refine,3.0,169.92277444802656,169.92277444802656,6.0,1.0206577519803322,5.9526654318529895,1.3054635507100385,1.0613525006471205,1.9006796482051662,1.0613525006471205,1.9006796482051662,-0.04447702347089857,0.02041315929738519,-0.019104345011648167,-0.034212233667692986,0.21933437237356657,0.10066562762643344,0.4907515436192279,0.21933437237356657,0.10066562762643344,0.4907515436192279,0.7554769434773099,0.6434878502366795,-0.035746802973527614,-0.01214459676113644,0.7912237464508375,0.655632446997816,0.7554769434773099,0.6434878502366795,0.7554769434773099,0.6434878502366795,1,1,1,1,,EXECUTE
S3_collaborative_prepare_i2,4.0,plan_generated,1,1,,7,0.12480530003085732,hold_and_refine;state_update_rejected,3.0,169.92277444802656,169.92277444802656,6.0,1.0206577519803322,5.9526654318529895,1.3054635507100385,-0.13091380804622232,1.4076724514948489,-0.13091380804622232,1.4076724514948489,-0.03146548274677707,0.013100111573880224,0.0023564485448320017,-0.025338104126907277,0.22593560419099906,0.09406439580900094,0.4041298165128414,0.22593560419099906,0.09406439580900094,0.4041298165128414,0.7554769434773099,0.6434878502366795,0.0,0.0,0.7554769434773099,0.6434878502366795,0.7371450416589508,0.6322209511582726,0.7554769434773099,0.6434878502366795,0,0,1,1,,EXECUTE
S3_collaborative_prepare_i2,4.5,plan_generated,1,1,,7,0.10750470001948997,hold_and_refine,3.0,169.99427623654148,169.99427623654148,6.0,1.0380032889540773,5.989988670953363,1.2786204517421003,0.442838022350673,0.9906439008690873,0.442838022350673,0.9906439008690873,-0.02684557639398764,0.010231996507471561,-0.007971084402312114,-0.01783159021564357,0.2316922002663761,0.0883077997336239,0.33622692486931943,0.2316922002663761,0.0883077997336239,0.33622692486931943,0.7342912283617734,0.6345401505807001,-0.021185715115536463,-0.008947699655979413,0.7554769434773099,0.6434878502366795,0.7342912283617734,0.6345401505807001,0.7342912283617734,0.6345401505807001,1,1,1,1,,EXECUTE
S3_collaborative_prepare_i2,5.0,plan_generated,1,1,,7,0.06282619998091832,hold_and_refine;state_update_rejected,3.0,169.99427623654148,169.99427623654148,5.999999999999999,1.0380032889540773,5.989988670953363,1.2786204517421003,0.3107283228877386,0.6442243364590178,0.3107283228877386,0.6442243364590178,-0.020891779448643687,0.00738620245505363,-0.005593109811979294,-0.011596038056262319,0.2364160726297047,0.0835839273702953,0.28665710901579444,0.2364160726297047,0.0835839273702953,0.28665710901579444,0.7342912283617734,0.6345401505807001,0.0,0.0,0.7342912283617734,0.6345401505807001,0.717377327589653,0.6273589115754502,0.7342912283617734,0.6345401505807001,0,0,1,1,,EXECUTE
S3_collaborative_prepare_i2,5.5,plan_generated,1,1,,7,0.04713770002126694,hold_and_refine,3.0,169.99996636352927,169.99996636352927,5.999999999999997,1.043579464593516,6.001886742680921,1.262675110412317,0.2395720766755003,0.3719322889286577,0.2395720766755003,0.3719322889286577,-0.018692134270976667,0.006217196056818103,-0.004312297380159005,-0.006694781200715838,0.2401302198011389,0.0798697801988611,0.2525087060173659,0.2401302198011389,0.0798697801988611,0.2525087060173659,0.7191175563943967,0.6292250368041057,-0.015173671967376734,-0.005315113776594438,0.7342912283617734,0.6345401505807001,0.7191175563943967,0.6292250368041057,0.7191175563943967,0.6292250368041057,1,1,1,1,,EXECUTE
S3_short_window_none_i0,0.0,plan_generated,1,0,finite_search_no_valid_plan,96,0.07122840004740283,continue_bounded_preparation,,,,,-1.8906249999997424,4.2687500000003356,,,,0.0,0.0,0.0,0.0,0.0,0.0,,,,0.0,0.0,0.0,,,,,0.6666666666666666,0.6666666666666666,0.6666666666666666,0.6666666666666666,0.6666666666666666,0.6666666666666666,0,,0,0,,PREPARE
S3_short_window_none_i0,0.5,plan_generated,1,0,finite_search_no_valid_plan,96,0.08765940001467243,continue_bounded_preparation,,,,,-0.7535081160001007,5.008298891305924,,,,0.0,0.0,0.0,0.0,0.0,0.0,,,,0.0,0.0,0.0,,,,,0.6666666666666666,0.6666666666666666,0.6666666666666666,0.6666666666666666,0.6666666666666666,0.6666666666666666,0,,0,0,,PREPARE
S3_short_window_none_i0,1.0,plan_generated,1,0,finite_search_no_valid_plan,96,0.07667249999940395,continue_bounded_preparation,,,,,-0.6437499999995024,5.008298891305924,,,,0.0,0.0,0.0,0.0,0.0,0.0,,,,0.0,0.0,0.0,,,,,0.6666666666666666,0.6666666666666666,0.6666666666666666,0.6666666666666666,0.6666666666666666,0.6666666666666666,0,,0,0,,PREPARE
S3_short_window_none_i0,1.5,plan_generated,1,0,finite_search_no_valid_plan,96,0.07917969999834895,continue_bounded_preparation,,,,,-0.2017821799186299,5.68437500000054,,,,0.0,0.0,0.0,0.0,0.0,0.0,,,,0.0,0.0,0.0,,,,,0.6666666666666666,0.6666666666666666,0.6666666666666666,0.6666666666666666,0.6666666666666666,0.6666666666666666,0,,0,0,,PREPARE
S3_short_window_none_i0,2.0,plan_generated,1,0,finite_search_no_valid_plan,96,0.08425710001029074,continue_bounded_preparation,,,,,0.7831250000007044,6.721875000000591,,,,0.0,0.0,0.0,0.0,0.0,0.0,,,,0.0,0.0,0.0,,,,,0.6666666666666666,0.6666666666666666,0.6666666666666666,0.6666666666666666,0.6666666666666666,0.6666666666666666,0,,0,0,,PREPARE
S3_short_window_none_i0,2.5,plan_generated,1,0,finite_search_no_valid_plan,96,0.09247440000763163,continue_bounded_preparation,,,,,1.9956250000006728,9.075000000000227,,,,0.0,0.0,0.0,0.0,0.0,0.0,,,,0.0,0.0,0.0,,,,,0.6666666666666666,0.6666666666666666,0.6666666666666666,0.6666666666666666,0.6666666666666666,0.6666666666666666,0,,0,0,,PREPARE
S3_short_window_none_i0,3.0,plan_generated,1,0,finite_search_no_valid_plan,96,0.0938188000000082,continue_bounded_preparation,,,,,2.0870424938662113,8.666230499966883,,,,0.0,0.0,0.0,0.0,0.0,0.0,,,,0.0,0.0,0.0,,,,,0.6666666666666666,0.6666666666666666,0.6666666666666666,0.6666666666666666,0.6666666666666666,0.6666666666666666,0,,0,0,,PREPARE
S3_short_window_none_i0,3.5,plan_generated,1,0,finite_search_no_valid_plan,96,0.08901890000561252,continue_bounded_preparation,,,,,1.6114040776888956,8.052790928257746,,,,0.0,0.0,0.0,0.0,0.0,0.0,,,,0.0,0.0,0.0,,,,,0.6666666666666666,0.6666666666666666,0.6666666666666666,0.6666666666666666,0.6666666666666666,0.6666666666666666,0,,0,0,,PREPARE
S3_short_window_none_i0,4.0,plan_generated,1,0,finite_search_no_valid_plan,96,0.08236260002013296,continue_bounded_preparation,,,,,1.3952934765773604,7.293740559455114,,,,0.0,0.0,0.0,0.0,0.0,0.0,,,,0.0,0.0,0.0,,,,,0.6666666666666666,0.6666666666666666,0.6666666666666666,0.6666666666666666,0.6666666666666666,0.6666666666666666,0,,0,0,,PREPARE
S3_short_window_none_i0,4.5,plan_generated,1,0,finite_search_no_valid_plan,96,0.08671309996861964,continue_bounded_preparation,,,,,0.8991913376653526,6.392580226910934,,,,0.0,0.0,0.0,0.0,0.0,0.0,,,,0.0,0.0,0.0,,,,,0.6666666666666666,0.6666666666666666,0.6666666666666666,0.6666666666666666,0.6666666666666666,0.6666666666666666,0,,0,0,,PREPARE
S3_short_window_none_i0,5.0,plan_generated,1,0,finite_search_no_valid_plan,96,0.10595180001109838,continue_bounded_preparation,,,,,0.5065271621527518,5.598292632883255,,,,0.0,0.0,0.0,0.0,0.0,0.0,,,,0.0,0.0,0.0,,,,,0.6666666666666666,0.6666666666666666,0.6666666666666666,0.6666666666666666,0.6666666666666666,0.6666666666666666,0,,0,0,,PREPARE
S3_short_window_none_i0,5.5,plan_generated,1,0,finite_search_no_valid_plan,96,0.11169240000890568,continue_bounded_preparation,,,,,0.20920978129942203,4.905118629631812,,,,0.0,0.0,0.0,0.0,0.0,0.0,,,,0.0,0.0,0.0,,,,,0.6666666666666666,0.6666666666666666,0.6666666666666666,0.6666666666666666,0.6666666666666666,0.6666666666666666,0,,0,0,,PREPARE
S3_short_window_none_i1,0.0,plan_generated,1,0,finite_search_no_valid_plan,96,0.11502249998738989,continue_bounded_preparation,,,,,-3.7950000000000257,2.715884862531266,,,,0.0,0.0,0.0,0.0,0.0,0.0,,,,0.0,0.0,0.0,,,,,0.6666666666666666,0.6666666666666666,0.6666666666666666,0.6666666666666666,0.6666666666666666,0.6666666666666666,0,,0,0,,PREPARE
S3_short_window_none_i1,0.5,plan_generated,1,0,finite_search_no_valid_plan,96,0.11247440002625808,continue_bounded_preparation,,,,,-1.05812500000006,5.194513229497187,,,,0.0,0.0,0.0,0.0,0.0,0.0,,,,0.0,0.0,0.0,,,,,0.6666666666666666,0.6666666666666666,0.6666666666666666,0.6666666666666666,0.6666666666666666,0.6666666666666666,0,,0,0,,PREPARE
S3_short_window_none_i1,1.0,plan_generated,1,0,finite_search_no_valid_plan,96,0.12053060001926497,continue_bounded_preparation,,,,,-0.8260952947863869,4.359591849835636,,,,0.0,0.0,0.0,0.0,0.0,0.0,,,,0.0,0.0,0.0,,,,,0.6666666666666666,0.6666666666666666,0.6666666666666666,0.6666666666666666,0.6666666666666666,0.6666666666666666,0,,0,0,,PREPARE
S3_short_window_none_i1,1.5,plan_generated,1,0,finite_search_no_valid_plan,96,0.10731410002335906,continue_bounded_preparation,,,,,-0.81801889444947,3.6318550384463437,,,,0.0,0.0,0.0,0.0,0.0,0.0,,,,0.0,0.0,0.0,,,,,0.6666666666666666,0.6666666666666666,0.6666666666666666,0.6666666666666666,0.6666666666666666,0.6666666666666666,0,,0,0,,PREPARE
S3_short_window_none_i1,2.0,plan_generated,1,0,finite_search_no_valid_plan,96,0.11795149999670684,continue_bounded_preparation,,,,,-0.4118615879062193,3.2937499999998012,,,,0.0,0.0,0.0,0.0,0.0,0.0,,,,0.0,0.0,0.0,,,,,0.6666666666666666,0.6666666666666666,0.6666666666666666,0.6666666666666666,0.6666666666666666,0.6666666666666666,0,,0,0,,PREPARE
S3_short_window_none_i1,2.5,plan_generated,1,0,finite_search_no_valid_plan,96,0.11245879996567965,continue_bounded_preparation,,,,,-0.5657224172143134,3.059375000000199,,,,0.0,0.0,0.0,0.0,0.0,0.0,,,,0.0,0.0,0.0,,,,,0.6666666666666666,0.6666666666666666,0.6666666666666666,0.6666666666666666,0.6666666666666666,0.6666666666666666,0,,0,0,,PREPARE
S3_short_window_none_i1,3.0,plan_generated,1,0,finite_search_no_valid_plan,96,0.118634500016924,continue_bounded_preparation,,,,,-0.6738586196749954,3.3593749999998126,,,,0.0,0.0,0.0,0.0,0.0,0.0,,,,0.0,0.0,0.0,,,,,0.6666666666666666,0.6666666666666666,0.6666666666666666,0.6666666666666666,0.6666666666666666,0.6666666666666666,0,,0,0,,PREPARE
S3_short_window_none_i1,3.5,plan_generated,1,0,finite_search_no_valid_plan,96,0.10456569999223575,continue_bounded_preparation,,,,,-0.7442735668235505,3.659375000000421,,,,0.0,0.0,0.0,0.0,0.0,0.0,,,,0.0,0.0,0.0,,,,,0.6666666666666666,0.6666666666666666,0.6666666666666666,0.6666666666666666,0.6666666666666666,0.6666666666666666,0,,0,0,,PREPARE
S3_short_window_none_i1,4.0,plan_generated,1,0,finite_search_no_valid_plan,96,0.09418059996096417,continue_bounded_preparation,,,,,-0.7442735668235505,3.732951385625978,,,,0.0,0.0,0.0,0.0,0.0,0.0,,,,0.0,0.0,0.0,,,,,0.6666666666666666,0.6666666666666666,0.6666666666666666,0.6666666666666666,0.6666666666666666,0.6666666666666666,0,,0,0,,PREPARE
S3_short_window_none_i1,4.5,plan_generated,1,0,finite_search_no_valid_plan,96,0.11503139999695122,continue_bounded_preparation,,,,,-0.4618750000004823,3.242897909675503,,,,0.0,0.0,0.0,0.0,0.0,0.0,,,,0.0,0.0,0.0,,,,,0.6666666666666666,0.6666666666666666,0.6666666666666666,0.6666666666666666,0.6666666666666666,0.6666666666666666,0,,0,0,,PREPARE
S3_short_window_none_i1,5.0,plan_generated,1,0,finite_search_no_valid_plan,96,0.10826499998802319,continue_bounded_preparation,,,,,-0.5035260251128273,3.0299937921434266,,,,0.0,0.0,0.0,0.0,0.0,0.0,,,,0.0,0.0,0.0,,,,,0.6666666666666666,0.6666666666666666,0.6666666666666666,0.6666666666666666,0.6666666666666666,0.6666666666666666,0,,0,0,,PREPARE
S3_short_window_none_i1,5.5,plan_generated,1,0,finite_search_no_valid_plan,96,0.08791850000852719,continue_bounded_preparation,,,,,-0.5224304113223122,3.00000000000004,,,,0.0,0.0,0.0,0.0,0.0,0.0,,,,0.0,0.0,0.0,,,,,0.6666666666666666,0.6666666666666666,0.6666666666666666,0.6666666666666666,0.6666666666666666,0.6666666666666666,0,,0,0,,PREPARE
S3_short_window_none_i1,6.0,plan_generated,1,0,finite_search_no_valid_plan,96,0.08133130002534017,continue_bounded_preparation,,,,,-0.5404006380594204,3.3000000000000513,,,,0.0,0.0,0.0,0.0,0.0,0.0,,,,0.0,0.0,0.0,,,,,0.6666666666666666,0.6666666666666666,0.6666666666666666,0.6666666666666666,0.6666666666666666,0.6666666666666666,0,,0,0,,PREPARE
S3_short_window_none_i1,6.5,plan_generated,1,0,finite_search_no_valid_plan,96,0.0795405000098981,continue_bounded_preparation,,,,,-0.3949999999999676,3.6000000000000343,,,,0.0,0.0,0.0,0.0,0.0,0.0,,,,0.0,0.0,0.0,,,,,0.6666666666666666,0.6666666666666666,0.6666666666666666,0.6666666666666666,0.6666666666666666,0.6666666666666666,0,,0,0,,PREPARE
S3_short_window_none_i1,7.0,plan_generated,1,0,finite_search_no_valid_plan,96,0.07613200001651421,continue_bounded_preparation,,,,,-0.27064184871709607,3.393822738104018,,,,0.0,0.0,0.0,0.0,0.0,0.0,,,,0.0,0.0,0.0,,,,,0.6666666666666666,0.6666666666666666,0.6666666666666666,0.6666666666666666,0.6666666666666666,0.6666666666666666,0,,0,0,,PREPARE
S3_short_window_none_i1,7.5,plan_generated,1,0,finite_search_no_valid_plan,96,0.07509729999583215,continue_bounded_preparation,,,,,-0.42695841431270143,2.9043973456762844,,,,0.0,0.0,0.0,0.0,0.0,0.0,,,,0.0,0.0,0.0,,,,,0.6666666666666666,0.6666666666666666,0.6666666666666666,0.6666666666666666,0.6666666666666666,0.6666666666666666,0,,0,0,,PREPARE
S3_short_window_none_i2,0.0,plan_generated,1,0,finite_search_no_valid_plan,96,0.07973080000374466,continue_bounded_preparation,,,,,-2.3906249999997424,3.9256250000002213,,,,0.0,0.0,0.0,0.0,0.0,0.0,,,,0.0,0.0,0.0,,,,,0.6666666666666666,0.6666666666666666,0.6666666666666666,0.6666666666666666,0.6666666666666666,0.6666666666666666,0,,0,0,,PREPARE
S3_short_window_none_i2,0.5,plan_generated,1,0,finite_search_no_valid_plan,96,0.0782498000189662,continue_bounded_preparation,,,,,-0.5059275329696673,4.617248229319114,,,,0.0,0.0,0.0,0.0,0.0,0.0,,,,0.0,0.0,0.0,,,,,0.6666666666666666,0.6666666666666666,0.6666666666666666,0.6666666666666666,0.6666666666666666,0.6666666666666666,0,,0,0,,PREPARE
S3_short_window_none_i2,1.0,plan_generated,1,0,finite_search_no_valid_plan,96,0.07520200003637001,continue_bounded_preparation,,,,,-0.5362527959405461,4.617248229319114,,,,0.0,0.0,0.0,0.0,0.0,0.0,,,,0.0,0.0,0.0,,,,,0.6666666666666666,0.6666666666666666,0.6666666666666666,0.6666666666666666,0.6666666666666666,0.6666666666666666,0,,0,0,,PREPARE
S3_short_window_none_i2,1.5,plan_generated,1,0,finite_search_no_valid_plan,96,0.0779581000097096,continue_bounded_preparation,,,,,-0.17779734853164753,5.5617976203399,,,,0.0,0.0,0.0,0.0,0.0,0.0,,,,0.0,0.0,0.0,,,,,0.6666666666666666,0.6666666666666666,0.6666666666666666,0.6666666666666666,0.6666666666666666,0.6666666666666666,0,,0,0,,PREPARE
S3_short_window_none_i2,2.0,plan_generated,1,0,finite_search_no_valid_plan,96,0.09543859999394044,continue_bounded_preparation,,,,,0.6715933709307871,7.559375000000682,,,,0.0,0.0,0.0,0.0,0.0,0.0,,,,0.0,0.0,0.0,,,,,0.6666666666666666,0.6666666666666666,0.6666666666666666,0.6666666666666666,0.6666666666666666,0.6666666666666666,0,,0,0,,PREPARE
S3_short_window_none_i2,2.5,plan_generated,1,0,finite_search_no_valid_plan,96,0.09723050001775846,continue_bounded_preparation,,,,,1.742456031439695,8.596875000000647,,,,0.0,0.0,0.0,0.0,0.0,0.0,,,,0.0,0.0,0.0,,,,,0.6666666666666666,0.6666666666666666,0.6666666666666666,0.6666666666666666,0.6666666666666666,0.6666666666666666,0,,0,0,,PREPARE
S3_short_window_none_i2,3.0,plan_generated,1,0,finite_search_no_valid_plan,96,0.08777719998033717,continue_bounded_preparation,,,,,1.700000000000645,8.187296465677274,,,,0.0,0.0,0.0,0.0,0.0,0.0,,,,0.0,0.0,0.0,,,,,0.6666666666666666,0.6666666666666666,0.6666666666666666,0.6666666666666666,0.6666666666666666,0.6666666666666666,0,,0,0,,PREPARE
S3_short_window_none_i2,3.5,plan_generated,1,0,finite_search_no_valid_plan,96,0.0923299000132829,continue_bounded_preparation,,,,,1.3848118202797073,7.605780985985047,,,,0.0,0.0,0.0,0.0,0.0,0.0,,,,0.0,0.0,0.0,,,,,0.6666666666666666,0.6666666666666666,0.6666666666666666,0.6666666666666666,0.6666666666666666,0.6666666666666666,0,,0,0,,PREPARE
S3_short_window_none_i2,4.0,plan_generated,1,0,finite_search_no_valid_plan,96,0.08247760002268478,continue_bounded_preparation,,,,,1.08125000000061,6.8712591172887985,,,,0.0,0.0,0.0,0.0,0.0,0.0,,,,0.0,0.0,0.0,,,,,0.6666666666666666,0.6666666666666666,0.6666666666666666,0.6666666666666666,0.6666666666666666,0.6666666666666666,0,,0,0,,PREPARE
S3_short_window_none_i2,4.5,plan_generated,1,0,finite_search_no_valid_plan,96,0.1023750000167638,continue_bounded_preparation,,,,,0.7285320718732047,5.999556400397876,,,,0.0,0.0,0.0,0.0,0.0,0.0,,,,0.0,0.0,0.0,,,,,0.6666666666666666,0.6666666666666666,0.6666666666666666,0.6666666666666666,0.6666666666666666,0.6666666666666666,0,,0,0,,PREPARE
S3_short_window_none_i2,5.0,plan_generated,1,0,finite_search_no_valid_plan,96,0.08405530004529282,continue_bounded_preparation,,,,,0.36845006802988056,5.235962405715424,,,,0.0,0.0,0.0,0.0,0.0,0.0,,,,0.0,0.0,0.0,,,,,0.6666666666666666,0.6666666666666666,0.6666666666666666,0.6666666666666666,0.6666666666666666,0.6666666666666666,0,,0,0,,PREPARE
S3_short_window_none_i2,5.5,plan_generated,1,0,finite_search_no_valid_plan,96,0.09380759997293353,continue_bounded_preparation,,,,,0.10422104488359807,4.575266708780828,,,,0.0,0.0,0.0,0.0,0.0,0.0,,,,0.0,0.0,0.0,,,,,0.6666666666666666,0.6666666666666666,0.6666666666666666,0.6666666666666666,0.6666666666666666,0.6666666666666666,0,,0,0,,PREPARE
S3_short_window_prepare_i0,0.0,plan_generated,1,0,finite_search_no_valid_plan,96,0.10433409997494891,continue_bounded_preparation,,,,,-1.8906249999997424,4.2687500000003356,,,,0.0,0.0,0.0,0.0,0.0,0.0,,,,0.0,0.0,0.0,,,,,0.6666666666666666,0.6666666666666666,0.6666666666666666,0.6666666666666666,0.6666666666666666,0.6666666666666666,0,,0,0,,PREPARE
S3_short_window_prepare_i0,0.5,plan_generated,1,0,finite_search_no_valid_plan,96,0.10731839999789372,continue_bounded_preparation,,,,,-0.7535081160001007,5.008298891305924,,,,0.0,0.0,0.0,0.0,0.0,0.0,,,,0.0,0.0,0.0,,,,,0.6666666666666666,0.6666666666666666,0.6666666666666666,0.6666666666666666,0.6666666666666666,0.6666666666666666,0,,0,0,,PREPARE
S3_short_window_prepare_i0,1.0,plan_generated,1,0,finite_search_no_valid_plan,96,0.09081950003746897,continue_bounded_preparation,,,,,-0.6437499999995024,5.008298891305924,,,,0.0,0.0,0.0,0.0,0.0,0.0,,,,0.0,0.0,0.0,,,,,0.6666666666666666,0.6666666666666666,0.6666666666666666,0.6666666666666666,0.6666666666666666,0.6666666666666666,0,,0,0,,PREPARE
S3_short_window_prepare_i0,1.5,plan_generated,1,0,finite_search_no_valid_plan,96,0.10171930002979934,continue_bounded_preparation,,,,,-0.2017821799186299,5.486582920697043,,,,0.0,0.0,0.0,0.0,0.0,0.0,,,,0.0,0.0,0.0,,,,,0.6666666666666666,0.6666666666666666,0.6666666666666666,0.6666666666666666,0.6666666666666666,0.6666666666666666,0,,0,0,,PREPARE
S3_short_window_prepare_i0,2.0,plan_generated,1,0,finite_search_no_valid_plan,96,0.0839770000311546,continue_bounded_preparation,,,,,0.26343750000014854,6.3629964100422685,,,,0.0,0.0,0.0,0.0,0.0,0.0,,,,0.0,0.0,0.0,,,,,0.6666666666666666,0.6666666666666666,0.6666666666666666,0.6666666666666666,0.6666666666666666,0.6666666666666666,0,,0,0,,PREPARE
S3_short_window_prepare_i0,2.5,plan_generated,1,0,finite_search_no_valid_plan,96,0.08028760005254298,continue_bounded_preparation,,,,,0.7393598121795675,7.62034310235718,,,,0.0,0.0,0.0,0.0,0.0,0.0,,,,0.0,0.0,0.0,,,,,0.6666666666666666,0.6666666666666666,0.6666666666666666,0.6666666666666666,0.6666666666666666,0.6666666666666666,0,,0,0,,PREPARE
S3_short_window_prepare_i0,3.0,plan_generated,1,0,finite_search_no_valid_plan,96,0.0832319000037387,continue_bounded_preparation,,,,,1.9117569102925218,8.462787868092743,,,,0.0,0.0,0.0,0.0,0.0,0.0,,,,0.0,0.0,0.0,,,,,0.6666666666666666,0.6666666666666666,0.6666666666666666,0.6666666666666666,0.6666666666666666,0.6666666666666666,0,,0,0,,PREPARE
S3_short_window_prepare_i0,3.5,plan_generated,1,0,finite_search_no_valid_plan,96,0.09062259999336675,continue_bounded_preparation,,,,,1.6114040776888992,7.830723359237948,,,,0.0,0.0,0.0,0.0,0.0,0.0,,,,0.0,0.0,0.0,,,,,0.6666666666666666,0.6666666666666666,0.6666666666666666,0.6666666666666666,0.6666666666666666,0.6666666666666666,0,,0,0,,PREPARE
S3_short_window_prepare_i0,4.0,plan_generated,1,0,finite_search_no_valid_plan,96,0.09450820001075044,continue_bounded_preparation,,,,,1.2229334787036121,7.224243782558472,,,,0.0,0.0,0.0,0.0,0.0,0.0,,,,0.0,0.0,0.0,,,,,0.6666666666666666,0.6666666666666666,0.6666666666666666,0.6666666666666666,0.6666666666666666,0.6666666666666666,0,,0,0,,PREPARE
S3_short_window_prepare_i0,4.5,plan_generated,1,0,finite_search_no_valid_plan,96,0.08353849995182827,continue_bounded_preparation,,,,,0.8991913376653535,6.392580226910934,,,,0.0,0.0,0.0,0.0,0.0,0.0,,,,0.0,0.0,0.0,,,,,0.6666666666666666,0.6666666666666666,0.6666666666666666,0.6666666666666666,0.6666666666666666,0.6666666666666666,0,,0,0,,PREPARE
S3_short_window_prepare_i0,5.0,plan_generated,1,0,finite_search_no_valid_plan,96,0.07723280001664534,continue_bounded_preparation,,,,,0.5065271621527518,5.598292632883255,,,,0.0,0.0,0.0,0.0,0.0,0.0,,,,0.0,0.0,0.0,,,,,0.6666666666666666,0.6666666666666666,0.6666666666666666,0.6666666666666666,0.6666666666666666,0.6666666666666666,0,,0,0,,PREPARE
S3_short_window_prepare_i0,5.5,plan_generated,1,0,finite_search_no_valid_plan,96,0.07953960000304505,continue_bounded_preparation,,,,,0.20920978129942203,4.905118629631812,,,,0.0,0.0,0.0,0.0,0.0,0.0,,,,0.0,0.0,0.0,,,,,0.6666666666666666,0.6666666666666666,0.6666666666666666,0.6666666666666666,0.6666666666666666,0.6666666666666666,0,,0,0,,PREPARE
S3_short_window_prepare_i1,0.0,plan_generated,1,0,finite_search_no_valid_plan,96,0.07584200002020225,continue_bounded_preparation,,,,,-3.7950000000000257,2.715884862531266,,,,0.0,0.0,0.0,0.0,0.0,0.0,,,,0.0,0.0,0.0,,,,,0.6666666666666666,0.6666666666666666,0.6666666666666666,0.6666666666666666,0.6666666666666666,0.6666666666666666,0,,0,0,,PREPARE
S3_short_window_prepare_i1,0.5,plan_generated,1,0,finite_search_no_valid_plan,96,0.08048000000417233,continue_bounded_preparation,,,,,-1.05812500000006,5.194513229497187,,,,0.0,0.0,0.0,0.0,0.0,0.0,,,,0.0,0.0,0.0,,,,,0.6666666666666666,0.6666666666666666,0.6666666666666666,0.6666666666666666,0.6666666666666666,0.6666666666666666,0,,0,0,,PREPARE
S3_short_window_prepare_i1,1.0,plan_generated,1,0,finite_search_no_valid_plan,96,0.08032840001396835,continue_bounded_preparation,,,,,-0.8260952947863869,4.359591849835636,,,,0.0,0.0,0.0,0.0,0.0,0.0,,,,0.0,0.0,0.0,,,,,0.6666666666666666,0.6666666666666666,0.6666666666666666,0.6666666666666666,0.6666666666666666,0.6666666666666666,0,,0,0,,PREPARE
S3_short_window_prepare_i1,1.5,plan_generated,1,0,finite_search_no_valid_plan,96,0.08346270001493394,continue_bounded_preparation,,,,,-0.81801889444947,3.6318550384463437,,,,0.0,0.0,0.0,0.0,0.0,0.0,,,,0.0,0.0,0.0,,,,,0.6666666666666666,0.6666666666666666,0.6666666666666666,0.6666666666666666,0.6666666666666666,0.6666666666666666,0,,0,0,,PREPARE
S3_short_window_prepare_i1,2.0,plan_generated,1,0,finite_search_no_valid_plan,96,0.07872459996724501,continue_bounded_preparation,,,,,-0.4118615879062193,3.2937499999998012,,,,0.0,0.0,0.0,0.0,0.0,0.0,,,,0.0,0.0,0.0,,,,,0.6666666666666666,0.6666666666666666,0.6666666666666666,0.6666666666666666,0.6666666666666666,0.6666666666666666,0,,0,0,,PREPARE
S3_short_window_prepare_i1,2.5,plan_generated,1,0,finite_search_no_valid_plan,96,0.08966399997007102,continue_bounded_preparation,,,,,-0.5657224172143134,3.059375000000199,,,,0.0,0.0,0.0,0.0,0.0,0.0,,,,0.0,0.0,0.0,,,,,0.6666666666666666,0.6666666666666666,0.6666666666666666,0.6666666666666666,0.6666666666666666,0.6666666666666666,0,,0,0,,PREPARE
S3_short_window_prepare_i1,3.0,plan_generated,1,0,finite_search_no_valid_plan,96,0.08329109998885542,continue_bounded_preparation,,,,,-0.6738586196749954,3.3593749999998126,,,,0.0,0.0,0.0,0.0,0.0,0.0,,,,0.0,0.0,0.0,,,,,0.6666666666666666,0.6666666666666666,0.6666666666666666,0.6666666666666666,0.6666666666666666,0.6666666666666666,0,,0,0,,PREPARE
S3_short_window_prepare_i1,3.5,plan_generated,1,0,finite_search_no_valid_plan,96,0.07628180005121976,continue_bounded_preparation,,,,,-0.7442735668235505,3.659375000000421,,,,0.0,0.0,0.0,0.0,0.0,0.0,,,,0.0,0.0,0.0,,,,,0.6666666666666666,0.6666666666666666,0.6666666666666666,0.6666666666666666,0.6666666666666666,0.6666666666666666,0,,0,0,,PREPARE
S3_short_window_prepare_i1,4.0,plan_generated,1,0,finite_search_no_valid_plan,96,0.08946599997580051,continue_bounded_preparation,,,,,-0.7442735668235505,3.732951385625978,,,,0.0,0.0,0.0,0.0,0.0,0.0,,,,0.0,0.0,0.0,,,,,0.6666666666666666,0.6666666666666666,0.6666666666666666,0.6666666666666666,0.6666666666666666,0.6666666666666666,0,,0,0,,PREPARE
S3_short_window_prepare_i1,4.5,plan_generated,1,0,finite_search_no_valid_plan,96,0.09397099999478087,continue_bounded_preparation,,,,,-0.4618750000004823,3.242897909675503,,,,0.0,0.0,0.0,0.0,0.0,0.0,,,,0.0,0.0,0.0,,,,,0.6666666666666666,0.6666666666666666,0.6666666666666666,0.6666666666666666,0.6666666666666666,0.6666666666666666,0,,0,0,,PREPARE
S3_short_window_prepare_i1,5.0,plan_generated,1,0,finite_search_no_valid_plan,96,0.08965039998292923,continue_bounded_preparation,,,,,-0.5035260251128273,3.0299937921434266,,,,0.0,0.0,0.0,0.0,0.0,0.0,,,,0.0,0.0,0.0,,,,,0.6666666666666666,0.6666666666666666,0.6666666666666666,0.6666666666666666,0.6666666666666666,0.6666666666666666,0,,0,0,,PREPARE
S3_short_window_prepare_i1,5.5,plan_generated,1,0,finite_search_no_valid_plan,96,0.09214459999930114,continue_bounded_preparation,,,,,-0.5224304113223122,3.00000000000004,,,,0.0,0.0,0.0,0.0,0.0,0.0,,,,0.0,0.0,0.0,,,,,0.6666666666666666,0.6666666666666666,0.6666666666666666,0.6666666666666666,0.6666666666666666,0.6666666666666666,0,,0,0,,PREPARE
S3_short_window_prepare_i1,6.0,plan_generated,1,0,finite_search_no_valid_plan,96,0.08347989997128025,continue_bounded_preparation,,,,,-0.5404006380594204,3.3000000000000513,,,,0.0,0.0,0.0,0.0,0.0,0.0,,,,0.0,0.0,0.0,,,,,0.6666666666666666,0.6666666666666666,0.6666666666666666,0.6666666666666666,0.6666666666666666,0.6666666666666666,0,,0,0,,PREPARE
S3_short_window_prepare_i1,6.5,plan_generated,1,0,finite_search_no_valid_plan,96,0.08754090004367754,continue_bounded_preparation,,,,,-0.3949999999999676,3.6000000000000343,,,,0.0,0.0,0.0,0.0,0.0,0.0,,,,0.0,0.0,0.0,,,,,0.6666666666666666,0.6666666666666666,0.6666666666666666,0.6666666666666666,0.6666666666666666,0.6666666666666666,0,,0,0,,PREPARE
S3_short_window_prepare_i1,7.0,plan_generated,1,0,finite_search_no_valid_plan,96,0.08436720003373921,continue_bounded_preparation,,,,,-0.27064184871709607,3.393822738104018,,,,0.0,0.0,0.0,0.0,0.0,0.0,,,,0.0,0.0,0.0,,,,,0.6666666666666666,0.6666666666666666,0.6666666666666666,0.6666666666666666,0.6666666666666666,0.6666666666666666,0,,0,0,,PREPARE
S3_short_window_prepare_i1,7.5,plan_generated,1,0,finite_search_no_valid_plan,96,0.08724500000244007,continue_bounded_preparation,,,,,-0.42695841431270143,2.9043973456762844,,,,0.0,0.0,0.0,0.0,0.0,0.0,,,,0.0,0.0,0.0,,,,,0.6666666666666666,0.6666666666666666,0.6666666666666666,0.6666666666666666,0.6666666666666666,0.6666666666666666,0,,0,0,,PREPARE
S3_short_window_prepare_i2,0.0,plan_generated,1,0,finite_search_no_valid_plan,96,0.07695279998006299,continue_bounded_preparation,,,,,-2.3906249999997424,3.9256250000002213,,,,0.0,0.0,0.0,0.0,0.0,0.0,,,,0.0,0.0,0.0,,,,,0.6666666666666666,0.6666666666666666,0.6666666666666666,0.6666666666666666,0.6666666666666666,0.6666666666666666,0,,0,0,,PREPARE
S3_short_window_prepare_i2,0.5,plan_generated,1,0,finite_search_no_valid_plan,96,0.08131089998641983,continue_bounded_preparation,,,,,-0.5059275329696673,4.617248229319114,,,,0.0,0.0,0.0,0.0,0.0,0.0,,,,0.0,0.0,0.0,,,,,0.6666666666666666,0.6666666666666666,0.6666666666666666,0.6666666666666666,0.6666666666666666,0.6666666666666666,0,,0,0,,PREPARE
S3_short_window_prepare_i2,1.0,plan_generated,1,0,finite_search_no_valid_plan,96,0.09008100000210106,continue_bounded_preparation,,,,,-0.5362527959405461,4.617248229319114,,,,0.0,0.0,0.0,0.0,0.0,0.0,,,,0.0,0.0,0.0,,,,,0.6666666666666666,0.6666666666666666,0.6666666666666666,0.6666666666666666,0.6666666666666666,0.6666666666666666,0,,0,0,,PREPARE
S3_short_window_prepare_i2,1.5,plan_generated,1,0,finite_search_no_valid_plan,96,0.09773090004455298,continue_bounded_preparation,,,,,-0.17779734853164753,5.5617976203399,,,,0.0,0.0,0.0,0.0,0.0,0.0,,,,0.0,0.0,0.0,,,,,0.6666666666666666,0.6666666666666666,0.6666666666666666,0.6666666666666666,0.6666666666666666,0.6666666666666666,0,,0,0,,PREPARE
S3_short_window_prepare_i2,2.0,plan_generated,1,0,finite_search_no_valid_plan,96,0.08786650002002716,continue_bounded_preparation,,,,,0.2914416597773357,6.4870008232576994,,,,0.0,0.0,0.0,0.0,0.0,0.0,,,,0.0,0.0,0.0,,,,,0.6666666666666666,0.6666666666666666,0.6666666666666666,0.6666666666666666,0.6666666666666666,0.6666666666666666,0,,0,0,,PREPARE
S3_short_window_prepare_i2,2.5,plan_generated,1,0,finite_search_no_valid_plan,96,0.08453210000880063,continue_bounded_preparation,,,,,1.742456025632391,8.258782059029567,,,,0.0,0.0,0.0,0.0,0.0,0.0,,,,0.0,0.0,0.0,,,,,0.6666666666666666,0.6666666666666666,0.6666666666666666,0.6666666666666666,0.6666666666666666,0.6666666666666666,0,,0,0,,PREPARE
S3_short_window_prepare_i2,3.0,plan_generated,1,0,finite_search_no_valid_plan,96,0.08581760001834482,continue_bounded_preparation,,,,,1.6484786539293816,7.986481643292092,,,,0.0,0.0,0.0,0.0,0.0,0.0,,,,0.0,0.0,0.0,,,,,0.6666666666666666,0.6666666666666666,0.6666666666666666,0.6666666666666666,0.6666666666666666,0.6666666666666666,0,,0,0,,PREPARE
S3_short_window_prepare_i2,3.5,plan_generated,1,0,finite_search_no_valid_plan,96,0.09256449999520555,continue_bounded_preparation,,,,,1.38481182027971,7.387789666616453,,,,0.0,0.0,0.0,0.0,0.0,0.0,,,,0.0,0.0,0.0,,,,,0.6666666666666666,0.6666666666666666,0.6666666666666666,0.6666666666666666,0.6666666666666666,0.6666666666666666,0,,0,0,,PREPARE
S3_short_window_prepare_i2,4.0,plan_generated,1,0,finite_search_no_valid_plan,96,0.0965036999550648,continue_bounded_preparation,,,,,1.0278033065331753,6.7242437825585,,,,0.0,0.0,0.0,0.0,0.0,0.0,,,,0.0,0.0,0.0,,,,,0.6666666666666666,0.6666666666666666,0.6666666666666666,0.6666666666666666,0.6666666666666666,0.6666666666666666,0,,0,0,,PREPARE
S3_short_window_prepare_i2,4.5,plan_generated,1,0,finite_search_no_valid_plan,96,0.08483690000139177,continue_bounded_preparation,,,,,0.7285320718732047,5.999556400397876,,,,0.0,0.0,0.0,0.0,0.0,0.0,,,,0.0,0.0,0.0,,,,,0.6666666666666666,0.6666666666666666,0.6666666666666666,0.6666666666666666,0.6666666666666666,0.6666666666666666,0,,0,0,,PREPARE
S3_short_window_prepare_i2,5.0,plan_generated,1,0,finite_search_no_valid_plan,96,0.0883902000496164,continue_bounded_preparation,,,,,0.36845006802988056,5.235962405715424,,,,0.0,0.0,0.0,0.0,0.0,0.0,,,,0.0,0.0,0.0,,,,,0.6666666666666666,0.6666666666666666,0.6666666666666666,0.6666666666666666,0.6666666666666666,0.6666666666666666,0,,0,0,,PREPARE
S3_short_window_prepare_i2,5.5,plan_generated,1,0,finite_search_no_valid_plan,96,0.09380309999687597,continue_bounded_preparation,,,,,0.10422104488359807,4.575266708780828,,,,0.0,0.0,0.0,0.0,0.0,0.0,,,,0.0,0.0,0.0,,,,,0.6666666666666666,0.6666666666666666,0.6666666666666666,0.6666666666666666,0.6666666666666666,0.6666666666666666,0,,0,0,,PREPARE
S2_collaborative_none_i0_no_partner,0.0,plan_generated,1,1,,102,0.22272479999810457,new_joint_plan,1.5,156.15827627619285,156.15827627619285,4.5,0.10317771796369257,7.975478979130625,1.432622523125962,2.14236063179744,3.021050026862092,2.14236063179744,3.021050026862092,0.0,0.0,-0.03856249137235392,-0.05437890048351765,0.16,0.16,0.7203125325753532,0.0,0.0,0.0,0.6440520876471564,0.3034772164249078,-0.02261457901951025,-0.02985611690842549,0.6666666666666666,0.3333333333333333,0.6440520876471564,0.3034772164249078,0.6440520876471564,0.3034772164249078,1,1,0,1,no_partner,PREPARE
S2_collaborative_none_i0_no_partner,0.5,plan_generated,1,1,,7,0.185148999968078,hold_and_refine,1.5,156.6562205841934,156.6562205841934,4.5,0.05863149095430842,7.95764768593821,1.4583726431573036,2.251881150808639,2.557219597778975,2.251881150808639,2.557219597778975,0.0,0.0,-0.040533860714555496,-0.04602995276002155,0.16,0.16,0.7355008124036364,0.0,0.0,0.0,0.6205648968516428,0.2780344223134978,-0.023487190795513535,-0.02544279411141004,0.6440520876471564,0.3034772164249078,0.6205648968516428,0.2780344223134978,0.6205648968516428,0.2780344223134978,1,1,0,1,no_partner,PREPARE
S2_collaborative_none_i0_no_partner,1.0,plan_generated,1,1,,7,0.1660107999923639,hold_and_refine,1.5,157.06175912940748,157.06175912940748,4.5,0.04791121615216376,7.958008744594619,1.4785921798327515,2.1074778250387287,2.0981140497006794,2.1074778250387287,2.0981140497006794,0.0,0.0,-0.037934600850697116,-0.037766052894612226,0.16,0.16,0.774953424478064,0.0,0.0,0.0,0.598494771942036,0.2569271204876837,-0.022070124909606803,-0.021107301825814107,0.6205648968516428,0.2780344223134978,0.598494771942036,0.2569271204876837,0.598494771942036,0.2569271204876837,1,1,0,1,no_partner,PREPARE
S2_collaborative_none_i0_no_partner,1.5,plan_generated,1,1,,7,0.12699089996749535,hold_and_refine,1.5,157.31551430258995,157.31551430258995,4.5,0.04791121615216376,7.958008744594619,1.4936851430895133,1.7560228483666458,1.5906334936014437,1.7560228483666458,1.5906334936014437,0.0,0.0,-0.03160841127059962,-0.028631402884825984,0.16,0.16,0.7716889435086984,0.0,0.0,0.0,0.5796980924470261,0.2405560020813692,-0.01879667949500996,-0.016371118406314472,0.598494771942036,0.2569271204876837,0.5796980924470261,0.2405560020813692,0.5796980924470261,0.2405560020813692,1,1,0,1,no_partner,EXECUTE
S2_collaborative_none_i0_no_partner,2.0,plan_generated,1,1,,7,0.10800770000787452,hold_and_refine,1.5,157.461561784934,157.461561784934,4.5,0.26341351765664456,8.665467291203779,1.508077372181813,1.4088786282726127,1.1644269463471875,1.4088786282726127,1.1644269463471875,0.0,0.0,-0.025359815308907026,-0.020959685034249373,0.16,0.16,0.7132743488444562,0.0,0.0,0.0,0.5641196943303375,0.22815171154759356,-0.015578398116688597,-0.012404290533775647,0.5796980924470261,0.2405560020813692,0.5641196943303375,0.22815171154759356,0.5641196943303375,0.22815171154759356,1,1,0,1,no_partner,EXECUTE
S2_collaborative_none_i0_no_partner,2.5,plan_generated,1,1,,7,0.11488329997519031,hold_and_refine,1.5,157.53648179650045,157.53648179650045,4.5,0.5121450944290515,8.697265558593099,1.5182914893785289,1.0740077914189863,0.8113254068507161,1.0740077914189863,0.8113254068507161,0.0,0.0,-0.01933214024554175,-0.014603857323312888,0.16,0.16,0.6534651881848702,0.0,0.0,0.0,0.5516330257359149,0.21902456919355637,-0.0124866685944226,-0.009127142354037193,0.5641196943303375,0.22815171154759356,0.5516330257359149,0.21902456919355637,0.5516330257359149,0.21902456919355637,1,1,0,1,no_partner,EXECUTE
S2_collaborative_none_i0_no_partner,3.0,plan_generated,1,1,,7,0.08596609998494387,hold_and_refine,1.5,157.56938955838237,157.56938955838237,4.5,1.1727284402142342,9.068241565866924,1.5205270495535577,0.776920315145994,0.5226883864197494,0.776920315145994,0.5226883864197494,0.0,0.0,-0.013984565672627892,-0.009408390955555488,0.16,0.16,0.5944104535735938,0.0,0.0,0.0,0.5418825777709214,0.21256817716223017,-0.00975044796499347,-0.006456392031326197,0.5516330257359149,0.21902456919355637,0.5418825777709214,0.21256817716223017,0.5418825777709214,0.21256817716223017,1,1,0,1,no_partner,EXECUTE
S2_collaborative_none_i0_no_partner,3.5,plan_generated,1,1,,7,0.08305610000388697,hold_and_refine,1.5,157.58054225269328,157.58054225269328,4.499999999999999,2.2382611521328393,9.849285924455796,1.5246045583746843,0.5250796279730827,0.2946706737958603,0.5250796279730827,0.2946706737958603,0.0,0.0,-0.009451433303515487,-0.005304072128325486,0.16,0.16,0.5378263080231652,0.0,0.0,0.0,0.5344474482303091,0.20821559568076958,-0.0074351295406123175,-0.004352581481460588,0.5418825777709214,0.21256817716223017,0.5344474482303091,0.20821559568076958,0.5344474482303091,0.20821559568076958,1,1,0,1,no_partner,EXECUTE
S2_collaborative_none_i0_no_partner,4.0,plan_generated,1,1,,7,0.06236059998627752,hold_and_refine,1.5,157.58261333389797,157.58261333389797,4.499999999999997,3.0866189866599045,10.203157046837259,1.5268929370872972,0.3167384412522044,0.12794379708245598,0.3167384412522044,0.12794379708245598,0.0,0.0,-0.005701291942539679,-0.0023029883474842074,0.16,0.16,0.4850062470751872,0.0,0.0,0.0,0.5289245650178878,0.20539837674158132,-0.005522883212421337,-0.002817218939188265,0.5344474482303091,0.20821559568076958,0.5289245650178878,0.20539837674158132,0.5289245650178878,0.20539837674158132,1,1,0,1,no_partner,EXECUTE
S2_ample_none_i0_no_partner,0.0,plan_generated,1,1,,102,0.24349980003898963,new_joint_plan,1.5,163.94930928022262,163.94930928022262,4.5,1.0393285831378236,9.339328583137824,2.2429097656727643,1.1424677245963382,1.9815193809593645,1.1424677245963382,1.9815193809593645,0.0,0.0,-0.020564419042734084,-0.035667348857268556,0.16,0.16,0.4862683493126205,0.0,0.0,0.0,0.3213844571452996,0.0,-0.011948876188033697,0.0,0.3333333333333333,0.0,0.3213844571452996,0.0,0.3213844571452996,0.0,1,1,0,1,no_partner,PREPARE
S2_ample_none_i0_no_partner,0.5,plan_generated,1,1,,7,0.17005740001332015,hold_and_refine,1.5,164.1901224553462,164.1901224553462,4.5,1.054379406583088,9.354379406583089,2.2864913964240032,0.936328890121751,1.6364490864590608,0.936328890121751,1.6364490864590608,0.0,0.0,-0.016853920022191517,-0.029456083556263092,0.16,0.16,0.4771339530131679,0.0,0.0,0.0,0.31135057484847733,0.0,-0.010033882296822283,0.0,0.3213844571452996,0.0,0.31135057484847733,0.0,0.31135057484847733,0.0,1,1,0,1,no_partner,PREPARE
S2_ample_none_i0_no_partner,1.0,plan_generated,1,1,,7,0.18313369998941198,hold_and_refine,1.5,164.334632929177,164.334632929177,4.5,1.0573285999265707,9.357328599926571,2.333860732977013,0.7008625231526765,1.3198540989005463,0.7008625231526765,1.3198540989005463,0.0,0.0,-0.012615525416748177,-0.023757373780209833,0.16,0.16,0.4688926679242235,0.0,0.0,0.0,0.30348605926586086,0.0,-0.007864515582616471,0.0,0.31135057484847733,0.0,0.30348605926586086,0.0,0.30348605926586086,0.0,1,1,0,1,no_partner,PREPARE
S2_ample_none_i0_no_partner,1.5,plan_generated,1,1,,7,0.15571679995628074,hold_and_refine,1.5,164.4188885802701,164.4188885802701,4.5,1.0573285999265707,9.357328599926571,2.3736425989083383,0.5248587826549344,1.0291045904646947,0.5248587826549344,1.0291045904646947,0.0,0.0,-0.009447458087788818,-0.018523882628364505,0.16,0.16,0.4622801025017302,0.0,0.0,0.0,0.29724489992563713,0.0,-0.006241159340223734,0.0,0.30348605926586086,0.0,0.29724489992563713,0.0,0.29724489992563713,0.0,1,1,0,1,no_partner,EXECUTE
S2_ample_none_i0_no_partner,2.0,plan_generated,1,1,,7,0.14577279996592551,hold_and_refine,1.5,164.46572405255185,164.46572405255185,4.5,2.3249227840109583,10.624922784010959,2.4064789047710056,0.3899510233829366,0.7682489026173368,0.3899510233829366,0.7682489026173368,0.0,0.0,-0.007019118420892858,-0.01382848024711206,0.16,0.16,0.45672360557768404,0.0,0.0,0.0,0.2922491162155625,0.0,-0.004995783710074642,0.0,0.29724489992563713,0.0,0.2922491162155625,0.0,0.2922491162155625,0.0,1,1,0,1,no_partner,EXECUTE
S2_ample_none_i0_no_partner,2.5,plan_generated,1,1,,7,0.1268417999963276,hold_and_refine,1.5,164.48982801196829,164.48982801196829,4.5,3.371456712042395,11.671456712042396,2.433182286619143,0.28400899870107804,0.5405208519262352,0.28400899870107804,0.5405208519262352,0.0,0.0,-0.005112161976619405,-0.009729375334672233,0.16,0.16,0.4518655068151379,0.0,0.0,0.0,0.28823178964617496,0.0,-0.004017326569387525,0.0,0.2922491162155625,0.0,0.28823178964617496,0.0,0.28823178964617496,0.0,1,1,0,1,no_partner,EXECUTE
S2_ample_none_i0_no_partner,3.0,plan_generated,1,1,,7,0.1085134000168182,hold_and_refine,1.5,164.50073159262408,164.50073159262408,4.5,3.9235477970575268,12.270421196240175,2.4376966535956996,0.19883684627328138,0.3490570159758441,0.19883684627328138,0.3490570159758441,0.0,0.0,-0.0035790632329190646,-0.006283026287565194,0.16,0.16,0.44747919754571375,0.0,0.0,0.0,0.2850010990814846,0.0,-0.003230690564690386,0.0,0.28823178964617496,0.0,0.2850010990814846,0.0,0.2850010990814846,0.0,1,1,0,1,no_partner,EXECUTE
S2_ample_none_i0_no_partner,3.5,plan_generated,1,1,,7,0.06533820001641288,hold_and_refine,1.5,164.50461051705676,164.50461051705676,4.499999999999999,3.918582736494857,12.26250672324404,2.4332306562077983,0.12899379181942738,0.19431074668345122,0.12899379181942738,0.19431074668345122,0.0,0.0,-0.0023218882527496925,-0.003497593440302122,0.16,0.16,0.4434193727838849,0.0,0.0,0.0,0.2824151494597023,0.0,-0.0025859496217822686,0.0,0.2850010990814846,0.0,0.2824151494597023,0.0,0.2824151494597023,0.0,1,1,0,1,no_partner,EXECUTE
S2_ample_none_i0_no_partner,4.0,plan_generated,1,1,,7,0.05383230000734329,hold_and_refine,1.5,164.5053771996544,164.5053771996544,4.499999999999997,3.9174557130763557,12.25977628127249,2.431515453143311,0.07026790885008072,0.07689339040413916,0.07026790885008072,0.07689339040413916,0.0,0.0,-0.0012648223593014528,-0.0013840810272745048,0.16,0.16,0.43959182374084754,0.0,0.0,0.0,0.28037066253275306,0.0,-0.0020444869269492516,0.0,0.2824151494597023,0.0,0.28037066253275306,0.0,0.28037066253275306,0.0,1,1,0,1,no_partner,EXECUTE
S2_collaborative_none_i0_no_feedback,0.0,plan_generated,1,1,,102,0.22312580002471805,new_joint_plan,1.5,156.81079240180816,156.81079240180816,4.5,0.2987071207673395,8.146728451836974,1.4652858515501053,2.14236063179744,3.021050026862092,0.0,0.0,-0.09980943229992989,0.09980943229992989,0.0,0.0,0.16,0.16,0.7203125325753532,0.16,0.16,0.7203125325753532,0.6134286171833684,0.3805713828166316,-0.053238049483298244,0.047238049483298294,0.6666666666666666,0.3333333333333333,0.6134286171833684,0.3805713828166316,0.6134286171833684,0.3805713828166316,1,1,1,0,no_feedback,PREPARE
S2_collaborative_none_i0_no_feedback,0.5,plan_generated,1,1,,7,0.16474249999737367,hold_and_refine,1.5,157.73634626880911,157.73634626880911,4.5,0.14030575230727038,8.243400376365454,1.418694008080255,1.824426026687907,3.3626803839632244,0.0,0.0,-0.07867561194343793,0.07867561194343793,0.0,0.0,0.16,0.16,0.7360914403799736,0.16,0.16,0.7360914403799736,0.5710236681257326,0.4168646177258175,-0.04240494905763581,0.0362932349091859,0.6134286171833684,0.3805713828166316,0.5710236681257326,0.4168646177258175,0.5710236681257326,0.4168646177258175,1,1,1,0,no_feedback,PREPARE
S2_collaborative_none_i0_no_feedback,1.0,plan_generated,1,1,,7,0.1431870000087656,hold_and_refine,1.5,158.32447722166035,158.32447722166035,4.5,0.05190701181651747,8.265084458148916,1.3868607400851494,1.6035875133009778,2.8067882444329855,0.0,0.0,-0.05830401669029298,0.05830401669029298,0.0,0.0,0.16,0.16,0.7826574591303064,0.16,0.16,0.7826574591303064,0.5390165414399575,0.44268170912915744,-0.0320071266857751,0.02581709140333993,0.5710236681257326,0.4168646177258175,0.5390165414399575,0.44268170912915744,0.5390165414399575,0.44268170912915744,1,1,1,0,no_feedback,PREPARE
S2_collaborative_none_i0_no_feedback,1.5,plan_generated,1,1,,7,0.13118440000107512,hold_and_refine,1.5,158.6022815516289,158.6022815516289,4.5,0.027494742014759765,8.265084458148916,1.3767557001682604,-78.70183593060793,2.2459467968566176,0.0,0.0,-0.035766031617940786,0.035766031617940786,0.0,0.0,0.16,0.16,0.7500111173962376,0.16,0.16,0.7500111173962376,0.5184384429237873,0.45702327126509457,-0.020578098516170207,0.014341562135937125,0.5390165414399575,0.44268170912915744,0.5184384429237873,0.45702327126509457,0.5184384429237873,0.45702327126509457,1,1,1,0,no_feedback,EXECUTE
S2_collaborative_none_i0_no_feedback,2.0,plan_generated,1,1,,7,0.10477340000215918,hold_and_refine,1.5,158.72344300820907,158.72344300820907,4.5,0.025023048300528927,8.417911347638817,1.3759610302255119,1.063274621432519,1.733910462022063,0.0,0.0,-0.02066339297454246,0.02066339297454246,0.0,0.0,0.16,0.16,0.6735254306117646,0.16,0.16,0.6735254306117646,0.5055145542218971,0.46369878158224503,-0.012923888701890207,0.006675510317150468,0.5184384429237873,0.45702327126509457,0.5055145542218971,0.46369878158224503,0.5055145542218971,0.46369878158224503,1,1,1,0,no_feedback,EXECUTE
S2_collaborative_none_i0_no_feedback,2.5,plan_generated,1,1,,7,0.0900452000205405,hold_and_refine,1.5,158.7759545724878,158.7759545724878,4.5,0.12238405343249426,8.417911347638817,1.374651218620625,0.8088016300547316,1.2828282334497756,0.0,0.0,-0.012448709217342115,0.012448709217342115,0.0,0.0,0.16,0.16,0.5939695843544388,0.16,0.16,0.5939695843544388,0.49676262684211653,0.46621354593825814,-0.008751927379780533,0.0025147643560131105,0.5055145542218971,0.46369878158224503,0.49676262684211653,0.46621354593825814,0.49676262684211653,0.46621354593825814,1,1,1,0,no_feedback,EXECUTE
S2_collaborative_none_i0_no_feedback,3.0,plan_generated,1,1,,7,0.07401719997869805,hold_and_refine,1.5,158.79770467250273,158.79770467250273,4.5,0.5758599972956944,8.61058691240991,1.3745511114028606,0.5760280733801949,0.8973325310812915,0.0,0.0,-0.007921321888591681,0.007921321888591681,0.0,0.0,0.16,0.16,0.5166501505333045,0.16,0.16,0.5166501505333045,0.4903181527636101,0.46644449851504793,-0.006444474078506401,0.0002309525767897891,0.49676262684211653,0.46621354593825814,0.4903181527636101,0.46644449851504793,0.4903181527636101,0.46644449851504793,1,1,1,0,no_feedback,EXECUTE
S2_collaborative_none_i0_no_feedback,3.5,plan_generated,1,1,,7,0.06263580004451796,hold_and_refine,1.5,158.8053909093942,158.8053909093942,4.499999999999999,1.3961078846198438,9.17341776953317,1.3749177072614955,0.3814185669106428,0.5794254824294566,0.0,0.0,-0.005345134327613519,0.005345134327613519,0.0,0.0,0.16,0.16,0.44583802907244074,0.16,0.16,0.44583802907244074,0.4851939948359853,0.46538550969073433,-0.005124157927624828,-0.0010589888243136003,0.4903181527636101,0.46644449851504793,0.4851939948359853,0.46538550969073433,0.4851939948359853,0.46538550969073433,1,1,1,0,no_feedback,EXECUTE
S2_collaborative_none_i0_no_feedback,4.0,plan_generated,1,1,,7,0.04554560000542551,hold_and_refine,1.5,158.80701776235122,158.80701776235122,4.499999999999997,2.579482644381816,10.102065682006252,1.3753887622023653,0.2247129781774571,0.3299292895970861,0.0,0.0,-0.003824609155800731,0.003824609155800731,0.0,0.0,0.16,0.16,0.3843671689851529,0.16,0.16,0.3843671689851529,0.480855720283905,0.46357473019110884,-0.004338274552080301,-0.0018107794996254922,0.4851939948359853,0.46538550969073433,0.480855720283905,0.46357473019110884,0.480855720283905,0.46357473019110884,1,1,1,0,no_feedback,EXECUTE
S2_ample_none_i0_no_feedback,0.0,plan_generated,1,1,,102,0.21513740002410486,new_joint_plan,1.5,164.55401149071778,164.55401149071778,4.5,1.2525269264532497,9.499465712764543,2.1724705277598364,1.1424677245963382,1.9815193809593645,0.0,0.0,-0.06737931896976875,0.06737931896976875,0.0,0.0,0.16,0.16,0.4862683493126205,0.16,0.16,0.4862683493126205,0.29797700718178227,0.03368965948488437,-0.03535632615155104,0.03368965948488437,0.3333333333333333,0.0,0.29797700718178227,0.03368965948488437,0.29797700718178227,0.03368965948488437,1,1,1,0,no_feedback,PREPARE
S2_ample_none_i0_no_feedback,0.5,plan_generated,1,1,,7,0.15646660001948476,hold_and_refine,1.5,165.2649159754695,165.2649159754695,4.5,1.3680055823601833,9.585689669890964,1.9578709930536795,0.5604828923104379,1.8710326380608882,0.0,0.0,-0.05626227032419495,0.05626227032419495,0.0,0.0,0.16,0.16,0.47639681596571365,0.16,0.16,0.47639681596571365,0.2683559869837759,0.061551277371102775,-0.029621020198006387,0.027861617886218402,0.29797700718178227,0.03368965948488437,0.2683559869837759,0.061551277371102775,0.2683559869837759,0.061551277371102775,1,1,1,0,no_feedback,PREPARE
S2_ample_none_i0_no_feedback,1.0,plan_generated,1,1,,7,0.16466439998475835,hold_and_refine,1.5,165.7045252433776,165.7045252433776,4.5,1.3968583114438715,9.60294508400808,1.8883518094398932,0.15226291107890924,1.697498799153973,0.0,0.0,-0.04516506792964381,0.04516506792964381,0.0,0.0,0.16,0.16,0.46662409177262176,0.16,0.16,0.46662409177262176,0.2444316730840351,0.08364140111695587,-0.023924313899740784,0.02209012374585309,0.2683559869837759,0.061551277371102775,0.2444316730840351,0.08364140111695587,0.2444316730840351,0.08364140111695587,1,1,1,0,no_feedback,PREPARE
S2_ample_none_i0_no_feedback,1.5,plan_generated,1,1,,7,0.1477133000153117,hold_and_refine,1.5,165.9599112808212,165.9599112808212,4.5,1.3968583114438715,9.60294508400808,1.862031538924188,0.019018088667398785,1.480948560284841,0.0,0.0,-0.03539065177937192,0.03539065177937192,0.0,0.0,0.16,0.16,0.45707556258910403,0.16,0.16,0.45707556258910403,0.22551418882892896,0.10066759579770618,-0.018917484255106143,0.01702619468075031,0.2444316730840351,0.08364140111695587,0.22551418882892896,0.10066759579770618,0.22551418882892896,0.10066759579770618,1,1,1,0,no_feedback,EXECUTE
S2_ample_none_i0_no_feedback,2.0,plan_generated,1,1,,7,0.12008209998020902,hold_and_refine,1.5,166.0986175619052,166.0986175619052,4.5,1.8821185693347058,10.225124065705227,1.8449613664950402,0.0038299881664907707,1.233466943610116,0.0,0.0,-0.027335531409586836,0.027335531409586836,0.0,0.0,0.16,0.16,0.44696501284247525,0.16,0.16,0.44696501284247525,0.2107188521799909,0.11353002073611795,-0.014795336648938062,0.012862424938411776,0.22551418882892896,0.10066759579770618,0.2107188521799909,0.11353002073611795,0.2107188521799909,0.11353002073611795,1,1,1,0,no_feedback,EXECUTE
S2_ample_none_i0_no_feedback,2.5,plan_generated,1,1,,7,0.0930052999756299,hold_and_refine,1.5,166.16782969399588,166.16782969399588,4.5,1.757356013258498,10.10333048802313,1.8394514773297541,-0.0007922616091449173,0.9369921984424069,0.0,0.0,-0.02096352217508132,0.02096352217508132,0.0,0.0,0.16,0.16,0.43585996743285504,0.16,0.16,0.43585996743285504,0.1991834968315503,0.12310354165776967,-0.011535355348440607,0.009573520921651715,0.2107188521799909,0.11353002073611795,0.1991834968315503,0.12310354165776967,0.1991834968315503,0.12310354165776967,1,1,1,0,no_feedback,EXECUTE
S2_ample_none_i0_no_feedback,3.0,plan_generated,1,1,,7,0.07529549999162555,hold_and_refine,1.5,166.19826662741283,166.19826662741283,4.5,1.6902096602603347,10.037653323733547,1.8333474551274977,-0.0014700429098005179,0.6523327865041217,0.0,0.0,-0.016044866315807503,0.016044866315807503,0.0,0.0,0.16,0.16,0.4235833503727847,0.16,0.16,0.4235833503727847,0.1901651461894888,0.13014114648241126,-0.009018350642061496,0.007037604824641594,0.1991834968315503,0.12310354165776967,0.1901651461894888,0.13014114648241126,0.1901651461894888,0.13014114648241126,1,1,1,0,no_feedback,EXECUTE
S2_ample_none_i0_no_feedback,3.5,plan_generated,1,1,,7,0.06140760000562295,hold_and_refine,1.5,166.20891892358378,166.20891892358378,4.499999999999999,1.6591277811217946,10.007365057665861,1.830099989932997,-0.00043339879724796343,0.40657349614280197,0.0,0.0,-0.012301410099383995,0.012301410099383995,0.0,0.0,0.16,0.16,0.4101446158437044,0.16,0.16,0.4101446158437044,0.18306361540884936,0.13525072236024396,-0.007101530780639437,0.0051095758778327005,0.1901651461894888,0.13014114648241126,0.18306361540884936,0.13525072236024396,0.18306361540884936,0.13525072236024396,1,1,1,0,no_feedback,EXECUTE
S2_ample_none_i0_no_feedback,4.0,plan_generated,1,1,,7,0.05580789997475222,hold_and_refine,1.5,166.2110385379813,166.2110385379813,4.499999999999997,1.6469652329087658,9.995773314020294,1.828610867295174,0.000958176808501521,0.21033102746897248,0.0,0.0,-0.009473973966178368,0.009473973966178368,0.0,0.0,0.16,0.16,0.39568690415238084,0.16,0.16,0.39568690415238084,0.17741131034871593,0.1389057035644512,-0.005652305060133422,0.003654981204207236,0.18306361540884936,0.13525072236024396,0.17741131034871593,0.1389057035644512,0.17741131034871593,0.1389057035644512,1,1,1,0,no_feedback,EXECUTE
S2_collaborative_none_i0_fixed_W,0.0,plan_generated,1,1,,102,0.2018949000048451,new_joint_plan,1.5,156.74774755943358,156.74774755943358,4.5,0.21600572741340063,8.054843766978106,1.4632635069182256,2.14236063179744,3.021050026862092,2.14236063179744,3.021050026862092,-0.05542562584220407,0.05542562584220407,-0.03856249137235392,-0.05437890048351765,0.16,0.16,0.4,0.16,0.16,0.4,0.6163392747260543,0.33119002934600983,-0.05032739194061231,-0.002143303987323486,0.6666666666666666,0.3333333333333333,0.6163392747260543,0.33119002934600983,0.6163392747260543,0.33119002934600983,1,1,1,1,fixed_W,PREPARE
S2_collaborative_none_i0_fixed_W,0.5,plan_generated,1,1,,7,0.1332567999488674,hold_and_refine,1.5,157.74155601628817,157.74155601628817,4.5,0.1393330435099216,8.091321432938184,1.5107872572514367,1.9427862241430387,3.13355742036158,1.9427862241430387,3.13355742036158,-0.049966302587903716,0.049966302587903716,-0.034970152034574695,-0.05640403356650844,0.16,0.16,0.4,0.16,0.16,0.4,0.5707893510411849,0.3253216436219394,-0.04554992368486943,-0.005868385724070446,0.6163392747260543,0.33119002934600983,0.5707893510411849,0.3253216436219394,0.5707893510411849,0.3253216436219394,1,1,1,1,fixed_W,PREPARE
S2_collaborative_none_i0_fixed_W,1.0,plan_generated,1,1,,7,0.13593239994952455,hold_and_refine,1.5,158.47779548472985,158.47779548472985,4.5,0.026872114233942312,8.104861649742642,1.55721207015633,1.6567284704098657,2.6289541311024194,1.6567284704098657,2.6289541311024194,-0.04460590215191725,0.04460590215191725,-0.02982111246737758,-0.047321174359843544,0.16,0.16,0.4,0.16,0.16,0.4,0.5307218969763315,0.3213614343690007,-0.04006745406485335,-0.003960209252938662,0.5707893510411849,0.3253216436219394,0.5307218969763315,0.3213614343690007,0.5307218969763315,0.3213614343690007,1,1,1,1,fixed_W,PREPARE
S2_collaborative_none_i0_fixed_W,1.5,plan_generated,1,1,,7,0.11922580003738403,hold_and_refine,1.5,158.29170870329042,158.29170870329042,4.5,0.04299963529201989,8.104861649742642,1.541167176043593,-178.97360767401332,2.105103362603891,-4.0,2.105103362603891,-0.03912436896514553,0.03912436896514553,0.072,-0.03789186052687003,0.16,0.16,0.4,0.16,0.16,0.4,0.5445061030088771,0.3194067971131865,0.013784206032545598,-0.00195463725581424,0.5307218969763315,0.3213614343690007,0.5445061030088771,0.3194067971131865,0.5445061030088771,0.3194067971131865,1,1,1,1,fixed_W,EXECUTE
S2_collaborative_none_i0_fixed_W,2.0,plan_generated,1,1,,7,0.12663010001415387,hold_and_refine,1.5,158.60451510714086,158.60451510714086,4.5,0.038995713322727,8.432917704235177,1.5708853174144024,1.0948397762679258,1.5983045807766865,1.0948397762679258,1.5983045807766865,-0.04157985581851674,0.04157985581851674,-0.019707115972822663,-0.028769482453980356,0.16,0.16,0.4,0.16,0.16,0.4,0.511140086598163,0.32325672941854916,-0.03336601641071413,0.00384993230536268,0.5445061030088771,0.3194067971131865,0.511140086598163,0.32325672941854916,0.511140086598163,0.32325672941854916,1,1,1,1,fixed_W,EXECUTE
S2_collaborative_none_i0_fixed_W,2.5,plan_generated,1,1,,7,0.08913659997051582,hold_and_refine,1.5,158.77100113826654,158.77100113826654,4.5,0.15005330829775687,8.433382476333858,1.5477799657794664,0.8201880706923756,1.1843112032257899,0.8201880706923756,1.1843112032257899,-0.03562055757012767,0.03562055757012767,-0.014763385272462761,-0.021317601658064216,0.16,0.16,0.4,0.16,0.16,0.4,0.48339241474387695,0.3278221535392325,-0.02774767185428606,0.004565424120683337,0.511140086598163,0.32325672941854916,0.48339241474387695,0.3278221535392325,0.48339241474387695,0.3278221535392325,1,1,1,1,fixed_W,EXECUTE
S2_collaborative_none_i0_fixed_W,3.0,plan_generated,1,1,,7,0.0818359000259079,hold_and_refine,1.5,158.84744993951557,158.84744993951557,4.5,0.6089219558014776,8.638470106097042,1.5204099032453553,0.5789043637309275,0.8252102942032848,0.5789043637309275,0.8252102942032848,-0.030048790638158292,0.030048790638158292,-0.010420278547156693,-0.014853785295659125,0.16,0.16,0.4,0.16,0.16,0.4,0.46074091807750006,0.3327970789821682,-0.02265149666637689,0.004974925442935707,0.48339241474387695,0.3278221535392325,0.46074091807750006,0.3327970789821682,0.46074091807750006,0.3327970789821682,1,1,1,1,fixed_W,EXECUTE
S2_collaborative_none_i0_fixed_W,3.5,plan_generated,1,1,,7,0.07058669999241829,hold_and_refine,1.5,158.87481646683142,158.87481646683142,4.499999999999999,1.4099485673633234,9.197607735668196,1.5116815330722786,0.3802094839737534,0.5281495845303265,0.3802094839737534,0.5281495845303265,-0.025037523195511745,0.025037523195511745,-0.006843770711527561,-0.009506692521545875,0.16,0.16,0.4,0.16,0.16,0.4,0.4424965665335929,0.3379001176872938,-0.018244351543907134,0.005103038705125573,0.46074091807750006,0.3327970789821682,0.4424965665335929,0.3379001176872938,0.4424965665335929,0.3379001176872938,1,1,1,1,fixed_W,EXECUTE
S2_collaborative_none_i0_fixed_W,4.0,plan_generated,1,1,,7,0.044929100025910884,hold_and_refine,1.5,158.8802646709153,158.8802646709153,4.499999999999997,2.540110951093813,10.095459421968553,1.5041337776606882,0.22101049238096088,0.2953785532371212,0.22101049238096088,0.2953785532371212,-0.020653933919132905,0.020653933919132905,-0.003978188862857296,-0.005316813958268181,0.16,0.16,0.4,0.16,0.16,0.4,0.42796802230992986,0.3428654767262278,-0.014528544223663065,0.004965359038934025,0.4424965665335929,0.3379001176872938,0.42796802230992986,0.3428654767262278,0.42796802230992986,0.3428654767262278,1,1,1,1,fixed_W,EXECUTE
S2_ample_none_i0_fixed_W,0.0,plan_generated,1,1,,102,0.22189019998768345,new_joint_plan,1.5,164.66523516102308,164.66523516102308,4.5,1.143205611307927,9.4276459681823,2.2436131867908102,1.1424677245963382,1.9815193809593645,1.1424677245963382,1.9815193809593645,-0.05542562584220407,0.05542562584220407,-0.020564419042734084,-0.035667348857268556,0.16,0.16,0.4,0.16,0.16,0.4,0.29367164422419756,0.009879138492467757,-0.039661689109135756,0.009879138492467757,0.3333333333333333,0.0,0.29367164422419756,0.009879138492467757,0.29367164422419756,0.009879138492467757,1,1,1,1,fixed_W,PREPARE
S2_ample_none_i0_fixed_W,0.5,plan_generated,1,1,,7,0.1509207999915816,hold_and_refine,1.5,165.41719538644597,165.41719538644597,4.5,1.2134439984752454,9.488314584082044,2.149435476253889,0.5517358744219485,1.7449548873948166,0.5517358744219485,1.7449548873948166,-0.04979538993674448,0.04979538993674448,-0.009931245739595073,-0.0314091879731067,0.16,0.16,0.4,0.16,0.16,0.4,0.2623399681649068,0.018993206366346906,-0.03133167605929077,0.00911406787387915,0.29367164422419756,0.009879138492467757,0.2623399681649068,0.018993206366346906,0.2623399681649068,0.018993206366346906,1,1,1,1,fixed_W,PREPARE
S2_ample_none_i0_fixed_W,1.0,plan_generated,1,1,,7,0.12938350002514198,hold_and_refine,1.5,165.87263072860944,165.87263072860944,4.5,1.2310997488838815,9.501092996063772,2.0613374639729756,0.14714901200666142,1.4119379800449487,0.14714901200666142,1.4119379800449487,-0.04429911180707631,0.04429911180707631,-0.0026486822161199053,-0.025414883640809075,0.16,0.16,0.4,0.16,0.16,0.4,0.23755437131248414,0.028283374798549747,-0.024785596852422653,0.009290168432202841,0.2623399681649068,0.018993206366346906,0.23755437131248414,0.028283374798549747,0.23755437131248414,0.028283374798549747,1,1,1,1,fixed_W,PREPARE
S2_ample_none_i0_fixed_W,1.5,plan_generated,1,1,,7,0.13396190002094954,hold_and_refine,1.5,166.1570540112072,166.1570540112072,4.5,1.2310997488838815,9.501092996063772,2.0015723968353125,0.03617261572541872,1.119768498117483,0.03617261572541872,1.119768498117483,-0.039110131810926374,0.039110131810926374,-0.0006511070830575369,-0.02015583296611469,0.16,0.16,0.4,0.16,0.16,0.4,0.21648598000892977,0.03753425722256719,-0.021068391303554368,0.009250882424017441,0.23755437131248414,0.028283374798549747,0.21648598000892977,0.03753425722256719,0.21648598000892977,0.03753425722256719,1,1,1,1,fixed_W,EXECUTE
S2_ample_none_i0_fixed_W,2.0,plan_generated,1,1,,7,0.10420729999896139,hold_and_refine,1.5,166.32870377368894,166.32870377368894,4.5,1.5546801628528506,9.906416029057606,1.9815105295633932,0.01883248925931544,0.8624235110893996,0.01883248925931544,0.8624235110893996,-0.03411477138933304,0.03411477138933304,-0.00033898480666767793,-0.015523623199609192,0.16,0.16,0.4,0.16,0.16,0.4,0.19817667201088476,0.04652955725964857,-0.018309307998045005,0.008995300037081384,0.21648598000892977,0.03753425722256719,0.19817667201088476,0.04652955725964857,0.19817667201088476,0.04652955725964857,1,1,1,1,fixed_W,EXECUTE
S2_ample_none_i0_fixed_W,2.5,plan_generated,1,1,,7,0.12618250004015863,hold_and_refine,1.5,166.423158956383,166.423158956383,4.5,1.3744247928938904,9.736354946797217,1.964633799202776,0.008512001678497857,0.636676749385534,0.008512001678497857,0.636676749385534,-0.029350078147679017,0.029350078147679017,-0.0001532160302129614,-0.01146018148893961,0.16,0.16,0.4,0.16,0.16,0.4,0.18243414156188434,0.05510226913094109,-0.015742530449000425,0.008572711871292514,0.19817667201088476,0.04652955725964857,0.18243414156188434,0.05510226913094109,0.18243414156188434,0.05510226913094109,1,1,1,1,fixed_W,EXECUTE
S2_ample_none_i0_fixed_W,3.0,plan_generated,1,1,,7,0.09304900001734495,hold_and_refine,1.5,166.46835307898493,166.46835307898493,4.5,1.2665522206211826,9.63419228156648,1.9565129883780092,0.0018400354489163378,0.44610231532381067,0.0018400354489163378,0.44610231532381067,-0.024924240228961576,0.024924240228961576,-3.3120638080494076e-05,-0.008029841675828592,0.16,0.16,0.4,0.16,0.16,0.4,0.16904329042055388,0.06310865025446005,-0.013390851141330457,0.008006381123518966,0.18243414156188434,0.05510226913094109,0.16904329042055388,0.06310865025446005,0.16904329042055388,0.06310865025446005,1,1,1,1,fixed_W,EXECUTE
S2_ample_none_i0_fixed_W,3.5,plan_generated,1,1,,7,0.07400949997827411,hold_and_refine,1.5,166.48530573113538,166.48530573113538,4.499999999999999,1.2101056399620234,9.583714555833364,1.95634032774965,0.0002605148353225506,0.2785074234317928,0.0002605148353225506,0.2785074234317928,-0.020908414029326604,0.020908414029326604,-4.6892670358059104e-06,-0.00501313362177227,0.16,0.16,0.4,0.16,0.16,0.4,0.15774152232026992,0.07055142125620154,-0.011301768100283965,0.007442771001741483,0.16904329042055388,0.06310865025446005,0.15774152232026992,0.07055142125620154,0.15774152232026992,0.07055142125620154,1,1,1,1,fixed_W,EXECUTE
S2_ample_none_i0_fixed_W,4.0,plan_generated,1,1,,7,0.05764489999273792,hold_and_refine,1.5,166.48885502258884,166.48885502258884,4.499999999999997,1.1832843870846244,9.555260831456149,1.9535100354816735,0.0022182296414145065,0.14147566984337617,0.0022182296414145065,0.14147566984337617,-0.017312211061703713,0.017312211061703713,-3.9928133545461115e-05,-0.002546562057180771,0.16,0.16,0.4,0.16,0.16,0.4,0.148276745111044,0.0773698343884134,-0.009464777209225922,0.006818413132211862,0.15774152232026992,0.07055142125620154,0.148276745111044,0.0773698343884134,0.148276745111044,0.0773698343884134,1,1,1,1,fixed_W,EXECUTE
S3_collaborative_none_i0_symmetric_K,0.0,plan_generated,1,1,,102,0.20482470002025366,new_joint_plan,1.5,157.2284241833711,157.2284241833711,4.5,0.2309450770367647,8.116787980986128,1.4855162815201362,2.14236063179744,3.021050026862092,2.14236063179744,3.021050026862092,-0.09980943229992989,0.09980943229992989,-0.03856249137235392,-0.05437890048351765,0.16,0.16,0.7203125325753532,0.16,0.16,0.7203125325753532,0.5941473714971914,0.35338193257487277,-0.0725192951694752,0.020048599241539455,0.6666666666666666,0.3333333333333333,0.5941473714971914,0.35338193257487277,0.5941473714971914,0.35338193257487277,1,1,1,1,symmetric_K,PREPARE
S3_collaborative_none_i0_symmetric_K,0.5,plan_generated,1,1,,7,0.18778819998260587,hold_and_refine;state_update_rejected,1.5,157.2284241833711,157.2284241833711,4.5,0.2309450770367647,8.116787980986128,1.4855162815201362,1.8360393861231545,3.3025742310360426,1.8360393861231545,3.3025742310360426,-0.08081138861498945,0.08081138861498945,-0.033048708950216776,-0.05944633615864876,0.16,0.16,0.7359355913223888,0.16,0.16,0.7359355913223888,0.5941473714971914,0.35338193257487277,0.0,0.0,0.5941473714971914,0.35338193257487277,0.5342465858571024,0.36123740334244414,0.5941473714971914,0.35338193257487277,0,0,1,1,symmetric_K,PREPARE
S3_collaborative_none_i0_symmetric_K,1.0,plan_generated,1,1,,7,0.15349529997911304,hold_and_refine,1.5,158.3341698582362,158.3341698582362,4.5,0.07596355569285862,8.144129652231964,1.4825867506963395,1.6614802682223802,2.6835864786848433,1.6614802682223802,2.6835864786848433,-0.08558596951867259,0.08558596951867259,-0.02990664482800284,-0.048304556616327175,0.16,0.16,0.7794168887099315,0.16,0.16,0.7794168887099315,0.5334303274663678,0.3691955835654465,-0.060717044030823675,0.015813650990573747,0.5941473714971914,0.35338193257487277,0.5334303274663678,0.3691955835654465,0.5334303274663678,0.3691955835654465,1,1,1,1,symmetric_K,PREPARE
S3_collaborative_none_i0_symmetric_K,1.5,plan_generated,1,1,,7,0.12360350001836196,hold_and_refine,1.5,158.9350831942048,158.9350831942048,4.5,0.02026788663375534,8.144129652231964,1.4463587300023204,1.328460587238693,2.1751142474073375,1.328460587238693,2.1751142474073375,-0.059972149576436456,0.059972149576436456,-0.023912290570296472,-0.03915205645333207,0.16,0.16,0.759727463966015,0.16,0.16,0.759727463966015,0.4888209557556695,0.3766520654584751,-0.04460937171069829,0.00745648189302861,0.5334303274663678,0.3691955835654465,0.4888209557556695,0.3766520654584751,0.4888209557556695,0.3766520654584751,1,1,1,1,symmetric_K,EXECUTE
S3_collaborative_none_i0_symmetric_K,2.0,plan_generated,1,1,,7,0.10530090000247583,hold_and_refine,1.5,159.22593796564658,159.22593796564658,4.5,0.011891269216210532,8.396011366316113,1.4453052092010055,1.0546364557399082,1.6763790640260305,1.0546364557399082,1.6763790640260305,-0.0381773521467185,0.0381773521467185,-0.018983456203318344,-0.030174823152468548,0.16,0.16,0.6913362477970235,0.16,0.16,0.6913362477970235,0.4577964468018727,0.3776401134319323,-0.03102450895379677,0.0009880479734571956,0.4888209557556695,0.3766520654584751,0.4577964468018727,0.3776401134319323,0.4577964468018727,0.3776401134319323,1,1,1,1,symmetric_K,EXECUTE
S3_collaborative_none_i0_symmetric_K,2.5,plan_generated,1,1,,7,0.08786770002916455,hold_and_refine,1.5,159.35699990368107,159.35699990368107,4.5,0.06860058716396189,8.395929452604829,1.446434156637822,0.7996934921221908,1.2343510063464571,0.7996934921221908,1.2343510063464571,-0.0247148653519399,0.0247148653519399,-0.014394482858199434,-0.022218318114236225,0.16,0.16,0.6199408401344197,0.16,0.16,0.6199408401344197,0.43595279046279367,0.3758672661433287,-0.02184365633907903,-0.0017728472886036073,0.4577964468018727,0.3776401134319323,0.43595279046279367,0.3758672661433287,0.43595279046279367,0.3758672661433287,1,1,1,1,symmetric_K,EXECUTE
S3_collaborative_none_i0_symmetric_K,3.0,plan_generated,1,1,,7,0.07951490004779771,hold_and_refine,1.5,159.4093749659132,159.4093749659132,4.5,0.4181346944528066,8.519235862349245,1.4477417596468962,0.5657886977246208,0.8576869854432181,0.5657886977246208,0.8576869854432181,-0.016493349451698003,0.016493349451698003,-0.010184196559043174,-0.015438365737977924,0.16,0.16,0.5493528045814449,0.16,0.16,0.5493528045814449,0.4204342535051091,0.37338781987104214,-0.01551853695768457,-0.0024794462722865784,0.43595279046279367,0.3758672661433287,0.4204342535051091,0.37338781987104214,0.4204342535051091,0.37338781987104214,1,1,1,1,symmetric_K,EXECUTE
S3_collaborative_none_i0_symmetric_K,3.5,plan_generated,1,1,,7,0.07279309997102246,hold_and_refine,1.5,159.426068181688,159.426068181688,4.499999999999999,1.0806667113268436,8.961039896133098,1.4486740381777268,0.37091297438517584,0.5487658012399989,0.37091297438517584,0.5487658012399989,-0.011376844959083587,0.011376844959083587,-0.0066764335389331644,-0.009877784422319978,0.16,0.16,0.48284487706774687,0.16,0.16,0.48284487706774687,0.4093054429885752,0.3711502475804556,-0.011128810516533916,-0.0022375722905865203,0.4204342535051091,0.37338781987104214,0.4093054429885752,0.3711502475804556,0.4093054429885752,0.3711502475804556,1,1,1,1,symmetric_K,EXECUTE
S3_collaborative_none_i0_symmetric_K,4.0,plan_generated,1,1,,7,0.05516170000191778,hold_and_refine,1.5,159.4290779107297,159.4290779107297,4.499999999999997,2.04850848886484,9.713996316102094,1.4491905782111343,0.2149142243078384,0.30789720397283676,0.2149142243078384,0.30789720397283676,-0.008090377754218121,0.008090377754218121,-0.003868456037541091,-0.005542149671511062,0.16,0.16,0.42284945731464785,0.16,0.16,0.42284945731464785,0.4012794988777527,0.3694551596411655,-0.00802594411082247,-0.0016950879392901297,0.4093054429885752,0.3711502475804556,0.4012794988777527,0.3694551596411655,0.4012794988777527,0.3694551596411655,1,1,1,1,symmetric_K,EXECUTE
S3_ample_none_i0_symmetric_K,0.0,plan_generated,1,1,,102,0.21328620001440868,new_joint_plan,1.5,164.8221269039056,164.8221269039056,4.5,1.185347613081948,9.460374436618348,2.2440394019536503,1.1424677245963382,1.9815193809593645,1.1424677245963382,1.9815193809593645,-0.06737931896976875,0.06737931896976875,-0.020564419042734084,-0.035667348857268556,0.16,0.16,0.4862683493126205,0.16,0.16,0.4862683493126205,0.2876947976604152,0.015855985056250094,-0.04563853567291809,0.015855985056250094,0.3333333333333333,0.0,0.2876947976604152,0.015855985056250094,0.2876947976604152,0.015855985056250094,1,1,1,1,symmetric_K,PREPARE
S3_ample_none_i0_symmetric_K,0.5,plan_generated,1,1,,7,0.15169890003744513,hold_and_refine,1.5,165.64831949446338,165.64831949446338,4.5,1.2695227585351958,9.531151537377266,2.081103997294773,0.4692472772696178,1.7640112603364748,0.4692472772696178,1.7640112603364748,-0.057525983579031874,0.057525983579031874,-0.00844645099085312,-0.031752202686056545,0.16,0.16,0.4768914078709614,0.16,0.16,0.4768914078709614,0.2532701063871706,0.028616027622287758,-0.0344246912732446,0.012760042566037664,0.2876947976604152,0.015855985056250094,0.2532701063871706,0.028616027622287758,0.2532701063871706,0.028616027622287758,1,1,1,1,symmetric_K,PREPARE
S3_ample_none_i0_symmetric_K,1.0,plan_generated,1,1,,7,0.16142439999384806,hold_and_refine,1.5,166.13154816932126,166.13154816932126,4.5,1.2893431185289401,9.545162743027728,1.9940432505427805,0.08036533498165883,1.4460596129145045,0.08036533498165883,1.4460596129145045,-0.04861704125836247,0.04861704125836247,-0.001446576029669859,-0.02602907303246108,0.16,0.16,0.468465202252981,0.16,0.16,0.468465202252981,0.2269719472112186,0.039681083514260154,-0.02629815917595202,0.011065055891972396,0.2532701063871706,0.028616027622287758,0.2269719472112186,0.039681083514260154,0.2269719472112186,0.039681083514260154,1,1,1,1,symmetric_K,PREPARE
S3_ample_none_i0_symmetric_K,1.5,plan_generated,1,1,,7,0.13202930003171787,hold_and_refine,1.5,166.42536500983508,166.42536500983508,4.5,1.2893431185289401,9.545162743027728,1.9632558908962634,0.017255277983393855,1.1620736402717995,0.017255277983393855,1.1620736402717995,-0.04094810634104508,0.04094810634104508,-0.0003105950037010894,-0.02091732552489239,0.16,0.16,0.4611075333500415,0.16,0.16,0.4611075333500415,0.20520773680278942,0.049379025254222414,-0.021764210408429185,0.00969794173996226,0.2269719472112186,0.039681083514260154,0.20520773680278942,0.049379025254222414,0.20520773680278942,0.049379025254222414,1,1,1,1,symmetric_K,EXECUTE
S3_ample_none_i0_symmetric_K,2.0,plan_generated,1,1,,7,0.1250434999819845,hold_and_refine,1.5,166.59502235896076,166.59502235896076,4.5,1.1763394793714923,9.546581234441401,1.9474158366268322,-0.0011637263476557693,0.8995087330054187,-0.0011637263476557693,0.8995087330054187,-0.03416243751967467,0.03416243751967467,2.0947074257803846e-05,-0.016191157194097534,0.16,0.16,0.45406641253243724,0.16,0.16,0.45406641253243724,0.18711095289606705,0.0579696332149772,-0.01809678390672237,0.008590607960754788,0.20520773680278942,0.049379025254222414,0.18711095289606705,0.0579696332149772,0.18711095289606705,0.0579696332149772,1,1,1,1,symmetric_K,EXECUTE
S3_ample_none_i0_symmetric_K,2.5,plan_generated,1,1,,7,0.11223249998874962,hold_and_refine,1.5,166.6847411814984,166.6847411814984,4.5,0.9951407939261987,9.377270073060725,1.9433772768915585,-0.010120773520307243,0.6727570615266337,-0.010120773520307243,0.6727570615266337,-0.028217338573686683,0.028217338573686683,0.00018217392336553035,-0.012109627107479407,0.16,0.16,0.446849410699055,0.16,0.16,0.446849410699055,0.17215781580642614,0.06555973188236103,-0.014953137089640911,0.007590098667383825,0.18711095289606705,0.0579696332149772,0.17215781580642614,0.06555973188236103,0.17215781580642614,0.06555973188236103,1,1,1,1,symmetric_K,EXECUTE
S3_ample_none_i0_symmetric_K,3.0,plan_generated,1,1,,7,0.07603830000152811,hold_and_refine,1.5,166.72642637763656,166.72642637763656,4.5,0.8906962191579098,9.286046020400004,1.937054511516735,-0.006210854024050473,0.46129005144469715,-0.006210854024050473,0.46129005144469715,-0.023092555666551676,0.023092555666551676,0.0001117953724329085,-0.008303220926004547,0.16,0.16,0.43913796380661946,0.16,0.16,0.43913796380661946,0.15980664658033464,0.0724299213975757,-0.012351169226091502,0.006870189515214675,0.17215781580642614,0.06555973188236103,0.15980664658033464,0.0724299213975757,0.15980664658033464,0.0724299213975757,1,1,1,1,symmetric_K,EXECUTE
S3_ample_none_i0_symmetric_K,3.5,plan_generated,1,1,,7,0.07385250000515953,hold_and_refine,1.5,166.7415991050372,166.7415991050372,4.499999999999999,0.8356083744255649,9.231157095444484,1.9329655616035588,-0.0027301203900861877,0.28629684686389356,-0.0027301203900861877,0.28629684686389356,-0.01868137890212522,0.01868137890212522,4.914216702155137e-05,-0.005153343243550084,0.16,0.16,0.43073601982705784,0.16,0.16,0.43073601982705784,0.14969149497988113,0.07861449985568267,-0.01011515160045351,0.006184578458106965,0.15980664658033464,0.0724299213975757,0.14969149497988113,0.07861449985568267,0.14969149497988113,0.07861449985568267,1,1,1,1,symmetric_K,EXECUTE
S3_ample_none_i0_symmetric_K,4.0,plan_generated,1,1,,7,0.05528510001022369,hold_and_refine,1.5,166.74469298510576,166.74469298510576,4.499999999999997,0.8111048442827293,9.211779315512285,1.9307267826669217,0.0037864681115083723,0.14649184440569268,0.0037864681115083723,0.14649184440569268,-0.014935622323015952,0.014935622323015952,-6.81564260071507e-05,-0.002636853199302468,0.16,0.16,0.4215406487179072,0.16,0.16,0.4215406487179072,0.14144114813047018,0.08413496841869395,-0.00825034684941095,0.005520468563011277,0.14969149497988113,0.07861449985568267,0.14144114813047018,0.08413496841869395,0.14144114813047018,0.08413496841869395,1,1,1,1,symmetric_K,EXECUTE
