run_id,t_s,event,decision,valid_plan,reason,candidate_count,decision_seconds,action,start_s,completion_s,completion_s_m,completion_t_s,predicted_min_h_m,predicted_min_net_m,execution_margin_mps2,gradient_M,gradient_R,partner_M,partner_R,feedback_M,feedback_R,K_MR,K_RM,W,z_M,z_R,delta_z_M,delta_z_R
P_collaborative_none_i0,0.0,plan_generated,1,1,,102,0.09863110003061593,new_joint_plan,1.5,155.6812499999998,155.6812499999998,4.5,0.01790625000000201,7.914968749999997,2.0,1.299461479866325,2.4948940178130523,0.0,0.0,-0.02339030663759385,-0.04490809232063494,0.16,0.16,0.7203125325753532,0.6666666666666666,0.2833333333333333,0.0,-0.04999999999999999
P_collaborative_none_i0,0.5,plan_generated,1,1,,7,0.07603850000305101,hold_and_refine,1.5,156.74065624999983,156.74065624999983,4.5,0.06106249999999758,7.958124999999993,2.1500000000000004,1.4594231988166482,-1.2337789475770646,0.0,0.0,-0.026269617578699667,0.02220802105638716,0.16,0.16,0.7352594219529154,0.6166666666666666,0.2833333333333333,-0.050000000000000044,0.0
P_collaborative_none_i0,1.0,plan_generated,1,1,,7,0.06431139999767765,hold_and_refine,1.5,156.74065624999983,156.74065624999983,4.5,0.017093750000006125,7.939968750000003,2.1500000000000004,1.1860389665396187,1.7844163261306838,0.0,0.0,-0.021348701397713134,-0.0321194938703523,0.16,0.16,0.7746013696589711,0.6166666666666666,0.23333333333333334,0.0,-0.04999999999999999
P_collaborative_none_i0,1.5,plan_generated,1,1,,7,0.06017050001537427,hold_and_refine,1.5,156.74065624999983,156.74065624999983,4.5,0.017093750000006125,7.939968750000003,2.1500000000000004,1.0012692608149056,1.2934000903052125,0.0,0.0,-0.0180228466946683,-0.023281201625493825,0.16,0.16,0.7727172590420601,0.6166666666666666,0.18333333333333335,0.0,-0.04999999999999999
P_collaborative_none_i0,2.0,plan_generated,1,1,,7,0.049905699968803674,hold_and_refine,1.5,156.74065624999983,156.74065624999983,4.5,0.3214062500002477,7.975218749999795,2.1500000000000004,0.7245523031996153,0.9552250161909273,0.0,0.0,-0.013041941457593074,-0.01719405029143669,0.16,0.16,0.7167395781124268,0.6166666666666666,0.13333333333333336,0.0,-0.04999999999999999
P_collaborative_none_i0,2.5,plan_generated,1,1,,7,0.04113069997401908,hold_and_refine,1.5,156.74065624999983,156.74065624999983,4.5,0.09331249999979097,7.5095624999998,2.1500000000000004,0.5075024999999906,0.6439948983989741,0.0,0.0,-0.009135044999999831,-0.011591908171181532,0.16,0.16,0.6619115419995814,0.6166666666666666,0.08333333333333336,0.0,-0.05
P_collaborative_none_i0,3.0,plan_generated,1,1,,7,0.03167070000199601,hold_and_refine,1.5,156.90756249999984,156.90756249999984,4.5,0.390843749999811,7.80709374999982,2.2750000000000004,8.801573624032923,-19.227680769718777,0.0,0.0,-0.072,0.072,0.16,0.16,0.6106105836106009,0.5666666666666665,0.08333333333333336,-0.050000000000000044,0.0
P_collaborative_none_i0,3.5,plan_generated,1,1,,7,0.023819299996830523,hold_and_refine,1.5,156.90756249999984,156.90756249999984,4.499999999999999,0.14562499999977074,7.64018749999978,2.3000000000000003,0.18761749999999117,0.21141640222445135,0.0,0.0,-0.003377114999999841,-0.003805495240040124,0.16,0.16,0.5636853352654185,0.5666666666666665,0.033333333333333354,0.0,-0.05
P_collaborative_none_i0,4.0,plan_generated,1,1,,7,0.01604870002483949,hold_and_refine,1.5,156.92571874999985,156.92571874999985,4.499999999999997,0.21940624999976688,7.713968749999776,2.4250000000000003,0.08616749999999665,0.08890454815234491,0.0,0.0,-0.0015510149999999395,-0.0016002818667422084,0.16,0.16,0.521540467031171,0.5166666666666665,0.033333333333333354,-0.050000000000000044,0.0
P_collaborative_prepare_i0,0.0,plan_generated,1,1,,102,0.0934902000008151,new_joint_plan,1.5,155.6812499999998,155.6812499999998,4.5,0.01790625000000201,7.914968749999997,2.0,1.299461479866325,2.4948940178130523,0.0,0.0,-0.02339030663759385,-0.04490809232063494,0.16,0.16,0.7203125325753532,0.6666666666666666,0.2833333333333333,0.0,-0.04999999999999999
P_collaborative_prepare_i0,0.5,plan_generated,1,1,,7,0.07494020002195612,hold_and_refine,1.5,156.74065624999983,156.74065624999983,4.5,0.06106249999999758,7.958124999999993,2.1500000000000004,1.4594231988166482,-1.2337789475770646,0.0,0.0,-0.026269617578699667,0.02220802105638716,0.16,0.16,0.7352594219529154,0.6166666666666666,0.2833333333333333,-0.050000000000000044,0.0
P_collaborative_prepare_i0,1.0,plan_generated,1,1,,7,0.06298919999971986,hold_and_refine,1.5,156.74065624999983,156.74065624999983,4.5,0.017093750000006125,7.939968750000003,2.1500000000000004,1.1860389665396187,1.7844163261306838,0.0,0.0,-0.021348701397713134,-0.0321194938703523,0.16,0.16,0.7746013696589711,0.6166666666666666,0.23333333333333334,0.0,-0.04999999999999999
P_collaborative_prepare_i0,1.5,plan_generated,1,1,,7,0.05625209998106584,hold_and_refine,1.5,156.74065624999983,156.74065624999983,4.5,0.017093750000006125,7.939968750000003,2.1500000000000004,1.0012692608149023,1.2934000903052114,0.0,0.0,-0.01802284669466824,-0.023281201625493804,0.16,0.16,0.7732096494802632,0.6166666666666666,0.18333333333333335,0.0,-0.04999999999999999
P_collaborative_prepare_i0,2.0,plan_generated,1,1,,7,0.04820740001741797,hold_and_refine,1.5,156.74065624999983,156.74065624999983,4.5,0.1060244501588592,7.975218749999795,1.9766434318984873,0.7245523031996164,0.9552250161909295,0.0,0.0,-0.013041941457593093,-0.017194050291436728,0.16,0.16,0.7256306958480321,0.6166666666666666,0.13333333333333336,0.0,-0.04999999999999999
P_collaborative_prepare_i0,2.5,plan_generated,1,1,,7,0.0413593000266701,hold_and_refine,1.5,156.74065624999983,156.74065624999983,4.5,0.09331249999979097,7.5095624999998,1.8520015336584024,0.5075024999999906,0.6439948983989752,0.0,0.0,-0.009135044999999831,-0.011591908171181551,0.16,0.16,0.6871183019261935,0.6166666666666666,0.08333333333333336,0.0,-0.05
P_collaborative_prepare_i0,3.0,plan_generated,1,1,,7,0.03147250000620261,hold_and_refine,1.5,156.90756249999984,156.90756249999984,4.5,0.390843749999811,7.80709374999982,1.6020015336584024,8.801573624032924,-19.227680769718773,0.0,0.0,-0.072,0.072,0.16,0.16,0.6502771827027648,0.5666666666666665,0.08333333333333336,-0.050000000000000044,0.0
P_collaborative_prepare_i0,3.5,plan_generated,1,1,,7,0.02564810001058504,hold_and_refine,1.5,156.90756249999984,156.90756249999984,4.499999999999999,0.14562499999977074,7.64018749999978,2.25286403993388,0.1876174999999895,0.21141640222445024,0.0,0.0,-0.003377114999999811,-0.003805495240040104,0.16,0.16,0.6059707845595159,0.5666666666666665,0.033333333333333354,0.0,-0.05
P_collaborative_prepare_i0,4.0,plan_generated,1,1,,7,0.017332499963231385,hold_and_refine,1.5,156.92571874999985,156.92571874999985,4.499999999999997,0.21940624999976688,7.713968749999776,2.4057272119173403,0.0861674999999961,0.08890454815234625,0.0,0.0,-0.0015510149999999295,-0.0016002818667422323,0.16,0.16,0.5614320390972019,0.5166666666666665,0.033333333333333354,-0.050000000000000044,0.0
P_collaborative_none_i2,0.0,plan_generated,1,1,,102,0.0967833999893628,new_joint_plan,2.0,161.0562499999998,161.0562499999998,5.0,0.0062500000002625455,7.671843749999991,2.0,-8.334292964654223,3.221349391820648,0.0,0.0,0.072,-0.057984289052771656,0.16,0.16,0.5936371930361336,0.6666666666666666,0.2833333333333333,0.0,-0.04999999999999999
P_collaborative_none_i2,0.5,plan_generated,1,1,,7,0.08005740004591644,hold_and_refine,2.0,161.0562499999998,161.0562499999998,5.0,0.0062500000002625455,7.671843749999991,2.0,-8.262070925553395,-0.8017689023764742,0.0,0.0,0.072,0.014431840242776535,0.16,0.16,0.6172775259199641,0.6666666666666666,0.2833333333333333,0.0,0.0
P_collaborative_none_i2,1.0,plan_generated,1,1,,7,0.07358349999412894,hold_and_refine,2.0,161.0562499999998,161.0562499999998,5.0,0.0062500000002625455,7.598062499999981,2.0,-2.9561573098839795,2.3459928064690887,0.0,0.0,0.05321083157791163,-0.04222787051644359,0.16,0.16,0.6622162153585653,0.6666666666666666,0.23333333333333334,0.0,-0.04999999999999999
P_collaborative_none_i2,1.5,plan_generated,1,1,,7,0.06640960002550855,hold_and_refine,2.0,161.0562499999998,161.0562499999998,5.0,0.0062500000002625455,7.598062499999981,2.0,2.1818073031887324,-16.248563268158485,0.0,0.0,-0.03927253145739718,0.072,0.16,0.16,0.7224077458148848,0.6666666666666666,0.23333333333333334,0.0,0.0
P_collaborative_none_i2,2.0,plan_generated,1,1,,7,0.05871340003795922,hold_and_refine,2.0,161.0562499999998,161.0562499999998,5.0,0.0062500000002625455,6.812718749999829,2.0,0.9914846548728042,1.3827576818048806,0.0,0.0,-0.017846723787710475,-0.024889638272487847,0.16,0.16,0.7991643324910565,0.6666666666666666,0.18333333333333335,0.0,-0.04999999999999999
P_collaborative_none_i2,2.5,plan_generated,1,1,,7,0.04840690002311021,hold_and_refine,2.0,161.52190624999983,161.52190624999983,5.0,0.4812500000003386,7.483999999999907,2.125,98.27590900985057,-152.2894654226924,0.0,0.0,-0.072,0.072,0.16,0.16,0.714171969348667,0.6166666666666666,0.18333333333333335,-0.050000000000000044,0.0
P_collaborative_none_i2,3.0,plan_generated,1,1,,7,0.04089549998752773,hold_and_refine,2.0,161.52190624999983,161.52190624999983,5.0,0.0916562499999376,7.01834374999994,2.1500000000000004,0.5075024999999673,0.6772932979294378,0.0,0.0,-0.009135044999999412,-0.01219127936272988,0.16,0.16,0.6363529918906289,0.6166666666666666,0.13333333333333336,0.0,-0.04999999999999999
P_collaborative_none_i2,3.5,plan_generated,1,1,,7,0.03139640000881627,hold_and_refine,2.0,161.68881249999978,161.68881249999978,5.0,0.3891874999998155,7.315874999999818,2.2750000000000004,9.177081854072465,-20.05468322537646,0.0,0.0,-0.072,0.072,0.16,0.16,0.5668803984709716,0.5666666666666665,0.13333333333333336,-0.050000000000000044,0.0
P_collaborative_none_i2,4.0,plan_generated,1,1,,7,0.024783100001513958,hold_and_refine,2.0,161.68881249999978,161.68881249999978,4.999999999999999,0.14396874999985965,7.148968749999864,2.3000000000000003,0.18761749999999006,0.22341442299290473,0.0,0.0,-0.003377114999999821,-0.004021459613872285,0.16,0.16,0.5062011243661713,0.5666666666666665,0.08333333333333336,0.0,-0.05
P_collaborative_none_i2,4.5,plan_generated,1,1,,7,0.01636900001903996,hold_and_refine,2.0,161.68881249999978,161.68881249999978,4.999999999999997,0.018124999999812097,7.075187499999811,2.3000000000000003,0.0861674999999972,0.09315603871278944,0.0,0.0,-0.0015510149999999495,-0.0016768086968302098,0.16,0.16,0.45414094894520657,0.5666666666666665,0.033333333333333354,0.0,-0.05
P_ample_none_i0,0.0,plan_generated,1,1,,102,0.09410940000088885,new_joint_plan,1.5,164.93753124999995,164.93753124999995,4.5,1.1162812499998083,9.416281249999809,2.2429097656727643,0.5361833681525218,1.782010532578091,0.0,0.0,-0.009651300626745392,-0.03207618958640564,0.16,0.16,0.4862683493126205,0.2833333333333333,0.0,-0.04999999999999999,0.0
P_ample_none_i0,0.5,plan_generated,1,1,,7,0.07249450002564117,hold_and_refine,1.5,166.13256249999998,166.13256249999998,4.5,1.1900624999998044,9.490062499999805,2.148336066414396,0.17171746786826977,1.4583311827181349,0.0,0.0,-0.0030909144216288557,-0.026249961288926427,0.16,0.16,0.4773122227552593,0.23333333333333334,0.0,-0.04999999999999999,0.0
P_ample_none_i0,1.0,plan_generated,1,1,,7,0.06582849996630102,hold_and_refine,1.5,167.04696875000008,167.04696875000008,4.5,0.5879196966908466,9.16879469669085,2.0719576841362994,0.01439774845708779,1.1393000890169538,0.0,0.0,-0.0002591594722275802,-0.020507401602305166,0.16,0.16,0.47015814408326967,0.18333333333333335,0.0,-0.04999999999999999,0.0
P_ample_none_i0,1.5,plan_generated,1,1,,7,0.05678709998028353,hold_and_refine,1.5,167.04696875000008,167.04696875000008,4.5,0.5879196966908466,9.16879469669085,2.0719576841362994,-51.97649373262006,0.8586450581642042,0.0,0.0,0.072,-0.015455611046955675,0.16,0.16,0.4651703645972629,0.18333333333333335,0.0,0.0,0.0
P_ample_none_i0,2.0,plan_generated,1,1,,7,0.049837600032333285,hold_and_refine,1.5,167.04696875000008,167.04696875000008,4.5,0.5879196966908466,9.16879469669085,2.0719576841362994,-11.541842881529652,0.6171711968760993,0.0,0.0,0.072,-0.011109081543769788,0.16,0.16,0.46110950461035666,0.18333333333333335,0.0,0.0,0.0
P_ample_none_i0,2.5,plan_generated,1,1,,7,0.040868999960366637,hold_and_refine,1.5,167.04714678171288,167.04714678171288,4.5,0.5875636332650878,9.16851652213948,2.0719419590382238,0.003296883572047952,0.4132006076795555,0.0,0.0,-5.934390429686313e-05,-0.007437610938231999,0.16,0.16,0.4576373964544087,0.18330366138118492,0.0,-2.9671952148424552e-05,0.0
P_ample_none_i0,3.0,plan_generated,1,1,,7,0.03304000000935048,hold_and_refine,1.5,167.2140530317129,167.2140530317129,4.5,0.18546988326515113,8.870985272139546,2.0603755253449405,0.015950299701228274,0.2467513602217213,0.0,0.0,-0.0002871053946221089,-0.004441524483990983,0.16,0.16,0.45454895351655283,0.13330366138118493,0.0,-0.04999999999999999,0.0
P_ample_none_i0,3.5,plan_generated,1,1,,7,0.02441420004470274,hold_and_refine,1.5,167.2140530317129,167.2140530317129,4.499999999999999,0.18546988326515113,8.870985272139546,2.0603755253449405,-0.7026968974509543,0.11737244839582886,0.0,0.0,0.012648544154117177,-0.0021127040711249193,0.16,0.16,0.45236407231806786,0.13330366138118493,0.0,0.0,0.0
P_ample_none_i0,4.0,plan_generated,1,1,,7,0.016489200002979487,hold_and_refine,1.5,167.23220928171284,167.23220928171284,4.499999999999997,0.05962613326523858,8.797204022139635,2.0601067017639028,0.008782113326764656,0.03339985349211091,0.0,0.0,-0.0001580780398817638,-0.0006011973628579963,0.16,0.16,0.450348037748869,0.08330366138118493,0.0,-0.05,0.0
P_ample_prepare_i0,0.0,plan_generated,1,1,,102,0.09179989999393001,new_joint_plan,1.5,164.93753124999995,164.93753124999995,4.5,1.1162812499998083,9.416281249999809,2.2429097656727643,0.5361833681525218,1.782010532578091,0.0,0.0,-0.009651300626745392,-0.03207618958640564,0.16,0.16,0.4862683493126205,0.2833333333333333,0.0,-0.04999999999999999,0.0
P_ample_prepare_i0,0.5,plan_generated,1,1,,7,0.08163460000650957,hold_and_refine,1.5,166.13256249999998,166.13256249999998,4.5,1.1900624999998044,9.490062499999805,2.148336066414396,0.17171746786826977,1.4583311827181349,0.0,0.0,-0.0030909144216288557,-0.026249961288926427,0.16,0.16,0.4773122227552593,0.23333333333333334,0.0,-0.04999999999999999,0.0
P_ample_prepare_i0,1.0,plan_generated,1,1,,7,0.18674259999534115,hold_and_refine,1.5,167.04696875000008,167.04696875000008,4.5,0.5879196966908466,9.16879469669085,2.0719576841362994,0.01439774845708779,1.1393000890169538,0.0,0.0,-0.0002591594722275802,-0.020507401602305166,0.16,0.16,0.47015814408326967,0.18333333333333335,0.0,-0.04999999999999999,0.0
P_ample_prepare_i0,1.5,plan_generated,1,1,,7,0.19575590000022203,hold_and_refine,1.5,167.04696875000008,167.04696875000008,4.5,0.35061641027846235,8.931491410278465,2.0719576841362994,-85.95361321105597,0.8586450581642042,0.0,0.0,0.072,-0.015455611046955675,0.16,0.16,0.4654101274580598,0.18333333333333335,0.0,0.0,0.0
P_ample_prepare_i0,2.0,plan_generated,1,1,,7,0.14972670003771782,executing_replan,1.5,166.7094687499999,166.7094687499999,4.5,0.044377032146611484,8.515618612875226,2.0166594958202113,-152.1273497677691,0.6888345645705307,0.0,0.0,0.072,-0.012399022162269551,0.16,0.16,0.46573249731705896,0.21933333333333335,0.0,0.036000000000000004,0.0
P_ample_prepare_i0,2.5,plan_generated,1,1,,7,0.12546469998778775,executing_replan,1.5,166.49346874999998,166.49346874999998,4.5,0.02170845992487358,8.422773165627614,1.8922794003775065,-70.88423087523218,0.47127814349041675,0.0,0.0,0.072,-0.008483006582827501,0.16,0.16,0.4714069020245797,0.25533333333333336,0.0,0.036000000000000004,0.0
P_ample_prepare_i0,3.0,plan_generated,1,1,,7,0.09857219998957589,hold_and_refine,1.5,166.49346874999998,166.49346874999998,4.5,0.09742512054689456,8.500732695049532,1.657449578173717,-15.036379251514488,0.2497939778665169,0.0,0.0,0.072,-0.004496291601597304,0.16,0.16,0.4779064582466885,0.25533333333333336,0.0,0.0,0.0
P_ample_prepare_i0,3.5,plan_generated,1,1,,7,0.07247989997267723,hold_and_refine,1.5,166.56725000000003,166.56725000000003,4.499999999999999,0.09707722917999462,8.554904092621125,2.1202404173474587,0.00908001849085273,0.12148966266372019,0.0,0.0,-0.00016344033283534915,-0.0021868139279469633,0.16,0.16,0.4788449960768799,0.20533333333333337,0.0,-0.04999999999999999,0.0
P_ample_prepare_i0,4.0,plan_generated,1,1,,7,0.04762800002936274,hold_and_refine,1.5,166.56725000000003,166.56725000000003,4.499999999999997,0.09707722917999462,8.554904092621125,2.1202404173474587,-0.08867148312784116,0.033817583470557404,0.0,0.0,0.001596086696301141,-0.0006087165024700332,0.16,0.16,0.4776007336392072,0.20533333333333337,0.0,0.0,0.0
S1_collaborative_none_i0,0.0,plan_generated,1,1,,102,0.30106500000692904,new_joint_plan,1.5,156.81079240180816,156.81079240180816,4.5,0.2987071207673395,8.146728451836974,2.1597141484498947,1.299461479866325,2.4948940178130523,-0.09980943229992989,0.09980943229992989,0.0,0.0,0.16,0.16,0.7203125325753532,0.6134286171833684,0.3805713828166316,-0.053238049483298244,0.047238049483298294
S1_collaborative_none_i0,0.5,plan_generated,1,1,,7,0.20559729996602982,hold_and_refine,1.5,157.73634626880911,157.73634626880911,4.5,0.14030575230727038,8.243400376365454,2.2869289956228025,1.2766600073732992,2.437283964998627,-0.07867561194343793,0.07867561194343793,0.0,0.0,0.16,0.16,0.7360914403799736,0.5710236681257326,0.4168646177258175,-0.04240494905763581,0.0362932349091859
S1_collaborative_none_i0,1.0,plan_generated,1,1,,7,0.1895972999627702,hold_and_refine,1.5,158.32447722166035,158.32447722166035,4.5,0.05190701181651747,8.265084458148916,2.3829503756801276,1.117982221514159,1.9412760346045292,-0.05830401669029298,0.05830401669029298,0.0,0.0,0.16,0.16,0.7826574591303064,0.5390165414399575,0.44268170912915744,-0.0320071266857751,0.02581709140333993
S1_collaborative_none_i0,1.5,plan_generated,1,1,,7,0.16519490000791848,hold_and_refine,1.5,158.6022815516289,158.6022815516289,4.5,0.027494742014759765,8.265084458148916,2.444684671228638,0.842292433389,1.4852714733548036,-0.035766031617940786,0.035766031617940786,0.0,0.0,0.16,0.16,0.7500111173962376,0.5184384429237873,0.45702327126509457,-0.020578098516170207,0.014341562135937125
S1_collaborative_none_i0,2.0,plan_generated,1,1,,7,0.14790640003047884,hold_and_refine,1.5,158.72344300820907,158.72344300820907,4.5,0.025023048300528927,8.417911347638817,2.473165047177278,0.6949374257651051,1.0832580458881642,-0.02066339297454246,0.02066339297454246,0.0,0.0,0.16,0.16,0.6735254306117646,0.5055145542218971,0.46369878158224503,-0.012923888701890207,0.006675510317150468
S1_collaborative_none_i0,2.5,plan_generated,1,1,,7,0.13958610000554472,hold_and_refine,1.5,158.7759545724878,158.7759545724878,4.5,0.12238405343249426,8.417911347638817,2.4657477067267615,0.49753215551372004,0.7423973424280318,-0.012448709217342115,0.012448709217342115,0.0,0.0,0.16,0.16,0.5939695843544388,0.49676262684211653,0.46621354593825814,-0.008751927379780533,0.0025147643560131105
S1_collaborative_none_i0,3.0,plan_generated,1,1,,7,0.09363130002748221,hold_and_refine,1.5,158.79770467250273,158.79770467250273,4.5,0.5758599972956944,8.61058691240991,2.4651381334036984,0.3215553803445959,0.465963761911856,-0.007921321888591681,0.007921321888591681,0.0,0.0,0.16,0.16,0.5166501505333045,0.4903181527636101,0.46644449851504793,-0.006444474078506401,0.0002309525767897891
S1_collaborative_none_i0,3.5,plan_generated,1,1,,7,0.07111270003952086,hold_and_refine,1.5,158.8053909093942,158.8053909093942,4.499999999999999,1.3961078846198438,9.17341776953317,2.4674577917275697,0.1835175848034109,0.2549318982344107,-0.005345134327613519,0.005345134327613519,0.0,0.0,0.16,0.16,0.44583802907244074,0.4851939948359853,0.46538550969073433,-0.005124157927624828,-0.0010589888243136003
S1_collaborative_none_i0,4.0,plan_generated,1,1,,7,0.04913200001465157,hold_and_refine,1.5,158.80701776235122,158.80701776235122,4.499999999999997,2.579482644381816,10.102065682006252,2.47011411670544,0.08325892561564797,0.10868941046959231,-0.003824609155800731,0.003824609155800731,0.0,0.0,0.16,0.16,0.3843671689851529,0.480855720283905,0.46357473019110884,-0.004338274552080301,-0.0018107794996254922
S1_collaborative_prepare_i0,0.0,plan_generated,1,1,,102,0.2705337000079453,new_joint_plan,1.5,156.81079240180816,156.81079240180816,4.5,0.2987071207673395,8.146728451836974,2.1597141484498947,1.299461479866325,2.4948940178130523,-0.09980943229992989,0.09980943229992989,0.0,0.0,0.16,0.16,0.7203125325753532,0.6134286171833684,0.3805713828166316,-0.053238049483298244,0.047238049483298294
S1_collaborative_prepare_i0,0.5,plan_generated,1,1,,7,0.21388860000297427,hold_and_refine,1.5,157.73634626880911,157.73634626880911,4.5,0.14030575230727038,8.243400376365454,2.2869289956228025,1.2766600073732992,2.437283964998627,-0.07867561194343793,0.07867561194343793,0.0,0.0,0.16,0.16,0.7360914403799736,0.5710236681257326,0.4168646177258175,-0.04240494905763581,0.0362932349091859
S1_collaborative_prepare_i0,1.0,plan_generated,1,1,,7,0.20145739999134094,hold_and_refine,1.5,158.32447722166035,158.32447722166035,4.5,0.05190701181651747,8.265084458148916,2.3829503756801276,1.117982221514159,1.9412760346045292,-0.05830401669029298,0.05830401669029298,0.0,0.0,0.16,0.16,0.7826574591303064,0.5390165414399575,0.44268170912915744,-0.0320071266857751,0.02581709140333993
S1_collaborative_prepare_i0,1.5,plan_generated,1,0,empty_action_set,7,0.16408309998223558,executing_replan;state_update_rejected,1.5,158.08478238366658,158.08478238366658,4.5,-0.01574967231779567,8.265084458148916,1.7624415107032925,-0.7063465419526802,1.4815362103313514,-0.03578858147861696,0.03578858147861696,0.0,0.0,0.16,0.16,0.7504839863570305,0.5390165414399575,0.44268170912915744,0.0,0.0
S1_collaborative_prepare_i0,2.0,plan_generated,1,0,dynamic_h_negative,7,0.1402826000121422,executing_replan;state_update_rejected,1.5,156.82969870096403,156.82969870096403,4.5,-0.1481112744065367,8.09309224158697,0.8829503756801276,0.3884289236177739,0.5425484636803547,-0.03244676087800772,0.03244676087800772,0.0,0.0,0.16,0.16,0.6804062480836167,0.5390165414399575,0.44268170912915744,0.0,0.0
S1_collaborative_prepare_i0,2.5,plan_generated,1,0,dynamic_h_negative,7,0.11867769999662414,executing_replan;state_update_rejected,1.5,156.56193668895614,156.56193668895614,4.5,-0.0178151268450506,8.044896324684512,0.8829503756801276,0.29742847782627135,0.409535605280429,-0.02836136458943524,0.02836136458943524,0.0,0.0,0.16,0.16,0.5947357809730947,0.5390165414399575,0.44268170912915744,0.0,0.0
S1_collaborative_prepare_i0,3.0,plan_generated,1,1,,7,0.09643869998399168,hold_and_refine,1.5,156.5955286839374,156.5955286839374,4.5,0.7148109909474805,8.335837555887348,1.6020015336584024,0.25147872255091064,0.3458974766410173,-0.02416257919708266,0.02416257919708266,0.0,0.0,0.16,0.16,0.5066875524901309,0.5242401691342163,0.4512215450546655,-0.014776372305741137,0.008539835925508055
S1_collaborative_prepare_i0,3.5,plan_generated,1,1,,7,0.07149649999337271,hold_and_refine,1.5,156.6112806810766,156.6112806810766,4.499999999999999,1.937214534594201,9.318674074978713,2.25286403993388,0.17791721970412339,0.2413051943153898,-0.01576026116092878,0.01576026116092878,0.0,0.0,0.16,0.16,0.4331871023084045,0.5137388377080808,0.4554919032746926,-0.010501331426135518,0.004270358220027082
S1_collaborative_prepare_i0,4.0,plan_generated,1,1,,7,0.050338299944996834,hold_and_refine,1.5,156.61427885608603,156.61427885608603,4.499999999999997,3.503648252414374,10.695604452413715,2.295237231442546,0.07963112220573662,0.10109145966783581,-0.010852878340095027,0.010852878340095027,0.0,0.0,0.16,0.16,0.37275924001580785,0.5057437043494929,0.45727440721854257,-0.007995133358587925,0.001782503943849989
S1_collaborative_none_i2,0.0,plan_generated,1,1,,102,0.29249679995700717,new_joint_plan;state_update_rejected,2.0,161.0562499999998,161.0562499999998,5.0,0.0062500000002625455,7.8781249999999945,2.0,-8.334292964654223,3.221349391820648,-0.08225678236809253,0.08225678236809253,0.0,0.0,0.16,0.16,0.5936371930361336,0.6666666666666666,0.3333333333333333,0.0,0.0
S1_collaborative_none_i2,0.5,plan_generated,1,1,,7,0.2420896000112407,hold_and_refine;state_update_rejected,2.0,161.0562499999998,161.0562499999998,5.0,0.0062500000002625455,7.8781249999999945,2.0,-8.334292964654232,3.0538199377266992,-0.08559159765520559,0.08559159765520559,0.0,0.0,0.16,0.16,0.6177041493325387,0.6666666666666666,0.3333333333333333,0.0,0.0
S1_collaborative_none_i2,1.0,plan_generated,1,1,,7,0.21331500000087544,hold_and_refine;state_update_rejected,2.0,161.0562499999998,161.0562499999998,5.0,0.0062500000002625455,7.8781249999999945,2.0,-3.030960419827828,2.459482386631831,-0.09219052759977192,0.09219052759977192,0.0,0.0,0.16,0.16,0.6653278240807743,0.6666666666666666,0.3333333333333333,0.0,0.0
S1_collaborative_none_i2,1.5,plan_generated,1,1,,7,0.20435800001723692,hold_and_refine;state_update_rejected,2.0,161.0562499999998,161.0562499999998,5.0,0.0062500000002625455,7.8781249999999945,2.0,0.80491735248076,1.927075759590429,-0.10160223321505168,0.10160223321505168,0.0,0.0,0.16,0.16,0.7332509587122154,0.6666666666666666,0.3333333333333333,0.0,0.0
S1_collaborative_none_i2,2.0,plan_generated,1,1,,7,0.16866169997956604,hold_and_refine,2.0,161.81886738355348,161.81886738355348,5.0,0.0062500000002625455,7.8781249999999945,2.125,0.9818014325691884,1.4585801942163104,-0.10732718698514052,0.10732718698514052,0.0,0.0,0.16,0.16,0.7745672537154522,0.609669739840763,0.3843302601592369,-0.05699692682590363,0.050996926825903566
S1_collaborative_none_i2,2.5,plan_generated,1,1,,7,0.1424983000033535,hold_and_refine,2.0,162.17721662364661,162.17721662364661,5.0,0.431849885551733,8.498468433476955,2.2856625373074007,0.7215989309808084,1.0758213853289258,-0.07035114048805213,0.07035114048805213,0.0,0.0,0.16,0.16,0.6761841973323566,0.5714458208975332,0.41643118832198905,-0.03822391894322985,0.032100928162752174
S1_collaborative_none_i2,3.0,plan_generated,1,1,,7,0.11853649996919557,hold_and_refine,2.0,162.32534139064083,162.32534139064083,5.0,1.2795531987520885,9.046162690706108,2.3597249208046436,0.5034461901344862,0.7410167800417612,-0.04366046412252003,0.04366046412252003,0.0,0.0,0.16,0.16,0.5831092679716519,0.5467583597317854,0.4349299708766732,-0.024687461165747715,0.018498782554684123
S1_collaborative_none_i2,3.5,plan_generated,1,1,,7,0.09570900001563132,hold_and_refine,2.0,162.3808999175813,162.3808999175813,5.0,2.5336221625764495,10.013183515671283,2.4091102780851728,0.3251400743927778,0.466377163358367,-0.027455987923035108,0.027455987923035108,0.0,0.0,0.16,0.16,0.49863873553131294,0.530296573971609,0.44517852507117733,-0.01646178576017643,0.010248554194504156
S1_collaborative_none_i2,4.0,plan_generated,1,1,,7,0.07185870001558214,hold_and_refine,2.0,162.3983626955507,162.3983626955507,4.999999999999999,4.182944289015502,11.211669380880789,2.4440358340239285,0.18566442602227612,0.2554562814006212,-0.017980738219454125,0.017980738219454125,0.0,0.0,0.16,0.16,0.4253086147756981,0.5186547219920239,0.45060746598033496,-0.011641851979585116,0.005428940909157631
S1_collaborative_none_i2,4.5,plan_generated,1,1,,7,0.047838600003160536,hold_and_refine,2.0,162.4016545666683,162.4016545666683,4.999999999999997,4.513450971650449,11.208922586243585,2.4661574007831364,0.08445347357511787,0.10886996727821559,-0.012370098740553025,0.012370098740553025,0.0,0.0,0.16,0.16,0.36442290042214187,0.5098763990117873,0.4531876556227688,-0.00877832298023662,0.002580189642433839
S1_ample_none_i0,0.0,plan_generated,1,1,,102,0.285226900014095,new_joint_plan,1.5,164.55401149071778,164.55401149071778,4.5,1.2525269264532497,9.499465712764543,2.1724705277598364,0.5361833681525218,1.782010532578091,-0.06737931896976875,0.06737931896976875,0.0,0.0,0.16,0.16,0.4862683493126205,0.29797700718178227,0.03368965948488437,-0.03535632615155104,0.03368965948488437
S1_ample_none_i0,0.5,plan_generated,1,1,,7,0.19522410002537072,hold_and_refine,1.5,165.2649159754695,165.2649159754695,4.5,1.3680055823601833,9.585689669890964,1.9578709930536795,0.25583661141548175,1.507048524722338,-0.05626227032419495,0.05626227032419495,0.0,0.0,0.16,0.16,0.47639681596571365,0.2683559869837759,0.061551277371102775,-0.029621020198006387,0.027861617886218402
S1_ample_none_i0,1.0,plan_generated,1,1,,7,0.28814299998339266,hold_and_refine,1.5,165.7045252433776,165.7045252433776,4.5,1.3968583114438715,9.60294508400808,1.8883518094398932,0.06402758358213025,1.2555754047743728,-0.04516506792964381,0.04516506792964381,0.0,0.0,0.16,0.16,0.46662409177262176,0.2444316730840351,0.08364140111695587,-0.023924313899740784,0.02209012374585309
S1_ample_none_i0,1.5,plan_generated,1,1,,7,0.19132969999918714,hold_and_refine,1.5,165.9599112808212,165.9599112808212,4.5,1.3968583114438715,9.60294508400808,1.862031538924188,0.01192833146614974,1.0155090830868885,-0.03539065177937192,0.03539065177937192,0.0,0.0,0.16,0.16,0.45707556258910403,0.22551418882892896,0.10066759579770618,-0.018917484255106143,0.01702619468075031
S1_ample_none_i0,2.0,plan_generated,1,1,,7,0.14568979997420684,hold_and_refine,1.5,166.0986175619052,166.0986175619052,4.5,1.883934018512054,10.33167789227279,1.8449613664950402,0.009317236236962841,0.7855955774291005,-0.027335531409586836,0.027335531409586836,0.0,0.0,0.16,0.16,0.44696501284247525,0.2107188521799909,0.11353002073611795,-0.014795336648938062,0.012862424938411776
S1_ample_none_i0,2.5,plan_generated,1,1,,7,0.11505670001497492,hold_and_refine,1.5,166.16782969399588,166.16782969399588,4.5,1.7596347020195022,10.226160736786493,1.8394514773297541,0.008895853708080489,0.5626323554703483,-0.02096352217508132,0.02096352217508132,0.0,0.0,0.16,0.16,0.43585996743285504,0.1991834968315503,0.12310354165776967,-0.011535355348440607,0.009573520921651715
S1_ample_none_i0,3.0,plan_generated,1,1,,7,0.10068769997451454,hold_and_refine,1.5,166.19826662741283,166.19826662741283,4.5,1.69287823183911,10.173023870477078,1.8333474551274977,0.008271081675330085,0.3607737018532711,-0.016044866315807503,0.016044866315807503,0.0,0.0,0.16,0.16,0.4235833503727847,0.1901651461894888,0.13014114648241126,-0.009018350642061496,0.007037604824641594
S1_ample_none_i0,3.5,plan_generated,1,1,,7,0.07131550001213327,hold_and_refine,1.5,166.20891892358378,166.20891892358378,4.499999999999999,1.661336123228251,10.14950751268658,1.830099989932997,0.00729593284548746,0.19788219313418984,-0.012301410099383995,0.012301410099383995,0.0,0.0,0.16,0.16,0.4101446158437044,0.18306361540884936,0.13525072236024396,-0.007101530780639437,0.0051095758778327005
S1_ample_none_i0,4.0,plan_generated,1,1,,7,0.0508648999966681,hold_and_refine,1.5,166.2110385379813,166.2110385379813,4.499999999999997,1.648978211020733,10.141285988308379,1.828610867295174,0.005945014333661321,0.08201206830590833,-0.009473973966178368,0.009473973966178368,0.0,0.0,0.16,0.16,0.39568690415238084,0.17741131034871593,0.1389057035644512,-0.005652305060133422,0.003654981204207236
S1_ample_prepare_i0,0.0,plan_generated,1,1,,102,0.29993159999139607,new_joint_plan,1.5,164.55401149071778,164.55401149071778,4.5,1.2525269264532497,9.499465712764543,2.1724705277598364,0.5361833681525218,1.782010532578091,-0.06737931896976875,0.06737931896976875,0.0,0.0,0.16,0.16,0.4862683493126205,0.29797700718178227,0.03368965948488437,-0.03535632615155104,0.03368965948488437
S1_ample_prepare_i0,0.5,plan_generated,1,1,,7,0.21040510002058,hold_and_refine,1.5,165.2649159754695,165.2649159754695,4.5,1.3680055823601833,9.585689669890964,1.9578709930536795,0.25583661141548175,1.507048524722338,-0.05626227032419495,0.05626227032419495,0.0,0.0,0.16,0.16,0.47639681596571365,0.2683559869837759,0.061551277371102775,-0.029621020198006387,0.027861617886218402
S1_ample_prepare_i0,1.0,plan_generated,1,1,,7,0.18860789999598637,hold_and_refine,1.5,165.7045252433776,165.7045252433776,4.5,1.3968583114438715,9.60294508400808,1.8883518094398932,0.06402758358213025,1.2555754047743728,-0.04516506792964381,0.04516506792964381,0.0,0.0,0.16,0.16,0.46662409177262176,0.2444316730840351,0.08364140111695587,-0.023924313899740784,0.02209012374585309
S1_ample_prepare_i0,1.5,plan_generated,1,1,,7,0.17303199996240437,hold_and_refine,1.5,165.96003276565187,165.96003276565187,4.5,1.3968583114438715,9.60294508400808,1.8620173651563556,0.011864072441312708,1.0154944579104368,-0.03540864953204981,0.03540864953204981,0.0,0.0,0.16,0.16,0.4573080062576148,0.22550518995259003,0.10067659467404512,-0.01892648313144507,0.017035193557089254
S1_ample_prepare_i0,2.0,plan_generated,1,1,,7,0.15557199995964766,hold_and_refine,1.5,166.09997443415918,166.09997443415918,4.5,0.7616105085695537,9.195074467258404,1.844774349462762,0.013061430302878369,0.785622729925895,-0.027599170715365117,0.027599170715365117,0.0,0.0,0.16,0.16,0.4513374898561584,0.21057807864514452,0.11367076727433531,-0.014927111307445506,0.01299417260029019
S1_ample_prepare_i0,2.5,plan_generated,1,1,,7,0.12395069998456165,hold_and_refine,1.5,166.17088701934765,166.17088701934765,4.5,0.20024955296858238,8.654553105653815,1.8389514064641885,-12.702630007600167,0.5627628179574148,-0.021531747609724004,0.021531747609724004,0.0,0.0,0.16,0.16,0.44893405042005413,0.1987593144470568,0.12352727494100263,-0.011818764198087722,0.009856507666667319
S1_ample_prepare_i0,3.0,plan_generated,1,1,,7,0.10231650003697723,hold_and_refine,1.5,166.2024050231479,166.2024050231479,4.5,0.20517878402459644,8.676585541558136,1.657449578173717,-2.927535300355735,0.36092011214940717,-0.01668974244079574,0.01668974244079574,0.0,0.0,0.16,0.16,0.44547960171882095,0.18942064665442365,0.13088392796187248,-0.009338667792633149,0.007356653020869852
S1_ample_prepare_i0,3.5,plan_generated,1,1,,7,0.0642251999815926,hold_and_refine,1.5,166.2133707730236,166.2133707730236,4.499999999999999,0.3889266000366476,8.872572838671157,1.8291999360832811,0.011823140767870392,0.19797964277432997,-0.012726793367716491,0.012726793367716491,0.0,0.0,0.16,0.16,0.4349821200503724,0.18211014673729328,0.13620025322203574,-0.00731049991713037,0.005316325260163263
S1_ample_prepare_i0,4.0,plan_generated,1,1,,7,0.044952499971259385,hold_and_refine,1.5,166.21552498429904,166.21552498429904,4.499999999999997,0.3751932788680765,8.863955993569288,1.8276760463485475,0.009730247540778721,0.08206465900225389,-0.009668025335070475,0.009668025335070475,0.0,0.0,0.16,0.16,0.4204055187697088,0.17636558333607158,0.1399446638637947,-0.005744563401221703,0.003744410641758955
S2_collaborative_none_i0,0.0,plan_generated,1,1,,102,0.25953519996255636,new_joint_plan,1.5,157.06410942269355,157.06410942269355,4.5,0.2586817272550199,8.118100090721267,2.194799608406286,1.299461479866325,2.4948940178130523,-0.09980943229992989,0.09980943229992989,-0.02339030663759385,-0.04490809232063494,0.16,0.16,0.7203125325753532,0.6017334638645714,0.3581173366563141,-0.06493320280209525,0.024784003322980808
S2_collaborative_none_i0,0.5,plan_generated,1,1,,7,0.22614189999876544,hold_and_refine,1.5,158.2819842165086,158.2819842165086,4.5,0.03220843430851694,8.199967738074232,2.360551926666706,1.2725397442417485,2.4162833355109274,-0.0815784954719497,0.0815784954719497,-0.022905715396351473,-0.04349310003919669,0.16,0.16,0.7359660466467286,0.5464826911110979,0.37429509567944014,-0.055250772753473454,0.016177759023126015
S2_collaborative_none_i0,1.0,plan_generated,1,1,,7,0.2373360000201501,hold_and_refine;state_update_rejected,1.5,158.2819842165086,158.2819842165086,4.5,0.03220843430851694,8.199967738074232,2.360551926666706,-0.6544340825914416,1.9105854722909048,-0.0642321177701859,0.0642321177701859,0.01177981348664595,-0.03439053850123629,0.16,0.16,0.77959951334998,0.5464826911110979,0.37429509567944014,0.0,0.0
S2_collaborative_none_i0,1.5,plan_generated,1,1,,7,0.16945109999505803,hold_and_refine;state_update_rejected,1.5,158.2819842165086,158.2819842165086,4.5,0.03220843430851694,8.199967738074232,2.360551926666706,0.65437029378389,1.447762171120346,-0.06245674688492571,0.06245674688492571,-0.01177866528811002,-0.026059719080166226,0.16,0.16,0.7580514416653965,0.5464826911110979,0.37429509567944014,0.0,0.0
S2_collaborative_none_i0,2.0,plan_generated,1,1,,7,0.14240980002796277,hold_and_refine,1.5,158.6322381652019,158.6322381652019,4.5,0.02772518376523614,8.42127640086255,2.4205561796844117,0.7006313491326919,1.0486296980059298,-0.05664465119237205,0.05664465119237205,-0.012611364284388452,-0.018875334564106734,0.16,0.16,0.6875087423001032,0.5091222699171621,0.3901853932281373,-0.03736042119393579,0.01589029754869714
S2_collaborative_none_i0,2.5,plan_generated,1,1,,7,0.12382749997777864,hold_and_refine,1.5,158.7820289362825,158.7820289362825,4.5,0.13764251390063365,8.421651607544145,2.4456057783577294,0.4978557676115057,0.7186073205676325,-0.035877630510745905,0.035877630510745905,-0.008961403817007102,-0.012934931770217385,0.16,0.16,0.6143141332479041,0.4841571414036998,0.39853525945257645,-0.02496512851346233,0.008349866224439173
S2_collaborative_none_i0,3.0,plan_generated,1,1,,7,0.09393259999342263,hold_and_refine,1.5,158.83884019651177,158.83884019651177,4.5,0.5962280931018746,8.62605468750844,2.458464636308667,0.32065156703865105,0.450194236024304,-0.023052632366970357,0.023052632366970357,-0.005771728206695718,-0.00810349624843747,0.16,0.16,0.542145463230131,0.4673241754098483,0.4028215454362223,-0.016832965993851534,0.004286285983645832
S2_collaborative_none_i0,3.5,plan_generated,1,1,,7,0.07429590000538155,hold_and_refine,1.5,158.85626223113061,158.85626223113061,4.499999999999999,1.4027818589614371,9.187263261277831,2.4650836251688686,0.18228280821951376,0.245402401256073,-0.015275047189723475,0.015275047189723475,-0.0032810905479512473,-0.004417243222609313,0.16,0.16,0.4743638962851026,0.4557094856639617,0.40502787505628957,-0.011614689745886586,0.002206329620067282
S2_collaborative_none_i0,4.0,plan_generated,1,1,,7,0.0477680999902077,hold_and_refine,1.5,158.85936117527746,158.85936117527746,4.499999999999997,2.5493755356070666,10.094609457949883,2.4682938352530837,0.08220632863820022,0.10390596041319203,-0.010490893344481266,0.010490893344481266,-0.0014797139154876038,-0.0018703072874374563,0.16,0.16,0.41355069156438595,0.44744563460565745,0.40609794508436114,-0.008263851058304239,0.0010700700280715791
S2_collaborative_prepare_i0,0.0,plan_generated,1,1,,102,0.27980769996065646,new_joint_plan,1.5,157.06410942269355,157.06410942269355,4.5,0.2586817272550199,8.118100090721267,2.194799608406286,1.299461479866325,2.4948940178130523,-0.09980943229992989,0.09980943229992989,-0.02339030663759385,-0.04490809232063494,0.16,0.16,0.7203125325753532,0.6017334638645714,0.3581173366563141,-0.06493320280209525,0.024784003322980808
S2_collaborative_prepare_i0,0.5,plan_generated,1,1,,7,0.2122277000453323,hold_and_refine,1.5,158.2819842165086,158.2819842165086,4.5,0.03220843430851694,8.199967738074232,2.360551926666706,1.2725397442417485,2.4162833355109274,-0.0815784954719497,0.0815784954719497,-0.022905715396351473,-0.04349310003919669,0.16,0.16,0.7359660466467286,0.5464826911110979,0.37429509567944014,-0.055250772753473454,0.016177759023126015
S2_collaborative_prepare_i0,1.0,plan_generated,1,1,,7,0.19850539998151362,hold_and_refine;state_update_rejected,1.5,158.2819842165086,158.2819842165086,4.5,0.03220843430851694,8.199967738074232,2.360551926666706,-0.6544340825914416,1.9105854722909048,-0.0642321177701859,0.0642321177701859,0.01177981348664595,-0.03439053850123629,0.16,0.16,0.77959951334998,0.5464826911110979,0.37429509567944014,0.0,0.0
S2_collaborative_prepare_i0,1.5,plan_generated,1,0,empty_action_set,7,0.20223259995691478,executing_replan;state_update_rejected,1.5,157.92766565706646,157.92766565706646,4.5,-0.024505738024718227,8.199967738074232,1.610551926666706,-0.8300879009319748,1.4371184531045091,-0.062496276652068035,0.062496276652068035,0.014941582216775546,-0.025868132155881164,0.16,0.16,0.7585312232497008,0.5464826911110979,0.37429509567944014,0.0,0.0
S2_collaborative_prepare_i0,2.0,plan_generated,1,0,dynamic_h_negative,7,0.14105320000089705,executing_replan;state_update_rejected,1.5,156.7680375686487,156.7680375686487,4.5,-0.14194750841763337,8.103420247581976,0.8605519266667061,0.4037568394949752,0.544539632020209,-0.057138336939730944,0.057138336939730944,-0.007267623110909553,-0.009801713376363761,0.16,0.16,0.6935007161248781,0.5464826911110979,0.37429509567944014,0.0,0.0
S2_collaborative_prepare_i0,2.5,plan_generated,1,1,,7,0.12076429999433458,hold_and_refine,1.5,156.58350474723915,156.58350474723915,4.5,0.023524561649619358,8.061258866944026,0.9855519266667061,0.31034735860013585,0.41191088560122335,-0.05033230242656312,0.05033230242656312,-0.005586252454802445,-0.00741439594082202,0.16,0.16,0.610894360013549,0.5157910002148597,0.3927596881568752,-0.030691690896238244,0.018464592477435038
S2_collaborative_prepare_i0,3.0,plan_generated,1,1,,7,0.09795730002224445,hold_and_refine,1.5,156.6308232226055,156.6308232226055,4.5,0.7667850379735413,8.376776497656902,1.6020015336584024,0.24991571384690206,0.3589411124516096,-0.03184102177001686,0.03184102177001686,-0.004498482849244236,-0.006460940024128972,0.16,0.16,0.5279214351015538,0.49504229290415486,0.4023076515245641,-0.020748707310704828,0.009547963367688928
S2_collaborative_prepare_i0,3.5,plan_generated,1,1,,7,0.07013690000167117,hold_and_refine,1.5,156.65268649962672,156.65268649962672,4.499999999999999,1.9732591338156151,9.362389706662793,2.163073147874239,0.17591427588629419,0.2335645740054349,-0.021034156133197267,0.021034156133197267,-0.003166456965953295,-0.0042041623320978275,0.16,0.16,0.45769295731515,0.4804667748900588,0.4075041872129173,-0.014575518014096067,0.00519653568835321
S2_collaborative_prepare_i0,4.0,plan_generated,1,1,,7,0.04751549998763949,hold_and_refine,1.5,156.65656249557463,156.65656249557463,4.499999999999997,3.490575727893555,10.712421994073065,2.1723546101590565,0.07817329710397837,0.09736015408085888,-0.014460191292070643,0.014460191292070643,-0.0014071193478716105,-0.0017524827734554597,0.16,0.16,0.39775321465359775,0.4701307856956374,0.41059800797452156,-0.010335989194421413,0.003093820761604249
S2_collaborative_none_i2,0.0,plan_generated,1,1,,102,0.3086853999993764,new_joint_plan;state_update_rejected,2.0,161.0562499999998,161.0562499999998,5.0,0.0062500000002625455,7.8781249999999945,2.0,-8.334292964654223,3.221349391820648,-0.08225678236809253,0.08225678236809253,0.072,-0.057984289052771656,0.16,0.16,0.5936371930361336,0.6666666666666666,0.3333333333333333,0.0,0.0
S2_collaborative_none_i2,0.5,plan_generated,1,1,,7,0.22862950002308935,hold_and_refine;state_update_rejected,2.0,161.0562499999998,161.0562499999998,5.0,0.0062500000002625455,7.8781249999999945,2.0,-8.334292964654232,3.0538199377266992,-0.08559159765520559,0.08559159765520559,0.072,-0.054968758879080586,0.16,0.16,0.6177041493325387,0.6666666666666666,0.3333333333333333,0.0,0.0
S2_collaborative_none_i2,1.0,plan_generated,1,1,,7,0.2119352999725379,hold_and_refine;state_update_rejected,2.0,161.0562499999998,161.0562499999998,5.0,0.0062500000002625455,7.8781249999999945,2.0,-3.030960419827828,2.459482386631831,-0.09219052759977192,0.09219052759977192,0.054557287556900896,-0.044270682959372955,0.16,0.16,0.6653278240807743,0.6666666666666666,0.3333333333333333,0.0,0.0
S2_collaborative_none_i2,1.5,plan_generated,1,1,,7,0.18489420000696555,hold_and_refine;state_update_rejected,2.0,161.0562499999998,161.0562499999998,5.0,0.0062500000002625455,7.8781249999999945,2.0,0.80491735248076,1.927075759590429,-0.10160223321505168,0.10160223321505168,-0.014488512344653679,-0.03468736367262772,0.16,0.16,0.7332509587122154,0.6666666666666666,0.3333333333333333,0.0,0.0
S2_collaborative_none_i2,2.0,plan_generated,1,1,,7,0.16549179999856278,hold_and_refine,2.0,161.93421309760714,161.93421309760714,5.0,0.0062500000002625455,7.8781249999999945,2.125,0.9818014325691884,1.4585801942163104,-0.10732718698514052,0.10732718698514052,-0.01767242578624539,-0.026254443495893585,0.16,0.16,0.7745672537154522,0.6008335269476404,0.3712030384112901,-0.06583313971902627,0.03786970507795678
S2_collaborative_none_i2,2.5,plan_generated,1,1,,7,0.1785082999849692,hold_and_refine,2.0,162.35713491252702,162.35713491252702,5.0,0.4249907752934359,8.495784433810666,2.322499419157079,0.7206472708522476,1.0712764476143757,-0.0715274279703927,0.0715274279703927,-0.012971650875340456,-0.01928297605705876,0.16,0.16,0.676891140380333,0.5555798198900356,0.39435564006066676,-0.045253707057604786,0.02315260164937666
S2_collaborative_none_i2,3.0,plan_generated,1,1,,7,0.1212320999475196,hold_and_refine,2.0,162.53715805942105,162.53715805942105,5.0,1.2528941401326046,9.031820073587038,2.423272113776901,0.5020230098441143,0.7353353696721988,-0.04541550325524425,0.04541550325524425,-0.009036414177194056,-0.013236036654099578,0.16,0.16,0.5851062382073896,0.5255759620743663,0.40729052824075374,-0.030003857815669277,0.012934888180086979
S2_collaborative_none_i2,3.5,plan_generated,1,1,,7,0.09484010003507137,hold_and_refine,2.0,162.60507844334776,162.60507844334776,5.0,2.470304029636086,9.97330258300148,2.4836457883784644,0.32362129648074267,0.46131163737415337,-0.029168173443645178,0.029168173443645178,-0.005825183336653368,-0.00830360947273476,0.16,0.16,0.5020532883146731,0.5054514038738452,0.4144644860002829,-0.02012455820052106,0.00717395775952917
S2_collaborative_none_i2,4.0,plan_generated,1,1,,7,0.07301719998940825,hold_and_refine,2.0,162.62590318735056,162.62590318735056,4.999999999999999,4.063783788314911,11.301420354646535,2.5,0.18433024038802864,0.2517748116676877,-0.0193938669713196,0.0193938669713196,-0.003317944326984515,-0.004531946610018379,0.16,0.16,0.4298786958015523,0.49156824120532394,0.4185797302929313,-0.013883162668521298,0.004115244292648368
S2_collaborative_none_i2,4.5,plan_generated,1,1,,7,0.04988810000941157,hold_and_refine,2.0,162.62962728633994,162.62962728633994,4.999999999999997,4.639773460908942,11.406494370975178,2.5,0.0834864862110318,0.10674396563537861,-0.013443422112685842,0.013443422112685842,-0.0015027567517985722,-0.0019213913814368148,0.16,0.16,0.36965614715212647,0.4816373105670551,0.4209921078162123,-0.009930930638268831,0.0024123775232810507
S2_ample_none_i0,0.0,plan_generated,1,1,,102,0.2747385000111535,new_joint_plan,1.5,164.67867613450068,164.67867613450068,4.5,1.1827112410361664,9.454910026646754,2.2441675419926006,0.5361833681525218,1.782010532578091,-0.06737931896976875,0.06737931896976875,-0.009651300626745392,-0.03207618958640564,0.16,0.16,0.4862683493126205,0.2931513568684096,0.017651564691681554,-0.04018197646492372,0.017651564691681554
S2_ample_none_i0,0.5,plan_generated,1,1,,7,0.25088499998673797,hold_and_refine,1.5,165.46194719469983,165.46194719469983,4.5,1.2715122500638856,9.527303625418181,2.072577842046754,0.23618998193168725,1.4752788921887563,-0.05808965510645834,0.05808965510645834,-0.00425141967477037,-0.02655502005939761,0.16,0.16,0.4768171014942655,0.2605150626934532,0.033277669697678466,-0.03263629417495639,0.015626105005996913
S2_ample_none_i0,1.0,plan_generated,1,1,,7,0.18826779996743426,hold_and_refine,1.5,165.94312744977685,165.94312744977685,4.5,1.2936241987578327,9.542245273743955,1.9899920045889627,0.040199901766403014,1.1775966416086965,-0.049044612238123696,0.049044612238123696,-0.0007235982317952542,-0.021196739548956536,0.16,0.16,0.4681424403737703,0.23432838214502646,0.046935384684680614,-0.02618668054842674,0.013657714987002148
S2_ample_none_i0,1.5,plan_generated,1,1,,7,0.16751399997156113,hold_and_refine,1.5,166.23656997055937,166.23656997055937,4.5,1.2936241987578327,9.542245273743955,1.9432491669459648,0.012502660648349286,0.9072454457159844,-0.04090463432872978,0.04090463432872978,-0.00022504789167028714,-0.01633041802288772,0.16,0.16,0.4603966288807725,0.2125918991241013,0.0588470097601242,-0.02173648302092515,0.011911625075443584
S2_ample_none_i0,2.0,plan_generated,1,1,,7,0.13866920000873506,hold_and_refine,1.5,166.40529253939624,166.40529253939624,4.5,1.4465087175596096,9.93877262416073,1.930390981184758,0.01224038737714914,0.6687506605753986,-0.033647902054497525,0.033647902054497525,-0.0002203269727886845,-0.012037511890357172,0.16,0.16,0.4528006377062044,0.1945948251148377,0.06918142876411337,-0.01799707400926362,0.010334419003989175
S2_ample_none_i0,2.5,plan_generated,1,1,,7,0.11656769999535754,hold_and_refine,1.5,166.49377741512586,166.49377741512586,4.5,1.2742264661003588,9.800827505833194,1.9200284294633623,0.012543866017536289,0.46398813359961083,-0.02732322073708887,0.02732322073708887,-0.0002257895883156532,-0.008351786404792994,0.16,0.16,0.44484945071918536,0.17984734582656126,0.0781136945001484,-0.014747479288276438,0.008932265736035033
S2_ample_none_i0,3.0,plan_generated,1,1,,7,0.09493369999108836,hold_and_refine,1.5,166.53419602879018,166.53419602879018,4.5,1.177221793305975,9.728972192652162,1.9131244609751739,0.012435559620510576,0.29479986428490484,-0.021929457528901793,0.021929457528901793,-0.00022384007316919035,-0.005306397557128287,0.16,0.16,0.43622690205499337,0.16787146029639297,0.08580031493003397,-0.01197588553016829,0.007686620429885563
S2_ample_none_i0,3.5,plan_generated,1,1,,7,0.06854799995198846,hold_and_refine,1.5,166.54866764758063,166.54866764758063,4.499999999999999,1.1294654512975946,9.696411050373722,1.9088979500048606,0.011443921948386669,0.16279680339135974,-0.017410786522527824,0.017410786522527824,-0.00020599059507096004,-0.002930342461044475,0.16,0.16,0.42675696505271143,0.1582237144361116,0.09235413444133538,-0.00964774586028136,0.006553819511301406
S2_ample_none_i0,4.0,plan_generated,1,1,,7,0.07891179999569431,hold_and_refine,1.5,166.5515626191391,166.5515626191391,4.499999999999997,1.1097796447000423,9.684831164139847,1.9115279074933151,0.009435109165287225,0.06939901741881215,-0.013687779202416398,0.013687779202416398,-0.00016983196497517004,-0.0012491823135386186,0.16,0.16,0.41637270890328726,0.15050379028023525,0.09783459981024359,-0.0077199241558763565,0.005480465368908213
S2_ample_prepare_i0,0.0,plan_generated,1,1,,102,0.2697078000055626,new_joint_plan,1.5,164.67867613450068,164.67867613450068,4.5,1.1827112410361664,9.454910026646754,2.2441675419926006,0.5361833681525218,1.782010532578091,-0.06737931896976875,0.06737931896976875,-0.009651300626745392,-0.03207618958640564,0.16,0.16,0.4862683493126205,0.2931513568684096,0.017651564691681554,-0.04018197646492372,0.017651564691681554
S2_ample_prepare_i0,0.5,plan_generated,1,1,,7,0.41749620001064613,hold_and_refine,1.5,165.46194719469983,165.46194719469983,4.5,1.2715122500638856,9.527303625418181,2.072577842046754,0.23618998193168725,1.4752788921887563,-0.05808965510645834,0.05808965510645834,-0.00425141967477037,-0.02655502005939761,0.16,0.16,0.4768171014942655,0.2605150626934532,0.033277669697678466,-0.03263629417495639,0.015626105005996913
S2_ample_prepare_i0,1.0,plan_generated,1,1,,7,0.23821769998176023,hold_and_refine,1.5,165.94312744977685,165.94312744977685,4.5,1.2936241987578327,9.542245273743955,1.9899920045889627,0.040199901766403014,1.1775966416086965,-0.049044612238123696,0.049044612238123696,-0.0007235982317952542,-0.021196739548956536,0.16,0.16,0.4681424403737703,0.23432838214502646,0.046935384684680614,-0.02618668054842674,0.013657714987002148
S2_ample_prepare_i0,1.5,plan_generated,1,1,,7,0.1681943000294268,hold_and_refine,1.5,166.23677143966026,166.23677143966026,4.5,1.2936241987578327,9.542245273743955,1.9432221326505743,0.012998697975657721,0.9072333162510431,-0.04092555293102801,0.04092555293102801,-0.00023397656356183896,-0.016330199692518775,0.16,0.16,0.46063207540503676,0.2125769754870064,0.058857578226457784,-0.021751406658020056,0.01192219354177717
S2_ample_prepare_i0,2.0,plan_generated,1,1,,7,0.14447489997837692,hold_and_refine,1.5,166.06849527581875,166.06849527581875,4.5,0.8782994232907733,9.282615856902037,1.9422430964477693,-9.420098041345405,0.6687655913652457,-0.03397531529227016,0.03397531529227016,0.072,-0.012037780644574421,0.16,0.16,0.45727647722961123,0.23052643296343628,0.06935548492449399,0.01794945747642987,0.010497906698036207
S2_ample_prepare_i0,2.5,plan_generated,1,1,,7,0.12041560001671314,hold_and_refine,1.5,166.0360909172354,166.0360909172354,4.5,0.5136445821270659,8.904073772458798,1.8922794003775065,-2.702241557079252,0.463722556315891,-0.03553363083667481,0.03553363083667481,0.04864034802742653,-0.008347006013686037,0.16,0.16,0.457932138702359,0.23592715939399495,0.08239395345659242,0.005400726430558667,0.013038468532098432
S2_ample_prepare_i0,3.0,plan_generated,1,1,,7,0.09522709995508194,hold_and_refine,1.5,166.09774996838053,166.09774996838053,4.5,0.4582707883568933,8.87364770834456,1.657449578173717,0.01040921791628291,0.2965677275613645,-0.033992059458415186,0.033992059458415186,-0.00018736592249309238,-0.005338219096104561,0.16,0.16,0.4580128685728763,0.21765781090657083,0.096061722010095,-0.01826934848742412,0.013667768553502574
S2_ample_prepare_i0,3.5,plan_generated,1,1,,7,0.07264890003716573,hold_and_refine,1.5,166.11968490140282,166.11968490140282,4.499999999999999,0.608867905284475,9.044954343377679,1.9014021066398175,0.008510795210428664,0.1656854153489963,-0.026916804940312653,0.026916804940312653,-0.00015319431378771594,-0.0029823374762819334,0.16,0.16,0.4512825444200073,0.2030345222249878,0.10726046196602959,-0.014623288681583024,0.011198739955934595
S2_ample_prepare_i0,4.0,plan_generated,1,1,,7,0.05107849999330938,hold_and_refine,1.5,166.12400681709283,166.12400681709283,4.499999999999997,0.583973670910277,9.027788314136256,1.8968016365986444,0.007622785996704991,0.07139819906388031,-0.020882661642954086,0.020882661642954086,-0.00013721014794068983,-0.0012851675831498455,0.16,0.16,0.44039340979752295,0.19150941371841548,0.11620112530020348,-0.011525108506572318,0.008940663334173884
S3_collaborative_none_i0,0.0,plan_generated,1,1,,102,0.26212869997834787,new_joint_plan,1.5,157.27573049806014,157.27573049806014,4.5,0.22295967938758032,8.109746627219888,2.224110006656533,1.299461479866325,2.4948940178130523,-0.11934969780009494,0.08026916679976487,-0.02339030663759385,-0.04490809232063494,0.19132411845236597,0.12867588154763404,0.7203125325753532,0.591963331114489,0.34834720390623164,-0.07470333555217767,0.015013870572898325
S3_collaborative_none_i0,0.5,plan_generated,1,1,,7,0.19619609997607768,hold_and_refine;state_update_rejected,1.5,157.27573049806014,157.27573049806014,4.5,0.22295967938758032,8.109746627219888,2.224110006656533,1.2691792398791069,2.4068135645478566,-0.09785635986175248,0.06528670139255897,-0.022845226317823923,-0.043322644161861414,0.1919421820027497,0.1280578179972503,0.7359032128170668,0.591963331114489,0.34834720390623164,0.0,0.0
S3_collaborative_none_i0,1.0,plan_generated,1,1,,7,0.16849489999003708,hold_and_refine,1.5,158.46639140607152,158.46639140607152,4.5,0.05322278062926067,8.137944149434556,2.3377719115971445,1.1344597545995094,1.891014351518912,-0.10460649261961016,0.06809868017547328,-0.020420275582791168,-0.034038258327340414,0.19382209054034882,0.12617790945965118,0.7790358385632525,0.5264901303577159,0.3625906371990482,-0.0654732007567731,0.014243433292816576
S3_collaborative_none_i0,1.5,plan_generated,1,1,,7,0.14632429997436702,hold_and_refine;state_update_rejected,1.5,158.46639140607152,158.46639140607152,4.5,0.05322278062926067,8.137944149434556,2.3377719115971445,0.8315937988497855,1.4397033511333148,-0.07377498750459958,0.046127073477009256,-0.014968688379296137,-0.025914660320399664,0.1968939967186467,0.1231060032813533,0.7608731778802811,0.5264901303577159,0.3625906371990482,0.0,0.0
S3_collaborative_none_i0,2.0,plan_generated,1,1,,7,0.16708669997751713,hold_and_refine,1.5,158.8705818689745,158.8705818689745,4.5,0.046188573370340436,8.434998038641918,2.36181112585959,0.6972558272870131,1.0424118381740934,-0.06853111891214685,0.04059100612394882,-0.012550604891166234,-0.018763413087133682,0.20096710950811258,0.11903289049188742,0.6924659790960452,0.4833168178042707,0.3706037086198634,-0.04317331255344514,0.008013071420815199
S3_collaborative_none_i0,2.5,plan_generated,1,1,,7,0.11729310004739091,hold_and_refine,1.5,159.04488061055477,159.04488061055477,4.5,0.1340388961146104,8.434998038641918,2.3706035617736267,0.4955410185570484,0.7120593054422476,-0.04434667401467176,0.0246083507785692,-0.00891973833402687,-0.012817067497960456,0.2057998779239939,0.1142001220760061,0.6214491626944192,0.45426702754090004,0.3735345205912089,-0.02904979026337068,0.0029308119713454817
S3_collaborative_none_i0,3.0,plan_generated,1,1,,7,0.09327009995467961,hold_and_refine,1.5,159.11149367184345,159.11149367184345,4.5,0.5415090172909984,8.603977970359335,2.372224342205611,0.3185084458746979,0.4447144838238094,-0.029198584388437164,0.015061933326277515,-0.005733152025744562,-0.008004860708828568,0.21110342776658425,0.10889657223341576,0.5512319782430954,0.4345298241961047,0.3740747807352037,-0.01973720334479534,0.0005402601439948307
S3_collaborative_none_i0,3.5,plan_generated,1,1,,7,0.06999270000960678,hold_and_refine,1.5,159.13205756787596,159.13205756787596,4.499999999999999,1.271915926112766,9.106256721478143,2.370930055736814,0.18052175155933384,0.24154264591601532,-0.01982383827331242,0.009470106472386783,-0.003249391528068009,-0.004347767626488275,0.21655083678654496,0.10344916321345504,0.48490823748296535,0.420820560174434,0.3736433519122713,-0.01370926402167072,-0.00043142882293240037
S3_collaborative_none_i0,4.0,plan_generated,1,1,,7,0.048400199972093105,hold_and_refine,1.5,159.13572954838648,159.13572954838648,4.499999999999997,2.3158818654621394,9.929291866735934,2.36845527631145,0.08096079399822821,0.10171111413270875,-0.013918396162518052,0.006159240734742635,-0.0014572942919681077,-0.0018308000543887574,0.22183321646849025,0.09816678353150976,0.4248852683981224,0.41102861214631875,0.3728184254371501,-0.009791948028115227,-0.0008249264751212237
S3_collaborative_prepare_i0,0.0,plan_generated,1,1,,102,0.2655926999868825,new_joint_plan,1.5,157.27573049806014,157.27573049806014,4.5,0.22295967938758032,8.109746627219888,2.224110006656533,1.299461479866325,2.4948940178130523,-0.11934969780009494,0.08026916679976487,-0.02339030663759385,-0.04490809232063494,0.19132411845236597,0.12867588154763404,0.7203125325753532,0.591963331114489,0.34834720390623164,-0.07470333555217767,0.015013870572898325
S3_collaborative_prepare_i0,0.5,plan_generated,1,1,,7,0.23157220002030954,hold_and_refine;state_update_rejected,1.5,157.27573049806014,157.27573049806014,4.5,0.22295967938758032,8.109746627219888,2.224110006656533,1.2691792398791069,2.4068135645478566,-0.09785635986175248,0.06528670139255897,-0.022845226317823923,-0.043322644161861414,0.1919421820027497,0.1280578179972503,0.7359032128170668,0.591963331114489,0.34834720390623164,0.0,0.0
S3_collaborative_prepare_i0,1.0,plan_generated,1,1,,7,0.18492369999876246,hold_and_refine,1.5,158.46639140607152,158.46639140607152,4.5,0.05322278062926067,8.137944149434556,2.3377719115971445,1.1344597545995094,1.891014351518912,-0.10460649261961016,0.06809868017547328,-0.020420275582791168,-0.034038258327340414,0.19382209054034882,0.12617790945965118,0.7790358385632525,0.5264901303577159,0.3625906371990482,-0.0654732007567731,0.014243433292816576
S3_collaborative_prepare_i0,1.5,plan_generated,1,0,empty_action_set,7,0.17805550002958626,executing_replan;state_update_rejected,1.5,158.226908295543,158.226908295543,4.5,-0.021710691073092647,8.137944149434556,1.7955296089268522,-0.6742666696820729,1.4326740115864058,-0.07382174280819276,0.046156306763211405,0.012136800054277311,-0.025788132208555303,0.1968939967186467,0.1231060032813533,0.7613553854364055,0.5264901303577159,0.3625906371990482,0.0,0.0
S3_collaborative_prepare_i0,2.0,plan_generated,1,0,dynamic_h_negative,7,0.17987240001093596,executing_replan;state_update_rejected,1.5,156.97161288537504,156.97161288537504,4.5,-0.1500060779223258,8.09054797024066,0.9205296089268522,0.3872459453420539,0.518201263831113,-0.0692073005133784,0.04102594541651992,-0.00697042701615697,-0.009327622748960034,0.2009043277049541,0.11909567229504592,0.6995169178251675,0.5264901303577159,0.3625906371990482,0.0,0.0
S3_collaborative_prepare_i0,2.5,plan_generated,1,0,dynamic_h_negative,7,0.11520639999071136,executing_replan;state_update_rejected,1.5,156.70385087336712,156.70385087336712,4.5,-0.031596401341337454,8.040699793132344,0.9205296089268522,0.2964420718156878,0.39024066400523927,-0.06266166395029275,0.03520202717601711,-0.005335957292682381,-0.007024331952094306,0.2048945041140282,0.1151054958859718,0.6210223332006859,0.5264901303577159,0.3625906371990482,0.0,0.0
S3_collaborative_prepare_i0,3.0,plan_generated,1,1,,7,0.09751240001060069,hold_and_refine,1.5,156.77784262578083,156.77784262578083,4.5,0.6737030848343624,8.312543018742371,1.6020015336584024,0.2506377732210695,0.3295440837391173,-0.0555931547445391,0.029119319071337704,-0.0045114799179792504,-0.005931793507304111,0.21000224308073917,0.10999775691926084,0.5375674832501234,0.4938053623746681,0.37128367488347264,-0.03268476798304776,0.00869303768442442
S3_collaborative_prepare_i0,3.5,plan_generated,1,1,,7,0.08421140001155436,hold_and_refine,1.5,156.8123203140037,156.8123203140037,4.499999999999999,1.8554635037166065,9.264542136880731,2.0494987221736025,0.17616267674381286,0.22927889252457928,-0.037861269158748094,0.01819642878275634,-0.0031709281813886315,-0.004127020065442427,0.21612742898293624,0.10387257101706376,0.4665518887784452,0.4708202368927264,0.37534810984306183,-0.022985125481941704,0.0040644349595891915
S3_collaborative_prepare_i0,4.0,plan_generated,1,1,,7,0.08664890000363812,hold_and_refine,1.5,156.81846014332422,156.81846014332422,4.499999999999997,3.341594521413656,10.584988960534343,2.0556424503455677,0.07802354046597683,0.09494132093711641,-0.0266331302785631,0.011810332315667848,-0.0014044237283875828,-0.0017089437768680951,0.2216918329937102,0.0983081670062898,0.4066092562847007,0.4544473587047874,0.3773960192337172,-0.016372878187938977,0.002047909390655356
S3_collaborative_none_i2,0.0,plan_generated,1,1,,102,0.30239479994634166,new_joint_plan;state_update_rejected,2.0,161.0562499999998,161.0562499999998,5.0,0.0062500000002625455,7.8781249999999945,2.0,-8.334292964654223,3.221349391820648,-0.09676468120373971,0.06774888353244536,0.072,-0.057984289052771656,0.1882197254363303,0.1317802745636697,0.5936371930361336,0.6666666666666666,0.3333333333333333,0.0,0.0
S3_collaborative_none_i2,0.5,plan_generated,1,1,,7,0.23523700004443526,hold_and_refine;state_update_rejected,2.0,161.0562499999998,161.0562499999998,5.0,0.0062500000002625455,7.8781249999999945,2.0,-8.334292964654232,3.0538199377266992,-0.10139780994575098,0.06978538536466022,0.072,-0.054968758879080586,0.1895472223415548,0.1304527776584452,0.6177041493325387,0.6666666666666666,0.3333333333333333,0.0,0.0
S3_collaborative_none_i2,1.0,plan_generated,1,1,,7,0.26082740002311766,hold_and_refine;state_update_rejected,2.0,161.0562499999998,161.0562499999998,5.0,0.0062500000002625455,7.8781249999999945,2.0,-3.030960419827828,2.459482386631831,-0.1106625133490251,0.07371854185051872,0.054557287556900896,-0.044270682959372955,0.19205880036516704,0.12794119963483297,0.6653278240807743,0.6666666666666666,0.3333333333333333,0.0,0.0
S3_collaborative_none_i2,1.5,plan_generated,1,1,,7,0.19014829996740445,hold_and_refine;state_update_rejected,2.0,161.0562499999998,161.0562499999998,5.0,0.0062500000002625455,7.8781249999999945,2.0,0.80491735248076,1.927075759590429,-0.12425931357614993,0.07894515285395344,-0.014488512344653679,-0.03468736367262772,0.1956796572581505,0.1243203427418495,0.7332509587122154,0.6666666666666666,0.3333333333333333,0.0,0.0
S3_collaborative_none_i2,2.0,plan_generated,1,1,,7,0.1581051999819465,hold_and_refine,2.0,162.11029410806202,162.11029410806202,5.0,0.0062500000002625455,7.8781249999999945,2.125,0.9818014325691884,1.4585801942163104,-0.1343050302033393,0.08034934376694171,-0.01767242578624539,-0.026254443495893585,0.20021772149408354,0.11978227850591647,0.7745672537154522,0.5873446053385409,0.35771411680219073,-0.07932206132812569,0.024380783468857414
S3_collaborative_none_i2,2.5,plan_generated,1,1,,7,0.1287398999556899,hold_and_refine,2.0,162.624523881129,162.624523881129,5.0,0.4145199998943774,8.491687173871906,2.362667293813923,0.7191945139949356,1.066531066630845,-0.09197067325659203,0.05127094733975758,-0.012945501251908841,-0.01919755919935521,0.20546134091182897,0.11453865908817104,0.6777748527147116,0.5319497950575978,0.37088909793797437,-0.055394810280943174,0.013174981135783637
S3_collaborative_none_i2,3.0,plan_generated,1,1,,7,0.11136399995302781,hold_and_refine,2.0,162.84783782801674,162.84783782801674,5.0,1.2133062818220353,9.01047908585458,2.3805708472773537,0.49990339661668753,0.729219728766879,-0.0601202232062335,0.03099588299376494,-0.008998261139100376,-0.013125955117803822,0.21114237897487162,0.10885762102512839,0.5874867239888615,0.49473080390964286,0.37685694909245115,-0.037218991147954905,0.005967851154476789
S3_collaborative_none_i2,3.5,plan_generated,1,1,,7,0.08580340002663434,hold_and_refine,2.0,162.93299487375756,162.93299487375756,5.0,2.3768885710085748,9.914327702988555,2.3875425857700607,0.3214096986403313,0.4556965900625577,-0.03973075189847144,0.01888007546840994,-0.005785374575525963,-0.008202538621126038,0.216919657658594,0.103080342341406,0.5060951048426767,0.4694990866530959,0.3791808619233535,-0.025231717256546937,0.0023239128309023305
S3_collaborative_none_i2,4.0,plan_generated,1,1,,7,0.06948930001817644,hold_and_refine,2.0,162.95931172622642,162.95931172622642,4.999999999999999,3.888810417596451,11.179762529083558,2.3895890197087883,0.18239960095327684,0.24755713010277464,-0.027110952941391212,0.011887211425109038,-0.0032831928171589827,-0.004456028341849943,0.22245931525683602,0.09754068474316399,0.4353235467456234,0.45195451834055533,0.3798630065695962,-0.017544568312540587,0.0006821446462427216
S3_collaborative_none_i2,4.5,plan_generated,1,1,,7,0.04899350000778213,hold_and_refine,2.0,162.96403766008632,162.96403766008632,4.999999999999997,4.788982582972906,11.637335573811196,2.3893727119467982,0.08207227630475875,0.1042096820551375,-0.019208134429600194,0.007809377207445865,-0.0014773009734856573,-0.001875774276992475,0.22750440899390306,0.09249559100609694,0.37599366536706014,0.4393520280473096,0.3797909039822661,-0.012602490293245727,-7.210258733009178e-05
S3_ample_none_i0,0.0,plan_generated,1,1,,102,0.2923050000099465,new_joint_plan,1.5,164.8242356760367,164.8242356760367,4.5,1.167003410673619,9.447921799187508,2.243772593265038,0.5361833681525218,1.782010532578091,-0.07845183059297137,0.05630680734656611,-0.009651300626745392,-0.03207618958640564,0.1862929617989652,0.1337070382010348,0.4862683493126205,0.28761510105680826,0.012115308880080236,-0.04571823227652505,0.012115308880080236
S3_ample_none_i0,0.5,plan_generated,1,1,,7,0.2157473000115715,hold_and_refine,1.5,165.71640166426997,165.71640166426997,4.5,1.2504736343460685,9.51998208486847,2.0869290200753032,0.20481638002371355,1.4727147453866123,-0.0677843198350766,0.04843592558092258,-0.0036866948404268435,-0.02650886541695902,0.18663686580237143,0.13336313419762857,0.4769851056324128,0.2504415182137725,0.022981916491021374,-0.03717358284303579,0.010866607610941138
S3_ample_none_i0,1.0,plan_generated,1,1,,7,0.1937241000123322,hold_and_refine,1.5,166.27147490530078,166.27147490530078,4.5,1.270526786290759,9.534945579619613,2.0087800814502064,0.021147605922684224,1.1677652333022666,-0.05753106298948095,0.040776655124427054,-0.00038065690660831603,-0.021019774199440795,0.1872685126848588,0.1327314873151412,0.4688075674802844,0.220233450674659,0.032676501621586335,-0.03020806753911348,0.00969458513056496
S3_ample_none_i0,1.5,plan_generated,1,1,,7,0.21194970002397895,hold_and_refine,1.5,166.61422601399843,166.61422601399843,4.5,1.1869600395894828,9.534945579619613,1.9809226039385504,0.015521700109284723,0.8972135655912079,-0.04829621692055663,0.0338402961598223,-0.000279390601967125,-0.01614984418064174,0.18815979440780545,0.13184020559219456,0.46188201455546984,0.19484447966002383,0.04126031559820392,-0.025388971014635164,0.008583813976617588
S3_ample_none_i0,2.0,plan_generated,1,1,,7,0.15643710002768785,hold_and_refine,1.5,166.8122570627407,166.8122570627407,4.5,0.8362988780912914,9.41303031782969,1.9668952886524056,0.01633048328055595,0.6599472851540574,-0.04000423023598893,0.027621432415323048,-0.0002939486990500071,-0.011879051132773032,0.18929727522999887,0.13070272477000114,0.4554586751916748,0.17372116779420424,0.0488014237146933,-0.02112331186581959,0.007541108116489378
S3_ample_none_i0,2.5,plan_generated,1,1,,7,0.13031360000604764,hold_and_refine,1.5,166.9166339356974,166.9166339356974,4.5,0.6275451321777901,9.249941453834776,1.9591053501512672,0.01725323727453459,0.45510516034495024,-0.03274452103670328,0.02221071822130916,-0.0003105582709416226,-0.008191892886209104,0.19066874920788063,0.12933125079211938,0.44903884592553334,0.15632502230141077,0.05542042499252578,-0.017396145492793474,0.006619001277832479
S3_ample_none_i0,3.0,plan_generated,1,1,,7,0.10176580003462732,hold_and_refine,1.5,166.96446838509559,166.96446838509559,4.5,0.5127424536219802,9.16490243268235,1.9538632994959013,0.015326436202457995,0.2887192302570833,-0.02650721430952554,0.017611288799349287,-0.0002758758516442439,-0.005196946144627499,0.1922619305128211,0.12773806948717892,0.4422910732266886,0.14215185210931883,0.06118423291994647,-0.014173170192091938,0.005763807927420692
S3_ample_none_i0,3.5,plan_generated,1,1,,7,0.07822889997623861,hold_and_refine,1.5,166.98162496030426,166.98162496030426,4.499999999999999,0.45612575543340483,9.126300138462863,1.9506497106270722,0.011751773578854567,0.15948094481665945,-0.021242383166049858,0.013785177025485706,-0.00021153192441938218,-0.00287065700669987,0.19406326264135834,0.12593673735864166,0.43500289649591106,0.13071413530353762,0.06615201906597981,-0.011437716805781206,0.00496778614603334
S3_ample_none_i0,4.0,plan_generated,1,1,,7,0.0520447000162676,hold_and_refine,1.5,166.98506206029097,166.98506206029097,4.499999999999997,0.43275347552387267,9.112551738516071,1.9536691387970933,0.008790079156530057,0.06743477214915329,-0.01686583715115586,0.010662242329501906,-0.000158221424817541,-0.0012138258986847592,0.19605682598243193,0.12394317401756808,0.42705139988733815,0.12154853533903323,0.07034701112886055,-0.00916559996450439,0.004194992062880737
S3_ample_prepare_i0,0.0,plan_generated,1,1,,102,0.32114110002294183,new_joint_plan,1.5,164.8242356760367,164.8242356760367,4.5,1.167003410673619,9.447921799187508,2.243772593265038,0.5361833681525218,1.782010532578091,-0.07845183059297137,0.05630680734656611,-0.009651300626745392,-0.03207618958640564,0.1862929617989652,0.1337070382010348,0.4862683493126205,0.28761510105680826,0.012115308880080236,-0.04571823227652505,0.012115308880080236
S3_ample_prepare_i0,0.5,plan_generated,1,1,,7,0.2527235000161454,hold_and_refine,1.5,165.71640166426997,165.71640166426997,4.5,1.2504736343460685,9.51998208486847,2.0869290200753032,0.20481638002371355,1.4727147453866123,-0.0677843198350766,0.04843592558092258,-0.0036866948404268435,-0.02650886541695902,0.18663686580237143,0.13336313419762857,0.4769851056324128,0.2504415182137725,0.022981916491021374,-0.03717358284303579,0.010866607610941138
S3_ample_prepare_i0,1.0,plan_generated,1,1,,7,0.21211069996934384,hold_and_refine,1.5,166.27147490530078,166.27147490530078,4.5,1.270526786290759,9.534945579619613,2.0087800814502064,0.021147605922684224,1.1677652333022666,-0.05753106298948095,0.040776655124427054,-0.00038065690660831603,-0.021019774199440795,0.1872685126848588,0.1327314873151412,0.4688075674802844,0.220233450674659,0.032676501621586335,-0.03020806753911348,0.00969458513056496
S3_ample_prepare_i0,1.5,plan_generated,1,1,,7,0.17947540001478046,hold_and_refine,1.5,166.61448268541275,166.61448268541275,4.5,0.9502795042683658,9.460542383292204,1.98089712208888,0.0162586854206441,0.8972151678504156,-0.04832097657968312,0.033857644810525826,-0.0002926563375715938,-0.01614987302130748,0.18815979440780545,0.13184020559219456,0.46211880414203027,0.19482546696265834,0.04126897550322282,-0.025407983712000648,0.008592473881636482
S3_ample_prepare_i0,2.0,plan_generated,1,1,,7,0.16795170004479587,hold_and_refine,1.5,166.47546573307642,166.47546573307642,4.5,0.2914458442531007,8.758853997253038,1.9725399488382396,-65.61340630901651,0.6599488992746161,-0.04039479549860578,0.027891098058724254,0.072,-0.011879080186943088,0.1892972894716744,0.1307027105283256,0.4599816757821746,0.20965394187854217,0.048944832635087615,0.014828474915883821,0.007675857131864798
S3_ample_prepare_i0,2.5,plan_generated,1,1,,7,0.13749420002568513,executing_replan,1.5,166.39367845629806,166.39367845629806,4.5,0.021327077201117817,8.456613669971642,1.8922794003775065,-55.81341276492612,0.4697701773471629,-0.04264103498844317,0.02892345184504432,0.072,-0.008455863192248931,0.19066902873279304,0.12933097126720697,0.4623462263159972,0.22328515467492788,0.05878706830040461,0.013631212796385711,0.009842235665316994
S3_ample_prepare_i0,3.0,plan_generated,1,1,,7,0.10908500000368804,hold_and_refine,1.5,166.3504109933025,166.3504109933025,4.5,0.192856673518774,8.611361196608026,1.657449578173717,-17.457930582630407,0.2887248354000131,-0.04412717038178201,0.02931546082754958,0.072,-0.005197047037200235,0.19226836361462052,0.1277316363853795,0.4645084324857198,0.23610514371066224,0.07037597864917605,0.012819989035734364,0.011588910348771443
S3_ample_prepare_i0,3.5,plan_generated,1,1,,7,0.07427480001933873,hold_and_refine,1.5,166.38561351577846,166.38561351577846,4.499999999999999,0.3044470774529717,8.752986685316738,1.9464392453510575,0.010390418775100062,0.16009740630172548,-0.044388617659425415,0.028793434593572306,-0.00018702753795180112,-0.0028817533134310584,0.19409619180820784,0.12590380819179217,0.45973507263824565,0.2126367953934203,0.08276881146005327,-0.023468348317241927,0.012392832810877219
S3_ample_prepare_i0,4.0,plan_generated,1,1,,7,0.05847599997650832,hold_and_refine,1.5,166.39262616008634,166.39262616008634,4.499999999999997,0.26245091480522476,8.725002028377428,1.9395271936490235,0.00920845413906898,0.06852062608804908,-0.03510864951347274,0.02216592478032786,-0.00016575217450324163,-0.0012333712695848833,0.1961562871978837,0.12384371280211631,0.45110339969965296,0.19393641057246522,0.09257293772374434,-0.018700384820955096,0.009804126263691065
P_ample_none_i1,0.0,plan_generated,1,1,,102,0.35289919999195263,new_joint_plan,2.5,168.46562499999982,168.46562499999982,5.5,1.1026562500000212,8.077468750000019,1.7473084840195403,-2.1802378320288356,3.6954861530253083,0.0,0.0,0.03924428097651904,-0.06651875075445554,0.16,0.16,0.4716269602267917,0.3333333333333333,0.6166666666666666,0.0,-0.050000000000000044
P_ample_none_i1,0.5,plan_generated,1,1,,7,0.282713100023102,hold_and_refine,2.5,168.46562499999982,168.46562499999982,5.5,0.7597187500000313,7.829906250000019,1.9402933513605878,-0.2302133007804486,3.7440274273791387,0.0,0.0,0.004143839414048074,-0.06739249369282449,0.16,0.16,0.46080314900439656,0.3333333333333333,0.5666666666666665,0.0,-0.050000000000000044
P_ample_none_i1,1.0,plan_generated,1,1,,7,0.2719400000059977,hold_and_refine,2.5,168.46562499999982,168.46562499999982,5.5,0.514500000000031,7.6630000000000225,2.1301872912488315,1.740806250000038,3.296005355767894,0.0,0.0,-0.03133451250000068,-0.059328096403822084,0.16,0.16,0.43903814252646167,0.3333333333333333,0.5166666666666665,0.0,-0.050000000000000044
P_ample_none_i1,1.5,plan_generated,1,1,,7,0.24991180002689362,hold_and_refine,2.5,168.46562499999982,168.46562499999982,5.5,0.38865625000003234,7.589218750000026,2.25,1.4743375000000205,2.6269999135884827,0.0,0.0,-0.026538075000000366,-0.047285998444592685,0.16,0.16,0.4117415134766525,0.3333333333333333,0.4666666666666665,0.0,-0.04999999999999999
P_ample_none_i1,2.0,plan_generated,1,1,,7,0.21574440004769713,hold_and_refine,2.5,168.46562499999982,168.46562499999982,5.5,0.3446875000000418,7.571062500000036,2.25,1.2071812500000159,2.0359311235287474,0.0,0.0,-0.021729262500000283,-0.03664676022351745,0.16,0.16,0.3818087848761559,0.3333333333333333,0.4166666666666665,0.0,-0.04999999999999999
P_ample_none_i1,2.5,plan_generated,1,1,,7,0.18339179997565225,hold_and_refine,2.5,168.46562499999982,168.46562499999982,5.5,0.3446875000000418,7.571062500000036,2.25,0.939087500000009,1.5229232409958064,0.0,0.0,-0.01690357500000016,-0.027412618337924514,0.16,0.16,0.35171870119806503,0.3333333333333333,0.36666666666666653,0.0,-0.04999999999999999
P_ample_none_i1,3.0,plan_generated,1,1,,7,0.16620000003604218,hold_and_refine,2.5,168.46562499999982,168.46562499999982,5.5,2.071968750000045,9.10540625000004,2.1999999999999997,0.6918374999999989,1.0871586994976614,0.0,0.0,-0.012453074999999978,-0.019568856590957903,0.16,0.16,0.32342250712477805,0.3333333333333333,0.31666666666666654,0.0,-0.04999999999999999
P_ample_none_i1,3.5,plan_generated,1,1,,7,0.14312239998253062,hold_and_refine,2.5,168.46562499999982,168.46562499999982,5.5,3.779875000000014,10.64662500000001,2.05,0.4820874999999948,0.7277744051471126,0.0,0.0,-0.008677574999999906,-0.013099939292648025,0.16,0.16,0.29819886534449436,0.3333333333333333,0.26666666666666655,0.0,-0.04999999999999999
P_ample_none_i1,4.0,plan_generated,1,1,,7,0.10636029997840524,hold_and_refine,2.5,168.46562499999982,168.46562499999982,5.5,4.624670867031205,11.508753802461523,1.8999999999999997,0.30983749999999205,0.4436356999244807,0.0,0.0,-0.005577074999999857,-0.007985442598640652,0.16,0.16,0.27667834251867607,0.3333333333333333,0.21666666666666656,0.0,-0.04999999999999999
P_ample_none_i1,4.5,plan_generated,1,1,,7,0.08217060001334175,hold_and_refine,2.5,168.46562499999982,168.46562499999982,5.499999999999999,4.6948650681577275,11.616893787869696,1.7499999999999998,0.17508749999999298,0.2329458400075502,0.0,0.0,-0.0031515749999998736,-0.004193025120135903,0.16,0.16,0.25897074984225243,0.3333333333333333,0.16666666666666657,0.0,-0.04999999999999999
P_ample_none_i1,5.0,plan_generated,1,1,,7,0.06240930000785738,hold_and_refine,2.5,168.46562499999982,168.46562499999982,5.499999999999997,4.7311894124565805,11.671941950197589,1.5999999999999996,0.07783749999999535,0.09256445011329607,0.0,0.0,-0.0014010749999999162,-0.001666160102039329,0.16,0.16,0.244830313917781,0.3333333333333333,0.11666666666666657,0.0,-0.05
P_ample_none_i2,0.0,plan_generated,1,1,,102,0.2969894999987446,new_joint_plan,1.5,162.6406249999999,162.6406249999999,4.5,0.8122812499999812,8.499343749999976,2.1,0.504101883112631,2.546037850075809,0.0,0.0,-0.009073833896027358,-0.045828681301364554,0.16,0.16,0.5783916064388326,0.3333333333333333,0.2833333333333333,0.0,-0.04999999999999999
P_ample_none_i2,0.5,plan_generated,1,1,,7,0.23953889997210354,hold_and_refine,1.5,162.6406249999999,162.6406249999999,4.5,0.6864374999999825,8.42556249999998,1.95,0.4930421901645833,2.3502897343570033,0.0,0.0,-0.008874759422962498,-0.042305215218426055,0.16,0.16,0.549681295156941,0.3333333333333333,0.23333333333333334,0.0,-0.04999999999999999
P_ample_none_i2,1.0,plan_generated,1,1,,7,0.22029000002657995,hold_and_refine,1.5,162.6406249999999,162.6406249999999,4.5,0.6424687499999635,8.407406249999962,1.8,0.4408976465360238,1.7988618746628042,0.0,0.0,-0.007936157637648428,-0.03237951374393047,0.16,0.16,0.5171940578206313,0.3333333333333333,0.18333333333333335,0.0,-0.04999999999999999
P_ample_none_i2,1.5,plan_generated,1,1,,7,0.18990309996297583,hold_and_refine,1.5,162.6406249999999,162.6406249999999,4.5,0.6424687499999635,8.407406249999962,1.6536212354070723,0.3893208617806233,1.3278469118939087,0.0,0.0,-0.007007775512051219,-0.023901244414090354,0.16,0.16,0.4853793590926768,0.3333333333333333,0.13333333333333336,0.0,-0.04999999999999999
P_ample_none_i2,2.0,plan_generated,1,1,,7,0.1541785000008531,hold_and_refine,1.5,162.6406249999999,162.6406249999999,4.5,2.7403749999999585,10.434874999999959,1.7023945195565897,0.33037800187655125,0.9351041113633575,0.0,0.0,-0.005946804033777922,-0.016831874004540434,0.16,0.16,0.4551804972782639,0.3333333333333333,0.08333333333333336,0.0,-0.05
P_ample_none_i2,2.5,plan_generated,1,1,,7,0.13500210002530366,hold_and_refine,1.5,162.6406249999999,162.6406249999999,4.5,4.2286314154855,12.29421874999991,1.7401647073697852,0.2684068327543188,0.6173004087900613,0.0,0.0,-0.004831322989577738,-0.011111407358221102,0.16,0.16,0.4273762834051739,0.3333333333333333,0.033333333333333354,0.0,-0.05
P_ample_none_i2,3.0,plan_generated,1,1,,7,0.15392870001960546,hold_and_refine,1.5,162.6406249999999,162.6406249999999,4.5,4.2286314154855,12.595743283291863,1.764512567194487,0.20527548776785093,0.37286018210735505,0.0,0.0,-0.0036949587798213164,-0.0067114832779323905,0.16,0.16,0.4025028805635934,0.3333333333333333,0.0,0.0,-0.033333333333333354
P_ample_none_i2,3.5,plan_generated,1,1,,7,0.08118069998454303,hold_and_refine,1.5,162.71440624999988,162.71440624999988,4.499999999999999,4.200897980194744,12.558227562828716,1.7583478062084419,0.14116340043758727,0.19436734764444963,0.0,0.0,-0.0025409412078765707,-0.003498612257600093,0.16,0.16,0.3806029383451015,0.2833333333333333,0.0,-0.04999999999999999,0.0
P_ample_none_i2,4.0,plan_generated,1,1,,7,0.051668499945662916,hold_and_refine,1.5,162.7325624999999,162.7325624999999,4.499999999999997,4.203228528347109,12.55143687578349,1.7577501554120734,0.06879594566381765,0.07772081904356964,0.0,0.0,-0.0012383270219487176,-0.0013989747427842535,0.16,0.16,0.36157750382316406,0.23333333333333334,0.0,-0.04999999999999999,0.0
P_ample_prepare_i1,0.0,plan_generated,1,1,,102,0.3679557000286877,new_joint_plan,2.5,168.46562499999982,168.46562499999982,5.5,1.1026562500000212,8.077468750000019,1.7473084840195403,-2.1802378320288356,3.6954861530253083,0.0,0.0,0.03924428097651904,-0.06651875075445554,0.16,0.16,0.4716269602267917,0.3333333333333333,0.6166666666666666,0.0,-0.050000000000000044
P_ample_prepare_i1,0.5,plan_generated,1,1,,7,0.3160199000267312,hold_and_refine,2.5,168.46562499999982,168.46562499999982,5.5,0.7597187500000313,7.829906250000019,1.9402933513605878,-0.2302133007804486,3.7440274273791387,0.0,0.0,0.004143839414048074,-0.06739249369282449,0.16,0.16,0.46080314900439656,0.3333333333333333,0.5666666666666665,0.0,-0.050000000000000044
P_ample_prepare_i1,1.0,plan_generated,1,1,,7,0.2523540999973193,hold_and_refine,2.5,168.46562499999982,168.46562499999982,5.5,0.514500000000031,7.6630000000000225,2.1301872912488315,1.740806250000038,3.296005355767894,0.0,0.0,-0.03133451250000068,-0.059328096403822084,0.16,0.16,0.43903814252646167,0.3333333333333333,0.5166666666666665,0.0,-0.050000000000000044
P_ample_prepare_i1,1.5,plan_generated,1,1,,7,0.22056119999615476,hold_and_refine,2.5,168.46562499999982,168.46562499999982,5.5,0.38865625000003234,7.589218750000026,2.25,1.474337500000025,2.626999913588487,0.0,0.0,-0.026538075000000445,-0.04728599844459277,0.16,0.16,0.4119329668130679,0.3333333333333333,0.4666666666666665,0.0,-0.04999999999999999
P_ample_prepare_i1,2.0,plan_generated,1,1,,7,0.20043969998368993,hold_and_refine,2.5,168.46562499999982,168.46562499999982,5.5,0.3446875000000418,7.571062500000036,2.0166594958202113,1.2071812500000114,2.035931123528743,0.0,0.0,-0.021729262500000204,-0.03664676022351737,0.16,0.16,0.3850277434803289,0.3333333333333333,0.4166666666666665,0.0,-0.04999999999999999
P_ample_prepare_i1,2.5,plan_generated,1,1,,7,0.21032529999502003,hold_and_refine,2.5,168.46562499999982,168.46562499999982,5.5,0.3446875000000418,7.571062500000036,1.8922794003775065,0.9390875000000067,1.5229232409958042,0.0,0.0,-0.01690357500000012,-0.027412618337924473,0.16,0.16,0.3601297106343918,0.3333333333333333,0.36666666666666653,0.0,-0.04999999999999999
P_ample_prepare_i1,3.0,plan_generated,1,1,,7,0.1493686999892816,hold_and_refine,2.5,168.46562499999982,168.46562499999982,5.5,2.071968750000045,9.10540625000004,1.657449578173717,0.6918374999999944,1.087158699497648,0.0,0.0,-0.012453074999999899,-0.019568856590957664,0.16,0.16,0.3355142025834696,0.3333333333333333,0.31666666666666654,0.0,-0.04999999999999999
P_ample_prepare_i1,3.5,plan_generated,1,1,,7,0.13237599999411032,hold_and_refine,2.5,168.46562499999982,168.46562499999982,5.5,3.779875000000014,10.64662500000001,2.05,0.48208749999999034,0.7277744051471148,0.0,0.0,-0.008677574999999825,-0.013099939292648065,0.16,0.16,0.30981666657076357,0.3333333333333333,0.26666666666666655,0.0,-0.04999999999999999
P_ample_prepare_i1,4.0,plan_generated,1,1,,7,0.11373559996718541,hold_and_refine,2.5,168.46562499999982,168.46562499999982,5.5,4.624670867031205,11.508753802461523,1.8999999999999997,0.30983749999998983,0.44363569992448293,0.0,0.0,-0.005577074999999817,-0.007985442598640691,0.16,0.16,0.28638471465309767,0.3333333333333333,0.21666666666666656,0.0,-0.04999999999999999
P_ample_prepare_i1,4.5,plan_generated,1,1,,7,0.08267869998235255,hold_and_refine,2.5,168.46562499999982,168.46562499999982,5.499999999999999,4.6948650681577275,11.616893787869696,1.7499999999999998,0.17508749999998965,0.23294584000755464,0.0,0.0,-0.0031515749999998137,-0.004193025120135983,0.16,0.16,0.2667531441406209,0.3333333333333333,0.16666666666666657,0.0,-0.04999999999999999
P_ample_prepare_i1,5.0,plan_generated,1,1,,7,0.05116249999264255,hold_and_refine,2.5,168.46562499999982,168.46562499999982,5.499999999999997,4.7311894124565805,11.671941950197589,1.5999999999999996,0.07783749999999424,0.0925644501132983,0.0,0.0,-0.0014010749999998962,-0.0016661601020393692,0.16,0.16,0.25090356681000114,0.3333333333333333,0.11666666666666657,0.0,-0.05
P_ample_prepare_i2,0.0,plan_generated,1,1,,102,0.3558161999681033,new_joint_plan,1.5,162.6406249999999,162.6406249999999,4.5,0.8122812499999812,8.499343749999976,2.1,0.504101883112631,2.546037850075809,0.0,0.0,-0.009073833896027358,-0.045828681301364554,0.16,0.16,0.5783916064388326,0.3333333333333333,0.2833333333333333,0.0,-0.04999999999999999
P_ample_prepare_i2,0.5,plan_generated,1,1,,7,0.4312862000078894,hold_and_refine,1.5,162.6406249999999,162.6406249999999,4.5,0.6864374999999825,8.42556249999998,1.95,0.4930421901645833,2.3502897343570033,0.0,0.0,-0.008874759422962498,-0.042305215218426055,0.16,0.16,0.549681295156941,0.3333333333333333,0.23333333333333334,0.0,-0.04999999999999999
P_ample_prepare_i2,1.0,plan_generated,1,1,,7,0.16579130000900477,hold_and_refine,1.5,162.6406249999999,162.6406249999999,4.5,0.6424687499999635,8.407406249999962,1.8,0.4408976465360238,1.7988618746628042,0.0,0.0,-0.007936157637648428,-0.03237951374393047,0.16,0.16,0.5171940578206313,0.3333333333333333,0.18333333333333335,0.0,-0.04999999999999999
P_ample_prepare_i2,1.5,plan_generated,1,1,,7,0.18671999999787658,hold_and_refine,1.5,162.6406249999999,162.6406249999999,4.5,0.6424687499999635,8.407406249999962,1.6536212354070723,0.3888484737097865,1.3278469118939087,0.0,0.0,-0.0069992725267761565,-0.023901244414090354,0.16,0.16,0.48563739460751404,0.3333333333333333,0.13333333333333336,0.0,-0.04999999999999999
P_ample_prepare_i2,2.0,plan_generated,1,1,,7,0.186576200008858,hold_and_refine,1.5,162.6406249999999,162.6406249999999,4.5,2.7403749999999585,10.434874999999959,1.7023945195565897,0.32755556498286437,0.9351041113633564,0.0,0.0,-0.005896000169691558,-0.016831874004540413,0.16,0.16,0.45969851579915416,0.3333333333333333,0.08333333333333336,0.0,-0.05
P_ample_prepare_i2,2.5,plan_generated,1,1,,7,0.13312439998844638,hold_and_refine,1.5,162.6406249999999,162.6406249999999,4.5,2.8620072274244137,11.146660992191453,1.7401647073697852,0.2650728665083069,0.6173004087900624,0.0,0.0,-0.004771311597149524,-0.011111407358221123,0.16,0.16,0.4399816118862103,0.3333333333333333,0.033333333333333354,0.0,-0.05
P_ample_prepare_i2,3.0,plan_generated,1,1,,7,0.10027340002125129,hold_and_refine,1.5,162.6406249999999,162.6406249999999,4.5,2.9184382736356724,11.211924795718101,1.657449578173717,0.20373456093544468,0.37286018210735306,0.0,0.0,-0.0036672220968380037,-0.006711483277932354,0.16,0.16,0.422342075361405,0.3333333333333333,0.0,0.0,-0.033333333333333354
P_ample_prepare_i2,3.5,plan_generated,1,1,,7,0.0730790999950841,hold_and_refine,1.5,162.71440624999988,162.71440624999988,4.499999999999999,3.0098601536387513,11.332664939200281,1.7583478062084419,0.1407782149415038,0.19436734764444796,0.0,0.0,-0.0025340078689470684,-0.003498612257600063,0.16,0.16,0.40196987605067225,0.2833333333333333,0.0,-0.04999999999999999,0.0
P_ample_prepare_i2,4.0,plan_generated,1,1,,7,0.048591300030238926,hold_and_refine,1.5,162.7325624999999,162.7325624999999,4.499999999999997,3.004981213606211,11.32013374996556,1.757750155552877,0.06687535717785383,0.077721563477402,0.0,0.0,-0.0012037564292013687,-0.001398988142593236,0.16,0.16,0.3820308851710533,0.23333333333333334,0.0,-0.04999999999999999,0.0
P_collaborative_none_i1,0.0,plan_generated,1,1,,102,0.3301295999553986,new_joint_plan,2.5,167.71562499999982,167.71562499999982,5.5,0.45332579331634637,4.380442909710806,0.5229443100107787,2.2177137500000215,3.3838371684029735,0.0,0.0,-0.03991884750000038,-0.06090906903125352,0.16,0.16,0.7483587111627374,0.3333333333333333,0.95,0.0,-0.050000000000000044
P_collaborative_none_i1,0.5,plan_generated,1,1,,7,0.26708069996675476,hold_and_refine,2.5,167.71562499999982,167.71562499999982,5.5,0.44534375000000903,4.8445079718167365,0.7071922745574688,2.138056250000018,3.41232422645689,0.0,0.0,-0.038485012500000325,-0.061421836076224014,0.16,0.16,0.7591129613090608,0.3333333333333333,0.8999999999999999,0.0,-0.050000000000000044
P_collaborative_none_i1,1.0,plan_generated,1,1,,7,0.23905289999675006,hold_and_refine,2.5,167.71562499999982,167.71562499999982,5.5,0.20468749999997904,5.324118309711719,0.891841046302642,1.8340875000000305,3.468765049543624,0.0,0.0,-0.033013575000000545,-0.06243777089178523,0.16,0.16,0.7942341331282186,0.3333333333333333,0.8499999999999999,0.0,-0.050000000000000044
P_collaborative_none_i1,1.5,plan_generated,1,1,,7,0.21367670001927763,hold_and_refine,2.5,167.71562499999982,167.71562499999982,5.5,0.07884374999999544,5.744876800607995,1.0721268845772114,1.5294312500000111,2.840128526314107,0.0,0.0,-0.027529762500000197,-0.051122313473653924,0.16,0.16,0.7116538924859988,0.3333333333333333,0.7999999999999998,0.0,-0.050000000000000044
P_collaborative_none_i1,2.0,plan_generated,1,1,,7,0.23344159999396652,hold_and_refine,2.5,167.71562499999982,167.71562499999982,5.5,0.03487499999998178,6.105417354768474,1.247503865689302,1.2238375000000004,2.2238371783373383,0.0,0.0,-0.022029075000000006,-0.040029069210072085,0.16,0.16,0.615162612244356,0.3333333333333333,0.7499999999999998,0.0,-0.050000000000000044
P_collaborative_none_i1,2.5,plan_generated,1,1,,7,0.17372700001578778,hold_and_refine,2.5,167.71562499999982,167.71562499999982,5.5,0.03487499999998178,6.407235136419598,1.4173894454211693,0.939087499999989,1.6838187308623216,0.0,0.0,-0.0169035749999998,-0.030308737155521785,0.16,0.16,0.518661577866026,0.3333333333333333,0.6999999999999997,0.0,-0.050000000000000044
P_collaborative_none_i1,3.0,plan_generated,1,1,,7,0.1475454000174068,hold_and_refine,2.5,167.71562499999982,167.71562499999982,5.5,1.5690943317820798,6.652284911138179,1.5808027818396697,0.6918374999999745,1.2198108341546188,0.0,0.0,-0.01245307499999954,-0.021956595014783135,0.16,0.16,0.4322412100896115,0.3333333333333333,0.6499999999999997,0.0,-0.050000000000000044
P_collaborative_none_i1,3.5,plan_generated,1,1,,7,0.12340159999439493,hold_and_refine,2.5,167.71562499999982,167.71562499999982,5.5,1.6611415309983633,6.842935016622801,1.7358534116461635,0.4820874999999659,0.8316435605048059,0.0,0.0,-0.008677574999999386,-0.014969584089086505,0.16,0.16,0.3613153113363663,0.3333333333333333,0.5999999999999996,0.0,-0.050000000000000044
P_collaborative_none_i1,4.0,plan_generated,1,1,,7,0.10353840002790093,hold_and_refine,2.5,167.71562499999982,167.71562499999982,5.5,1.7278770530030778,6.982021081081894,1.8416266280200162,0.3098374999999765,0.5190942133361971,0.0,0.0,-0.005577074999999577,-0.009343695840051547,0.16,0.16,0.30719319640122006,0.3333333333333333,0.5499999999999996,0.0,-0.050000000000000044
P_collaborative_none_i1,4.5,plan_generated,1,1,,7,0.074340499995742,hold_and_refine,2.5,167.71562499999982,167.71562499999982,5.499999999999999,1.7715737345338054,7.073134558504376,1.8797876989269846,0.17508749999999076,0.2816998047354201,0.0,0.0,-0.0031515749999998337,-0.005070596485237561,0.16,0.16,0.26839790224435955,0.3333333333333333,0.4999999999999996,0.0,-0.04999999999999999
P_collaborative_none_i1,5.0,plan_generated,1,1,,7,0.04945749999023974,hold_and_refine,2.5,167.71562499999982,167.71562499999982,5.499999999999997,1.7950965696914816,7.121498744069908,1.9637793626212678,0.0778374999999998,0.11828962953243319,0.0,0.0,-0.0014010749999999962,-0.0021292133315837973,0.16,0.16,0.24206596705237357,0.3333333333333333,0.4499999999999996,0.0,-0.04999999999999999
P_collaborative_prepare_i1,0.0,plan_generated,1,1,,102,0.322356199962087,new_joint_plan,2.5,167.71562499999982,167.71562499999982,5.5,0.45332579331634637,4.380442909710806,0.5229443100107787,2.2177137500000215,3.3838371684029735,0.0,0.0,-0.03991884750000038,-0.06090906903125352,0.16,0.16,0.7483587111627374,0.3333333333333333,0.95,0.0,-0.050000000000000044
P_collaborative_prepare_i1,0.5,plan_generated,1,1,,7,0.26414699997985736,hold_and_refine,2.5,167.71562499999982,167.71562499999982,5.5,0.44534375000000903,4.8445079718167365,0.7071922745574688,2.138056250000018,3.41232422645689,0.0,0.0,-0.038485012500000325,-0.061421836076224014,0.16,0.16,0.7591129613090608,0.3333333333333333,0.8999999999999999,0.0,-0.050000000000000044
P_collaborative_prepare_i1,1.0,plan_generated,1,1,,7,0.2508345000096597,hold_and_refine,2.5,167.71562499999982,167.71562499999982,5.5,0.20468749999997904,5.324118309711719,0.891841046302642,1.8340875000000305,3.468765049543624,0.0,0.0,-0.033013575000000545,-0.06243777089178523,0.16,0.16,0.7942341331282186,0.3333333333333333,0.8499999999999999,0.0,-0.050000000000000044
P_collaborative_prepare_i1,1.5,plan_generated,1,1,,7,0.23792949999915436,hold_and_refine,2.5,167.71562499999982,167.71562499999982,5.5,0.07884374999999544,5.744876800607995,1.0721268845772114,1.5294312499999978,2.8401285263141025,0.0,0.0,-0.027529762499999957,-0.05112231347365384,0.16,0.16,0.7120937840386838,0.3333333333333333,0.7999999999999998,0.0,-0.050000000000000044
P_collaborative_prepare_i1,2.0,plan_generated,1,1,,7,0.20793889998458326,hold_and_refine,2.5,167.71562499999982,167.71562499999982,5.5,0.03487499999998178,6.105417354768474,1.247503865689302,1.223837499999996,2.223837178337325,0.0,0.0,-0.022029074999999926,-0.04002906921007185,0.16,0.16,0.6223059777252228,0.3333333333333333,0.7499999999999998,0.0,-0.050000000000000044
P_collaborative_prepare_i1,2.5,plan_generated,1,1,,7,0.18663030001334846,hold_and_refine,2.5,167.71562499999982,167.71562499999982,5.5,0.03487499999998178,6.407235136419598,1.4173894454211693,0.9390874999999845,1.683818730862326,0.0,0.0,-0.01690357499999972,-0.030308737155521865,0.16,0.16,0.5360511106244683,0.3333333333333333,0.6999999999999997,0.0,-0.050000000000000044
P_collaborative_prepare_i1,3.0,plan_generated,1,1,,7,0.15702570002758875,hold_and_refine,2.5,167.71562499999982,167.71562499999982,5.5,1.5690943317820798,6.652284911138179,1.5808027818396697,0.6918374999999878,1.219810834154632,0.0,0.0,-0.012453074999999779,-0.021956595014783375,0.16,0.16,0.45467662539795134,0.3333333333333333,0.6499999999999997,0.0,-0.050000000000000044
P_collaborative_prepare_i1,3.5,plan_generated,1,1,,7,0.13321559998439625,hold_and_refine,2.5,167.71562499999982,167.71562499999982,5.5,1.6611415309983633,6.842935016622801,1.7358534116461635,0.48208749999997924,0.831643560504797,0.0,0.0,-0.008677574999999625,-0.014969584089086345,0.16,0.16,0.38007133407480653,0.3333333333333333,0.5999999999999996,0.0,-0.050000000000000044
P_collaborative_prepare_i1,4.0,plan_generated,1,1,,7,0.10589720000280067,hold_and_refine,2.5,167.71562499999982,167.71562499999982,5.5,1.7278770530030778,6.982021081081894,1.8416266280200162,0.30983749999998317,0.5190942133362038,0.0,0.0,-0.005577074999999696,-0.009343695840051666,0.16,0.16,0.32049200497330854,0.3333333333333333,0.5499999999999996,0.0,-0.050000000000000044
P_collaborative_prepare_i1,4.5,plan_generated,1,1,,7,0.0839949999935925,hold_and_refine,2.5,167.71562499999982,167.71562499999982,5.499999999999999,1.7715737345338054,7.073134558504376,1.8797876989269846,0.17508749999998188,0.28169980473541567,0.0,0.0,-0.0031515749999996736,-0.005070596485237481,0.16,0.16,0.2772302860919619,0.3333333333333333,0.4999999999999996,0.0,-0.04999999999999999
P_collaborative_prepare_i1,5.0,plan_generated,1,1,,7,0.05939790001139045,hold_and_refine,2.5,167.71562499999982,167.71562499999982,5.499999999999997,1.7950965696914816,7.121498744069908,1.9637793626212678,0.07783749999999535,0.11828962953243763,0.0,0.0,-0.0014010749999999162,-0.002129213331583877,0.16,0.16,0.24763665840891141,0.3333333333333333,0.4499999999999996,0.0,-0.04999999999999999
P_collaborative_prepare_i2,0.0,plan_generated,1,1,,102,0.32613910001236945,new_joint_plan,2.0,161.0562499999998,161.0562499999998,5.0,0.0062500000002625455,7.671843749999991,2.0,-8.334292964654223,3.221349391820648,0.0,0.0,0.072,-0.057984289052771656,0.16,0.16,0.5936371930361336,0.6666666666666666,0.2833333333333333,0.0,-0.04999999999999999
P_collaborative_prepare_i2,0.5,plan_generated,1,1,,7,0.2614562999806367,hold_and_refine,2.0,161.0562499999998,161.0562499999998,5.0,0.0062500000002625455,7.671843749999991,2.0,-8.262070925553395,-0.8017689023764742,0.0,0.0,0.072,0.014431840242776535,0.16,0.16,0.6172775259199641,0.6666666666666666,0.2833333333333333,0.0,0.0
P_collaborative_prepare_i2,1.0,plan_generated,1,1,,7,0.273631900025066,hold_and_refine,2.0,161.0562499999998,161.0562499999998,5.0,0.0062500000002625455,7.598062499999981,2.0,-2.9561573098839795,2.3459928064690887,0.0,0.0,0.05321083157791163,-0.04222787051644359,0.16,0.16,0.6622162153585653,0.6666666666666666,0.23333333333333334,0.0,-0.04999999999999999
P_collaborative_prepare_i2,1.5,plan_generated,1,1,,103,0.32389330002479255,invalid_plan_replaced,2.5,166.93124999999975,166.93124999999975,5.5,0.35193887835661464,7.941253751490092,2.0,1.655130914075918,2.317351095992293,0.0,0.0,-0.029792356453366524,-0.041712319727861276,0.16,0.16,0.721958994508769,0.6666666666666666,0.2833333333333333,0.0,-0.04999999999999999
P_collaborative_prepare_i2,2.0,plan_generated,1,1,,103,0.30573480000020936,invalid_plan_replaced,2.5,161.39687499999985,161.39687499999985,5.5,0.16618603791099584,7.824707919032261,1.0,1.1143387500000648,1.6768522980207063,0.0,0.0,-0.020058097500001166,-0.03018334136437271,0.16,0.16,0.7932764287572864,1.0,0.6166666666666666,0.0,-0.050000000000000044
P_collaborative_prepare_i2,2.5,plan_generated,1,1,,7,0.20496030000504106,hold_and_refine,2.5,161.39687499999985,161.39687499999985,5.5,0.12303891867481465,6.983341176023612,1.0,1.0266700311486323,1.525961188003103,0.0,0.0,-0.01848006056067538,-0.027467301384055853,0.16,0.16,0.7180245517560215,1.0,0.5666666666666665,0.0,-0.050000000000000044
P_collaborative_prepare_i2,3.0,plan_generated,1,1,,7,0.155431600054726,hold_and_refine,2.5,161.39687499999985,161.39687499999985,5.5,1.0999687499999906,6.355843749999974,1.0,0.8674711111818559,1.0469570562532828,0.0,0.0,-0.015614480001273405,-0.01884522701255909,0.16,0.16,0.6211299600280403,1.0,0.5166666666666665,0.0,-0.050000000000000044
P_collaborative_prepare_i2,3.5,plan_generated,1,1,,7,0.12466610001865774,hold_and_refine,2.5,161.39687499999985,161.39687499999985,5.5,0.5034999999999341,5.890187499999922,1.0,0.5493816988292806,0.7683118323174651,0.0,0.0,-0.00988887057892705,-0.013829612981714371,0.16,0.16,0.5226239642982252,1.0,0.4666666666666665,0.0,-0.04999999999999999
P_collaborative_prepare_i2,4.0,plan_generated,1,1,,7,0.10898820002330467,hold_and_refine,2.5,161.39687499999985,161.39687499999985,5.5,0.10140624999985537,5.592656249999846,1.0,0.3558512499999985,0.49191145894991195,0.0,0.0,-0.006405322499999973,-0.008854406261098414,0.16,0.16,0.43625347540161286,1.0,0.4166666666666665,0.0,-0.04999999999999999
P_collaborative_prepare_i2,4.5,plan_generated,1,1,,7,0.0906218999880366,hold_and_refine,2.5,161.47065624999988,161.47065624999988,5.499999999999999,0.2683124999998663,5.7595624999998565,1.125,0.209551249999995,-3.96275839270651,0.0,0.0,-0.0037719224999999096,0.07132965106871718,0.16,0.16,0.367385755524605,0.95,0.4166666666666665,-0.050000000000000044,0.0
P_collaborative_prepare_i2,5.0,plan_generated,1,1,,7,0.05496159999165684,hold_and_refine,2.5,161.47065624999988,161.47065624999988,5.499999999999997,0.14246874999989778,5.685781249999889,1.1500000000000004,0.09985249999999715,0.11872412146131553,0.0,0.0,-0.0017973449999999485,-0.0021370341863036794,0.16,0.16,0.315063465434065,0.95,0.36666666666666653,0.0,-0.04999999999999999
P_short_window_none_i0,0.0,plan_generated,1,0,finite_search_no_valid_plan,96,0.1307278999593109,continue_bounded_preparation,,,,,-1.8906249999997424,,,0.0,0.0,0.0,0.0,,,0.0,0.0,0.0,,,,
P_short_window_none_i0,0.5,plan_generated,1,0,finite_search_no_valid_plan,96,0.13388259999919683,continue_bounded_preparation,,,,,-0.42745817805354225,,,0.0,0.0,0.0,0.0,,,0.0,0.0,0.0,,,,
P_short_window_none_i0,1.0,plan_generated,1,0,finite_search_no_valid_plan,96,0.12634109996724874,continue_bounded_preparation,,,,,-0.35282296647151545,,,0.0,0.0,0.0,0.0,,,0.0,0.0,0.0,,,,
P_short_window_none_i0,1.5,plan_generated,1,1,,102,0.31917889998294413,new_joint_plan,3.5,166.91190624999996,166.91190624999996,6.5,0.4486843919944494,4.9505879925134595,1.1500000000000004,2.2555681655643034,-500.5222320380068,0.0,0.0,-0.04060022698015746,0.072,0.16,0.16,0.48968805024918105,0.95,0.6666666666666666,-0.050000000000000044,0.0
P_short_window_none_i0,2.0,plan_generated,1,1,,7,0.25865560001693666,hold_and_refine,3.5,166.91190624999996,166.91190624999996,6.5,0.605910449316414,4.732150571784627,1.1500000000000004,2.0571209209420953,3.4215817518784033,0.0,0.0,-0.037028176576957714,-0.06158847153381126,0.16,0.16,0.5513730238688599,0.95,0.6166666666666666,0.0,-0.050000000000000044
P_short_window_none_i0,2.5,plan_generated,1,1,,7,0.24381420004647225,hold_and_refine,3.5,168.10693749999996,168.10693749999996,6.5,0.6383192412138472,5.383467776618017,1.2750000000000004,127.75028488639535,-233.18957509693854,0.0,0.0,-0.072,0.072,0.16,0.16,0.6480149176632963,0.8999999999999999,0.6166666666666666,-0.050000000000000044,0.0
P_short_window_none_i0,3.0,plan_generated,1,1,,7,0.2094719000160694,hold_and_refine,3.5,168.10693749999996,168.10693749999996,6.5,0.7446796048165352,5.060606570384221,1.3000000000000003,1.3590663713052809,2.1167199565533483,0.0,0.0,-0.024463194683495053,-0.038100959217960265,0.16,0.16,0.7967109231040945,0.8999999999999999,0.5666666666666665,0.0,-0.050000000000000044
P_short_window_none_i0,3.5,plan_generated,1,1,,7,0.18327350000618026,hold_and_refine,3.5,168.77821875,168.77821875,6.5,0.7753139514878864,5.700274119220876,1.4250000000000003,1.2217428567148747,-7.270460119714007,0.0,0.0,-0.021991371420867743,0.072,0.16,0.16,0.634419607779979,0.8499999999999999,0.5666666666666665,-0.050000000000000044,0.0
P_short_window_none_i0,4.0,plan_generated,1,1,,7,0.39251099998364225,hold_and_refine,3.5,168.77821875,168.77821875,6.5,0.838806820420797,5.310147441962056,1.4500000000000002,0.8125374626240714,1.1179356032317536,0.0,0.0,-0.014625674327233286,-0.02012284085817156,0.16,0.16,0.5005809659785481,0.8499999999999999,0.5166666666666665,0.0,-0.050000000000000044
P_short_window_none_i0,4.5,plan_generated,1,1,,7,0.1330747000174597,hold_and_refine,3.5,168.77821875,168.77821875,6.5,0.38171875000014044,4.858406250000127,1.3500000000000005,0.6064618791593718,0.7350001542316995,0.0,0.0,-0.010916313824868691,-0.01323000277617059,0.16,0.16,0.4002094423223245,0.8499999999999999,0.4666666666666665,0.0,-0.04999999999999999
P_short_window_none_i0,5.0,plan_generated,1,1,,7,0.10738020000280812,hold_and_refine,3.5,168.94512500000027,168.94512500000027,6.5,0.677372258618834,5.155812317241652,1.450146207018912,0.34740324563442526,0.4279485061898215,0.0,0.0,-0.006253258421419655,-0.007703073111416787,0.16,0.16,0.32885637412462343,0.7999999999999998,0.4666666666666665,-0.050000000000000044,0.0
P_short_window_none_i0,5.5,plan_generated,1,1,,7,0.08194850001018494,hold_and_refine,3.5,168.94512500000027,168.94512500000027,6.499999999999999,0.4340312500004897,4.989031250000477,1.5000000000000004,0.2087415779050559,0.2677870656507109,0.0,0.0,-0.003757348402291006,-0.004820167181712796,0.16,0.16,0.28029076878199477,0.7999999999999998,0.4166666666666665,0.0,-0.04999999999999999
P_short_window_none_i0,6.0,plan_generated,1,1,,7,0.051898400008212775,hold_and_refine,3.5,168.94512500000027,168.94512500000027,6.499999999999997,0.3081875000005496,4.915250000000538,1.6000000000000005,0.09449750000000359,0.12487342437817353,0.0,0.0,-0.0017009550000000645,-0.0022477216388071234,0.16,0.16,0.24852366078481747,0.7999999999999998,0.36666666666666653,0.0,-0.04999999999999999
P_short_window_none_i1,0.0,plan_generated,1,0,finite_search_no_valid_plan,96,0.13953019998734817,continue_bounded_preparation,,,,,-2.326718749999803,,,0.0,0.0,0.0,0.0,,,0.0,0.0,0.0,,,,
P_short_window_none_i1,0.5,plan_generated,1,0,finite_search_no_valid_plan,96,0.12286459997994825,continue_bounded_preparation,,,,,-0.8189062499997801,,,0.0,0.0,0.0,0.0,,,0.0,0.0,0.0,,,,
P_short_window_none_i1,1.0,plan_generated,1,0,finite_search_no_valid_plan,96,0.12897550000343472,continue_bounded_preparation,,,,,-0.6803720318372264,,,0.0,0.0,0.0,0.0,,,0.0,0.0,0.0,,,,
P_short_window_none_i1,1.5,plan_generated,1,0,finite_search_no_valid_plan,96,0.13329510000767186,continue_bounded_preparation,,,,,-0.6800919534740579,,,0.0,0.0,0.0,0.0,,,0.0,0.0,0.0,,,,
P_short_window_none_i1,2.0,plan_generated,1,0,finite_search_no_valid_plan,96,0.13228249998064712,continue_bounded_preparation,,,,,-0.1887500000003266,,,0.0,0.0,0.0,0.0,,,0.0,0.0,0.0,,,,
P_short_window_none_i1,2.5,plan_generated,1,0,finite_search_no_valid_plan,96,0.13252500002272427,continue_bounded_preparation,,,,,-0.21160205075495941,,,0.0,0.0,0.0,0.0,,,0.0,0.0,0.0,,,,
P_short_window_none_i1,3.0,plan_generated,1,0,finite_search_no_valid_plan,96,0.13026649999665096,continue_bounded_preparation,,,,,-0.21160205075495941,,,0.0,0.0,0.0,0.0,,,0.0,0.0,0.0,,,,
P_short_window_none_i1,3.5,plan_generated,1,0,finite_search_no_valid_plan,96,0.1327115999883972,continue_bounded_preparation,,,,,-0.21160205075495941,,,0.0,0.0,0.0,0.0,,,0.0,0.0,0.0,,,,
P_short_window_none_i1,4.0,plan_generated,1,0,finite_search_no_valid_plan,96,0.12373360001947731,continue_bounded_preparation,,,,,-0.21160205075495941,,,0.0,0.0,0.0,0.0,,,0.0,0.0,0.0,,,,
P_short_window_none_i1,4.5,plan_generated,1,0,finite_search_no_valid_plan,96,0.14041579997865483,continue_bounded_preparation,,,,,-0.21160205075495941,,,0.0,0.0,0.0,0.0,,,0.0,0.0,0.0,,,,
P_short_window_none_i1,5.0,plan_generated,1,0,finite_search_no_valid_plan,96,0.12536000000545755,continue_bounded_preparation,,,,,-0.06300660488542853,,,0.0,0.0,0.0,0.0,,,0.0,0.0,0.0,,,,
P_short_window_none_i1,5.5,plan_generated,1,0,finite_search_no_valid_plan,96,0.13463400001637638,continue_bounded_preparation,,,,,-0.07733961392507993,,,0.0,0.0,0.0,0.0,,,0.0,0.0,0.0,,,,
P_short_window_none_i1,6.0,plan_generated,1,0,finite_search_no_valid_plan,96,0.13009120000060648,continue_bounded_preparation,,,,,-0.08547079534394797,,,0.0,0.0,0.0,0.0,,,0.0,0.0,0.0,,,,
P_short_window_none_i1,6.5,plan_generated,1,0,finite_search_no_valid_plan,96,0.1248275000252761,continue_bounded_preparation,,,,,-0.09055561890931241,,,0.0,0.0,0.0,0.0,,,0.0,0.0,0.0,,,,
P_short_window_none_i1,7.0,plan_generated,1,0,finite_search_no_valid_plan,96,0.13154640002176166,continue_bounded_preparation,,,,,-0.06328960227019209,,,0.0,0.0,0.0,0.0,,,0.0,0.0,0.0,,,,
P_short_window_none_i1,7.5,plan_generated,1,0,finite_search_no_valid_plan,96,0.1298341000219807,continue_bounded_preparation,,,,,-0.17119261148242604,,,0.0,0.0,0.0,0.0,,,0.0,0.0,0.0,,,,
P_short_window_none_i2,0.0,plan_generated,1,0,finite_search_no_valid_plan,96,0.12757489999057725,continue_bounded_preparation,,,,,-2.3906249999997424,,,0.0,0.0,0.0,0.0,,,0.0,0.0,0.0,,,,
P_short_window_none_i2,0.5,plan_generated,1,0,finite_search_no_valid_plan,96,0.13357649999670684,continue_bounded_preparation,,,,,-0.48437499999992006,,,0.0,0.0,0.0,0.0,,,0.0,0.0,0.0,,,,
P_short_window_none_i2,1.0,plan_generated,1,1,,102,0.35287080000853166,new_joint_plan,3.5,163.74253125000016,163.74253125000016,6.5,0.271798619925284,4.549967002515797,1.1500000000000004,2.8097046743296845,-661.3984328395862,0.0,0.0,-0.05057468413793432,0.072,0.16,0.16,0.40383373870871375,0.95,0.6666666666666666,-0.050000000000000044,0.0
P_short_window_none_i2,1.5,plan_generated,1,1,,7,0.2828264000127092,hold_and_refine,3.5,165.61131249999994,165.61131249999994,6.5,0.271798619925284,4.549967002515797,1.2750000000000004,2.5254598062761313,1.6225069493680064,0.0,0.0,-0.04545827651297036,-0.029205125088624113,0.16,0.16,0.4423416252375254,0.8999999999999999,0.6666666666666666,-0.050000000000000044,0.0
P_short_window_none_i2,2.0,plan_generated,1,1,,7,0.32070719997864217,hold_and_refine,3.5,165.61131249999994,165.61131249999994,6.5,0.4537158996871389,4.976433241239602,1.3000000000000003,2.0076675000000037,3.5200651665224094,0.0,0.0,-0.036138015000000065,-0.06336117299740336,0.16,0.16,0.5034273340219677,0.8999999999999999,0.6166666666666666,0.0,-0.050000000000000044
P_short_window_none_i2,2.5,plan_generated,1,1,,7,0.38908739999169484,hold_and_refine,3.5,165.61131249999994,165.61131249999994,6.5,0.5906100714008398,4.777468311974769,1.3000000000000003,1.6672936144457735,2.7556740884471838,0.0,0.0,-0.030011285060023922,-0.049602133592049305,0.16,0.16,0.5976194055140063,0.8999999999999999,0.5666666666666665,0.0,-0.050000000000000044
P_short_window_none_i2,3.0,plan_generated,1,1,,7,0.22225279995473102,hold_and_refine,3.5,166.52571874999998,166.52571874999998,6.5,0.616529400596435,5.353307370205596,1.4250000000000003,31.4995222574334,-75.78848076666154,0.0,0.0,-0.072,0.072,0.16,0.16,0.7432995934263278,0.8499999999999999,0.5666666666666665,-0.050000000000000044,0.0
P_short_window_none_i2,3.5,plan_generated,1,1,,7,0.1784594000200741,hold_and_refine,3.5,166.52571874999998,166.52571874999998,6.5,0.7060136999967179,5.064931887162328,1.4500000000000002,1.0425415041536281,1.6043797160436388,0.0,0.0,-0.018765747074765304,-0.028878834888785496,0.16,0.16,0.6659855640517582,0.8499999999999999,0.5166666666666665,0.0,-0.050000000000000044
P_short_window_none_i2,4.0,plan_generated,1,1,,7,0.23242600000230595,hold_and_refine,3.5,166.52571874999998,166.52571874999998,6.5,0.09359375000019465,4.439031250000181,1.3500000000000005,0.8503721268313439,1.0988741693390387,0.0,0.0,-0.015306698282964189,-0.019779735048102695,0.16,0.16,0.5154661954292297,0.8499999999999999,0.4666666666666665,0.0,-0.04999999999999999
P_short_window_none_i2,4.5,plan_generated,1,1,,7,0.13569269998697564,hold_and_refine,3.5,166.82324999999972,166.82324999999972,6.5,0.5435554283778856,4.9025888333089656,1.5750000000000002,30.8642779562259,-55.69532699179271,0.0,0.0,-0.072,0.072,0.16,0.16,0.40636282484828223,0.7999999999999998,0.4666666666666665,-0.050000000000000044,0.0
P_short_window_none_i2,5.0,plan_generated,1,1,,7,0.11632289999397472,hold_and_refine,3.5,166.82324999999972,166.82324999999972,6.5,0.1571562499998551,4.607156249999844,1.5000000000000004,0.38058407484504253,0.45851475080715975,0.0,0.0,-0.006850513347210765,-0.008253265514528875,0.16,0.16,0.33069183602536323,0.7999999999999998,0.4166666666666665,0.0,-0.04999999999999999
P_short_window_none_i2,5.5,plan_generated,1,1,,7,0.07820899999933317,hold_and_refine,3.5,166.89703124999983,166.89703124999983,6.499999999999999,0.3240624999999513,4.77406249999994,1.5000000000000004,0.2213269163291363,-1.3266562347473168,0.0,0.0,-0.003983884493924453,0.0238798122254517,0.16,0.16,0.2802774717246085,0.7499999999999998,0.4166666666666665,-0.050000000000000044,0.0
P_short_window_none_i2,6.0,plan_generated,1,1,,7,0.049113099987152964,hold_and_refine,3.5,166.89703124999983,166.89703124999983,6.499999999999997,0.19821874999992684,4.700281249999915,1.6500000000000004,0.09330979555227872,0.12207015771045884,0.0,0.0,-0.001679576319941017,-0.002197262838788259,0.16,0.16,0.2479187936966971,0.7499999999999998,0.36666666666666653,0.0,-0.04999999999999999
P_short_window_prepare_i0,0.0,plan_generated,1,0,finite_search_no_valid_plan,96,0.1189987999969162,continue_bounded_preparation,,,,,-1.8906249999997424,,,0.0,0.0,0.0,0.0,,,0.0,0.0,0.0,,,,
P_short_window_prepare_i0,0.5,plan_generated,1,0,finite_search_no_valid_plan,96,0.11972359998617321,continue_bounded_preparation,,,,,-0.42745817805354225,,,0.0,0.0,0.0,0.0,,,0.0,0.0,0.0,,,,
P_short_window_prepare_i0,1.0,plan_generated,1,0,finite_search_no_valid_plan,96,0.14673490001587197,continue_bounded_preparation,,,,,-0.35282296647151545,,,0.0,0.0,0.0,0.0,,,0.0,0.0,0.0,,,,
P_short_window_prepare_i0,1.5,plan_generated,1,1,,102,0.30028359999414533,new_joint_plan,3.5,166.91190624999996,166.91190624999996,6.5,0.4486843919944494,4.9505879925134595,1.1500000000000004,2.255568165564339,-500.5222320380068,0.0,0.0,-0.0406002269801581,0.072,0.16,0.16,0.4894392065213518,0.95,0.6666666666666666,-0.050000000000000044,0.0
P_short_window_prepare_i0,2.0,plan_generated,1,1,,7,0.23346000001765788,hold_and_refine,3.5,166.91190624999996,166.91190624999996,6.5,0.473811574681795,4.732150571784627,1.1500000000000004,2.057120920942122,3.4215817518784033,0.0,0.0,-0.03702817657695819,-0.06158847153381126,0.16,0.16,0.5454294993581903,0.95,0.6166666666666666,0.0,-0.050000000000000044
P_short_window_prepare_i0,2.5,plan_generated,1,1,,7,0.2113785000401549,hold_and_refine,3.5,168.10693749999996,168.10693749999996,6.5,0.05607127008470947,5.383467776618017,1.2750000000000004,127.75028488639538,-233.18957509693854,0.0,0.0,-0.072,0.072,0.16,0.16,0.6248316284532142,0.8999999999999999,0.6166666666666666,-0.050000000000000044,0.0
P_short_window_prepare_i0,3.0,plan_generated,1,1,,7,0.20062179997330531,hold_and_refine,3.5,168.10693749999996,168.10693749999996,6.5,0.09336640073547109,5.060606570384221,1.3000000000000003,1.359066371305272,2.116719956553366,0.0,0.0,-0.024463194683494893,-0.038100959217960584,0.16,0.16,0.744144428798055,0.8999999999999999,0.5666666666666665,0.0,-0.050000000000000044
P_short_window_prepare_i0,3.5,plan_generated,1,1,,7,0.1673736999509856,hold_and_refine,3.5,168.77821875,168.77821875,6.5,0.14776582416618034,5.700274119220876,1.4250000000000003,1.2217428567148658,-7.270460119713998,0.0,0.0,-0.021991371420867583,0.072,0.16,0.16,0.6849292833591036,0.8499999999999999,0.5666666666666665,-0.050000000000000044,0.0
P_short_window_prepare_i0,4.0,plan_generated,1,1,,7,0.14268489996902645,hold_and_refine,3.5,168.77821875,168.77821875,6.5,0.838806820420797,5.310147441962056,1.4500000000000002,0.8125374626240492,1.1179356032317758,0.0,0.0,-0.014625674327232885,-0.020122840858171964,0.16,0.16,0.5378722200988195,0.8499999999999999,0.5166666666666665,0.0,-0.050000000000000044
P_short_window_prepare_i0,4.5,plan_generated,1,1,,7,0.11482010001782328,hold_and_refine,3.5,168.77821875,168.77821875,6.5,0.38171875000014044,4.858406250000127,1.3500000000000005,0.6064618791593851,0.7350001542317084,0.0,0.0,-0.01091631382486893,-0.01323000277617075,0.16,0.16,0.4260629639433177,0.8499999999999999,0.4666666666666665,0.0,-0.04999999999999999
P_short_window_prepare_i0,5.0,plan_generated,1,1,,7,0.09506259998306632,hold_and_refine,3.5,168.94512500000027,168.94512500000027,6.5,0.677372258618834,5.155812317241652,1.450146207018912,0.3474032456344208,0.4279485061898126,0.0,0.0,-0.006253258421419574,-0.007703073111416626,0.16,0.16,0.345920503155037,0.7999999999999998,0.4666666666666665,-0.050000000000000044,0.0
P_short_window_prepare_i0,5.5,plan_generated,1,1,,7,0.07159139995928854,hold_and_refine,3.5,168.94512500000027,168.94512500000027,6.499999999999999,0.4340312500004897,4.989031250000477,1.5000000000000004,0.20874157790504702,0.2677870656507065,0.0,0.0,-0.0037573484022908462,-0.004820167181712716,0.16,0.16,0.29109525407134157,0.7999999999999998,0.4166666666666665,0.0,-0.04999999999999999
P_short_window_prepare_i0,6.0,plan_generated,1,1,,7,0.048097999999299645,hold_and_refine,3.5,168.94512500000027,168.94512500000027,6.499999999999997,0.3081875000005496,4.915250000000538,1.6000000000000005,0.09449750000000359,0.12487342437817575,0.0,0.0,-0.0017009550000000645,-0.0022477216388071633,0.16,0.16,0.25512068994644765,0.7999999999999998,0.36666666666666653,0.0,-0.04999999999999999
P_short_window_prepare_i1,0.0,plan_generated,1,0,finite_search_no_valid_plan,96,0.13308190001407638,continue_bounded_preparation,,,,,-2.326718749999803,,,0.0,0.0,0.0,0.0,,,0.0,0.0,0.0,,,,
P_short_window_prepare_i1,0.5,plan_generated,1,0,finite_search_no_valid_plan,96,0.12956329999724403,continue_bounded_preparation,,,,,-0.8189062499997801,,,0.0,0.0,0.0,0.0,,,0.0,0.0,0.0,,,,
P_short_window_prepare_i1,1.0,plan_generated,1,0,finite_search_no_valid_plan,96,0.12144830002216622,continue_bounded_preparation,,,,,-0.6803720318372264,,,0.0,0.0,0.0,0.0,,,0.0,0.0,0.0,,,,
P_short_window_prepare_i1,1.5,plan_generated,1,0,finite_search_no_valid_plan,96,0.1203459000098519,continue_bounded_preparation,,,,,-0.6800919534740579,,,0.0,0.0,0.0,0.0,,,0.0,0.0,0.0,,,,
P_short_window_prepare_i1,2.0,plan_generated,1,0,finite_search_no_valid_plan,96,0.12123010004870594,continue_bounded_preparation,,,,,-0.1887500000003266,,,0.0,0.0,0.0,0.0,,,0.0,0.0,0.0,,,,
P_short_window_prepare_i1,2.5,plan_generated,1,0,finite_search_no_valid_plan,96,0.11837699997704476,continue_bounded_preparation,,,,,-0.21160205075495941,,,0.0,0.0,0.0,0.0,,,0.0,0.0,0.0,,,,
P_short_window_prepare_i1,3.0,plan_generated,1,0,finite_search_no_valid_plan,96,0.11636390001513064,continue_bounded_preparation,,,,,-0.21160205075495941,,,0.0,0.0,0.0,0.0,,,0.0,0.0,0.0,,,,
P_short_window_prepare_i1,3.5,plan_generated,1,0,finite_search_no_valid_plan,96,0.1184103999985382,continue_bounded_preparation,,,,,-0.21160205075495941,,,0.0,0.0,0.0,0.0,,,0.0,0.0,0.0,,,,
P_short_window_prepare_i1,4.0,plan_generated,1,0,finite_search_no_valid_plan,96,0.15214959997683764,continue_bounded_preparation,,,,,-0.21160205075495941,,,0.0,0.0,0.0,0.0,,,0.0,0.0,0.0,,,,
P_short_window_prepare_i1,4.5,plan_generated,1,0,finite_search_no_valid_plan,96,0.11822110001230612,continue_bounded_preparation,,,,,-0.21160205075495941,,,0.0,0.0,0.0,0.0,,,0.0,0.0,0.0,,,,
P_short_window_prepare_i1,5.0,plan_generated,1,0,finite_search_no_valid_plan,96,0.11634860001504421,continue_bounded_preparation,,,,,-0.06300660488542853,,,0.0,0.0,0.0,0.0,,,0.0,0.0,0.0,,,,
P_short_window_prepare_i1,5.5,plan_generated,1,0,finite_search_no_valid_plan,96,0.11321979999775067,continue_bounded_preparation,,,,,-0.07733961392507993,,,0.0,0.0,0.0,0.0,,,0.0,0.0,0.0,,,,
P_short_window_prepare_i1,6.0,plan_generated,1,0,finite_search_no_valid_plan,96,0.11684919998515397,continue_bounded_preparation,,,,,-0.08547079534394797,,,0.0,0.0,0.0,0.0,,,0.0,0.0,0.0,,,,
P_short_window_prepare_i1,6.5,plan_generated,1,0,finite_search_no_valid_plan,96,0.11469919997034594,continue_bounded_preparation,,,,,-0.09055561890931241,,,0.0,0.0,0.0,0.0,,,0.0,0.0,0.0,,,,
P_short_window_prepare_i1,7.0,plan_generated,1,0,finite_search_no_valid_plan,96,0.3627967999782413,continue_bounded_preparation,,,,,-0.06328960227019209,,,0.0,0.0,0.0,0.0,,,0.0,0.0,0.0,,,,
P_short_window_prepare_i1,7.5,plan_generated,1,0,finite_search_no_valid_plan,96,0.10549410001840442,continue_bounded_preparation,,,,,-0.17119261148242604,,,0.0,0.0,0.0,0.0,,,0.0,0.0,0.0,,,,
P_short_window_prepare_i2,0.0,plan_generated,1,0,finite_search_no_valid_plan,96,0.1159897000179626,continue_bounded_preparation,,,,,-2.3906249999997424,,,0.0,0.0,0.0,0.0,,,0.0,0.0,0.0,,,,
P_short_window_prepare_i2,0.5,plan_generated,1,0,finite_search_no_valid_plan,96,0.11903950001578778,continue_bounded_preparation,,,,,-0.48437499999992006,,,0.0,0.0,0.0,0.0,,,0.0,0.0,0.0,,,,
P_short_window_prepare_i2,1.0,plan_generated,1,1,,102,0.30143210000824183,new_joint_plan,3.5,163.74253125000016,163.74253125000016,6.5,0.271798619925284,4.549967002515797,1.1500000000000004,2.8097046743296845,-661.3984328395862,0.0,0.0,-0.05057468413793432,0.072,0.16,0.16,0.40383373870871375,0.95,0.6666666666666666,-0.050000000000000044,0.0
P_short_window_prepare_i2,1.5,plan_generated,1,1,,7,0.28068820002954453,hold_and_refine,3.5,165.61131249999994,165.61131249999994,6.5,0.271798619925284,4.549967002515797,1.2750000000000004,2.5254598062761136,1.6225069493680242,0.0,0.0,-0.04545827651297004,-0.029205125088624433,0.16,0.16,0.4421334523654292,0.8999999999999999,0.6666666666666666,-0.050000000000000044,0.0
P_short_window_prepare_i2,2.0,plan_generated,1,1,,7,0.23842550005065277,hold_and_refine,3.5,165.61131249999994,165.61131249999994,6.5,0.4537158996871389,4.976433241239602,1.3000000000000003,2.0076675000000304,3.520065166522445,0.0,0.0,-0.036138015000000544,-0.063361172997404,0.16,0.16,0.49829481765201494,0.8999999999999999,0.6166666666666666,0.0,-0.050000000000000044
P_short_window_prepare_i2,2.5,plan_generated,1,1,,7,0.24753459997009486,hold_and_refine,3.5,165.61131249999994,165.61131249999994,6.5,0.32294627008472077,4.777468311974769,1.3000000000000003,1.667293614445738,2.7556740884471482,0.0,0.0,-0.03001128506002328,-0.04960213359204867,0.16,0.16,0.5770439172654219,0.8999999999999999,0.5666666666666665,0.0,-0.050000000000000044
P_short_window_prepare_i2,3.0,plan_generated,1,1,,7,0.21571469999616966,hold_and_refine,3.5,166.52571874999998,166.52571874999998,6.5,0.3162726507354776,5.353307370205596,1.4250000000000003,31.499522257433377,-75.78848076666155,0.0,0.0,-0.072,0.072,0.16,0.16,0.6954383026764419,0.8499999999999999,0.5666666666666665,-0.050000000000000044,0.0
P_short_window_prepare_i2,3.5,plan_generated,1,1,,7,0.22575300000607967,hold_and_refine,3.5,166.52571874999998,166.52571874999998,6.5,0.37067207416618686,5.064931887162328,1.4500000000000002,1.0425415041536104,1.6043797160436122,0.0,0.0,-0.018765747074764985,-0.028878834888785017,0.16,0.16,0.7201653921333897,0.8499999999999999,0.5166666666666665,0.0,-0.050000000000000044
P_short_window_prepare_i2,4.0,plan_generated,1,1,,7,0.14472669997485355,hold_and_refine,3.5,166.52571874999998,166.52571874999998,6.5,0.09359375000019465,4.439031250000181,1.3500000000000005,0.8503721268313483,1.0988741693390387,0.0,0.0,-0.015306698282964269,-0.019779735048102695,0.16,0.16,0.5546041695248546,0.8499999999999999,0.4666666666666665,0.0,-0.04999999999999999
P_short_window_prepare_i2,4.5,plan_generated,1,1,,7,0.16821139998501167,hold_and_refine,3.5,166.82324999999972,166.82324999999972,6.5,0.5435554283778856,4.9025888333089656,1.5750000000000002,30.86427795622589,-55.6953269917927,0.0,0.0,-0.072,0.072,0.16,0.16,0.43301094739484436,0.7999999999999998,0.4666666666666665,-0.050000000000000044,0.0
P_short_window_prepare_i2,5.0,plan_generated,1,1,,7,0.0921671999967657,hold_and_refine,3.5,166.82324999999972,166.82324999999972,6.5,0.1571562499998551,4.607156249999844,1.5000000000000004,0.38058407484504253,0.45851475080714643,0.0,0.0,-0.006850513347210765,-0.008253265514528636,0.16,0.16,0.3479990307086589,0.7999999999999998,0.4166666666666665,0.0,-0.04999999999999999
P_short_window_prepare_i2,5.5,plan_generated,1,1,,7,0.07362310000462458,hold_and_refine,3.5,166.89703124999983,166.89703124999983,6.499999999999999,0.3240624999999513,4.77406249999994,1.5000000000000004,0.2213269163291274,-1.3266562347473168,0.0,0.0,-0.003983884493924293,0.0238798122254517,0.16,0.16,0.2910801676692632,0.7499999999999998,0.4166666666666665,-0.050000000000000044,0.0
P_short_window_prepare_i2,6.0,plan_generated,1,1,,7,0.04904710000846535,hold_and_refine,3.5,166.89703124999983,166.89703124999983,6.499999999999997,0.19821874999992684,4.700281249999915,1.6500000000000004,0.0933097955522765,0.12207015771046106,0.0,0.0,-0.001679576319940977,-0.002197262838788299,0.16,0.16,0.25443358821743844,0.7499999999999998,0.36666666666666653,0.0,-0.04999999999999999
S1_ample_none_i1,0.0,plan_generated,1,1,,102,0.4027580000110902,new_joint_plan,2.5,167.25582417344717,167.25582417344717,5.5,0.9773102027512302,7.929651019265134,1.7012172841933215,-2.1802378320288356,3.6954861530253083,0.06535054858656555,-0.06535054858656555,0.0,0.0,0.16,0.16,0.4716269602267917,0.36434194095994943,0.6286580590400506,0.031008607626616114,-0.038008607626616064
S1_ample_none_i1,0.5,plan_generated,1,1,,7,0.25997009995626286,hold_and_refine,2.5,166.30385454949567,166.30385454949567,5.5,0.6085624612311138,7.6216388398873365,1.8252885728138262,2.064299078988379,3.7284752866582163,0.054415132687025254,-0.054415132687025254,0.0,0.0,0.16,0.16,0.4607182478302392,0.38972779759866233,0.5964212282242175,0.0253858566387129,-0.03223683081583306
S1_ample_none_i1,1.0,plan_generated,1,1,,7,0.23588639998342842,hold_and_refine,2.5,165.71962853281414,165.71962853281414,5.5,0.41517721303086397,7.469130806433779,1.9237263092403216,1.8110253464856956,3.319976505005743,0.042364834629920745,-0.042364834629920745,0.0,0.0,0.16,0.16,0.43789493493119436,0.4089615759256294,0.5704674410834634,0.019233778326967044,-0.025953787140754137
S1_ample_none_i1,1.5,plan_generated,1,1,,7,0.23389890004182234,hold_and_refine,2.5,165.38751814588562,165.38751814588562,5.5,0.3422817893455177,7.417704186955274,1.998947779207683,1.5292712154994441,2.664520379905191,0.03176548133663958,-0.03176548133663958,0.0,0.0,0.16,0.16,0.40859589571067934,0.42279950871432104,0.5500209608864759,0.013837932788691665,-0.02044648019698747
S1_ample_none_i1,2.0,plan_generated,1,1,,7,0.23904159996891394,hold_and_refine,2.5,165.21129032463895,165.21129032463895,5.5,0.3241909877350837,7.40806840269799,2.0561406072330968,1.2358719333588033,2.0844494398417828,0.02340925454257575,-0.02340925454257575,0.0,0.0,0.16,0.16,0.37599504926396876,0.43239013844203733,0.5339161659280962,0.009590629727716293,-0.016104794958379687
S1_ample_none_i1,2.5,plan_generated,1,1,,7,0.1711013000458479,hold_and_refine,2.5,165.1243453364165,165.1243453364165,5.5,0.3241909877350837,7.40806840269799,2.1000203999311076,0.9515389404020882,1.5782645369366173,0.01720464038033266,-0.01720464038033266,0.0,0.0,0.16,0.16,0.3429154393131897,0.43883050793999345,0.5210425164105051,0.006440369497956122,-0.012873649517591068
S1_ample_none_i1,3.0,plan_generated,1,1,,7,0.15265800000634044,hold_and_refine,2.5,165.08519875369748,165.08519875369748,5.5,2.108325233996971,8.918655327844359,2.1341959973879345,0.7031995457051156,1.1443860474276097,0.012739576059444565,-0.012739576059444565,0.0,0.0,0.16,0.16,0.3117374978372768,0.44300614343001576,0.5105043882494988,0.004175635490022311,-0.0105381281610063
S1_ample_none_i1,3.5,plan_generated,1,1,,7,0.1318809000076726,hold_and_refine,2.5,165.06978334878414,165.06978334878414,5.5,3.2115974062501156,9.283116963783993,2.1611316491575616,0.4919251510656443,0.781836723585829,0.009568529738762488,-0.009568529738762488,0.0,0.0,0.16,0.16,0.284146636226702,0.4455753775822469,0.5016360882741216,0.002569234152231148,-0.008868299975377192
S1_ample_none_i1,4.0,plan_generated,1,1,,7,0.09296880004694685,hold_and_refine,2.5,165.06495235999938,165.06495235999938,5.5,3.2245905143152855,9.306595002311251,2.1822583952308525,0.3178852545726341,0.48989926244564536,0.007318561944549887,-0.007318561944549887,0.0,0.0,0.16,0.16,0.2610626839291225,0.4470067816666106,0.49396371859565374,0.0014314040843637077,-0.007672369678467905
S1_ample_none_i1,4.5,plan_generated,1,1,,7,0.07162989996140823,hold_and_refine,2.5,165.06402381953464,165.06402381953464,5.499999999999999,3.231882332797422,9.319964699470898,2.197987105389779,0.1811917641754879,0.26776745871460067,0.00570812176981822,-0.00570812176981822,0.0,0.0,0.16,0.16,0.24271686072741344,0.4476258086431867,0.4871579479619794,0.0006190269765760648,-0.006805770633674324
S1_ample_none_i1,5.0,plan_generated,1,1,,7,0.046907000010833144,hold_and_refine,2.5,165.06401276838872,165.06401276838872,5.499999999999997,3.2353015717785194,9.32627085498974,2.2074224222731487,0.08191774136856235,0.11405310100144224,0.00453519753117859,-0.00453519753117859,0.0,0.0,0.16,0.16,0.22881950646163576,0.44765527836556007,0.48099308561269427,2.946972237338752e-05,-0.0061648623492851495
S1_ample_none_i2,0.0,plan_generated,1,1,,102,0.13194039999507368,new_joint_plan,1.5,162.68368125000006,162.68368125000006,4.5,0.9685462500000259,8.598016250000011,2.242,0.504101883112631,2.546037850075809,0.0,-0.0,0.0,0.0,0.16,0.16,0.5783916064388326,0.33166666666666667,0.33066666666666666,-0.0016666666666666496,-0.0026666666666666505
S1_ample_none_i2,0.5,plan_generated,1,1,,7,0.08330239995848387,hold_and_refine,1.5,162.72679485252084,162.72679485252084,4.5,0.96484732042539,8.596949950315103,2.2344782003150714,0.4799979206948436,2.394842458017599,-0.0002761335433807678,0.0002761335433807678,0.0,0.0,0.16,0.16,0.5493511334275665,0.3298702665616429,0.3281594001050237,-0.0017964001050237433,-0.0025072665616429624
S1_ample_none_i2,1.0,plan_generated,1,1,,7,0.07339229999342933,hold_and_refine,1.5,162.7611622914353,162.7611622914353,4.5,0.9633848359799941,8.596749717973747,2.227265331149147,0.41559195376115643,1.8734954374710993,-0.0004419709577308713,0.0004419709577308713,0.0,0.0,0.16,0.16,0.5139369662579695,0.3279999297499693,0.32575511038304894,-0.0018703368116736452,-0.0024042897219747617
S1_ample_none_i2,1.5,plan_generated,1,1,,7,0.07841469999402761,hold_and_refine,1.5,162.7869329378608,162.7869329378608,4.5,0.9633848359799941,8.596749717973747,2.2202540198705094,0.356028537695996,1.4160662936033666,-0.000537874247037133,0.000537874247037133,0.0,0.0,0.16,0.16,0.4766867662108262,0.3260909929777009,0.3234180066235031,-0.001908936772268388,-0.002337103759545822
S1_ample_none_i2,2.0,plan_generated,1,1,,7,0.06283990002702922,hold_and_refine,1.5,162.80498200286266,162.80498200286266,4.5,3.4289851552068464,10.892555583723261,2.2133763236174238,0.30026662387735,1.0232206711855876,-0.0005895572705855733,0.0005895572705855733,0.0,0.0,0.16,0.16,0.4387978659581236,0.3241657593775196,0.3211254412058079,-0.0019252336001812642,-0.002292565417695236
S1_ample_none_i2,2.5,plan_generated,1,1,,7,0.0505043999874033,hold_and_refine,1.5,162.8165483080028,162.8165483080028,4.5,4.0843498298937035,12.448935267125915,2.20658997920797,0.2431328895023866,0.6953159319061043,-0.0006137774529903706,0.0006137774529903706,0.0,0.0,0.16,0.16,0.40163231038730696,0.32223804185413685,0.3188633264026566,-0.001927717523382777,-0.002262114803151305
S1_ample_none_i2,3.0,plan_generated,1,1,,7,0.0406444999971427,hold_and_refine,1.5,162.8230350906756,162.8230350906756,4.5,4.08019828898318,12.44443055693652,2.199869717789005,0.18521275686207986,0.4323156700043097,-0.0006216389431328422,0.0006216389431328422,0.0,0.0,0.16,0.16,0.3664707644097025,0.32031603217329974,0.31662323926300173,-0.0019220096808371112,-0.002240087139654845
S1_ample_none_i2,3.5,plan_generated,1,1,,7,0.031017999979667366,hold_and_refine,1.5,162.82590291426118,162.82590291426118,4.499999999999999,4.0789364466054945,12.44281740616962,2.193201666735341,0.12808892473320735,0.23359536653834617,-0.0006206044590986792,0.0006206044590986792,0.0,0.0,0.16,0.16,0.3343488431896625,0.3184041497828839,0.31440055557844704,-0.0019118823904158422,-0.002222683684554694
S1_ample_none_i2,4.0,plan_generated,1,1,,7,0.016454099968541414,hold_and_refine,1.5,162.82661537115033,162.82661537115033,4.499999999999997,4.082086144109889,12.44263929194734,2.18657964626789,0.07110856701031844,0.09753558988027103,-0.0006157285776212066,0.0006157285776212066,0.0,0.0,0.16,0.16,0.3059714145896968,0.31650426474515886,0.31219321542263007,-0.0018998850377250354,-0.0022073401558169725
S1_ample_prepare_i1,0.0,plan_generated,1,1,,102,0.12286679999670014,new_joint_plan,2.5,167.25582417344717,167.25582417344717,5.5,0.9773102027512302,7.929651019265134,1.7012172841933215,-2.1802378320288356,3.6954861530253083,0.06535054858656555,-0.06535054858656555,0.0,0.0,0.16,0.16,0.4716269602267917,0.36434194095994943,0.6286580590400506,0.031008607626616114,-0.038008607626616064
S1_ample_prepare_i1,0.5,plan_generated,1,1,,7,0.09940579999238253,hold_and_refine,2.5,166.30385454949567,166.30385454949567,5.5,0.6085624612311138,7.6216388398873365,1.8252885728138262,2.064299078988379,3.7284752866582163,0.054415132687025254,-0.054415132687025254,0.0,0.0,0.16,0.16,0.4607182478302392,0.38972779759866233,0.5964212282242175,0.0253858566387129,-0.03223683081583306
S1_ample_prepare_i1,1.0,plan_generated,1,1,,7,0.1228036999818869,hold_and_refine,2.5,165.71962853281414,165.71962853281414,5.5,0.41517721303086397,7.469130806433779,1.9237263092403216,1.8110253464856956,3.319976505005743,0.042364834629920745,-0.042364834629920745,0.0,0.0,0.16,0.16,0.43789493493119436,0.4089615759256294,0.5704674410834634,0.019233778326967044,-0.025953787140754137
S1_ample_prepare_i1,1.5,plan_generated,1,1,,7,0.1171502000070177,hold_and_refine,2.5,165.38734218936256,165.38734218936256,5.5,0.34225209668225975,7.4176821923899015,1.9989747491257868,1.5292712154994397,2.6645203799051997,0.031780144380235895,-0.031780144380235895,0.0,0.0,0.16,0.16,0.40878450482913053,0.4228068402361192,0.5500136293646777,0.013845264310489824,-0.020453811718785686
S1_ample_prepare_i1,2.0,plan_generated,1,1,,7,0.09946910000871867,hold_and_refine,2.5,165.20935626804226,165.20935626804226,5.5,0.32403932424960047,7.407974657193916,2.0166594958202113,1.2358733168169602,2.084445706681273,0.023600685688908992,-0.023600685688908992,0.0,0.0,0.16,0.16,0.3791111238331155,0.4324931488793931,0.5338131774853058,0.009686308643273911,-0.016200451879371913
S1_ample_prepare_i1,2.5,plan_generated,1,1,,7,0.07292920001782477,hold_and_refine,2.5,165.11996768142288,165.11996768142288,5.5,0.32403932424960047,7.407974657193916,1.8922794003775065,0.9515518888141197,1.5782236593633665,0.017567685062038436,-0.017567685062038436,0.0,0.0,0.16,0.16,0.3508391186743036,0.4391145256660154,0.5207588295344041,0.0066213767866222795,-0.013054347950901657
S1_ample_prepare_i1,3.0,plan_generated,1,1,,7,0.05306619999464601,hold_and_refine,2.5,165.0791542704158,165.0791542704158,5.5,2.107646249232932,8.918183196671688,1.657449578173717,0.7032301344142634,1.1442980580253033,0.013098006271495167,-0.013098006271495167,0.0,0.0,0.16,0.16,0.3226873066576399,0.4434679561734329,0.5100437557623813,0.004353430507417488,-0.010715073772022854
S1_ample_prepare_i1,3.5,plan_generated,1,1,,7,0.04349129996262491,hold_and_refine,2.5,165.06314639852152,165.06314639852152,5.5,3.2136894615110334,9.286705315006667,2.1629799786048043,0.4919665756687609,0.7817274263440275,0.009770636859826974,-0.009770636859826974,0.0,0.0,0.16,0.16,0.29410855310292994,0.4461359348224792,0.5010780872863687,0.002667978649046332,-0.008965668476012545
S1_ample_prepare_i1,4.0,plan_generated,1,1,,7,0.03730070003075525,hold_and_refine,2.5,165.05820986935254,165.05820986935254,5.5,3.226738578834074,9.31027821447979,2.1841859367795227,0.3179254465267834,0.48980197937093833,0.00738670996689206,-0.00738670996689206,0.0,0.0,0.16,0.16,0.26880301850725685,0.44759861013181285,0.49337610760463174,0.0014626753093336387,-0.00770197968173697
S1_ample_prepare_i1,4.5,plan_generated,1,1,,7,0.02668220002669841,hold_and_refine,2.5,165.0572953574545,165.0572953574545,5.499999999999999,3.2340218610407803,9.323628296908833,2.1998863586569697,0.18122354536408428,0.2676982245347093,0.005695335298693205,-0.005695335298693205,0.0,0.0,0.16,0.16,0.2483679084175173,0.4482082847305004,0.48658143109444807,0.0006096745986875485,-0.006794676510183673
S1_ample_prepare_i1,5.0,plan_generated,1,1,,7,0.02022979996399954,hold_and_refine,2.5,165.0572960665785,165.0572960665785,5.499999999999997,3.2374242614672317,9.329901431555253,2.209268653693022,0.08193853576488054,0.11401428313902003,0.004478300852641522,-0.004478300852641522,0.0,0.0,0.16,0.16,0.23273861342707802,0.4482063937331687,0.48044962921937173,-1.8909973317216e-06,-0.006131801875076337
S1_ample_prepare_i2,0.0,plan_generated,1,1,,102,0.13114519999362528,new_joint_plan,1.5,162.68368125000006,162.68368125000006,4.5,0.9685462500000259,8.598016250000011,2.242,0.504101883112631,2.546037850075809,0.0,-0.0,0.0,0.0,0.16,0.16,0.5783916064388326,0.33166666666666667,0.33066666666666666,-0.0016666666666666496,-0.0026666666666666505
S1_ample_prepare_i2,0.5,plan_generated,1,1,,7,0.09263389999978244,hold_and_refine,1.5,162.72679485252084,162.72679485252084,4.5,0.96484732042539,8.596949950315103,2.2344782003150714,0.4799979206948436,2.394842458017599,-0.0002761335433807678,0.0002761335433807678,0.0,0.0,0.16,0.16,0.5493511334275665,0.3298702665616429,0.3281594001050237,-0.0017964001050237433,-0.0025072665616429624
S1_ample_prepare_i2,1.0,plan_generated,1,1,,7,0.07896010001422837,hold_and_refine,1.5,162.7611622914353,162.7611622914353,4.5,0.9633848359799941,8.596749717973747,2.227265331149147,0.41559195376115643,1.8734954374710993,-0.0004419709577308713,0.0004419709577308713,0.0,0.0,0.16,0.16,0.5139369662579695,0.3279999297499693,0.32575511038304894,-0.0018703368116736452,-0.0024042897219747617
S1_ample_prepare_i2,1.5,plan_generated,1,1,,7,0.06500870001036674,hold_and_refine,1.5,162.78693484330714,162.78693484330714,4.5,0.9633848359799941,8.596749717973747,2.220254443303048,0.3559243666070023,1.4160662936033677,-0.0005381565353964612,0.0005381565353964612,0.0,0.0,0.16,0.16,0.4769369420202991,0.3260908518335212,0.3234181477676828,-0.0019090779164480653,-0.002336962615366145
S1_ample_prepare_i2,2.0,plan_generated,1,1,,7,0.0596815999597311,hold_and_refine,1.5,162.8050102347323,162.8050102347323,4.5,3.0711712820790087,10.89255568958141,2.0166594958202113,0.2956463493691253,1.0232207235452686,-0.0005951749856802084,0.0005951749856802084,0.0,0.0,0.16,0.16,0.4430258256353442,0.3241628100815135,0.32112839007838145,-0.0019280417520077253,-0.0022897576893013416
S1_ample_prepare_i2,2.5,plan_generated,1,1,,7,0.04720269999234006,hold_and_refine,1.5,162.81662402730583,162.81662402730583,4.5,2.6913966077264355,10.979768416147987,1.8922794003775065,0.23582753660281625,0.6953166842671589,-0.0006296360903866935,0.0006296360903866935,0.0,0.0,0.16,0.16,0.41281041282003483,0.32222717798591255,0.31887418100294773,-0.0019356320956009365,-0.002254209075433722
S1_ample_prepare_i2,3.0,plan_generated,1,1,,7,0.03565899998648092,hold_and_refine,1.5,162.82315025955918,162.82315025955918,4.5,2.744860100519219,11.041402349743986,1.657449578173717,0.18112729160875587,0.43231752514419697,-0.0006451251109911111,0.0006451251109911111,0.0,0.0,0.16,0.16,0.38277975521512453,0.3202934795404874,0.31664575011041973,-0.001933698445425125,-0.0022284308925279994
S1_ample_prepare_i2,3.5,plan_generated,1,1,,7,0.029196899966336787,hold_and_refine,1.5,162.8260340909894,162.8260340909894,4.499999999999999,2.889411764073598,11.218012973547541,2.1933010129959154,0.12662386361667946,0.2335977629768327,-0.0006421737782042811,0.0006421737782042811,0.0,0.0,0.16,0.16,0.35024311054739626,0.3183709252536828,0.3144336709986385,-0.0019225542868046008,-0.002212079111781229
S1_ample_prepare_i2,4.0,plan_generated,1,1,,7,0.02062989998375997,hold_and_refine,1.5,162.82674955005868,162.82674955005868,4.499999999999997,2.8893044452132095,11.217662398603562,2.186702713567299,0.0702236578737442,0.09753750111823725,-0.0006320724502337698,0.0006320724502337698,0.0,0.0,0.16,0.16,0.31938507644882264,0.3164630344022975,0.31223423785576626,-0.0019078908513853188,-0.0021994331428722425
S1_collaborative_none_i1,0.0,plan_generated,1,1,,102,0.15306559996679425,new_joint_plan,2.5,165.76428924637216,165.76428924637216,5.5,0.2975542498907435,4.470870234086715,0.5592235904354901,2.2177137500000215,3.3838371684029735,0.10369562480164989,-0.10369562480164989,0.0,0.0,0.16,0.16,0.7483587111627374,0.3835144790674916,0.9401521875991751,0.05018114573415827,-0.05984781240082493
S1_collaborative_none_i1,0.5,plan_generated,1,1,,7,0.13840539997909218,hold_and_refine;state_update_rejected,2.5,165.76428924637216,165.76428924637216,5.5,0.2975542498907435,4.470870234086715,0.5592235904354901,2.191636699550759,3.4212517413952317,0.11958292497387871,-0.11958292497387871,0.0,0.0,0.16,0.16,0.7593826311588745,0.3835144790674916,0.9401521875991751,0.0,0.0
S1_collaborative_none_i1,1.0,plan_generated,1,1,,7,0.0998498999979347,hold_and_refine;state_update_rejected,2.5,165.76428924637216,165.76428924637216,5.5,0.2975542498907435,4.470870234086715,0.5592235904354901,1.870614557317794,3.4212517413952406,0.12477992957751112,-0.12477992957751112,0.0,0.0,0.16,0.16,0.7923849601361364,0.3835144790674916,0.9401521875991751,0.0,0.0
S1_collaborative_none_i1,1.5,plan_generated,1,1,,7,0.07608299999265,hold_and_refine,2.5,164.48490921626052,164.48490921626052,5.5,0.0623832115470373,4.985888740025357,0.7863173405350263,1.5489877939798906,2.8807929038974107,0.11104328708507943,-0.11104328708507943,0.0,0.0,0.16,0.16,0.7051537126861331,0.43711855021469387,0.877109326555842,0.05360407114720228,-0.06304286104333312
S1_collaborative_none_i1,2.0,plan_generated,1,1,,7,0.06880670000100508,hold_and_refine;state_update_rejected,2.5,164.48490921626052,164.48490921626052,5.5,0.0623832115470373,4.985888740025357,0.7863173405350263,1.238751435665755,2.255261228589196,0.09466702398416972,-0.09466702398416972,0.0,0.0,0.16,0.16,0.6023412909714485,0.43711855021469387,0.877109326555842,0.0,0.0
S1_collaborative_none_i1,2.5,plan_generated,1,1,,7,0.05862959998194128,hold_and_refine,2.5,163.98391425472107,163.98391425472107,5.5,0.0623832115470373,5.255870587393429,0.9431528274717595,0.952133301761924,1.7256971541438333,0.07859266128577591,-0.07859266128577591,0.0,0.0,0.16,0.16,0.5000643631479553,0.47422928810650833,0.8307961213005073,0.03711073789181446,-0.046313205255334666
S1_collaborative_none_i1,3.0,plan_generated,1,1,,7,0.05415720003657043,hold_and_refine,2.5,163.72934269204725,163.72934269204725,5.5,0.9480955772406015,5.427187596472192,1.0611458161569969,0.7070119943290762,1.256180857493877,0.05905089291814106,-0.05905089291814106,0.0,0.0,0.16,0.16,0.4099926340850145,0.5013835881250464,0.7946243058710327,0.027154300018538025,-0.03617181542947456
S1_collaborative_none_i1,3.5,plan_generated,1,1,,7,0.041442799963988364,hold_and_refine,2.5,163.61505502014464,163.61505502014464,5.5,0.9945155991774213,5.529859842314051,1.1478366132476143,0.4971616078548278,0.8638116488621331,0.04310972651549136,-0.04310972651549136,0.0,0.0,0.16,0.16,0.338336720745215,0.5204315334421667,0.7667124481663188,0.019047945317120396,-0.027911857704713938
S1_collaborative_none_i1,4.0,plan_generated,1,1,,7,0.034510199970100075,hold_and_refine,2.5,163.56987819694262,163.56987819694262,5.5,1.020801589289074,5.589161852890283,1.2116668812874098,0.3232524409477787,0.5468972909020526,0.03197576612077435,-0.03197576612077435,0.0,0.0,0.16,0.16,0.2859894152304041,0.5338172588353431,0.744590865520601,0.013385725393176395,-0.02212158264571773
S1_collaborative_none_i1,4.5,plan_generated,1,1,,7,0.026071099971886724,hold_and_refine,2.5,163.55539804776575,163.55539804776575,5.499999999999999,1.0347961522994291,5.621317611008817,1.257645769522127,0.18585348679946984,0.30386815802874584,0.024645038157576935,-0.024645038157576935,0.0,0.0,0.16,0.16,0.2505287489071416,0.5434706916199549,0.7263116195176478,0.009653432784611726,-0.018279246002953276
S1_collaborative_none_i1,5.0,plan_generated,1,1,,7,0.01754530001198873,hold_and_refine,2.5,163.5526987963155,163.5526987963155,5.499999999999997,1.0412013287732025,5.636136256647302,1.2833072969853103,0.08533940369083612,0.13317140456909005,0.019830714650230022,-0.019830714650230022,0.0,0.0,0.16,0.16,0.2281108246555964,0.5506686954869701,0.7105857692363916,0.00719800386701519,-0.01572585028125617
S1_collaborative_prepare_i1,0.0,plan_generated,1,1,,102,0.1089217999833636,new_joint_plan,2.5,165.76428924637216,165.76428924637216,5.5,0.2975542498907435,4.470870234086715,0.5592235904354901,2.2177137500000215,3.3838371684029735,0.10369562480164989,-0.10369562480164989,0.0,0.0,0.16,0.16,0.7483587111627374,0.3835144790674916,0.9401521875991751,0.05018114573415827,-0.05984781240082493
S1_collaborative_prepare_i1,0.5,plan_generated,1,1,,7,0.09114299999782816,hold_and_refine;state_update_rejected,2.5,165.76428924637216,165.76428924637216,5.5,0.2975542498907435,4.470870234086715,0.5592235904354901,2.191636699550759,3.4212517413952317,0.11958292497387871,-0.11958292497387871,0.0,0.0,0.16,0.16,0.7593826311588745,0.3835144790674916,0.9401521875991751,0.0,0.0
S1_collaborative_prepare_i1,1.0,plan_generated,1,1,,7,0.08115099999122322,hold_and_refine;state_update_rejected,2.5,165.76428924637216,165.76428924637216,5.5,0.2975542498907435,4.470870234086715,0.5592235904354901,1.870614557317794,3.4212517413952406,0.12477992957751112,-0.12477992957751112,0.0,0.0,0.16,0.16,0.7923849601361364,0.3835144790674916,0.9401521875991751,0.0,0.0
S1_collaborative_prepare_i1,1.5,plan_generated,1,1,,7,0.07492400001501665,hold_and_refine,2.5,164.48410890881738,164.48410890881738,5.5,0.06225651650558195,4.986167226540926,0.7864403120228114,1.5489877939798906,2.880792903897402,0.1111116784704943,-0.1111116784704943,0.0,0.0,0.16,0.16,0.7055880157458407,0.4371527459074013,0.8770751308631345,0.05363826683990969,-0.06307705673604058
S1_collaborative_prepare_i1,2.0,plan_generated,1,1,,7,0.06866289995377883,hold_and_refine;state_update_rejected,2.5,164.48410890881738,164.48410890881738,5.5,0.06225651650558195,4.986167226540926,0.7864403120228114,1.2387563495868739,2.2552489046659097,0.09575117943452748,-0.09575117943452748,0.0,0.0,0.16,0.16,0.6092644755031867,0.4371527459074013,0.8770751308631345,0.0,0.0
S1_collaborative_prepare_i1,2.5,plan_generated,1,1,,7,0.06588289997307584,hold_and_refine,2.5,163.9657658660651,163.9657658660651,5.5,0.06225651650558195,5.263532937398478,0.9476179469080686,0.9521376001605211,1.725686692202862,0.08116308934829825,-0.08116308934829825,0.0,0.0,0.16,0.16,0.5164405008276882,0.4755485268520134,0.8294769851420802,0.0383957809446121,-0.04759814572105425
S1_collaborative_prepare_i1,3.0,plan_generated,1,1,,7,0.05970400001388043,hold_and_refine,2.5,163.69872846799075,163.69872846799075,5.5,0.9546352424074271,5.441179656423896,1.0699474635744513,0.7071540763419782,1.25587361962879,0.06172346352440502,-0.06172346352440502,0.0,0.0,0.16,0.16,0.4302886661066554,0.5040325159799558,0.7919794374987411,0.028483989127942422,-0.037497547643339124
S1_collaborative_prepare_i1,3.5,plan_generated,1,1,,7,0.05187239998485893,hold_and_refine,2.5,163.5800881687176,163.5800881687176,5.5,1.002301846026457,5.546536585817887,1.158877575194437,0.49739921668336945,0.8633125731616512,0.04458709158417958,-0.04458709158417958,0.0,0.0,0.16,0.16,0.3544575173404413,0.5238058991921458,0.7633500562066614,0.01977338321219002,-0.028629381292079703
S1_collaborative_prepare_i1,4.0,plan_generated,1,1,,7,0.03793920000316575,hold_and_refine,2.5,163.5341688455942,163.5341688455942,5.5,1.0288743192063867,5.606430995439223,1.2233166515492018,0.32349438297209143,0.5464065193018581,0.0324495097316984,-0.0324495097316984,0.0,0.0,0.16,0.16,0.2967208536876479,0.5374116245620343,0.741018500891159,0.013605725369888466,-0.02233155531550246
S1_collaborative_prepare_i1,4.5,plan_generated,1,1,,7,0.04178969998611137,hold_and_refine,2.5,163.519781298889,163.519781298889,5.499999999999999,1.0428353313604593,5.638475056054301,1.26910583544232,0.18604650423898356,0.30349643370474605,0.024557511852597625,-0.024557511852597625,0.0,0.0,0.16,0.16,0.2571296768596246,0.547003322365523,0.7228115969577309,0.009591697803488675,-0.018206903933428054
S1_collaborative_prepare_i1,5.0,plan_generated,1,1,,7,0.030826000031083822,hold_and_refine,2.5,163.51715676336147,163.51715676336147,5.499999999999997,1.0491655850394181,5.65310221465752,1.2940659010696955,0.08546551860844961,0.13295027867216802,0.01946755603698174,-0.01946755603698174,0.0,0.0,0.16,0.16,0.23190593993909733,0.5540020837721862,0.7072953261635782,0.006998761406663223,-0.015516270794152742
S1_collaborative_prepare_i2,0.0,plan_generated,1,1,,102,0.12309009995078668,new_joint_plan;state_update_rejected,2.0,161.0562499999998,161.0562499999998,5.0,0.0062500000002625455,7.8781249999999945,2.0,-8.334292964654223,3.221349391820648,-0.08225678236809253,0.08225678236809253,0.0,0.0,0.16,0.16,0.5936371930361336,0.6666666666666666,0.3333333333333333,0.0,0.0
S1_collaborative_prepare_i2,0.5,plan_generated,1,1,,7,0.08974160003708676,hold_and_refine;state_update_rejected,2.0,161.0562499999998,161.0562499999998,5.0,0.0062500000002625455,7.8781249999999945,2.0,-8.334292964654232,3.0538199377266992,-0.08559159765520559,0.08559159765520559,0.0,0.0,0.16,0.16,0.6177041493325387,0.6666666666666666,0.3333333333333333,0.0,0.0
S1_collaborative_prepare_i2,1.0,plan_generated,1,1,,7,0.07649760000640526,hold_and_refine;state_update_rejected,2.0,161.0562499999998,161.0562499999998,5.0,0.0062500000002625455,7.8781249999999945,2.0,-3.030960419827828,2.459482386631831,-0.09219052759977192,0.09219052759977192,0.0,0.0,0.16,0.16,0.6653278240807743,0.6666666666666666,0.3333333333333333,0.0,0.0
S1_collaborative_prepare_i2,1.5,plan_generated,1,1,,103,0.12904959998559207,invalid_plan_replaced,2.5,168.2223001479023,168.2223001479023,5.5,0.21644862154920474,8.31010357898263,2.125,1.5969570556381227,2.4752858357093515,-0.10153876177127871,0.10153876177127871,0.0,0.0,0.16,0.16,0.7327928930228631,0.6125639524476939,0.381436047552306,-0.054102714218972725,0.048102714218972664
S1_collaborative_prepare_i2,2.0,plan_generated,1,1,,103,0.12318080000113696,invalid_plan_replaced,2.5,162.76511447441862,162.76511447441862,5.5,0.029703930347129592,7.761234237885657,1.1778665858952957,1.0736678907615884,1.813421068395938,-0.10857772393019728,0.10857772393019728,0.0,0.0,0.16,0.16,0.7835922267387032,0.9407111380349014,0.715622195298432,-0.05928886196509864,0.04895552863176533
S1_collaborative_prepare_i2,2.5,plan_generated,1,1,,103,0.1163003999972716,invalid_plan_replaced,3.0,166.59827179470906,166.59827179470906,6.0,0.9020985297025872,6.520356345581672,1.1574969315615191,1.3102050400067788,2.1393258502984906,-0.09499795437434601,0.09499795437434601,0.0,0.0,0.16,0.16,0.6855886816311556,0.947501022812827,0.7088323105205063,-0.052498977187173,0.042165643853839696
S1_collaborative_prepare_i2,3.0,plan_generated,1,1,,7,0.06854509998811409,hold_and_refine,3.0,167.08941054438233,167.08941054438233,6.0,0.9045748171282382,6.362332403820244,1.2666388759333636,1.0162883785675927,1.6682531688029274,-0.06328628601976828,0.06328628601976828,0.0,0.0,0.16,0.16,0.5804016838474129,0.9111203746888787,0.7348047950462264,-0.036380648123948256,0.025972484525720096
S1_collaborative_prepare_i2,3.5,plan_generated,1,1,,7,0.06039910000981763,hold_and_refine,3.0,167.3201031015961,167.3201031015961,6.0,1.3911384362306363,6.293370192549145,1.2785416712738984,0.7540651643540157,1.2266340237461681,-0.04010320845871717,0.04010320845871717,0.0,0.0,0.16,0.16,0.4764951407791971,0.8865131685860758,0.7489779609152152,-0.02460720610280298,0.014173165868988757
S1_collaborative_prepare_i2,4.0,plan_generated,1,1,,7,0.04364980000536889,hold_and_refine,3.0,167.4247189036909,167.4247189036909,6.0,1.3789057852845579,6.267113580256489,1.2567945722565095,0.5317077312221437,0.8502275468607082,-0.02600680234573595,0.02600680234573595,0.0,0.0,0.16,0.16,0.38815179009599055,0.8690772015702775,0.7559895384007614,-0.017435967015798304,0.007011577485546261
S1_collaborative_prepare_i2,4.5,plan_generated,1,1,,7,0.0374292999622412,hold_and_refine,3.0,167.4695117896143,167.4695117896143,6.0,1.3753688689215684,6.259309469312439,1.248512346228654,0.3482503353525953,0.5420441518687231,-0.01785316038334691,0.01785316038334691,0.0,0.0,0.16,0.16,0.3207782561694916,0.8558052353707526,0.7588682022852288,-0.013271966199524865,0.0028786638844673362
S1_collaborative_prepare_i2,5.0,plan_generated,1,1,,7,0.026027599989902228,hold_and_refine,3.0,167.48575965434233,167.48575965434233,5.999999999999999,1.3749921518858441,6.258456558044583,1.2473041181859759,0.20314424113941223,0.30337190931084085,-0.013105767283697963,0.013105767283697963,0.0,0.0,0.16,0.16,0.2731723136626557,0.8449733255520498,0.7593501403087959,-0.010831909818702745,0.0004819380235671078
S1_collaborative_prepare_i2,5.5,plan_generated,1,1,,7,0.01968299999134615,hold_and_refine,3.0,167.489272264548,167.489272264548,5.999999999999997,1.3753752262142722,6.259337152581861,1.2489489913939158,0.09610304772220682,0.1342806996556022,-0.010284187841150627,0.010284187841150627,0.0,0.0,0.16,0.16,0.24185710693014684,0.8356063650037143,0.7584174331069008,-0.009366960548335523,-0.0009327072018950888
S1_short_window_none_i0,0.0,plan_generated,1,0,finite_search_no_valid_plan,96,0.049659900018014014,continue_bounded_preparation,,,,,-1.8906249999997424,,,0.0,0.0,0.0,0.0,,,0.0,0.0,0.0,,,,
S1_short_window_none_i0,0.5,plan_generated,1,0,finite_search_no_valid_plan,96,0.04436559998430312,continue_bounded_preparation,,,,,-0.42745817805354225,,,0.0,0.0,0.0,0.0,,,0.0,0.0,0.0,,,,
S1_short_window_none_i0,1.0,plan_generated,1,0,finite_search_no_valid_plan,96,0.04787040001247078,continue_bounded_preparation,,,,,-0.35282296647151545,,,0.0,0.0,0.0,0.0,,,0.0,0.0,0.0,,,,
S1_short_window_none_i0,1.5,plan_generated,1,1,,102,0.11057889997027814,new_joint_plan,3.5,166.54691007161358,166.54691007161358,6.5,0.32819953591049345,4.67314149809165,1.116779749946911,2.2555681655643034,-500.5222320380068,-0.06785316663127385,0.06785316663127385,0.0,0.0,0.16,0.16,0.48968805024918105,0.9610734166843631,0.6952599166489702,-0.03892658331563692,0.028593249982303615
S1_short_window_none_i0,2.0,plan_generated,1,1,,7,0.09430709999287501,hold_and_refine,3.5,167.6879285797445,167.6879285797445,6.5,0.23209571718269295,4.44358921296539,1.2294729359351573,2.02048823276475,3.5196692597118298,-0.06551805649198761,0.06551805649198761,0.0,0.0,0.16,0.16,0.5523552691709104,0.9235090213549475,0.7224568655617722,-0.03756439532941558,0.027196948912802
S1_short_window_none_i0,2.5,plan_generated,1,1,,7,0.08036429999629036,hold_and_refine,3.5,168.54001550480905,168.54001550480905,6.5,0.15790956691645786,4.260689552432507,1.2902428503919943,1.6415189087529998,2.861699668034878,-0.061772153541840354,0.061772153541840354,0.0,0.0,0.16,0.16,0.6538604578797307,0.8880053994772525,0.7475632874081982,-0.03550362187769496,0.025106421846425975
S1_short_window_none_i0,3.0,plan_generated,1,1,,7,0.07123460003640503,hold_and_refine,3.5,169.11317912901706,169.11317912901706,6.5,0.1069958512590814,4.131688345618426,1.218597539717686,1.3035438759049256,2.2638528914359823,-0.05350510238161593,0.05350510238161593,0.0,0.0,0.16,0.16,0.7830889707102855,0.8568128212890583,0.7683353322997406,-0.03119257818819421,0.020772044891542385
S1_short_window_none_i0,3.5,plan_generated,1,1,,7,0.06475019996287301,hold_and_refine,3.5,169.35035440144205,169.35035440144205,6.5,0.09267288019636144,4.094563064611191,1.1946002067351804,1.0048888716360773,1.7338652192261768,-0.02656894918337955,0.02656894918337955,0.0,0.0,0.16,0.16,0.605171698784982,0.8392442825909233,0.7754731242330325,-0.017568538698135017,0.007137791933291893
S1_short_window_none_i0,4.0,plan_generated,1,1,,7,0.06273639999562874,hold_and_refine,3.5,169.45922418937005,169.45922418937005,6.5,0.09072631864687075,4.08941695369067,1.1906484620779536,0.7463241092349897,1.2710719987648467,-0.014833111932087036,0.014833111932087036,0.0,0.0,0.16,0.16,0.46585122923266253,0.8276315052119252,0.7766858952052118,-0.01161277737899813,0.0012127709721793112
S1_short_window_none_i0,4.5,plan_generated,1,1,,7,0.044795699999667704,hold_and_refine,3.5,169.51194863796084,169.51194863796084,6.5,0.09265849876923138,4.094622542632476,1.1955431270813182,0.5264260460174737,0.8792622082566252,-0.009298501144797086,0.009298501144797086,0.0,0.0,0.16,0.16,0.36466330933679203,0.8188440971134671,0.7751216586159686,-0.008787408098458127,-0.0015642365892432064
S1_short_window_none_i0,5.0,plan_generated,1,1,,7,0.03673829999752343,hold_and_refine,3.5,169.53672000892055,169.53672000892055,6.5,0.09530787428993825,4.10188424882993,1.204245711437904,0.34464862176303035,0.5597131428172504,-0.006490889967937126,0.006490889967937126,0.0,0.0,0.16,0.16,0.2962760411227432,0.8115044316439312,0.7721661303310094,-0.007339665469535905,-0.0029555282849591524
S1_short_window_none_i0,5.5,plan_generated,1,1,,7,0.02749549999134615,hold_and_refine,3.5,169.54655095457667,169.54655095457667,6.499999999999999,0.09748544724749042,4.10791867742081,1.2138860878972833,0.2007652879792719,0.31273886986678406,-0.004992883225050099,0.004992883225050099,0.0,0.0,0.16,0.16,0.2531465585700614,0.8049504678731865,0.7684852429008864,-0.006553963770744686,-0.00368088743012307
S1_short_window_none_i0,6.0,plan_generated,1,1,,7,0.019102699996437877,hold_and_refine,3.5,169.54884109857036,169.54884109857036,6.499999999999997,0.09881385336995407,4.111565321937843,1.2216005125032048,0.09467423170308234,0.13801633406948388,-0.004164596621159612,0.004164596621159612,0.0,0.0,0.16,0.16,0.22770603102717282,0.7988434172232407,0.764419659268259,-0.006107050649945767,-0.004065583632627323
S1_short_window_none_i1,0.0,plan_generated,1,0,finite_search_no_valid_plan,96,0.045204700028989464,continue_bounded_preparation,,,,,-2.326718749999803,,,0.0,0.0,0.0,0.0,,,0.0,0.0,0.0,,,,
S1_short_window_none_i1,0.5,plan_generated,1,0,finite_search_no_valid_plan,96,0.0482213000068441,continue_bounded_preparation,,,,,-0.8189062499997801,,,0.0,0.0,0.0,0.0,,,0.0,0.0,0.0,,,,
S1_short_window_none_i1,1.0,plan_generated,1,0,finite_search_no_valid_plan,96,0.04942609998397529,continue_bounded_preparation,,,,,-0.6803720318372264,,,0.0,0.0,0.0,0.0,,,0.0,0.0,0.0,,,,
S1_short_window_none_i1,1.5,plan_generated,1,0,finite_search_no_valid_plan,96,0.042438499978743494,continue_bounded_preparation,,,,,-0.6800919534740579,,,0.0,0.0,0.0,0.0,,,0.0,0.0,0.0,,,,
S1_short_window_none_i1,2.0,plan_generated,1,0,finite_search_no_valid_plan,96,0.050535399990621954,continue_bounded_preparation,,,,,-0.1887500000003266,,,0.0,0.0,0.0,0.0,,,0.0,0.0,0.0,,,,
S1_short_window_none_i1,2.5,plan_generated,1,0,finite_search_no_valid_plan,96,0.05689820001134649,continue_bounded_preparation,,,,,-0.21160205075495941,,,0.0,0.0,0.0,0.0,,,0.0,0.0,0.0,,,,
S1_short_window_none_i1,3.0,plan_generated,1,0,finite_search_no_valid_plan,96,0.1417107000015676,continue_bounded_preparation,,,,,-0.21160205075495941,,,0.0,0.0,0.0,0.0,,,0.0,0.0,0.0,,,,
S1_short_window_none_i1,3.5,plan_generated,1,0,finite_search_no_valid_plan,96,0.13505119999172166,continue_bounded_preparation,,,,,-0.21160205075495941,,,0.0,0.0,0.0,0.0,,,0.0,0.0,0.0,,,,
S1_short_window_none_i1,4.0,plan_generated,1,0,finite_search_no_valid_plan,96,0.12485560000641271,continue_bounded_preparation,,,,,-0.21160205075495941,,,0.0,0.0,0.0,0.0,,,0.0,0.0,0.0,,,,
S1_short_window_none_i1,4.5,plan_generated,1,0,finite_search_no_valid_plan,96,0.12429619999602437,continue_bounded_preparation,,,,,-0.21160205075495941,,,0.0,0.0,0.0,0.0,,,0.0,0.0,0.0,,,,
S1_short_window_none_i1,5.0,plan_generated,1,0,finite_search_no_valid_plan,96,0.12223269999958575,continue_bounded_preparation,,,,,-0.06300660488542853,,,0.0,0.0,0.0,0.0,,,0.0,0.0,0.0,,,,
S1_short_window_none_i1,5.5,plan_generated,1,0,finite_search_no_valid_plan,96,0.13457469997229055,continue_bounded_preparation,,,,,-0.07733961392507993,,,0.0,0.0,0.0,0.0,,,0.0,0.0,0.0,,,,
S1_short_window_none_i1,6.0,plan_generated,1,0,finite_search_no_valid_plan,96,0.12357769999653101,continue_bounded_preparation,,,,,-0.08547079534394797,,,0.0,0.0,0.0,0.0,,,0.0,0.0,0.0,,,,
S1_short_window_none_i1,6.5,plan_generated,1,0,finite_search_no_valid_plan,96,0.1364975000033155,continue_bounded_preparation,,,,,-0.09055561890931241,,,0.0,0.0,0.0,0.0,,,0.0,0.0,0.0,,,,
S1_short_window_none_i1,7.0,plan_generated,1,0,finite_search_no_valid_plan,96,0.12925410002935678,continue_bounded_preparation,,,,,-0.06328960227019209,,,0.0,0.0,0.0,0.0,,,0.0,0.0,0.0,,,,
S1_short_window_none_i1,7.5,plan_generated,1,0,finite_search_no_valid_plan,96,0.11466820002533495,continue_bounded_preparation,,,,,-0.17119261148242604,,,0.0,0.0,0.0,0.0,,,0.0,0.0,0.0,,,,
S1_short_window_none_i2,0.0,plan_generated,1,0,finite_search_no_valid_plan,96,0.1178578999824822,continue_bounded_preparation,,,,,-2.3906249999997424,,,0.0,0.0,0.0,0.0,,,0.0,0.0,0.0,,,,
S1_short_window_none_i2,0.5,plan_generated,1,0,finite_search_no_valid_plan,96,0.1198755000368692,continue_bounded_preparation,,,,,-0.48437499999992006,,,0.0,0.0,0.0,0.0,,,0.0,0.0,0.0,,,,
S1_short_window_none_i2,1.0,plan_generated,1,1,,102,0.34893199999351054,new_joint_plan,3.5,163.05888030142071,163.05888030142071,6.5,0.16783620544093214,4.307352212337844,1.0989352663904786,2.8097046743296845,-661.3984328395862,-0.05595684426031894,0.05595684426031894,0.0,0.0,0.16,0.16,0.40383373870871375,0.9670215778698406,0.6893117554634928,-0.032978422130159446,0.02264508879682614
S1_short_window_none_i2,1.5,plan_generated,1,1,,7,0.2626705000293441,hold_and_refine,3.5,164.25788479238685,164.25788479238685,6.5,0.08345045822056285,4.103445430690795,1.1948556256677811,2.4291080240879044,4.291317686976278,-0.05427669040617018,0.05427669040617018,0.0,0.0,0.16,0.16,0.4429117729320353,0.9350481247774063,0.7109356066228699,-0.03197345309243427,0.02162385115937715
S1_short_window_none_i2,2.0,plan_generated,1,1,,7,0.23591880005551502,hold_and_refine,3.5,165.19650114118951,165.19650114118951,6.5,0.015375014046512536,3.933923139968482,1.287558474932219,2.0139656480225447,4.526661396285392,-0.05245141826185125,0.05245141826185125,0.0,0.0,0.16,0.16,0.5064243530268109,0.9041471750225937,0.7314738309008126,-0.030900949754812612,0.020538224277942718
S1_short_window_none_i2,2.5,plan_generated,1,1,,7,0.23894419998396188,hold_and_refine;state_update_rejected,3.5,165.19650114118951,165.19650114118951,6.5,0.015375014046512536,3.933923139968482,1.287558474932219,1.6383880982012207,5.048687937466183,-0.05020494776085404,0.05020494776085404,0.0,0.0,0.16,0.16,0.6078052938296493,0.9041471750225937,0.7314738309008126,0.0,0.0
S1_short_window_none_i2,3.0,plan_generated,1,1,,7,0.19680400000652298,hold_and_refine;state_update_rejected,3.5,165.19650114118951,165.19650114118951,6.5,0.015375014046512536,3.933923139968482,1.287558474932219,1.305863449050787,3.6596623082886617,-0.0638777222240597,0.0638777222240597,0.0,0.0,0.16,0.16,0.7733344910645688,0.9041471750225937,0.7314738309008126,0.0,0.0
S1_short_window_none_i2,3.5,plan_generated,1,1,,7,0.1849297999870032,hold_and_refine;state_update_rejected,3.5,165.19650114118951,165.19650114118951,6.5,0.015375014046512536,3.933923139968482,1.287558474932219,1.01083879990039,2.7753051229427568,-0.0514417965099535,0.0514417965099535,0.0,0.0,0.16,0.16,0.6227791808845702,0.9041471750225937,0.7314738309008126,0.0,0.0
S1_short_window_none_i2,4.0,plan_generated,1,1,,7,0.15048170002410188,hold_and_refine;state_update_rejected,3.5,165.19650114118951,165.19650114118951,6.5,0.015375014046512536,3.933923139968482,1.287558474932219,0.7533141507499501,1.8374130704390519,-0.03877823107476326,0.03877823107476326,0.0,0.0,0.16,0.16,0.46946795453033596,0.9041471750225937,0.7314738309008126,0.0,0.0
S1_short_window_none_i2,4.5,plan_generated,1,1,,7,0.12021770002320409,hold_and_refine,3.5,165.31347402677184,165.31347402677184,6.5,0.00419711513884824,3.9035954779272517,1.2817606196027693,0.5332895015995383,1.1316029211782819,-0.029949490110514995,0.029949490110514995,0.0,0.0,0.16,0.16,0.3625829614120901,0.8846516940922232,0.7405967853088636,-0.019495480930370457,0.009122954408050998
S1_short_window_none_i2,5.0,plan_generated,1,1,,7,0.0982728999806568,hold_and_refine,3.5,165.36298042937884,165.36298042937884,6.5,0.00034748955698971074,3.892986377111197,1.2689781255101256,0.3493670264664136,0.8232129696521354,-0.02049061052988491,0.02049061052988491,0.0,0.0,0.16,0.16,0.29287636869592515,0.8699831303568196,0.7449173162913352,-0.014668563735403595,0.004320530982471538
S1_short_window_none_i2,5.5,plan_generated,1,1,,7,0.07452889997512102,hold_and_refine,3.5,165.38100112092224,165.38100112092224,6.499999999999999,4.440892098500626e-15,3.890235388607789,1.264503211784124,0.20390559410015088,0.44115270246540345,-0.015327757420977108,0.015327757420977108,0.0,0.0,0.16,0.16,0.25020861218458135,0.8579693359945469,0.746621856471493,-0.012013794362272678,0.0017045401801578652
S1_short_window_none_i2,6.0,plan_generated,1,1,,7,0.06557099998462945,hold_and_refine,3.5,165.3849301502717,165.3849301502717,6.499999999999997,1.1546319456101628e-14,3.8900474081304255,1.2640964188641242,0.09656700529500509,0.17488950816019627,-0.012375129837270458,0.012375129837270458,0.0,0.0,0.16,0.16,0.2256799983831091,0.847491924395939,0.7468364465383563,-0.010477411598607933,0.00021459006686330717
S1_short_window_prepare_i0,0.0,plan_generated,1,0,finite_search_no_valid_plan,96,0.12072910001734272,continue_bounded_preparation,,,,,-1.8906249999997424,,,0.0,0.0,0.0,0.0,,,0.0,0.0,0.0,,,,
S1_short_window_prepare_i0,0.5,plan_generated,1,0,finite_search_no_valid_plan,96,0.12080789997708052,continue_bounded_preparation,,,,,-0.42745817805354225,,,0.0,0.0,0.0,0.0,,,0.0,0.0,0.0,,,,
S1_short_window_prepare_i0,1.0,plan_generated,1,0,finite_search_no_valid_plan,96,0.11658420000458136,continue_bounded_preparation,,,,,-0.35282296647151545,,,0.0,0.0,0.0,0.0,,,0.0,0.0,0.0,,,,
S1_short_window_prepare_i0,1.5,plan_generated,1,1,,102,0.2968710999703035,new_joint_plan,3.5,166.5463509008162,166.5463509008162,6.5,0.32827087112958875,4.673307597367466,1.1167280287493413,2.255568165564339,-500.5222320380068,-0.06781868583289424,0.06781868583289424,0.0,0.0,0.16,0.16,0.4894392065213518,0.9610906570835529,0.6952426762497804,-0.0389093429164471,0.028576009583113793
S1_short_window_prepare_i0,2.0,plan_generated,1,1,,7,0.275237699970603,hold_and_refine,3.5,167.6767306920704,167.6767306920704,6.5,0.23338613923699025,4.44669472865034,1.228370477268279,2.0204890769448367,3.519620957463975,-0.06481739244178958,0.06481739244178958,0.0,0.0,0.16,0.16,0.5463946864217126,0.9238765075772404,0.7220894310606769,-0.03721414950631252,0.02684675481089649
S1_short_window_prepare_i0,2.5,plan_generated,1,1,,7,0.22204739996232092,hold_and_refine;state_update_rejected,3.5,167.6767306920704,167.6767306920704,6.5,0.06474226429071983,4.44669472865034,1.228370477268279,0.5215608645098153,2.861532457884432,-0.05974049664343969,0.05974049664343969,0.0,0.0,0.16,0.16,0.6303676450825573,0.9238765075772404,0.7220894310606769,0.0,0.0
S1_short_window_prepare_i0,3.0,plan_generated,1,1,,7,0.21589809999568388,hold_and_refine,3.5,168.4257495294792,168.4257495294792,6.5,0.06535075800716061,4.257090218311828,1.2752930942184784,1.3086985541388774,2.254518235993037,-0.07228709477824789,0.07228709477824789,0.0,0.0,0.16,0.16,0.7627563924885392,0.8831135776502302,0.7524562630013154,-0.04076292992701014,0.030366831940638495
S1_short_window_prepare_i0,3.5,plan_generated,1,1,,7,0.22557789995335042,hold_and_refine,3.5,168.76694688890186,168.76694688890186,6.5,0.11975018143786986,4.179658280249169,1.2254224765462287,1.0081948767106566,1.7288075193383963,-0.04171662117500704,0.04171662117500704,0.0,0.0,0.16,0.16,0.6533867085409635,0.8578396991744756,0.7672949234848084,-0.025273878475754685,0.014838660483493027
S1_short_window_prepare_i0,4.0,plan_generated,1,1,,7,0.16277110000373796,hold_and_refine,3.5,168.91248678039642,168.91248678039642,6.5,0.11948037075906814,4.15798609421891,1.2088201081366283,0.7483268356010424,1.2687096861868585,-0.02247011319376231,0.02247011319376231,0.0,0.0,0.16,0.16,0.5004315419758244,0.842315444081722,0.7723916206938112,-0.01552425509275357,0.005096697209002743
S1_short_window_prepare_i0,4.5,plan_generated,1,1,,7,0.1697330999886617,hold_and_refine,3.5,168.97829264682252,168.97829264682252,6.5,0.118764138104269,4.156063326075906,1.207015354198686,0.5277431953341067,0.8781247201901002,-0.013512134367875937,0.013512134367875937,0.0,0.0,0.16,0.16,0.38754973494653067,0.8313477996773754,0.7729685549121986,-0.01096764440434661,0.0005769342183874482
S1_short_window_prepare_i0,5.0,plan_generated,1,1,,7,0.10533410002244636,hold_and_refine,3.5,169.00760505869272,169.00760505869272,6.5,0.1202535460467482,4.160134462227501,1.2118881131705885,0.3455451372368753,0.5591875548655207,-0.009056840148518592,0.009056840148518592,0.0,0.0,0.16,0.16,0.3103743583376093,0.8226626406047292,0.7713132265471603,-0.00868515907264622,-0.0016553283650383444
S1_short_window_prepare_i0,5.5,plan_generated,1,1,,7,0.07459579996066168,hold_and_refine,3.5,169.01881088805123,169.01881088805123,6.499999999999999,0.12192192503105659,4.164749146317189,1.2192543848648563,0.20136448380047228,0.3125339661667234,-0.006714479405315639,0.006714479405315639,0.0,0.0,0.16,0.16,0.2612716576673312,0.8151920876990477,0.7684999604374408,-0.007470552905681438,-0.0028132661097194367
S1_short_window_prepare_i0,6.0,plan_generated,1,1,,7,0.048532299988437444,hold_and_refine,3.5,169.0213571049408,169.0213571049408,6.499999999999997,0.1230450747089522,4.1678299082651735,1.2257695196161245,0.09503985753085856,0.13796996442497977,-0.005427902533868377,0.005427902533868377,0.0,0.0,0.16,0.16,0.23210105522431337,0.8084021759936183,0.7650659120208755,-0.006789911705429419,-0.0034340484165653606
S1_short_window_prepare_i1,0.0,plan_generated,1,0,finite_search_no_valid_plan,96,0.11685719998786226,continue_bounded_preparation,,,,,-2.326718749999803,,,0.0,0.0,0.0,0.0,,,0.0,0.0,0.0,,,,
S1_short_window_prepare_i1,0.5,plan_generated,1,0,finite_search_no_valid_plan,96,0.1643839999451302,continue_bounded_preparation,,,,,-0.8189062499997801,,,0.0,0.0,0.0,0.0,,,0.0,0.0,0.0,,,,
S1_short_window_prepare_i1,1.0,plan_generated,1,0,finite_search_no_valid_plan,96,0.16786049999063835,continue_bounded_preparation,,,,,-0.6803720318372264,,,0.0,0.0,0.0,0.0,,,0.0,0.0,0.0,,,,
S1_short_window_prepare_i1,1.5,plan_generated,1,0,finite_search_no_valid_plan,96,0.12347729998873547,continue_bounded_preparation,,,,,-0.6800919534740579,,,0.0,0.0,0.0,0.0,,,0.0,0.0,0.0,,,,
S1_short_window_prepare_i1,2.0,plan_generated,1,0,finite_search_no_valid_plan,96,0.12318309996044263,continue_bounded_preparation,,,,,-0.1887500000003266,,,0.0,0.0,0.0,0.0,,,0.0,0.0,0.0,,,,
S1_short_window_prepare_i1,2.5,plan_generated,1,0,finite_search_no_valid_plan,96,0.12985470000421628,continue_bounded_preparation,,,,,-0.21160205075495941,,,0.0,0.0,0.0,0.0,,,0.0,0.0,0.0,,,,
S1_short_window_prepare_i1,3.0,plan_generated,1,0,finite_search_no_valid_plan,96,0.11485159996664152,continue_bounded_preparation,,,,,-0.21160205075495941,,,0.0,0.0,0.0,0.0,,,0.0,0.0,0.0,,,,
S1_short_window_prepare_i1,3.5,plan_generated,1,0,finite_search_no_valid_plan,96,0.11959959997329861,continue_bounded_preparation,,,,,-0.21160205075495941,,,0.0,0.0,0.0,0.0,,,0.0,0.0,0.0,,,,
S1_short_window_prepare_i1,4.0,plan_generated,1,0,finite_search_no_valid_plan,96,0.11843339999904856,continue_bounded_preparation,,,,,-0.21160205075495941,,,0.0,0.0,0.0,0.0,,,0.0,0.0,0.0,,,,
S1_short_window_prepare_i1,4.5,plan_generated,1,0,finite_search_no_valid_plan,96,0.12192710000090301,continue_bounded_preparation,,,,,-0.21160205075495941,,,0.0,0.0,0.0,0.0,,,0.0,0.0,0.0,,,,
S1_short_window_prepare_i1,5.0,plan_generated,1,0,finite_search_no_valid_plan,96,0.14770270005101338,continue_bounded_preparation,,,,,-0.06300660488542853,,,0.0,0.0,0.0,0.0,,,0.0,0.0,0.0,,,,
S1_short_window_prepare_i1,5.5,plan_generated,1,0,finite_search_no_valid_plan,96,0.11935649998486042,continue_bounded_preparation,,,,,-0.07733961392507993,,,0.0,0.0,0.0,0.0,,,0.0,0.0,0.0,,,,
S1_short_window_prepare_i1,6.0,plan_generated,1,0,finite_search_no_valid_plan,96,0.11979080003220588,continue_bounded_preparation,,,,,-0.08547079534394797,,,0.0,0.0,0.0,0.0,,,0.0,0.0,0.0,,,,
S1_short_window_prepare_i1,6.5,plan_generated,1,0,finite_search_no_valid_plan,96,0.12517600000137463,continue_bounded_preparation,,,,,-0.09055561890931241,,,0.0,0.0,0.0,0.0,,,0.0,0.0,0.0,,,,
S1_short_window_prepare_i1,7.0,plan_generated,1,0,finite_search_no_valid_plan,96,0.11791919998358935,continue_bounded_preparation,,,,,-0.06328960227019209,,,0.0,0.0,0.0,0.0,,,0.0,0.0,0.0,,,,
S1_short_window_prepare_i1,7.5,plan_generated,1,0,finite_search_no_valid_plan,96,0.1203766000107862,continue_bounded_preparation,,,,,-0.17119261148242604,,,0.0,0.0,0.0,0.0,,,0.0,0.0,0.0,,,,
S1_short_window_prepare_i2,0.0,plan_generated,1,0,finite_search_no_valid_plan,96,0.12992739997571334,continue_bounded_preparation,,,,,-2.3906249999997424,,,0.0,0.0,0.0,0.0,,,0.0,0.0,0.0,,,,
S1_short_window_prepare_i2,0.5,plan_generated,1,0,finite_search_no_valid_plan,96,0.12914829998044297,continue_bounded_preparation,,,,,-0.48437499999992006,,,0.0,0.0,0.0,0.0,,,0.0,0.0,0.0,,,,
S1_short_window_prepare_i2,1.0,plan_generated,1,1,,102,0.5096323999459855,new_joint_plan,3.5,163.05888030142071,163.05888030142071,6.5,0.16783620544093214,4.307352212337844,1.0989352663904786,2.8097046743296845,-661.3984328395862,-0.05595684426031894,0.05595684426031894,0.0,0.0,0.16,0.16,0.40383373870871375,0.9670215778698406,0.6893117554634928,-0.032978422130159446,0.02264508879682614
S1_short_window_prepare_i2,1.5,plan_generated,1,1,,7,0.2604257999919355,hold_and_refine,3.5,164.25740534375075,164.25740534375075,6.5,0.0834996829757726,4.1035653996596695,1.1948172697768862,2.4291080240879044,4.291317686976278,-0.05425111981224004,0.05425111981224004,0.0,0.0,0.16,0.16,0.4427031102997382,0.9350609100743713,0.7109228213259049,-0.031960667795469244,0.021611065862412127
S1_short_window_prepare_i2,2.0,plan_generated,1,1,,7,0.27084380004089326,hold_and_refine,3.5,165.1879447885763,165.1879447885763,6.5,0.01629576207206629,3.936229156471012,1.28672240013002,2.0139679455402675,4.525349105509098,-0.05191947780134557,0.05191947780134557,0.0,0.0,0.16,0.16,0.501240997225903,0.9044258666233267,0.7311951776559704,-0.03063504345104462,0.020272356330065522
S1_short_window_prepare_i2,2.5,plan_generated,1,1,,7,0.21647159999702126,hold_and_refine;state_update_rejected,3.5,165.1879447885763,165.1879447885763,6.5,0.01629576207206629,3.936229156471012,1.28672240013002,1.6384331626330424,5.011915573402894,-0.04860218104009616,0.04860218104009616,0.0,0.0,0.16,0.16,0.5866981233175542,0.9044258666233267,0.7311951776559704,0.0,0.0
S1_short_window_prepare_i2,3.0,plan_generated,1,1,,7,0.20335129997693002,hold_and_refine;state_update_rejected,3.5,165.1879447885763,165.1879447885763,6.5,0.01629576207206629,3.936229156471012,1.28672240013002,1.3059034970338146,3.6300818966550943,-0.05987723444283083,0.05987723444283083,0.0,0.0,0.16,0.16,0.7228042101253109,0.9044258666233267,0.7311951776559704,0.0,0.0
S1_short_window_prepare_i2,3.5,plan_generated,1,1,,7,0.1725196000188589,hold_and_refine;state_update_rejected,3.5,165.1879447885763,165.1879447885763,6.5,0.01629576207206629,3.936229156471012,1.28672240013002,1.0108738314345613,2.7494523976497454,-0.05566706333000274,0.05566706333000274,0.0,0.0,0.16,0.16,0.671981398517243,0.9044258666233267,0.7311951776559704,0.0,0.0
S1_short_window_prepare_i2,4.0,plan_generated,1,1,,7,0.14798210002481937,hold_and_refine;state_update_rejected,3.5,165.1879447885763,165.1879447885763,6.5,0.01629576207206629,3.936229156471012,1.28672240013002,0.7533441658353539,1.8182711095198008,-0.04166456692069532,0.04166456692069532,0.0,0.0,0.16,0.16,0.5029511577071857,0.9044258666233267,0.7311951776559704,0.0,0.0
S1_short_window_prepare_i2,4.5,plan_generated,1,1,,7,0.1468744999729097,hold_and_refine,3.5,165.31041666408814,165.31041666408814,6.5,0.003993296643145072,3.902851608289592,1.2798810763100907,0.5333145002361213,1.100791403308631,-0.03177969983770916,0.03177969983770916,0.0,0.0,0.16,0.16,0.38362661624171135,0.8840138873713554,0.7412354661535773,-0.020411979251971246,0.010040288497606853
S1_short_window_prepare_i2,5.0,plan_generated,1,1,,7,0.09493329998804256,hold_and_refine,3.5,165.36107123875533,165.36107123875533,6.5,-8.43769498715119e-15,3.8914230819612046,1.2660983736353617,0.34932129572452253,0.8261847732370412,-0.02117738685501735,0.02117738685501735,0.0,0.0,0.16,0.16,0.30521235831517485,0.86900512450699,0.7458942758518573,-0.015008762864365477,0.004658809698280031
S1_short_window_prepare_i2,5.5,plan_generated,1,1,,7,0.07188050000695512,hold_and_refine,3.5,165.37922079502823,165.37922079502823,6.499999999999999,3.9968028886505635e-15,3.8885627150510063,1.2614056257423512,0.20385307518600884,0.4463163121462617,-0.01550935711878487,0.01550935711878487,0.0,0.0,0.16,0.16,0.2569860528924055,0.8569054203250626,0.7476818002044349,-0.012099704181927406,0.001787524352577563
S1_short_window_prepare_i2,6.0,plan_generated,1,1,,7,0.04988760000560433,hold_and_refine,3.5,165.3831406710626,165.3831406710626,6.499999999999997,1.5987211554602254e-14,3.8883988991131107,1.261051055008835,0.09652902350561146,0.17793395327068567,-0.012336951313153993,0.012336951313153993,0.0,0.0,0.16,0.16,0.22918047150265522,0.8464524175668603,0.7478688214593764,-0.010453002758202268,0.00018702125494152178
S2_ample_none_i1,0.0,plan_generated,1,1,,102,0.31062040000688285,new_joint_plan,2.5,166.49709026930094,166.49709026930094,5.5,0.6269650362949788,7.641974024172254,1.829230423889474,-2.1802378320288356,3.6954861530253083,0.06535054858656555,-0.06535054858656555,0.03924428097651904,-0.06651875075445554,0.16,0.16,0.4716269602267917,0.3839640814482089,0.5953986836628228,0.05063074811487561,-0.07126798300384385
S2_ample_none_i1,0.5,plan_generated,1,1,,7,0.27052560000447556,hold_and_refine,2.5,166.4238776349957,166.4238776349957,5.5,0.1829942448064905,7.316813603919155,2.066643157285018,2.0941135578615726,3.755912405449525,0.04543835868560256,-0.04543835868560256,-0.03769404404150831,-0.06760642329809144,0.16,0.16,0.4606768044715076,0.385916418363015,0.5341131032016732,0.0019523369148060632,-0.061285580461149625
S2_ample_none_i1,1.0,plan_generated,1,1,,7,0.23884990002261475,hold_and_refine;state_update_rejected,2.5,166.4238776349957,166.4238776349957,5.5,0.1829942448064905,7.316813603919155,2.066643157285018,1.8079934919667955,2.106633697077357,0.03151248361035575,-0.03151248361035575,-0.032543882855402315,-0.037919406547392426,0.16,0.16,0.4387112394090362,0.385916418363015,0.5341131032016732,0.0,0.0
S2_ample_none_i1,1.5,plan_generated,1,1,,7,0.21803899999940768,hold_and_refine,2.5,166.44405071544543,166.44405071544543,5.5,0.07542053580650965,7.254086360718969,2.2240111349282543,1.5188353107895218,2.6371578672510045,0.0295171097403485,-0.0295171097403485,-0.02733903559421139,-0.04746884161051808,0.16,0.16,0.41093199628687205,0.38507587334426846,0.4913472227006265,-0.0008405450187465302,-0.04276588050104668
S2_ample_none_i1,2.0,plan_generated,1,1,,7,0.19375069998204708,hold_and_refine,2.5,166.49940380778878,166.49940380778878,5.5,0.047441842644512455,7.2430875372865104,2.3384739442824953,1.2286229830328523,2.0490286890867173,0.019941146050514957,-0.019941146050514957,-0.02211521369459134,-0.03688251640356091,0.16,0.16,0.3803314518000144,0.3820634601555089,0.45900461369198353,-0.003012413188759555,-0.03234260900864294
S2_ample_none_i1,2.5,plan_generated,1,1,,7,0.18813710001995787,hold_and_refine,2.5,166.54972101829642,166.54972101829642,5.5,0.047441842644512455,7.2430875372865104,2.385008778131491,0.9452128769415327,1.5418518773238583,0.013380064829812069,-0.013380064829812069,-0.017013831784947586,-0.027753333791829447,0.16,0.16,0.3493550763777241,0.3783362593771636,0.4347658774716269,-0.0037272007783453187,-0.024238736220356605
S2_ample_none_i1,3.0,plan_generated,1,1,,7,0.17648289998760447,hold_and_refine,2.5,166.58391953412132,166.58391953412132,5.5,1.7008526089788525,8.668246217948248,2.3740652530675286,0.6966843151348591,1.1113131409740398,0.00902799689022451,-0.00902799689022451,-0.012540317672427461,-0.020003636537532715,0.16,0.16,0.31995701925194164,0.37468841768917627,0.4167719337379753,-0.0036478416879873188,-0.01799394373365165
S2_ample_none_i1,3.5,plan_generated,1,1,,7,0.12300259998301044,hold_and_refine,2.5,166.6028215572241,166.6028215572241,5.5,3.381758980156751,10.130347323913707,2.364614241516132,0.48579705106673654,0.75450951723834,0.0061905567284950055,-0.0061905567284950055,-0.008744346919201257,-0.01358117131029012,0.16,0.16,0.2935038252747864,0.3715380805053773,0.40355189424867893,-0.003150337183798979,-0.013220039489296342
S2_ample_none_i1,4.0,plan_generated,1,1,,7,0.09556410001823679,hold_and_refine,2.5,166.61124521988867,166.61124521988867,5.5,3.9028755162668887,10.382597782669034,2.3571265413698628,0.3125767803722446,0.469383307900444,0.004349962754241533,-0.004349962754241533,-0.005626382046700403,-0.008448899542207991,0.16,0.16,0.2707763183239794,0.36904218045662096,0.39392404794646474,-0.0024959000487563276,-0.009627846302214194
S2_ample_none_i1,4.5,plan_generated,1,1,,7,0.07428469997830689,hold_and_refine,2.5,166.61404075405636,166.61404075405636,5.499999999999999,3.9112948739365336,10.396960886291918,2.351535473034391,0.1770050650905253,0.2541536772645126,0.003149134085881116,-0.003149134085881116,-0.0031860911716294553,-0.004574766190761226,0.16,0.16,0.25204651450926324,0.36717849101146366,0.38691070542457184,-0.0018636894451573016,-0.007013342521892896
S2_ample_none_i1,5.0,plan_generated,1,1,,7,0.05163090000860393,hold_and_refine,2.5,166.6145551603645,166.6145551603645,5.499999999999997,3.9145217049489647,10.402483561000036,2.3474202225695064,0.07904577212911047,0.10663969249368191,0.002351108498515441,-0.002351108498515441,-0.0014228238983239885,-0.0019195144648862742,0.16,0.16,0.23719480838369078,0.36580674085650206,0.3816801082994744,-0.001371750154961604,-0.005230597125097436
S2_ample_none_i2,0.0,plan_generated,1,1,,102,0.30609070003265515,new_joint_plan,1.5,162.80088682820582,162.80088682820582,4.5,0.9044209693941561,8.561560035729851,2.173256978047953,0.504101883112631,2.546037850075809,0.0,-0.0,-0.009073833896027358,-0.045828681301364554,0.16,0.16,0.5783916064388326,0.327129749718653,0.30775232601598435,-0.006203583614680319,-0.02558100731734897
S2_ample_none_i2,0.5,plan_generated,1,1,,7,0.21648859995184466,hold_and_refine,1.5,163.00037994231002,163.00037994231002,4.5,0.8629562887078812,8.542303061056781,2.1098063894388206,0.4446629866786923,2.3736416726552774,-0.005349194917962561,0.005349194917962561,-0.00800393376021646,-0.04272555010779499,0.16,0.16,0.5495292407132691,0.31881753663097023,0.28660212981294025,-0.008312213087682763,-0.02115019620304409
S2_ample_none_i2,1.0,plan_generated,1,1,,7,0.19686840003123507,hold_and_refine,1.5,163.16217049585546,163.16217049585546,4.5,0.8530278951228709,8.540092308414753,2.0657055840503222,0.33813221370544216,1.8416779891039718,-0.008335300955212746,0.008335300955212746,-0.0060863798466979585,-0.03315020380387149,0.16,0.16,0.515619669089712,0.31001260854686,0.27190186135010735,-0.008804928084110208,-0.0147002684628329
S2_ample_none_i2,1.5,plan_generated,1,1,,7,0.17375659995013848,hold_and_refine,1.5,163.27511283566494,163.27511283566494,4.5,0.8530278951228709,8.540092308414753,2.0356077844479907,0.24686248246872272,1.3835176485365588,-0.009188547720372276,0.009188547720372276,-0.004443524684437009,-0.024903317673658058,0.16,0.16,0.48080352954303396,0.3016465093017211,0.2618692614826636,-0.008366099245138925,-0.010032599867443759
S2_ample_none_i2,2.0,plan_generated,1,1,,7,0.14749820000724867,hold_and_refine,1.5,163.34562977299584,163.34562977299584,4.5,3.218488253624936,10.768071304638422,2.015801477778341,0.17417365024388734,0.9947954868072664,-0.008892022499820356,0.008892022499820356,-0.003135125704389972,-0.017906318762530793,0.16,0.16,0.4458891223706873,0.2941247026531073,0.25526715925944704,-0.0075218066486137936,-0.006602102223216555
S2_ample_none_i2,2.5,plan_generated,1,1,,7,0.12300349998986349,hold_and_refine,1.5,163.38490423444756,163.38490423444756,4.5,3.545266161198146,11.89971470166692,2.0035369658673354,0.11819647176673279,0.673042797673138,-0.008022703632263803,0.008022703632263803,-0.00212753649180119,-0.012114770358116483,0.16,0.16,0.41177004208135215,0.2875789590778093,0.25117898862244514,-0.006545743575298024,-0.004088170637001898
S2_ample_none_i2,3.0,plan_generated,1,1,,7,0.1178209999925457,hold_and_refine,1.5,163.40373349429606,163.40373349429606,4.5,3.523772105325321,11.87408409123135,1.996647377937137,0.07542514859982587,0.4166018026022046,-0.0069246376446665415,0.0069246376446665415,-0.0013576526747968655,-0.007498832446839682,0.16,0.16,0.379291499733149,0.2819999191226885,0.248882459312379,-0.005579039955120768,-0.002296529310066131
S2_ample_none_i2,3.5,plan_generated,1,1,,7,0.07433730002958328,hold_and_refine,1.5,163.41077961981327,163.41077961981327,4.499999999999999,3.5153167547046706,11.861381965239172,1.9933323964033751,0.04293938073029303,0.22387746215086274,-0.00580192597853903,0.00580192597853903,-0.0007729088531452745,-0.004029794318715529,0.16,0.16,0.3491637165088619,0.2773025021112329,0.24777746546779172,-0.004697417011455596,-0.0011049938445872876
S2_ample_none_i2,4.0,plan_generated,1,1,,7,0.05132580001372844,hold_and_refine,1.5,163.41225637939226,163.41225637939226,4.499999999999997,3.513309984094125,11.856945168066158,1.9920406018715462,0.018465939319436412,0.09263311478226567,-0.004770639159012871,0.004770639159012871,-0.00033238690774985537,-0.001667396066080782,0.16,0.16,0.32191350499069693,0.2733644765672954,0.24734686729051544,-0.003938025543937518,-0.00043059817727628125
S2_ample_prepare_i1,0.0,plan_generated,1,1,,102,0.3166533999610692,new_joint_plan,2.5,166.49709026930094,166.49709026930094,5.5,0.6269650362949788,7.641974024172254,1.829230423889474,-2.1802378320288356,3.6954861530253083,0.06535054858656555,-0.06535054858656555,0.03924428097651904,-0.06651875075445554,0.16,0.16,0.4716269602267917,0.3839640814482089,0.5953986836628228,0.05063074811487561,-0.07126798300384385
S2_ample_prepare_i1,0.5,plan_generated,1,1,,7,0.2679700999869965,hold_and_refine,2.5,166.4238776349957,166.4238776349957,5.5,0.1829942448064905,7.316813603919155,2.066643157285018,2.0941135578615726,3.755912405449525,0.04543835868560256,-0.04543835868560256,-0.03769404404150831,-0.06760642329809144,0.16,0.16,0.4606768044715076,0.385916418363015,0.5341131032016732,0.0019523369148060632,-0.061285580461149625
S2_ample_prepare_i1,1.0,plan_generated,1,1,,7,0.2625080000143498,hold_and_refine;state_update_rejected,2.5,166.4238776349957,166.4238776349957,5.5,0.1829942448064905,7.316813603919155,2.066643157285018,1.8079934919667955,2.106633697077357,0.03151248361035575,-0.03151248361035575,-0.032543882855402315,-0.037919406547392426,0.16,0.16,0.4387112394090362,0.385916418363015,0.5341131032016732,0.0,0.0
S2_ample_prepare_i1,1.5,plan_generated,1,1,,7,0.21725169999990612,hold_and_refine,2.5,166.44388632199642,166.44388632199642,5.5,0.07539415579523823,7.254066813310414,2.224036231619584,1.5188353107895085,2.6371578672510045,0.029530809194429977,-0.029530809194429977,-0.02733903559421115,-0.04746884161051808,0.16,0.16,0.4111227176706139,0.3850827230713093,0.49134037297358574,-0.0008336952917056828,-0.04277273022808742
S2_ample_prepare_i1,2.0,plan_generated,1,1,,7,0.19607820000965148,hold_and_refine,2.5,166.4977251719816,166.4977251719816,5.5,0.047310430320600894,7.243006199719614,2.0166594958202113,1.2286243269492971,2.049024990721913,0.02010605423307271,-0.02010605423307271,-0.022115237885087347,-0.036882449832994435,0.16,0.16,0.383524285529662,0.38215271762994546,0.4589153979567635,-0.0029300054413638477,-0.03242497501682223
S2_ample_prepare_i1,2.5,plan_generated,1,1,,7,0.1715727000264451,hold_and_refine,2.5,166.54611934883025,166.54611934883025,5.5,0.047310430320600894,7.243006199719614,1.8922794003775065,0.9452240966061323,1.5418137481421885,0.013666053233906343,-0.013666053233906343,-0.01701403373891038,-0.02775264746655939,0.16,0.16,0.35763567779439287,0.3785679637892937,0.43453472442287655,-0.0035847538406517665,-0.024380673533886954
S2_ample_prepare_i1,3.0,plan_generated,1,1,,7,0.14787350001279265,hold_and_refine,2.5,166.57913223401982,166.57913223401982,5.5,1.7002826539882765,8.66784769306528,1.657449578173717,0.6967092697000933,1.1112360107209753,0.009283697652058944,-0.009283697652058944,-0.012540766854601678,-0.020002248192977554,0.16,0.16,0.3317118050828861,0.37504658936907587,0.4164154737049753,-0.0035213744202178265,-0.01811925071790127
S2_ample_prepare_i1,3.5,plan_generated,1,1,,7,0.06800160004058853,hold_and_refine,2.5,166.5976717819109,166.5976717819109,5.5,3.380243137892573,10.129190053274467,2.2712917686725835,0.48582917906638834,0.7544191429588334,0.006315541819846467,-0.006315541819846467,-0.00874492522319499,-0.013579544573259,0.16,0.16,0.30457217811412984,0.3719566647205562,0.40313660671878276,-0.0030899246485196485,-0.013278866986192517
S2_ample_prepare_i1,4.0,plan_generated,1,1,,7,0.043414799962192774,hold_and_refine,2.5,166.60605716601512,166.60605716601512,5.5,3.90470043419125,10.385537601120443,2.3584163194023624,0.3126067928604393,0.46930679522394725,0.00437737241248907,-0.00437737241248907,-0.005626922271487907,-0.00844752231403105,0.16,0.16,0.279745480136207,0.36947210646745404,0.39349906650177247,-0.002484558253102176,-0.009637540217010299
S2_ample_prepare_i1,4.5,plan_generated,1,1,,7,0.028939099982380867,hold_and_refine,2.5,166.6088749545162,166.6088749545162,5.499999999999999,3.913103324905528,10.399869240725518,2.3527807423999847,0.1770281521173023,0.2541015911096945,0.003124176467867739,-0.003124176467867739,-0.0031865067381114413,-0.004573828639974501,0.16,0.16,0.25892820764854524,0.36759358079999493,0.38650207141583715,-0.0018785256674591078,-0.00699699508593532
S2_ample_prepare_i1,5.0,plan_generated,1,1,,7,0.019285599992144853,hold_and_refine,2.5,166.60939956881074,166.60939956881074,5.499999999999997,3.916313674809487,10.40536237565227,2.3485838280438536,0.07906059083455654,0.1066116801737749,0.002301083538934293,-0.002301083538934293,-0.0014230906350220175,-0.001919010243127948,0.16,0.16,0.24224850920183585,0.3661946093479511,0.38130000795347935,-0.001398971452043818,-0.005202063462357798
S2_ample_prepare_i2,0.0,plan_generated,1,1,,102,0.1052792000118643,new_joint_plan,1.5,162.80088682820582,162.80088682820582,4.5,0.9044209693941561,8.561560035729851,2.173256978047953,0.504101883112631,2.546037850075809,0.0,-0.0,-0.009073833896027358,-0.045828681301364554,0.16,0.16,0.5783916064388326,0.327129749718653,0.30775232601598435,-0.006203583614680319,-0.02558100731734897
S2_ample_prepare_i2,0.5,plan_generated,1,1,,7,0.07965110003715381,hold_and_refine,1.5,163.00037994231002,163.00037994231002,4.5,0.8629562887078812,8.542303061056781,2.1098063894388206,0.4446629866786923,2.3736416726552774,-0.005349194917962561,0.005349194917962561,-0.00800393376021646,-0.04272555010779499,0.16,0.16,0.5495292407132691,0.31881753663097023,0.28660212981294025,-0.008312213087682763,-0.02115019620304409
S2_ample_prepare_i2,1.0,plan_generated,1,1,,7,0.067581599985715,hold_and_refine,1.5,163.16217049585546,163.16217049585546,4.5,0.8530278951228709,8.540092308414753,2.0657055840503222,0.33813221370544216,1.8416779891039718,-0.008335300955212746,0.008335300955212746,-0.0060863798466979585,-0.03315020380387149,0.16,0.16,0.515619669089712,0.31001260854686,0.27190186135010735,-0.008804928084110208,-0.0147002684628329
S2_ample_prepare_i2,1.5,plan_generated,1,1,,7,0.07603799999924377,hold_and_refine,1.5,163.27508674074826,163.27508674074826,4.5,0.8530278951228709,8.540092308414753,2.0356150627483762,0.24637814281020637,1.383517648536561,-0.009193399920629139,0.009193399920629139,-0.004434806570583714,-0.024903317673658096,0.16,0.16,0.4810574276649729,0.3016484422585193,0.261871687582792,-0.008364166288340746,-0.010030173767315353
S2_ample_prepare_i2,2.0,plan_generated,1,1,,7,0.06406010000500828,hold_and_refine,1.5,163.3457600249356,163.3457600249356,4.5,2.517537890149214,10.76807148956716,2.01593873209288,0.17120855305830632,0.9947964269277656,-0.00897872891569362,0.00897872891569362,-0.0030817539550495134,-0.01790633568469978,0.16,0.16,0.4502425553228907,0.2941099586118551,0.25531291069762657,-0.007538483646664151,-0.006558776885165429
S2_ample_prepare_i2,2.5,plan_generated,1,1,,7,0.04822649998823181,hold_and_refine,1.5,163.3854330870322,163.3854330870322,4.5,2.0712672667210157,10.357744349419288,1.8922794003775065,0.11358952505148959,0.6730548438233598,-0.008238642995153516,0.008238642995153516,-0.0020446114509268124,-0.012114987188820476,0.16,0.16,0.4235093293934045,0.2874977815957557,0.2513322353152121,-0.006612177016099452,-0.003980675382414478
S2_ample_prepare_i2,3.0,plan_generated,1,1,,7,0.03719410003395751,hold_and_refine,1.5,163.4046157041702,163.4046157041702,4.5,2.1118532321557986,10.40467887503301,1.657449578173717,0.0718721416358692,0.4166284832890189,-0.007198800457123004,0.007198800457123004,-0.0012936985494456457,-0.00749931269920234,0.16,0.16,0.39685333259328737,0.28181404318449255,0.24917132131165073,-0.005683738411263128,-0.0021609140035613594
S2_ample_prepare_i2,3.5,plan_generated,1,1,,7,0.03070010000374168,hold_and_refine,1.5,163.41179385811543,163.41179385811543,4.499999999999999,2.284755947754661,10.601508967657747,1.9945002788502575,0.04137569578716361,0.223908401094448,-0.006007968970889957,0.006007968970889957,-0.000744762524168945,-0.004030351219700064,0.16,0.16,0.36680305137192964,0.2770286072210406,0.24816675961675247,-0.004785435963451934,-0.001004561694898265
S2_ample_prepare_i2,4.0,plan_generated,1,1,,7,0.01817630004370585,hold_and_refine,1.5,163.41329025286072,163.41329025286072,4.499999999999997,2.2817931397090447,10.597840868198698,1.9933733021195335,0.017963152880299264,0.09265548985135261,-0.0048871491507097645,0.0048871491507097645,-0.0003233367518453867,-0.0016677988173243467,0.16,0.16,0.3373314707956695,0.27303822123365784,0.24779110070651117,-0.003990385987382772,-0.00037565891024129994
S2_collaborative_none_i1,0.0,plan_generated,1,1,,102,0.12553269998170435,new_joint_plan,2.5,166.53652451678772,166.53652451678772,5.5,0.2907757093069394,4.75308036624281,0.6714148742484323,2.2177137500000215,3.3838371684029735,0.10369562480164989,-0.10369562480164989,-0.03991884750000038,-0.06090906903125352,0.16,0.16,0.7483587111627374,0.3635550553174914,0.9096976530835483,0.030221721984158068,-0.09030234691645167
S2_collaborative_none_i1,0.5,plan_generated,1,1,,7,0.10362349997740239,hold_and_refine;state_update_rejected,2.5,166.53652451678772,166.53652451678772,5.5,0.2907757093069394,4.75308036624281,0.6714148742484323,2.1864372574097817,3.4592031718044294,0.12021225565457669,-0.12021225565457669,-0.03935587063337607,-0.06226565709247973,0.16,0.16,0.7592904117055503,0.3635550553174914,0.9096976530835483,0.0,0.0
S2_collaborative_none_i1,1.0,plan_generated,1,1,,7,0.08824730000924319,hold_and_refine;state_update_rejected,2.5,166.53652451678772,166.53652451678772,5.5,0.2907757093069394,4.75308036624281,0.6714148742484323,1.8577951547694354,3.4592031718044294,0.12556565455463764,-0.12556565455463764,-0.033440312785849836,-0.06226565709247973,0.16,0.16,0.7931038064606679,0.3635550553174914,0.9096976530835483,0.0,0.0
S2_collaborative_none_i1,1.5,plan_generated,1,1,,7,0.07998300000326708,hold_and_refine,2.5,165.56941948252197,165.56941948252197,5.5,0.013700574460027148,5.486710227258226,0.9921069337309532,1.5423547147106347,2.86746509385497,0.11199002160682149,-0.11199002160682149,-0.027762384864791424,-0.05161437168938946,0.16,0.16,0.7073567428690006,0.40385109841191896,0.8206178752107745,0.04029604309442758,-0.08907977787277388
S2_collaborative_none_i1,2.0,plan_generated,1,1,,7,0.0679043999989517,hold_and_refine;state_update_rejected,2.5,165.56941948252197,165.56941948252197,5.5,0.013700574460027148,5.486710227258226,0.9921069337309532,1.2399268161970947,1.958798696306621,0.09388771264655726,-0.09388771264655726,-0.022318682691547704,-0.035258376533519174,0.16,0.16,0.6074470429637181,0.40385109841191896,0.8206178752107745,0.0,0.0
S2_collaborative_none_i1,2.5,plan_generated,1,1,,7,0.06442880001850426,hold_and_refine,2.5,165.18211711157352,165.18211711157352,5.5,0.013700574460027148,5.84744722643195,1.1994953377880488,0.9479515830703991,1.7074472726637897,0.07847976850876595,-0.07847976850876595,-0.017063128495267182,-0.030734050907948212,0.16,0.16,0.5077587041937066,0.43254016292660874,0.7594460225007311,0.028689064514689777,-0.06117185271004333
S2_collaborative_none_i1,3.0,plan_generated,1,1,,7,0.055522600014228374,hold_and_refine,2.5,164.99248544400137,164.99248544400137,5.5,1.2664375778011498,6.068456359036344,1.3495590417382881,0.7025220755471918,1.2371629838548681,0.05742555473785399,-0.05742555473785399,-0.012645397359849452,-0.022268933709387623,0.16,0.16,0.4194079321907984,0.452767540800978,0.7135232100971045,0.020227377874369235,-0.04592281240362661
S2_collaborative_none_i1,3.5,plan_generated,1,1,,7,0.04264609998790547,hold_and_refine,2.5,164.91056417184268,164.91056417184268,5.5,1.3253593921546232,6.1947419281254215,1.454279144647054,0.49280074840985855,0.8464921644830473,0.04070517959895133,-0.04070517959895133,-0.008870413471377453,-0.01523685896069485,0.16,0.16,0.3482210049289201,0.46642108616076,0.6798440051365046,0.013653545359782027,-0.03367920496059995
S2_collaborative_none_i1,4.0,plan_generated,1,1,,7,0.03654230001848191,hold_and_refine,2.5,164.87862155537292,164.87862155537292,5.5,1.35661313505185,6.262787545114446,1.525993367316186,0.31937989187770915,0.5327814148023697,0.0293420068234534,-0.0293420068234534,-0.005748838053798764,-0.009590065466442654,0.16,0.16,0.2951350058544195,0.4758855651147835,0.6549392169504645,0.009464478954023525,-0.024904788186040028
S2_collaborative_none_i1,4.5,plan_generated,1,1,,7,0.025039599975571036,hold_and_refine,2.5,164.86813812819008,164.86813812819008,5.499999999999999,1.3719347299178741,6.296619362540793,1.5731027878156412,0.18274255484666652,0.2937120399790169,0.02202612454882302,-0.02202612454882302,-0.003289365987239997,-0.005286816719622304,0.16,0.16,0.258127902781361,0.48287451657000113,0.6360432325806381,0.006988951455217607,-0.018895984369826424
S2_collaborative_none_i1,5.0,plan_generated,1,1,,7,0.021220299997366965,hold_and_refine,2.5,164.86607707328824,164.86607707328824,5.499999999999997,1.378364417725673,6.310856347817048,1.585790784416992,0.0831761202415526,0.1271344502909798,0.017318208139865482,-0.017318208139865482,-0.0014971701643479469,-0.0022884201052376365,0.16,0.16,0.23385910304711574,0.4883706629749099,0.6211515725974415,0.005496146404908753,-0.014891659983196637
S2_collaborative_prepare_i1,0.0,plan_generated,1,1,,102,0.1053966999752447,new_joint_plan,2.5,166.53652451678772,166.53652451678772,5.5,0.2907757093069394,4.75308036624281,0.6714148742484323,2.2177137500000215,3.3838371684029735,0.10369562480164989,-0.10369562480164989,-0.03991884750000038,-0.06090906903125352,0.16,0.16,0.7483587111627374,0.3635550553174914,0.9096976530835483,0.030221721984158068,-0.09030234691645167
S2_collaborative_prepare_i1,0.5,plan_generated,1,1,,7,0.09291020000819117,hold_and_refine;state_update_rejected,2.5,166.53652451678772,166.53652451678772,5.5,0.2907757093069394,4.75308036624281,0.6714148742484323,2.1864372574097817,3.4592031718044294,0.12021225565457669,-0.12021225565457669,-0.03935587063337607,-0.06226565709247973,0.16,0.16,0.7592904117055503,0.3635550553174914,0.9096976530835483,0.0,0.0
S2_collaborative_prepare_i1,1.0,plan_generated,1,1,,7,0.10797150002326816,hold_and_refine;state_update_rejected,2.5,166.53652451678772,166.53652451678772,5.5,0.2907757093069394,4.75308036624281,0.6714148742484323,1.8577951547694354,3.4592031718044294,0.12556565455463764,-0.12556565455463764,-0.033440312785849836,-0.06226565709247973,0.16,0.16,0.7931038064606679,0.3635550553174914,0.9096976530835483,0.0,0.0
S2_collaborative_prepare_i1,1.5,plan_generated,1,1,,7,0.1047651000553742,hold_and_refine,2.5,165.56859076818347,165.56859076818347,5.5,0.01357419552341188,5.486991550848058,0.9922308515165215,1.5423547147106258,2.8674650938549524,0.11205908113502476,-0.11205908113502476,-0.02776238486479126,-0.05161437168938914,0.16,0.16,0.7077929399715017,0.4038856281760207,0.820583345446673,0.04033057285852931,-0.08911430763687533
S2_collaborative_prepare_i1,2.0,plan_generated,1,1,,7,0.0839896000106819,hold_and_refine;state_update_rejected,2.5,165.56859076818347,165.56859076818347,5.5,0.01357419552341188,5.486991550848058,0.9922308515165215,1.2402744317368521,1.9564858674527823,0.09496579413639998,-0.09496579413639998,-0.022324939771263336,-0.03521674561415008,0.16,0.16,0.6144578461180932,0.4038856281760207,0.820583345446673,0.0,0.0
S2_collaborative_prepare_i1,2.5,plan_generated,1,1,,7,0.06601190002402291,hold_and_refine,2.5,165.16380018884158,165.16380018884158,5.5,0.01357419552341188,5.855308030109581,1.2040052048224625,0.9479559234617609,1.7074363245805941,0.08107103762136925,-0.08107103762136925,-0.017063206622311696,-0.03073385384245069,0.16,0.16,0.5245545052551892,0.43387011553466936,0.7581162329511897,0.02998448735864867,-0.06246711249548331
S2_collaborative_prepare_i1,3.0,plan_generated,1,1,,7,0.05515739996917546,hold_and_refine,2.5,164.9620712064608,164.9620712064608,5.5,1.2731683897822128,6.082451138048481,1.3582593844708297,0.7026653114431093,1.2368388496581983,0.0600221930025903,-0.0600221930025903,-0.012647975605975966,-0.02226309929384757,0.16,0.16,0.44061378585457855,0.4553878736553032,0.7109086569393612,0.021517758120633834,-0.047207576011828456
S2_collaborative_prepare_i1,3.5,plan_generated,1,1,,7,0.048717300000134856,hold_and_refine,2.5,164.87617229976578,164.87617229976578,5.5,1.3333170420840732,6.211253685608438,1.4650121658077873,0.49303579226684474,0.8459767175039615,0.0420614918956605,-0.0420614918956605,-0.008874644260803205,-0.015227580915071306,0.16,0.16,0.36549077494350246,0.4697043581044553,0.6765768512784804,0.014316484449152123,-0.03433180566088079
S2_collaborative_prepare_i1,4.0,plan_generated,1,1,,7,0.03751090000150725,hold_and_refine,2.5,164.84364826558212,164.84364826558212,5.5,1.3648264741576979,6.279779029978454,1.5371814517809543,0.31961530247606607,0.5322841765521287,0.029723620764120762,-0.029723620764120762,-0.005753075444569189,-0.009581115177938315,0.16,0.16,0.3070043273926262,0.47934110897370885,0.6515118684972231,0.00963675086925353,-0.02506498278125735
S2_collaborative_prepare_i1,4.5,plan_generated,1,1,,7,0.02860949997557327,hold_and_refine,2.5,164.83329469685526,164.83329469685526,5.499999999999999,1.3800972766776303,6.3134546496157045,1.5840301739899028,0.18292811755187705,0.2933427687196907,0.021890875508063845,-0.021890875508063845,-0.0032927061159337867,-0.005280169836954432,0.16,0.16,0.26571782590490467,0.4862434881249053,0.6327142508767362,0.006902379151196458,-0.01879761762048693
S2_collaborative_prepare_i1,5.0,plan_generated,1,1,,7,0.01966220000758767,hold_and_refine,2.5,164.83131108558544,164.83131108558544,5.499999999999997,1.3864454516158329,6.327490857765366,1.59605800923135,0.08329639252605771,0.12691937305771883,0.01694103005239144,-0.01694103005239144,-0.0014993350654690387,-0.0022845487150389386,0.16,0.16,0.23842669092536237,0.491533118177742,0.6180397474860071,0.005289630052836669,-0.014674503390729066
S2_collaborative_prepare_i2,0.0,plan_generated,1,1,,102,0.13090640003792942,new_joint_plan;state_update_rejected,2.0,161.0562499999998,161.0562499999998,5.0,0.0062500000002625455,7.8781249999999945,2.0,-8.334292964654223,3.221349391820648,-0.08225678236809253,0.08225678236809253,0.072,-0.057984289052771656,0.16,0.16,0.5936371930361336,0.6666666666666666,0.3333333333333333,0.0,0.0
S2_collaborative_prepare_i2,0.5,plan_generated,1,1,,7,0.0998686000239104,hold_and_refine;state_update_rejected,2.0,161.0562499999998,161.0562499999998,5.0,0.0062500000002625455,7.8781249999999945,2.0,-8.334292964654232,3.0538199377266992,-0.08559159765520559,0.08559159765520559,0.072,-0.054968758879080586,0.16,0.16,0.6177041493325387,0.6666666666666666,0.3333333333333333,0.0,0.0
S2_collaborative_prepare_i2,1.0,plan_generated,1,1,,7,0.09042820002650842,hold_and_refine;state_update_rejected,2.0,161.0562499999998,161.0562499999998,5.0,0.0062500000002625455,7.8781249999999945,2.0,-3.030960419827828,2.459482386631831,-0.09219052759977192,0.09219052759977192,0.054557287556900896,-0.044270682959372955,0.16,0.16,0.6653278240807743,0.6666666666666666,0.3333333333333333,0.0,0.0
S2_collaborative_prepare_i2,1.5,plan_generated,1,1,,103,0.12662850000197068,invalid_plan_replaced,2.5,168.55867320112034,168.55867320112034,5.5,0.18265501405558737,8.290646653456005,2.125,1.5969570556381227,2.4752858357093515,-0.10153876177127871,0.10153876177127871,-0.02874522700148621,-0.04455514504276832,0.16,0.16,0.7327928930228631,0.5981913389469509,0.35915847503092185,-0.06847532771971576,0.02582514169758854
S2_collaborative_prepare_i2,2.0,plan_generated,1,1,,103,0.12256350001553074,invalid_plan_replaced;state_update_rejected,2.5,162.04959184695127,162.04959184695127,5.5,0.0034101607942185197,7.991869345489346,1.0,1.0650417413580184,1.782593456991098,-0.1087886063506221,0.1087886063506221,-0.01917075134444433,-0.03208668222583976,0.16,0.16,0.7851141395161987,1.0,0.6666666666666666,0.0,0.0
S2_collaborative_prepare_i2,2.5,plan_generated,1,1,,103,0.12394179997500032,invalid_plan_replaced,3.0,166.90414085814263,166.90414085814263,6.0,0.8567185582549097,6.737075029769824,1.125,1.3160512500000265,2.1678802331272644,-0.09545913533318723,0.09545913533318723,-0.023688922500000476,-0.039021844196290754,0.16,0.16,0.688916968515307,0.9354259710834062,0.6895519789017815,-0.0645740289165938,0.02288531223511492
S2_collaborative_prepare_i2,3.0,plan_generated,1,1,,7,0.061281199974473566,hold_and_refine,3.0,167.529621690396,167.529621690396,6.0,0.8591948456805607,6.661932456267249,1.3187220867497813,1.014770544565117,1.6604326095396955,-0.06536266581454334,0.06536266581454334,-0.018265869802172104,-0.029887786971714517,0.16,0.16,0.5853664239076084,0.8889345734196314,0.7017730024919817,-0.04649139766377475,0.012221023590200164
S2_collaborative_prepare_i2,3.5,plan_generated,1,1,,7,0.05839010002091527,hold_and_refine,3.0,167.83554910638028,167.83554910638028,6.0,1.5688841391835942,6.638017864816516,1.4284561206927067,0.7516757535573142,1.216865457231261,-0.04284500611174108,0.04284500611174108,-0.013530163564031654,-0.021903578230162694,0.16,0.16,0.4827620287301027,0.8563023157146469,0.7066295324128351,-0.03263225770498457,0.004856529920853392
S2_collaborative_prepare_i2,4.0,plan_generated,1,1,,7,0.05315269995480776,hold_and_refine,3.0,167.9757014343405,167.9757014343405,6.0,1.5669092852589666,6.633860302815816,1.4250532345399636,0.5289978177196182,0.8407201739100804,-0.028632458777298097,0.028632458777298097,-0.009521960718953126,-0.015132963130381444,0.16,0.16,0.394974640524978,0.8329435943879481,0.7077262439769908,-0.023358721326698806,0.0010967115641556946
S2_collaborative_prepare_i2,4.5,plan_generated,1,1,,7,0.03692399995634332,hold_and_refine,3.0,168.0341340207601,168.0341340207601,6.0,1.5674560736557401,6.635041114365532,1.4262899380573533,0.3456595557176231,0.5340364799257986,-0.0200754099314865,0.0200754099314865,-0.006221872002917215,-0.009612656638664374,0.16,0.16,0.32733281086562366,0.8156302354488065,0.707295810671586,-0.017313358939141543,-0.0004304333054048204
S2_collaborative_prepare_i2,5.0,plan_generated,1,1,,7,0.027312299993354827,hold_and_refine,3.0,168.05413286531086,168.05413286531086,5.999999999999999,1.5681764771497937,6.636633810096083,1.4285099889423125,0.20098684364360225,0.29750006931517053,-0.014891060527593689,0.014891060527593689,-0.0036177631855848404,-0.005355001247673069,0.16,0.16,0.2788086121035663,0.8022976724149732,0.7064054738261736,-0.013332563033833345,-0.0008903368454123983
S2_collaborative_prepare_i2,5.5,plan_generated,1,1,,7,0.01924180000787601,hold_and_refine,3.0,168.05814833767514,168.05814833767514,5.999999999999997,1.5685944408277601,6.637569739732624,1.4302204304694897,0.09457952690520957,0.13074511067138406,-0.011690444400978203,0.011690444400978203,-0.001702431484293772,-0.002353411992084913,0.16,0.16,0.24624469226420262,0.7915897461102623,0.7054227462400109,-0.010707926304710846,-0.0009827275861626905
S2_short_window_none_i0,0.0,plan_generated,1,0,finite_search_no_valid_plan,96,0.046007299970369786,continue_bounded_preparation,,,,,-1.8906249999997424,,,0.0,0.0,0.0,0.0,,,0.0,0.0,0.0,,,,
S2_short_window_none_i0,0.5,plan_generated,1,0,finite_search_no_valid_plan,96,0.04373639996629208,continue_bounded_preparation,,,,,-0.42745817805354225,,,0.0,0.0,0.0,0.0,,,0.0,0.0,0.0,,,,
S2_short_window_none_i0,1.0,plan_generated,1,0,finite_search_no_valid_plan,96,0.04559220001101494,continue_bounded_preparation,,,,,-0.35282296647151545,,,0.0,0.0,0.0,0.0,,,0.0,0.0,0.0,,,,
S2_short_window_none_i0,1.5,plan_generated,1,1,,102,0.11089480004739016,new_joint_plan,3.5,167.2176328486573,167.2176328486573,6.5,0.18376299574735278,4.331887587398524,1.1776800904171472,2.2555681655643034,-500.5222320380068,-0.06785316663127385,0.06785316663127385,-0.04060022698015746,0.072,0.16,0.16,0.48968805024918105,0.9407733031942843,0.7312599166489702,-0.059226696805715684,0.06459324998230354
S2_short_window_none_i0,2.0,plan_generated,1,1,,7,0.0885439999983646,hold_and_refine,3.5,168.72819688568774,168.72819688568774,6.5,0.2206848214549728,4.421378661807705,1.3026800904171472,2.0149944625838927,3.5465659296331844,-0.05414782888321494,0.05414782888321494,-0.03626990032651006,-0.06383818673339732,0.16,0.16,0.553252931651046,0.8908605720734504,0.7205646583906872,-0.04991273112083394,-0.010695258258282991
S2_short_window_none_i0,2.5,plan_generated,1,1,,7,0.0827844999730587,hold_and_refine,3.5,169.82749706218704,169.82749706218704,6.5,0.2349512651148986,4.456384459304229,1.4005238467996377,1.6362396545042996,2.8619339321029953,-0.05345824849470392,0.05345824849470392,-0.02945231378107739,-0.051514810777853914,0.16,0.16,0.6553294196015695,0.8449509880751924,0.7157718599819867,-0.04590958399825795,-0.004792798408700505
S2_short_window_none_i0,3.0,plan_generated,1,1,,7,0.06757989997277036,hold_and_refine,3.5,169.69789879189602,169.69789879189602,6.5,0.23816896764533002,4.46440655721288,1.4049384370016793,-9.711053535697474,2.252976980329746,-0.04944455593791678,0.04944455593791678,0.072,-0.040553585645935426,0.16,0.16,0.7827868968541072,0.852003955165858,0.7144911702481215,0.007052967090665607,-0.0012806897338651924
S2_short_window_none_i0,3.5,plan_generated,1,1,,7,0.05856039997888729,hold_and_refine,3.5,169.82072994352566,169.82072994352566,6.5,0.23992005372817093,4.468850306427908,1.407780641737641,-1.7215936695229035,1.7180172953047619,-0.04066585414859177,0.04066585414859177,0.03098868605141226,-0.03092431131548571,0.16,0.16,0.6070310183725718,0.842905351341439,0.7136460123026895,-0.009098603824419071,-0.0008451579454319402
S2_short_window_none_i0,4.0,plan_generated,1,1,,7,0.052622899995185435,hold_and_refine,3.5,169.9239634945578,169.9239634945578,6.5,0.24352665848395016,4.478172048448141,1.4148703511760652,-0.8936226305025033,1.2559046408027708,-0.02967931138914709,0.02967931138914709,0.016085207349045057,-0.02260628353444987,0.16,0.16,0.4695958812565606,0.8318937725646808,0.7114733581316166,-0.01101157877675818,-0.0021726541710729297
S2_short_window_none_i0,4.5,plan_generated,1,1,,7,0.04339579999214038,hold_and_refine,3.5,169.9898722157997,169.9898722157997,6.5,0.24681643997035874,4.486830840451046,1.422942747125679,-0.4543900659355678,0.8663468328915017,-0.021829657208510055,0.021829657208510055,0.00817902118684022,-0.015594242992047029,0.16,0.16,0.3693908902908255,0.8209089856910224,0.7088992783747952,-0.010984786873658337,-0.0025740797568214457
S2_short_window_none_i0,5.0,plan_generated,1,1,,7,0.03309109999099746,hold_and_refine;state_update_rejected,3.5,169.9898722157997,169.9898722157997,6.5,0.24681643997035874,4.486830840451046,1.422942747125679,-0.14679307249615178,0.5496370181592565,-0.01659838640823718,0.01659838640823718,0.002642275304930732,-0.009893466326866615,0.16,0.16,0.3009819485705227,0.8209089856910224,0.7088992783747952,0.0,0.0
S2_short_window_none_i0,5.5,plan_generated,1,1,,7,0.026423599978443235,hold_and_refine;state_update_rejected,3.5,169.9898722157997,169.9898722157997,6.499999999999999,0.24681643997035874,4.486830840451046,1.422942747125679,0.12023503836537042,0.30592089380907045,-0.014177473773017037,0.014177473773017037,-0.0021642306905766675,-0.005506576088563268,0.16,0.16,0.25708304271627924,0.8209089856910224,0.7088992783747952,0.0,0.0
S2_short_window_none_i0,6.0,plan_generated,1,1,,7,0.018871799984481186,hold_and_refine,3.5,169.99411292540606,169.99411292540606,6.499999999999997,0.24699151118553697,4.487300426653246,1.4239226346920413,0.09395482552722925,0.1341535829097794,-0.012716841184174975,0.012716841184174975,-0.0016911868594901263,-0.002414764492376029,0.16,0.16,0.23059709209898785,0.8096004267407347,0.7083791224936963,-0.011308558950287706,-0.0005201558810988827
S2_short_window_none_i1,0.0,plan_generated,1,0,finite_search_no_valid_plan,96,0.043636899965349585,continue_bounded_preparation,,,,,-2.326718749999803,,,0.0,0.0,0.0,0.0,,,0.0,0.0,0.0,,,,
S2_short_window_none_i1,0.5,plan_generated,1,0,finite_search_no_valid_plan,96,0.0415635000099428,continue_bounded_preparation,,,,,-0.8189062499997801,,,0.0,0.0,0.0,0.0,,,0.0,0.0,0.0,,,,
S2_short_window_none_i1,1.0,plan_generated,1,0,finite_search_no_valid_plan,96,0.04204929998377338,continue_bounded_preparation,,,,,-0.6803720318372264,,,0.0,0.0,0.0,0.0,,,0.0,0.0,0.0,,,,
S2_short_window_none_i1,1.5,plan_generated,1,0,finite_search_no_valid_plan,96,0.04099579999456182,continue_bounded_preparation,,,,,-0.6800919534740579,,,0.0,0.0,0.0,0.0,,,0.0,0.0,0.0,,,,
S2_short_window_none_i1,2.0,plan_generated,1,0,finite_search_no_valid_plan,96,0.04209539998555556,continue_bounded_preparation,,,,,-0.1887500000003266,,,0.0,0.0,0.0,0.0,,,0.0,0.0,0.0,,,,
S2_short_window_none_i1,2.5,plan_generated,1,0,finite_search_no_valid_plan,96,0.04570590000366792,continue_bounded_preparation,,,,,-0.21160205075495941,,,0.0,0.0,0.0,0.0,,,0.0,0.0,0.0,,,,
S2_short_window_none_i1,3.0,plan_generated,1,0,finite_search_no_valid_plan,96,0.04394740000134334,continue_bounded_preparation,,,,,-0.21160205075495941,,,0.0,0.0,0.0,0.0,,,0.0,0.0,0.0,,,,
S2_short_window_none_i1,3.5,plan_generated,1,0,finite_search_no_valid_plan,96,0.0400313000427559,continue_bounded_preparation,,,,,-0.21160205075495941,,,0.0,0.0,0.0,0.0,,,0.0,0.0,0.0,,,,
S2_short_window_none_i1,4.0,plan_generated,1,0,finite_search_no_valid_plan,96,0.04162740003084764,continue_bounded_preparation,,,,,-0.21160205075495941,,,0.0,0.0,0.0,0.0,,,0.0,0.0,0.0,,,,
S2_short_window_none_i1,4.5,plan_generated,1,0,finite_search_no_valid_plan,96,0.04957550001563504,continue_bounded_preparation,,,,,-0.21160205075495941,,,0.0,0.0,0.0,0.0,,,0.0,0.0,0.0,,,,
S2_short_window_none_i1,5.0,plan_generated,1,0,finite_search_no_valid_plan,96,0.04438340000342578,continue_bounded_preparation,,,,,-0.06300660488542853,,,0.0,0.0,0.0,0.0,,,0.0,0.0,0.0,,,,
S2_short_window_none_i1,5.5,plan_generated,1,0,finite_search_no_valid_plan,96,0.05009319999953732,continue_bounded_preparation,,,,,-0.07733961392507993,,,0.0,0.0,0.0,0.0,,,0.0,0.0,0.0,,,,
S2_short_window_none_i1,6.0,plan_generated,1,0,finite_search_no_valid_plan,96,0.0514467999455519,continue_bounded_preparation,,,,,-0.08547079534394797,,,0.0,0.0,0.0,0.0,,,0.0,0.0,0.0,,,,
S2_short_window_none_i1,6.5,plan_generated,1,0,finite_search_no_valid_plan,96,0.043559699959587306,continue_bounded_preparation,,,,,-0.09055561890931241,,,0.0,0.0,0.0,0.0,,,0.0,0.0,0.0,,,,
S2_short_window_none_i1,7.0,plan_generated,1,0,finite_search_no_valid_plan,96,0.04337949998443946,continue_bounded_preparation,,,,,-0.06328960227019209,,,0.0,0.0,0.0,0.0,,,0.0,0.0,0.0,,,,
S2_short_window_none_i1,7.5,plan_generated,1,0,finite_search_no_valid_plan,96,0.04547479999018833,continue_bounded_preparation,,,,,-0.17119261148242604,,,0.0,0.0,0.0,0.0,,,0.0,0.0,0.0,,,,
S2_short_window_none_i2,0.0,plan_generated,1,0,finite_search_no_valid_plan,96,0.04193120001582429,continue_bounded_preparation,,,,,-2.3906249999997424,,,0.0,0.0,0.0,0.0,,,0.0,0.0,0.0,,,,
S2_short_window_none_i2,0.5,plan_generated,1,0,finite_search_no_valid_plan,96,0.0436477999901399,continue_bounded_preparation,,,,,-0.48437499999992006,,,0.0,0.0,0.0,0.0,,,0.0,0.0,0.0,,,,
S2_short_window_none_i2,1.0,plan_generated,1,1,,102,0.1102742999792099,new_joint_plan,3.5,164.07779064591662,164.07779064591662,6.5,0.010800469993083261,3.9302325379577328,1.17479729259738,2.8097046743296845,-661.3984328395862,-0.05595684426031894,0.05595684426031894,-0.05057468413793432,0.072,0.16,0.16,0.40383373870871375,0.9417342358008733,0.7253117554634928,-0.05826576419912666,0.05864508879682617
S2_short_window_none_i2,1.5,plan_generated,1,1,,7,0.09983660001307726,hold_and_refine,3.5,165.90280162516405,165.90280162516405,6.5,0.08483717351544584,4.112229203261433,1.29979729259738,2.421305858417744,7.640779162977218,-0.04461733968141223,0.04461733968141223,-0.043583505451519386,-0.072,0.16,0.16,0.44353064193781067,0.8929251420554032,0.705817931260491,-0.048809093745470156,-0.01949382420300183
S2_short_window_none_i2,2.0,plan_generated,1,1,,7,0.10605930001474917,hold_and_refine,3.5,167.26811458162496,167.26811458162496,6.5,0.1494764493740286,4.271271491596207,1.4462245738337902,2.00639614802739,4.4798104987311635,-0.04500109745614912,0.04500109745614912,-0.03611513066449302,-0.072,0.16,0.16,0.5071860220789255,0.8479024022848051,0.6866719365384816,-0.04502273977059812,-0.019145994722009396
S2_short_window_none_i2,2.5,plan_generated,1,1,,7,0.08075329998973757,hold_and_refine,3.5,168.28659700672614,168.28659700672614,6.5,0.17189860588173644,4.326838652644125,1.4981342610917059,1.6292933184493459,2.855413927892438,-0.047106470915906536,0.047106470915906536,-0.029327279732088225,-0.05139745070206388,0.16,0.16,0.6068700542043811,0.8054460149493836,0.6790330711530951,-0.04245638733542145,-0.007638865385386495
S2_short_window_none_i2,3.0,plan_generated,1,1,,7,0.06925579998642206,hold_and_refine,3.5,169.00957424968922,169.00957424968922,6.5,0.17674544738172937,4.33901422683324,1.5048883917315572,1.2916800923481453,2.245514304048111,-0.04738669878284553,0.04738669878284553,-0.023250241662266614,-0.040419257472865996,0.16,0.16,0.7657230678921703,0.7661003146520806,0.67708452723886,-0.039345700297303,-0.0019485439142350458
S2_short_window_none_i2,3.5,plan_generated,1,1,,7,0.060665199998766184,hold_and_refine,3.5,169.37156411514462,169.37156411514462,6.5,0.19069990794761527,4.374594759501588,1.5277913098582587,0.9934863095517956,1.7108623310440214,-0.028084371497170704,0.028084371497170704,-0.01788275357193232,-0.03079552195879238,0.16,0.16,0.6359212001534881,0.7392862505442687,0.6703122757901383,-0.026814064107811952,-0.006772251448721733
S2_short_window_none_i2,4.0,plan_generated,1,1,,7,0.052102799993008375,hold_and_refine,3.5,169.54639014014214,169.54639014014214,6.5,0.20442599115634863,4.410094526909245,1.5549074760189803,0.735558629183614,1.2480270189988907,-0.01666330083538519,0.01666330083538519,-0.01324005532530505,-0.02246448634198003,0.16,0.16,0.4844064158690162,0.7206381412112022,0.6620491848305198,-0.018648109333066487,-0.008263090959618524
S2_short_window_none_i2,4.5,plan_generated,1,1,,7,0.047001399972941726,hold_and_refine,3.5,169.62901722405678,169.62901722405678,6.5,0.21408651810491097,4.4354247385733006,1.578570936335713,0.5168287412666435,0.8584346681782266,-0.011033062549970328,0.011033062549970328,-0.009302917342799581,-0.015451824027208077,0.16,0.16,0.37676060514522136,0.7068669605587612,0.6545434106132567,-0.013771180652440984,-0.0075057742172630615
S2_short_window_none_i2,5.0,plan_generated,1,1,,7,0.04543150000972673,hold_and_refine,3.5,169.6646321646624,169.6646321646624,6.5,0.21985156798979322,4.450714791774726,1.596725033733358,0.33661986107206915,0.5425443269491566,-0.00797732288366237,0.00797732288366237,-0.006059157499297244,-0.009765797885084818,0.16,0.16,0.30468262653236666,0.6963143855644875,0.6484128258276395,-0.010552574994273645,-0.006130584785617232
S2_short_window_none_i2,5.5,plan_generated,1,1,,7,0.03253460000269115,hold_and_refine,3.5,169.6771424992459,169.6771424992459,6.499999999999999,0.2228390516767016,4.4586710283792685,1.608821474889687,0.19457958250482116,0.30008385543769805,-0.006214869770558895,0.006214869770558895,-0.0035024324850867804,-0.005401509397878565,0.16,0.16,0.2590913788625812,0.6879741625088422,0.6436322034073585,-0.008340223055645302,-0.004780622420280989
S2_short_window_none_i2,6.0,plan_generated,1,1,,7,0.020171099982690066,hold_and_refine,3.5,169.67970347570363,169.67970347570363,6.499999999999997,0.22413937397829375,4.462076513101192,1.6107489043172034,0.09049817760156112,0.1302321679026418,-0.005149832286573899,0.005149832286573899,-0.0016289671968281,-0.0023441790222475524,0.16,0.16,0.23180024733117377,0.681144891954597,0.6398859724122627,-0.006829270554245204,-0.003746230995095745
S2_short_window_prepare_i0,0.0,plan_generated,1,0,finite_search_no_valid_plan,96,0.04840109997894615,continue_bounded_preparation,,,,,-1.8906249999997424,,,0.0,0.0,0.0,0.0,,,0.0,0.0,0.0,,,,
S2_short_window_prepare_i0,0.5,plan_generated,1,0,finite_search_no_valid_plan,96,0.048995800025295466,continue_bounded_preparation,,,,,-0.42745817805354225,,,0.0,0.0,0.0,0.0,,,0.0,0.0,0.0,,,,
S2_short_window_prepare_i0,1.0,plan_generated,1,0,finite_search_no_valid_plan,96,0.04499799996847287,continue_bounded_preparation,,,,,-0.35282296647151545,,,0.0,0.0,0.0,0.0,,,0.0,0.0,0.0,,,,
S2_short_window_prepare_i0,1.5,plan_generated,1,1,,102,0.11358669999754056,new_joint_plan,3.5,167.21706158802994,167.21706158802994,6.5,0.18383033581693198,4.332048956560539,1.1776283692195788,2.255568165564339,-500.5222320380068,-0.06781868583289424,0.06781868583289424,-0.0406002269801581,0.072,0.16,0.16,0.4894392065213518,0.9407905435934738,0.7312426762497805,-0.059209456406526195,0.06457600958311382
S2_short_window_prepare_i0,2.0,plan_generated,1,1,,7,0.0879047000198625,hold_and_refine,3.5,168.719054357771,168.719054357771,6.5,0.17398841390073638,4.4239589957367516,1.3026283692195788,2.0149975606836694,3.546556490525662,-0.05357048386524434,0.05357048386524434,-0.036269956092306044,-0.06383801682946191,0.16,0.16,0.5472772692084424,0.8911663708967312,0.7202589683576734,-0.049624172696742574,-0.010983707892107009
S2_short_window_prepare_i0,2.5,plan_generated,1,1,,103,0.12778809998417273,invalid_plan_replaced;state_update_rejected,3.5,166.16210885977978,166.16210885977978,6.5,0.14139124816675697,4.8169670538717755,1.0,1.6028334989156776,2.7286974831754107,-0.08753938643813355,0.08753938643813355,-0.028851002980482196,-0.04911655469715739,0.16,0.16,0.6317611040593885,1.0,0.6666666666666666,0.0,0.0
S2_short_window_prepare_i0,3.0,plan_generated,1,1,,7,0.06798150000395253,hold_and_refine,3.5,167.43104619733168,167.43104619733168,6.5,0.11930323370654783,4.6400978352314555,1.125,1.3160512500000177,2.192946530367948,-0.10602610516105353,0.10602610516105353,-0.023688922500000317,-0.039473037546623055,0.16,0.16,0.7651775044482727,0.930142486169473,0.6946098671405485,-0.06985751383052696,0.02794320047388188
S2_short_window_prepare_i0,3.5,plan_generated,1,1,,7,0.06527599995024502,hold_and_refine,3.5,168.08954304734786,168.08954304734786,6.5,0.17370265713725708,4.564617191614031,1.334572541491581,1.0141064105115118,1.7111836232680384,-0.0704859275865002,0.0704859275865002,-0.01825391538920721,-0.03080130521882469,0.16,0.16,0.6533742478094562,0.881121852250772,0.7088952993872619,-0.04902063391870104,0.014285432246713414
S2_short_window_prepare_i0,4.0,plan_generated,1,1,,7,0.05087829998228699,hold_and_refine,3.5,168.3886719197713,168.3886719197713,6.5,0.2752657563140639,4.548326825958509,1.4165574004377253,0.7508343234873831,1.2539642454039057,-0.04148792310506139,0.04148792310506139,-0.013515017822772896,-0.022571356417270302,0.16,0.16,0.5034455916018381,0.849214772525601,0.7126824203360593,-0.03190707972517104,0.0037871209487974067
S2_short_window_prepare_i0,4.5,plan_generated,1,1,,7,0.04076800000621006,hold_and_refine,3.5,168.5210094473858,168.5210094473858,6.5,0.2758320527973055,4.549811674686805,1.4179385572095402,0.5283620650955485,0.866022590101542,-0.026109844307848868,0.026109844307848868,-0.009510517171719872,-0.015588406621827755,0.16,0.16,0.3923723675660462,0.8271585179231886,0.7122416798163814,-0.02205625460241234,-0.00044074051967790684
S2_short_window_prepare_i0,5.0,plan_generated,1,1,,7,0.033711600000970066,hold_and_refine,3.5,168.57555060198973,168.57555060198973,6.5,0.2774412744899495,4.554105998027507,1.4230342820019701,0.34524476573510177,0.5497875572293105,-0.017834693247253314,0.017834693247253314,-0.006214405783231831,-0.009896176030127588,0.16,0.16,0.315564065722188,0.8109981758183301,0.7105130049864132,-0.016160342104858505,-0.0017286748299681909
S2_short_window_prepare_i0,5.5,plan_generated,1,1,,7,0.027105199988000095,hold_and_refine,3.5,168.5942460681392,168.5942460681392,6.499999999999999,0.2785667276695234,4.557143353024611,1.42783402233115,0.20073810204145098,0.30592312733551424,-0.013204020604410059,0.013204020604410059,-0.003613285836746117,-0.005506616292039256,0.16,0.16,0.26581031080120043,0.7985345317186604,0.7086776031027073,-0.012463644099669713,-0.0018354018837059005
S2_short_window_prepare_i0,6.0,plan_generated,1,1,,7,0.01788290002150461,hold_and_refine,3.5,168.59803041046803,168.59803041046803,6.499999999999997,0.2791159963773895,4.558613246738912,1.4308971704626403,0.09444518278235439,0.13408237065723128,-0.010497800479859341,0.010497800479859341,-0.001700013290082379,-0.002413482671830163,0.16,0.16,0.2355377006730669,0.7884429521750962,0.7070503411819002,-0.01009157954356421,-0.0016272619208070882
S2_short_window_prepare_i1,0.0,plan_generated,1,0,finite_search_no_valid_plan,96,0.04513829998904839,continue_bounded_preparation,,,,,-2.326718749999803,,,0.0,0.0,0.0,0.0,,,0.0,0.0,0.0,,,,
S2_short_window_prepare_i1,0.5,plan_generated,1,0,finite_search_no_valid_plan,96,0.044443099992349744,continue_bounded_preparation,,,,,-0.8189062499997801,,,0.0,0.0,0.0,0.0,,,0.0,0.0,0.0,,,,
S2_short_window_prepare_i1,1.0,plan_generated,1,0,finite_search_no_valid_plan,96,0.04150540003320202,continue_bounded_preparation,,,,,-0.6803720318372264,,,0.0,0.0,0.0,0.0,,,0.0,0.0,0.0,,,,
S2_short_window_prepare_i1,1.5,plan_generated,1,0,finite_search_no_valid_plan,96,0.043124200019519776,continue_bounded_preparation,,,,,-0.6800919534740579,,,0.0,0.0,0.0,0.0,,,0.0,0.0,0.0,,,,
S2_short_window_prepare_i1,2.0,plan_generated,1,0,finite_search_no_valid_plan,96,0.042799699993338436,continue_bounded_preparation,,,,,-0.1887500000003266,,,0.0,0.0,0.0,0.0,,,0.0,0.0,0.0,,,,
S2_short_window_prepare_i1,2.5,plan_generated,1,0,finite_search_no_valid_plan,96,0.041116900043562055,continue_bounded_preparation,,,,,-0.21160205075495941,,,0.0,0.0,0.0,0.0,,,0.0,0.0,0.0,,,,
S2_short_window_prepare_i1,3.0,plan_generated,1,0,finite_search_no_valid_plan,96,0.04221519996644929,continue_bounded_preparation,,,,,-0.21160205075495941,,,0.0,0.0,0.0,0.0,,,0.0,0.0,0.0,,,,
S2_short_window_prepare_i1,3.5,plan_generated,1,0,finite_search_no_valid_plan,96,0.043813300027977675,continue_bounded_preparation,,,,,-0.21160205075495941,,,0.0,0.0,0.0,0.0,,,0.0,0.0,0.0,,,,
S2_short_window_prepare_i1,4.0,plan_generated,1,0,finite_search_no_valid_plan,96,0.044502100034151226,continue_bounded_preparation,,,,,-0.21160205075495941,,,0.0,0.0,0.0,0.0,,,0.0,0.0,0.0,,,,
S2_short_window_prepare_i1,4.5,plan_generated,1,0,finite_search_no_valid_plan,96,0.04141080001136288,continue_bounded_preparation,,,,,-0.21160205075495941,,,0.0,0.0,0.0,0.0,,,0.0,0.0,0.0,,,,
S2_short_window_prepare_i1,5.0,plan_generated,1,0,finite_search_no_valid_plan,96,0.04833289998350665,continue_bounded_preparation,,,,,-0.06300660488542853,,,0.0,0.0,0.0,0.0,,,0.0,0.0,0.0,,,,
S2_short_window_prepare_i1,5.5,plan_generated,1,0,finite_search_no_valid_plan,96,0.052972700039390475,continue_bounded_preparation,,,,,-0.07733961392507993,,,0.0,0.0,0.0,0.0,,,0.0,0.0,0.0,,,,
S2_short_window_prepare_i1,6.0,plan_generated,1,0,finite_search_no_valid_plan,96,0.044146500003989786,continue_bounded_preparation,,,,,-0.08547079534394797,,,0.0,0.0,0.0,0.0,,,0.0,0.0,0.0,,,,
S2_short_window_prepare_i1,6.5,plan_generated,1,0,finite_search_no_valid_plan,96,0.043974800035357475,continue_bounded_preparation,,,,,-0.09055561890931241,,,0.0,0.0,0.0,0.0,,,0.0,0.0,0.0,,,,
S2_short_window_prepare_i1,7.0,plan_generated,1,0,finite_search_no_valid_plan,96,0.047046400024555624,continue_bounded_preparation,,,,,-0.06328960227019209,,,0.0,0.0,0.0,0.0,,,0.0,0.0,0.0,,,,
S2_short_window_prepare_i1,7.5,plan_generated,1,0,finite_search_no_valid_plan,96,0.04422699997667223,continue_bounded_preparation,,,,,-0.17119261148242604,,,0.0,0.0,0.0,0.0,,,0.0,0.0,0.0,,,,
S2_short_window_prepare_i2,0.0,plan_generated,1,0,finite_search_no_valid_plan,96,0.04509229998802766,continue_bounded_preparation,,,,,-2.3906249999997424,,,0.0,0.0,0.0,0.0,,,0.0,0.0,0.0,,,,
S2_short_window_prepare_i2,0.5,plan_generated,1,0,finite_search_no_valid_plan,96,0.04258920002030209,continue_bounded_preparation,,,,,-0.48437499999992006,,,0.0,0.0,0.0,0.0,,,0.0,0.0,0.0,,,,
S2_short_window_prepare_i2,1.0,plan_generated,1,1,,102,0.11940429999958724,new_joint_plan,3.5,164.07779064591662,164.07779064591662,6.5,0.010800469993083261,3.9302325379577328,1.17479729259738,2.8097046743296845,-661.3984328395862,-0.05595684426031894,0.05595684426031894,-0.05057468413793432,0.072,0.16,0.16,0.40383373870871375,0.9417342358008733,0.7253117554634928,-0.05826576419912666,0.05864508879682617
S2_short_window_prepare_i2,1.5,plan_generated,1,1,,7,0.09388250001939014,hold_and_refine,3.5,165.90241490088775,165.90241490088775,6.5,0.08487762129733323,4.112327866103482,1.29979729259738,2.4213058584177616,7.6407791629772,-0.044596295609641824,0.044596295609641824,-0.043583505451519705,-0.072,0.16,0.16,0.4433214476934214,0.8929356640912882,0.7058074092246057,-0.048798571709585126,-0.019504346238887083
S2_short_window_prepare_i2,2.0,plan_generated,1,1,,7,0.0891505999607034,hold_and_refine,3.5,167.2609481528658,167.2609481528658,6.5,0.1502958650516364,4.27327339429051,1.4461930077261353,2.0063980388372276,4.478757741812181,-0.04454447008218522,0.04454447008218522,-0.03611516469907009,-0.072,0.16,0.16,0.5019897911274611,0.8481411683802041,0.6864331849919015,-0.04479449571108407,-0.019374224232704185
S2_short_window_prepare_i2,2.5,plan_generated,1,1,,7,0.08067630004370585,hold_and_refine;state_update_rejected,3.5,167.2609481528658,167.2609481528658,6.5,0.03227896716620826,4.27327339429051,1.4555764948593874,-0.9969786490932266,2.8553044316032112,-0.045594766001699184,0.045594766001699184,0.017945615683678078,-0.0513954797688578,0.16,0.16,0.5858114812120496,0.8481411683802041,0.6864331849919015,0.0,0.0
S2_short_window_prepare_i2,3.0,plan_generated,1,1,,7,0.06970300001557916,hold_and_refine,3.5,168.0653427733751,168.0653427733751,6.5,0.030388462142665773,4.25961577640295,1.4643581734728857,1.2978153858962649,2.2482732581964786,-0.055834267374740176,0.055834267374740176,-0.023360676946132766,-0.040468918647536614,0.16,0.16,0.7173708243610071,0.8043029903778667,0.6886243938755681,-0.04383817800233747,0.002191208883666529
S2_short_window_prepare_i2,3.5,plan_generated,1,1,,7,0.06500449997838587,hold_and_refine,3.5,168.50331317513385,168.50331317513385,6.5,0.08478788557337502,4.267486865786634,1.469442711244373,0.998288385890528,1.7144783673471038,-0.03887228311445458,0.03887228311445458,-0.017969190946029504,-0.030860610612247867,0.16,0.16,0.6834696031205565,0.7718607383957353,0.6871212349756669,-0.032442251982131354,-0.001503158899901158
S2_short_window_prepare_i2,4.0,plan_generated,1,1,,7,0.05122809996828437,hold_and_refine,3.5,168.70369886545052,168.70369886545052,6.5,0.15764281618420828,4.292754868068113,1.488816993903657,0.7390669015252442,1.2523356745862901,-0.021727135656141355,0.021727135656141355,-0.013303204227454395,-0.02254204214255322,0.16,0.16,0.5161652096366697,0.7504862647619588,0.6812168118526556,-0.021374473633776536,-0.005904423123011315
S2_short_window_prepare_i2,4.5,plan_generated,1,1,,7,0.049720499955583364,hold_and_refine,3.5,168.79532768268723,168.79532768268723,6.5,0.16573324343706464,4.314157976637245,1.508887298657159,0.519506117949144,0.8623807887403326,-0.013686966308217328,0.013686966308217328,-0.009351110123084592,-0.015522854197325986,0.16,0.16,0.3962130897440612,0.735214795222498,0.67484913341328,-0.015271469539460791,-0.006367678439375579
S2_short_window_prepare_i2,5.0,plan_generated,1,1,,7,0.03464690002147108,hold_and_refine,3.5,168.83408840169483,168.83408840169483,6.5,0.17088216719107674,4.327945058901958,1.5253213958075116,0.338652400817456,0.54574239127906,-0.0095214238005162,0.0095214238005162,-0.006095743214714208,-0.00982336304302308,0.16,0.16,0.3156809927202805,0.7237301377387703,0.6692993707247203,-0.011484657483727734,-0.005549762688559667
S2_short_window_prepare_i2,5.5,plan_generated,1,1,,7,0.025412100018002093,hold_and_refine,3.5,168.84757113996648,168.84757113996648,6.499999999999999,0.17363767503086347,4.335358404505951,1.5370252185187048,0.19605180839656883,0.30239010073835865,-0.007210750433700403,0.007210750433700403,-0.0035289325511382386,-0.005443021813290455,0.16,0.16,0.26484070709321694,0.7147416455576571,0.6648288400691276,-0.008988492181113195,-0.004470530655592775
S2_short_window_prepare_i2,6.0,plan_generated,1,1,,7,0.017649899993557483,hold_and_refine,3.5,168.8503188871913,168.8503188871913,6.499999999999997,0.17486122783519953,4.338596679751686,1.541168589803581,0.09145377674640845,0.1316204830069133,-0.005861067428529165,0.005861067428529165,-0.001646167981435352,-0.0023691686941244394,0.16,0.16,0.23457195256813787,0.7074143196248865,0.6612561587157769,-0.007327325932770523,-0.0035726813533506485
S3_ample_none_i1,0.0,plan_generated,1,1,,102,0.11365699995076284,new_joint_plan,2.5,166.291684430274,166.291684430274,5.5,0.629361202831956,7.634221720670067,1.8085345514338993,-2.1802378320288356,3.6954861530253083,0.07608967032111547,-0.054611426852015615,0.03924428097651904,-0.06651875075445554,0.1862929617989652,0.1337070382010348,0.4716269602267917,0.3893336423154839,0.6007682445300977,0.05600030898215058,-0.06589842213656893
S3_ample_none_i1,0.5,plan_generated,1,1,,7,0.09734520001802593,hold_and_refine,2.5,166.08114514316554,166.08114514316554,5.5,0.19414688643056,7.309876902477652,2.031202556511704,2.101434126071005,3.753007229755073,0.05294791267153982,-0.03792735509150278,-0.037825814269278085,-0.0675541301355913,0.1864460207046928,0.1335539792953072,0.4606694560452511,0.39494802330503737,0.5432213559603098,0.005614380989553469,-0.057546888569787846
S3_ample_none_i1,1.0,plan_generated,1,1,,7,0.08578140003373846,hold_and_refine;state_update_rejected,2.5,166.08114514316554,166.08114514316554,5.5,0.19414688643056,7.309876902477652,2.031202556511704,1.8167992393061998,2.4936337279429024,0.03705013776059784,-0.025967774350269382,-0.03270238630751159,-0.04488540710297224,0.18813768476703904,0.13186231523296096,0.43845199977449656,0.39494802330503737,0.5432213559603098,0.0,0.0
S3_ample_none_i1,1.5,plan_generated,1,1,,7,0.07727010000962764,hold_and_refine,2.5,166.03412614401557,166.03412614401557,5.5,0.08927281695102796,7.2469762255998065,2.1783248190221625,1.5243675524964755,2.6438814787413625,0.03530634610714741,-0.0236679109285811,-0.027438615944936556,-0.047589866617344524,0.19157563523763357,0.12842436476236643,0.4103179566952254,0.3969071482696176,0.5032466963396646,0.0019591249645802278,-0.03997465962064528
S3_ample_none_i1,2.0,plan_generated,1,1,,7,0.06775970000308007,hold_and_refine,2.5,166.04972255579298,166.04972255579298,5.5,0.06239846821015771,7.235964251859895,2.285358173713333,1.2314033835908946,2.056424088763661,0.024436763758517176,-0.01536051450257653,-0.0221652609046361,-0.0370156335977459,0.19648992957315353,0.12351007042684647,0.3792864465502843,0.39605836395521005,0.47303264871878603,-0.0008487843144075469,-0.030214047620878537
S3_ample_none_i1,2.5,plan_generated,1,1,,7,0.061290099984034896,hold_and_refine,2.5,166.0776537671262,166.0776537671262,5.5,0.06239846821015771,7.235964251859895,2.3619743544522427,0.9469720363492098,1.5489928776644541,0.01686812305927294,-0.009790428589766908,-0.017045496654285775,-0.027881871797960173,0.2024790937643363,0.11752090623566372,0.3478821005339989,0.3939893853379276,0.4504122373351722,-0.0020689786172824465,-0.022620411383613814
S3_ample_none_i1,3.0,plan_generated,1,1,,7,0.05269470001803711,hold_and_refine,2.5,166.1000741402241,166.1000741402241,5.5,1.7222440076534724,8.659343366702242,2.41577946073999,0.6983701568008739,1.1176193677772535,0.011727543748245433,-0.006223565678286897,-0.012570662822415729,-0.02011714861999056,0.2090574966855116,0.1109425033144884,0.31813618576207714,0.3915978788741528,0.4336385822873521,-0.002391506463774784,-0.016773655047820135
S3_ample_none_i1,3.5,plan_generated,1,1,,7,0.051261099986732006,hold_and_refine,2.5,166.113298081931,166.113298081931,5.5,3.410207211475612,10.119646314823523,2.4181816657690267,0.4873138297349878,0.759657822389084,0.008279647155016763,-0.0040030912495604915,-0.00877164893522978,-0.01367384080300351,0.21570817535428524,0.10429182464571476,0.291466558290084,0.38939388858967555,0.42133100760277126,-0.002203990284477264,-0.012307574684580824
S3_ample_none_i1,4.0,plan_generated,1,1,,7,0.038334399985615164,hold_and_refine,2.5,166.1193215966529,166.1193215966529,5.5,3.76900007682199,10.17513914790511,2.4128274304606716,0.31385704181188917,0.4732365441436782,0.00597387543294088,-0.002637880674757633,-0.005649426752614005,-0.008518257794586207,0.22198029236245595,0.09801970763754406,0.26867362664281913,0.38760914348689063,0.4123822903072772,-0.0017847451027849237,-0.008948717295494069
S3_ample_none_i1,4.5,plan_generated,1,1,,7,0.03278439998393878,hold_and_refine,2.5,166.12131400930662,166.12131400930662,5.499999999999999,3.7766414784873996,10.188357197914751,2.4088426051532466,0.17800211100525323,0.25671726086043295,0.004423579228013217,-0.0017967976638971338,-0.003204037998094558,-0.004620910695487793,0.2275658497164629,0.0924341502835371,0.25001967435340555,0.3862808683844155,0.40587437780512653,-0.0013282751024751294,-0.006507912502150659
S3_ample_none_i1,5.0,plan_generated,1,1,,7,0.022876900038681924,hold_and_refine,2.5,166.12167670344803,166.12167670344803,5.499999999999997,3.779574385100884,10.193450011656136,2.4059410520218636,0.0797277270013197,0.10804556970153259,0.003363539015612478,-0.0012694409560377634,-0.0014350990860237545,-0.0019448202546275865,0.23231969306627703,0.08768030693372297,0.23535456859496728,0.38531368400728777,0.4010202521773528,-0.0009671843771277278,-0.004854125627773709
S3_ample_none_i2,0.0,plan_generated,1,1,,102,0.1090404000133276,new_joint_plan,1.5,162.80088682820582,162.80088682820582,4.5,0.9044209693941561,8.561560035729851,2.173256978047953,0.504101883112631,2.546037850075809,0.0,-0.0,-0.009073833896027358,-0.045828681301364554,0.1835059661339993,0.1364940338660007,0.5783916064388326,0.327129749718653,0.30775232601598435,-0.006203583614680319,-0.02558100731734897
S3_ample_none_i2,0.5,plan_generated,1,1,,7,0.08670110005186871,hold_and_refine,1.5,163.01029610624204,163.01029610624204,4.5,0.8625224565358387,8.542303061056767,2.1085668689473245,0.4446629866786923,2.3736416726552774,-0.00617554191229325,0.0045228479236318715,-0.00800393376021646,-0.04272555010779499,0.18471690060291718,0.13528309939708283,0.5495292407132691,0.3184043631338049,0.2861889563157749,-0.008725386584848116,-0.021563369700209445
S3_ample_none_i2,1.0,plan_generated,1,1,,7,0.07713869999861345,hold_and_refine,1.5,163.18449321904936,163.18449321904936,4.5,0.8522207820026217,8.540084471820403,2.0623778101081625,0.3353224534220601,1.841361286215028,-0.009740382172476723,0.006930820560148051,-0.006035804161597081,-0.0331445031518705,0.18696445272618983,0.13303554727381017,0.5156382524465242,0.308924248151099,0.2707926033693875,-0.0094801149827059,-0.015396352946387415
S3_ample_none_i2,1.5,plan_generated,1,1,,7,0.06701800000155345,hold_and_refine,1.5,163.3083736976091,163.3083736976091,4.5,0.8522207820026217,8.540084471820403,2.02973293150555,0.2408216088435789,1.3828729883862703,-0.01092863204963179,0.00746114304312156,-0.004334788959184419,-0.02489171379095286,0.19016884318831392,0.12983115681168608,0.4808728509042661,0.2997479164059354,0.25991097716851674,-0.00917633174516358,-0.010881626200870742
S3_ample_none_i2,2.0,plan_generated,1,1,,7,0.052878999966196716,hold_and_refine,1.5,163.38709524142448,163.38709524142448,4.5,3.2166149837691744,10.768025410573483,2.0071649457198717,0.16578276196624667,0.9939577093931098,-0.01081236046784679,0.007004490546653406,-0.00298408971539244,-0.017891238769075973,0.1941956716647121,0.1258043283352879,0.44604578923354454,0.2913509517322861,0.2523883152399573,-0.00839696467364931,-0.007522661928559438
S3_ample_none_i2,2.5,plan_generated,1,1,,7,0.049770999990869313,hold_and_refine,1.5,163.43170448259053,163.43170448259053,4.5,3.4945938298677675,11.844347577553616,1.9920994721308154,0.10836290359343972,0.6721724063859148,-0.010005705273318557,0.006093667299414739,-0.0019505322646819149,-0.012099103314946465,0.19887891114991094,0.12112108885008907,0.4120460974439025,0.28391607820462444,0.24736649071027178,-0.007434873527661645,-0.005021824529685526
S3_ample_none_i2,3.0,plan_generated,1,1,,7,0.03917350003030151,hold_and_refine,1.5,163.45346087797586,163.45346087797586,4.5,3.4685691273382346,11.810341038744593,1.9825041491193591,0.06546302545508144,0.4158345130235842,-0.00887518350663474,0.0050460030781513945,-0.0011783344581914657,-0.007485021234424515,0.20400981660765144,0.11599018339234857,0.3797070594181937,0.2774697388311882,0.24416804970645303,-0.0064463393734362495,-0.003198441003818747
S3_ample_none_i2,3.5,plan_generated,1,1,,7,0.029400400002487004,hold_and_refine,1.5,163.46173109266158,163.46173109266158,4.499999999999999,3.4576731194898045,11.793451486653861,1.9766766358319279,0.03369640318625745,0.2233025641188873,-0.007645720268589621,0.004041126091155802,-0.000606535257352634,-0.004019446154139971,0.20934907593000773,0.11065092406999227,0.3497226545507501,0.2719562623740611,0.24222554527730933,-0.005513476457127076,-0.0019425044291437044
S3_ample_none_i2,4.0,plan_generated,1,1,,7,0.018076800042763352,hold_and_refine,1.5,163.46349029185896,163.46349029185896,4.499999999999997,3.45473471024593,11.787724706215993,1.9731259634157854,0.01135130421203945,0.09228432567175539,-0.006458509619851349,0.0031696116424334494,-0.00020432347581671008,-0.0016611178620915968,0.2146548658924959,0.1053451341075041,0.3226026692124294,0.2672650645143568,0.2410419878052618,-0.0046911978597043436,-0.0011835574720475417
S3_ample_prepare_i1,0.0,plan_generated,1,1,,102,0.12776250002207235,new_joint_plan,2.5,166.291684430274,166.291684430274,5.5,0.629361202831956,7.634221720670067,1.8085345514338993,-2.1802378320288356,3.6954861530253083,0.07608967032111547,-0.054611426852015615,0.03924428097651904,-0.06651875075445554,0.1862929617989652,0.1337070382010348,0.4716269602267917,0.3893336423154839,0.6007682445300977,0.05600030898215058,-0.06589842213656893
S3_ample_prepare_i1,0.5,plan_generated,1,1,,7,0.1100946000078693,hold_and_refine,2.5,166.08114514316554,166.08114514316554,5.5,0.19414688643056,7.309876902477652,2.031202556511704,2.101434126071005,3.753007229755073,0.05294791267153982,-0.03792735509150278,-0.037825814269278085,-0.0675541301355913,0.1864460207046928,0.1335539792953072,0.4606694560452511,0.39494802330503737,0.5432213559603098,0.005614380989553469,-0.057546888569787846
S3_ample_prepare_i1,1.0,plan_generated,1,1,,7,0.10698219999903813,hold_and_refine;state_update_rejected,2.5,166.08114514316554,166.08114514316554,5.5,0.19414688643056,7.309876902477652,2.031202556511704,1.8167992393061998,2.4936337279429024,0.03705013776059784,-0.025967774350269382,-0.03270238630751159,-0.04488540710297224,0.18813768476703904,0.13186231523296096,0.43845199977449656,0.39494802330503737,0.5432213559603098,0.0,0.0
S3_ample_prepare_i1,1.5,plan_generated,1,1,,7,0.08431020000716671,hold_and_refine,2.5,166.03392978684016,166.03392978684016,5.5,0.08924655897076494,7.246955726419412,2.178344990317697,1.5243675524964755,2.6438814787413536,0.035322709205125605,-0.023678880071190428,-0.027438615944936556,-0.04758986661734436,0.19157563523763357,0.12842436476236643,0.4105081228740546,0.3969153298186067,0.50324121176836,0.0019673065135693557,-0.03998014419194984
S3_ample_prepare_i1,2.0,plan_generated,1,1,,7,0.07836519996635616,hold_and_refine,2.5,166.04767623984048,166.04767623984048,5.5,0.06227753142745307,7.235882279859692,2.0166594958202113,1.2314049581301714,2.056421138845307,0.024638229973054905,-0.015487154335717828,-0.022165289246343083,-0.03701558049921552,0.1964899209614253,0.1235100790385747,0.38246075837385596,0.3961672235328696,0.4729639146567465,-0.0007481062857371268,-0.030277297111613533
S3_ample_prepare_i1,2.5,plan_generated,1,1,,7,0.0676499999826774,hold_and_refine,2.5,166.07319686815822,166.07319686815822,5.5,0.06227753142745307,7.235882279859692,1.8922794003775065,0.9469857199981171,1.5489638912716814,0.01722658137045136,-0.009998498776036403,-0.017045742959966106,-0.027881350042890263,0.20247896457544826,0.11752103542455175,0.35608056350109446,0.3942768066204479,0.45024027893002916,-0.0018904169124216996,-0.022723635726717317
S3_ample_prepare_i1,3.0,plan_generated,1,1,,7,0.05580169998575002,hold_and_refine,2.5,166.09409245719735,166.09409245719735,5.5,1.7217170805052042,8.658945682499176,1.657449578173717,0.6984011120730661,1.117562655508923,0.012056262421832633,-0.00639805874633337,-0.012571220017315188,-0.020116127799160614,0.2090569433483991,0.1109430566516009,0.32971087556463485,0.3920479437896044,0.43338126342584193,-0.0022288628308435032,-0.016859015504187225
S3_ample_prepare_i1,3.5,plan_generated,1,1,,7,0.045582099992316216,hold_and_refine,2.5,166.10684082910157,166.10684082910157,5.5,3.4087919434229876,10.118495382118393,2.2712917686725835,0.4873542005579413,0.7595931126800017,0.008443397746540304,-0.004082340686684263,-0.008772375610042944,-0.01367267602824003,0.2157068258527682,0.1042931741472318,0.3022904138523673,0.38992321513890504,0.42103670496097306,-0.002124728650699348,-0.012344558464868871
S3_ample_prepare_i1,4.0,plan_generated,1,1,,7,0.03853330004494637,hold_and_refine,2.5,166.11281571148072,166.11281571148072,5.5,3.77027976272117,10.17722207558209,2.413954653171235,0.31389499452547215,0.47318254634075807,0.006008671013406396,-0.0026533368766305013,-0.0056501099014584985,-0.008517285834133645,0.22197794653380953,0.09802205346619047,0.27737146401602936,0.3881528796191845,0.4120830999659032,-0.0017703355197205561,-0.008953604995069864
S3_ample_prepare_i1,4.5,plan_generated,1,1,,7,0.027742500009480864,hold_and_refine,2.5,166.11484060716484,166.11484060716484,5.499999999999999,3.777911120113825,10.190420564625082,2.4104088474892604,0.17803130963555572,0.25668061686435323,0.004386231457436546,-0.001781716102159675,-0.0032045635734400026,-0.004620251103558358,0.22756258103977456,0.09243741896022545,0.2566275619845242,0.38680294916308683,0.40558545156331693,-0.0013499304560976588,-0.006497648402586265
S3_ample_prepare_i1,5.0,plan_generated,1,1,,7,0.01743870001519099,hold_and_refine,2.5,166.11521810244497,166.11521810244497,5.499999999999997,3.780834897709485,10.195496655088629,2.4073888852482206,0.07974636528512492,0.10802573100729077,0.0032901559060698462,-0.0012418218328172914,-0.0014354345751322484,-0.0019444631581312336,0.23231576821489117,0.08768423178510884,0.24015217035946648,0.3857962950827402,0.40074762545533615,-0.001006654080346614,-0.0048378261079807805
S3_ample_prepare_i2,0.0,plan_generated,1,1,,102,0.11259859998244792,new_joint_plan,1.5,162.80088682820582,162.80088682820582,4.5,0.9044209693941561,8.561560035729851,2.173256978047953,0.504101883112631,2.546037850075809,0.0,-0.0,-0.009073833896027358,-0.045828681301364554,0.1835059661339993,0.1364940338660007,0.5783916064388326,0.327129749718653,0.30775232601598435,-0.006203583614680319,-0.02558100731734897
S3_ample_prepare_i2,0.5,plan_generated,1,1,,7,0.08377699996344745,hold_and_refine,1.5,163.01029610624204,163.01029610624204,4.5,0.8625224565358387,8.542303061056767,2.1085668689473245,0.4446629866786923,2.3736416726552774,-0.00617554191229325,0.0045228479236318715,-0.00800393376021646,-0.04272555010779499,0.18471690060291718,0.13528309939708283,0.5495292407132691,0.3184043631338049,0.2861889563157749,-0.008725386584848116,-0.021563369700209445
S3_ample_prepare_i2,1.0,plan_generated,1,1,,7,0.12557540001580492,hold_and_refine,1.5,163.18449321904936,163.18449321904936,4.5,0.8522207820026217,8.540084471820403,2.0623778101081625,0.3353224534220601,1.841361286215028,-0.009740382172476723,0.006930820560148051,-0.006035804161597081,-0.0331445031518705,0.18696445272618983,0.13303554727381017,0.5156382524465242,0.308924248151099,0.2707926033693875,-0.0094801149827059,-0.015396352946387415
S3_ample_prepare_i2,1.5,plan_generated,1,1,,7,0.17495319998124614,hold_and_refine,1.5,163.30835144306627,163.30835144306627,4.5,0.8522207820026217,8.540084471820403,2.0297388421257745,0.24031779499986033,1.3828729883862725,-0.010934403729497572,0.0074650834566044304,-0.004325720309997486,-0.024891713790952903,0.19016884318831392,0.12983115681168608,0.4811268117054863,0.29974956489059595,0.25991294737525816,-0.009174683260503025,-0.010879655994129322
S3_ample_prepare_i2,2.0,plan_generated,1,1,,7,0.1571492999792099,hold_and_refine,1.5,163.3873112601199,163.3873112601199,4.5,2.4702783058257527,10.768025531219234,2.0072733149394004,0.16274419680656907,0.993958473768948,-0.010917869780023483,0.007072841561595793,-0.002929395542518243,-0.017891252527841062,0.19419567482722216,0.12580432517277784,0.4504020099647141,0.2913271844048721,0.25242443831313344,-0.008422380485723857,-0.007488509062124726
S3_ample_prepare_i2,2.5,plan_generated,1,1,,7,0.12190520000876859,hold_and_refine,1.5,163.43248554345334,163.43248554345334,4.5,2.0127651283727968,10.301389282547358,1.8922794003775065,0.10385608408598926,0.6721819296580146,-0.010275413086886061,0.006257918945994286,-0.0018694095135478065,-0.012099274733844262,0.19887897861509887,0.12112102138490113,0.4238010077758808,0.2837981371826308,0.24748436491270337,-0.007529047222241292,-0.004940073400430067
S3_ample_prepare_i2,3.0,plan_generated,1,1,,7,0.09927740000421181,hold_and_refine,1.5,163.4547345356035,163.4547345356035,4.5,2.0487800465341053,10.343980601942814,1.657449578173717,0.062199520052786963,0.4158550691914077,-0.009227015208061188,0.00524601218857126,-0.0011195913609501652,-0.007485391245445338,0.20401017600965746,0.11598982399034255,0.3973110373203706,0.277205843212212,0.2443848004649647,-0.006592293970418828,-0.0030995644477386786
S3_ample_prepare_i2,3.5,plan_generated,1,1,,7,0.07985310000367463,hold_and_refine,1.5,163.46318662264443,163.46318662264443,4.499999999999999,2.2223312616105364,10.537377403517763,1.9775363540294606,0.0322220593710243,0.22332582726312727,-0.007917393887100993,0.004184656787886695,-0.0005799970686784374,-0.004019864890736291,0.20935014336939184,0.11064985663060817,0.36743165208546974,0.2715711185182612,0.24251211800982017,-0.005634724693950766,-0.0018726824551445198
S3_ample_prepare_i2,4.0,plan_generated,1,1,,7,0.06940279999980703,hold_and_refine,1.5,163.46497652428306,163.46497652428306,4.499999999999997,2.218207519469585,10.533285156481451,1.9740945906746026,0.011878917594002617,0.09230082852677954,-0.00661661037082784,0.0032470998984005187,-0.0002138205166920471,-0.0016614149134820315,0.21465708753330476,0.10534291246669525,0.3381140335985817,0.26679804748190994,0.24136486355820086,-0.004773071036351273,-0.0011472544516193117
S3_collaborative_none_i1,0.0,plan_generated,1,1,,102,0.33431509998627007,new_joint_plan,2.5,166.14050104820276,166.14050104820276,5.5,0.270249259968395,4.658109676928402,0.6339885634411973,2.2177137500000215,3.3838371684029735,0.1239967125158935,-0.08339453708740627,-0.03991884750000038,-0.06090906903125352,0.19132411845236597,0.12867588154763404,0.7483587111627374,0.3737055991746132,0.9198481969406701,0.0403722658412799,-0.0801518030593299
S3_collaborative_none_i1,0.5,plan_generated,1,1,,7,0.5224077999591827,hold_and_refine;state_update_rejected,2.5,166.14050104820276,166.14050104820276,5.5,0.270249259968395,4.658109676928402,0.6339885634411973,2.4059383283543005,3.443088638765387,0.143871332780394,-0.09657205452817658,-0.04330688991037741,-0.06197559549777697,0.19147470431633298,0.12852529568366702,0.7593500244517333,0.3737055991746132,0.9198481969406701,0.0,0.0
S3_collaborative_none_i1,1.0,plan_generated,1,1,,7,0.2411658000200987,hold_and_refine;state_update_rejected,2.5,166.14050104820276,166.14050104820276,5.5,0.270249259968395,4.658109676928402,0.6339885634411973,1.8646015398189113,3.4430886387653916,0.15168309598937993,-0.09932815472185608,-0.0335628277167404,-0.06197559549777704,0.1933721718810146,0.1266278281189854,0.7927246471562377,0.3737055991746132,0.9198481969406701,0.0,0.0
S3_collaborative_none_i1,1.5,plan_generated,1,1,,7,0.22486399998888373,hold_and_refine,2.5,164.8663425582793,164.8663425582793,5.5,0.005201460908393685,5.2814613657453835,0.9072284317843344,1.5460577672101876,2.87195807661831,0.13832802411843947,-0.08534332920541433,-0.027829039809783376,-0.051695245379129576,0.19790181916505586,0.12209818083494414,0.7063818619293198,0.4270865633330682,0.8439701240728728,0.053380964158455,-0.07587807286779735
S3_collaborative_none_i1,2.0,plan_generated,1,1,,7,0.19509699998889118,hold_and_refine;state_update_rejected,2.5,164.8663425582793,164.8663425582793,5.5,0.005201460908393685,5.2814613657453835,0.9072284317843344,1.2876578072731617,1.7917621352171926,0.1196366028362322,-0.06745200314527423,-0.02317784053091691,-0.03225171843390946,0.20462877846969804,0.11537122153030197,0.6051658295030137,0.4270865633330682,0.8439701240728728,0.0,0.0
S3_collaborative_none_i1,2.5,plan_generated,1,1,,7,0.17845970002235845,hold_and_refine,2.5,164.31168684630964,164.31168684630964,5.5,0.005201460908393685,5.565608589158399,1.0711536902629377,0.9508722810109174,1.7150417151989779,0.10355778327961958,-0.05235685133870023,-0.01711570105819651,-0.0308707508735816,0.21254252835599133,0.10745747164400868,0.5043289979924359,0.4681721716271144,0.7956045619741489,0.04108560829404617,-0.04836556209872389
S3_collaborative_none_i1,3.0,plan_generated,1,1,,7,0.16911019996041432,hold_and_refine,2.5,164.02565065590716,164.02565065590716,5.5,1.1010698094075089,5.734047212240864,1.1862811571458383,0.7063596428842757,1.246694335999744,0.07841724924071282,-0.035346148684433344,-0.01271447357191696,-0.02244049804799539,0.22057639113011632,0.09942360886988369,0.4150213879597594,0.4986826986033768,0.7603464021121413,0.030510526976262387,-0.03525815986200753
S3_collaborative_none_i1,3.5,plan_generated,1,1,,7,0.12465030001476407,hold_and_refine,2.5,163.89553534329488,163.89553534329488,5.5,1.1442083738258821,5.8281746537163714,1.2651497676041554,0.49691933806472727,0.8563018164336881,0.05730314594195175,-0.02318245434296227,-0.00894454808516509,-0.015413432695806384,0.22782965693879026,0.09217034306120975,0.3433514639017935,0.5203685840387532,0.7349656873758599,0.021685885435376417,-0.02538071473628145
S3_collaborative_none_i1,4.0,plan_generated,1,1,,7,0.09699990000808612,hold_and_refine,2.5,163.84260491668758,163.84260491668758,5.5,1.1667365782459562,5.878300029273658,1.3186752692481503,0.32324792747556497,0.5415268649774947,0.04238832726520973,-0.015617627573992378,-0.005818462694560169,-0.009747483569594904,0.23384262464894362,0.08615737535105639,0.29037621115577467,0.5360516734038842,0.7164034063050594,0.015683089365130964,-0.01856228107080049
S3_collaborative_none_i1,4.5,plan_generated,1,1,,7,0.07182819995796308,hold_and_refine,2.5,163.82474776734958,163.82474776734958,5.499999999999999,1.1776616133614306,5.903056754646298,1.353763321350356,0.18597347486179355,0.3004886702122153,0.0325175717322304,-0.011104705730601959,-0.0033475225475122837,-0.005408796063819875,0.23853919509772656,0.08146080490227345,0.25396780018635484,0.5479564396292238,0.702415428157408,0.011904766225339647,-0.013987978147651403
S3_collaborative_none_i1,5.0,plan_generated,1,1,,7,0.048336500010918826,hold_and_refine,2.5,163.8211828016409,163.8211828016409,5.499999999999997,1.1822198668475243,5.9134612298160905,1.3730691480554813,0.08549954489476705,0.13144890432365874,0.026031706650886385,-0.00838093483833782,-0.0015389918081058069,-0.0023660802778258574,0.24206645487798725,0.07793354512201275,0.23056017626846506,0.557463014852468,0.6914225971740668,0.009506575223244162,-0.01099283098334114
S3_collaborative_prepare_i1,0.0,plan_generated,1,1,,102,0.3254039000021294,new_joint_plan,2.5,166.14050104820276,166.14050104820276,5.5,0.270249259968395,4.658109676928402,0.6339885634411973,2.2177137500000215,3.3838371684029735,0.1239967125158935,-0.08339453708740627,-0.03991884750000038,-0.06090906903125352,0.19132411845236597,0.12867588154763404,0.7483587111627374,0.3737055991746132,0.9198481969406701,0.0403722658412799,-0.0801518030593299
S3_collaborative_prepare_i1,0.5,plan_generated,1,1,,7,0.26153290004003793,hold_and_refine;state_update_rejected,2.5,166.14050104820276,166.14050104820276,5.5,0.270249259968395,4.658109676928402,0.6339885634411973,2.4059383283543005,3.443088638765387,0.143871332780394,-0.09657205452817658,-0.04330688991037741,-0.06197559549777697,0.19147470431633298,0.12852529568366702,0.7593500244517333,0.3737055991746132,0.9198481969406701,0.0,0.0
S3_collaborative_prepare_i1,1.0,plan_generated,1,1,,7,0.23439150000922382,hold_and_refine;state_update_rejected,2.5,166.14050104820276,166.14050104820276,5.5,0.270249259968395,4.658109676928402,0.6339885634411973,1.8646015398189113,3.4430886387653916,0.15168309598937993,-0.09932815472185608,-0.0335628277167404,-0.06197559549777704,0.1933721718810146,0.1266278281189854,0.7927246471562377,0.3737055991746132,0.9198481969406701,0.0,0.0
S3_collaborative_prepare_i1,1.5,plan_generated,1,1,,7,0.21965240000281483,hold_and_refine,2.5,164.8653449189308,164.8653449189308,5.5,0.005081917457593121,5.28167759195068,0.9073230374161847,1.546057767210201,2.871958076618288,0.13841327877622317,-0.08539592820964284,-0.027829039809783615,-0.05169524537912918,0.19790181916505586,0.12209818083494414,0.7068172208834231,0.4271291906619599,0.8439438245707587,0.05342359148734671,-0.07590437236991143
S3_collaborative_prepare_i1,2.0,plan_generated,1,1,,7,0.13925690000178292,hold_and_refine;state_update_rejected,2.5,164.8653449189308,164.8653449189308,5.5,0.005081917457593121,5.28167759195068,0.9073230374161847,1.2885974161268623,1.7889675071659712,0.1210077647293093,-0.06822510390941154,-0.02319475349028352,-0.03220141512898748,0.2046287465382511,0.1153712534617489,0.6121371997471674,0.4271291906619599,0.8439438245707587,0.0,0.0
S3_collaborative_prepare_i1,2.5,plan_generated,1,1,,7,0.09145069995429367,hold_and_refine,2.5,164.2882158193777,164.2882158193777,5.5,0.005081917457593121,5.5708136987180525,1.0741581226112338,0.9508776392661702,1.715033467295622,0.10696178627110157,-0.05407793750774217,-0.017115797506791063,-0.030870602411321193,0.2125424137820653,0.10745758621793472,0.5209370141201126,0.4699165390908054,0.7947180040146609,0.04278734842884546,-0.04922582055609781
S3_collaborative_prepare_i1,3.0,plan_generated,1,1,,7,0.06998860003659502,hold_and_refine,2.5,163.98581853377925,163.98581853377925,5.5,1.10532702308993,5.743027223261589,1.1918472230770716,0.7065475112600829,1.2464829295341306,0.08192844152126741,-0.036929348315479844,-0.01271785520268149,-0.02243669273161435,0.2205753726601774,0.0994246273398226,0.435790737137727,0.5021722495546443,0.7586772394589965,0.03225571046383896,-0.036040764555664406
S3_collaborative_prepare_i1,3.5,plan_generated,1,1,,7,0.052920499991159886,hold_and_refine,2.5,163.8502192068207,163.8502192068207,5.5,1.14911577371352,5.838527247350226,1.271846165839753,0.49723235078503497,0.8559796785130694,0.05917168046242414,-0.02393967423295707,-0.008950182314130629,-0.015407634213235249,0.22782612336636604,0.09217387663363397,0.36002203281094214,0.5247721373810179,0.7329341673202283,0.022599887826373566,-0.02574307213876814
S3_collaborative_prepare_i1,4.0,plan_generated,1,1,,7,0.04424480005400255,hold_and_refine,2.5,163.7965034070529,163.7965034070529,5.5,1.1717583431373066,5.888876559969231,1.3255929146525696,0.32356366225023236,0.541224162005491,0.04290345234203742,-0.015809079730507658,-0.005824145920504182,-0.009742034916098836,0.2338360187308618,0.08616398126913821,0.30160495132814524,0.5406879299048795,0.7142951366583632,0.01591579252386155,-0.01863903066186512
S3_collaborative_prepare_i1,4.5,plan_generated,1,1,,7,0.02918000001227483,hold_and_refine,2.5,163.77885368651556,163.77885368651556,5.499999999999999,1.182650310090989,5.91354095233022,1.3605342842004609,0.1862224418358837,0.30026549318280943,0.03229184396854371,-0.011029265060637205,-0.0033520039530459066,-0.005404778877290569,0.2385301369587159,0.08146986304128412,0.2609641112672758,0.5524544102631039,0.7003637535961325,0.011766480358224474,-0.01393138306223074
S3_collaborative_prepare_i1,5.0,plan_generated,1,1,,7,0.017153199994936585,hold_and_refine,2.5,163.77540644189378,163.77540644189378,5.499999999999997,1.187167629867667,5.923843813711028,1.3796390946671222,0.08566012244639591,0.13131778308188113,0.02545173095618636,-0.008195661142916118,-0.0015418822040351263,-0.0023637200954738603,0.2420560227072364,0.07794397729276362,0.23463821357729134,0.561647062587864,0.6894811529481684,0.009192652324760076,-0.010882600647964091
S3_collaborative_prepare_i2,0.0,plan_generated,1,1,,102,0.12788189999992028,new_joint_plan;state_update_rejected,2.0,161.0562499999998,161.0562499999998,5.0,0.0062500000002625455,7.8781249999999945,2.0,-8.334292964654223,3.221349391820648,-0.09676468120373971,0.06774888353244536,0.072,-0.057984289052771656,0.1882197254363303,0.1317802745636697,0.5936371930361336,0.6666666666666666,0.3333333333333333,0.0,0.0
S3_collaborative_prepare_i2,0.5,plan_generated,1,1,,7,0.08590870001353323,hold_and_refine;state_update_rejected,2.0,161.0562499999998,161.0562499999998,5.0,0.0062500000002625455,7.8781249999999945,2.0,-8.334292964654232,3.0538199377266992,-0.10139780994575098,0.06978538536466022,0.072,-0.054968758879080586,0.1895472223415548,0.1304527776584452,0.6177041493325387,0.6666666666666666,0.3333333333333333,0.0,0.0
S3_collaborative_prepare_i2,1.0,plan_generated,1,1,,7,0.09345570002915338,hold_and_refine;state_update_rejected,2.0,161.0562499999998,161.0562499999998,5.0,0.0062500000002625455,7.8781249999999945,2.0,-3.030960419827828,2.459482386631831,-0.1106625133490251,0.07371854185051872,0.054557287556900896,-0.044270682959372955,0.19205880036516704,0.12794119963483297,0.6653278240807743,0.6666666666666666,0.3333333333333333,0.0,0.0
S3_collaborative_prepare_i2,1.5,plan_generated,1,1,,103,0.13557039998704568,invalid_plan_replaced,2.5,168.82363789507863,168.82363789507863,5.5,0.1560354237476531,8.275320222672644,2.125,1.5969570556381227,2.4752858357093515,-0.12418168813638009,0.07889583540617734,-0.02874522700148621,-0.04455514504276832,0.1956796572581505,0.1243203427418495,0.7327928930228631,0.5868698757644002,0.3478370118483712,-0.07979679090226643,0.014503678515037866
S3_collaborative_prepare_i2,2.0,plan_generated,1,1,,103,0.12590400001499802,invalid_plan_replaced,3.0,167.49457509405445,167.49457509405445,6.0,0.9619976410142801,6.822844989150849,1.256199142275805,1.3606494353692067,2.3373978602542356,-0.13630773834722407,0.08152163283366479,-0.02449168983664572,-0.04207316148457624,0.20024148274701786,0.11975851725298214,0.7860240380543317,0.9146002859080651,0.6810575690078776,-0.08539971409193492,0.014390902341210987
S3_collaborative_prepare_i2,2.5,plan_generated,1,1,,7,0.07501030003186315,hold_and_refine,3.0,168.6578978594576,168.6578978594576,6.0,0.720495919443275,6.812200929515098,1.381199142275805,1.3073655610849133,2.1730131006281654,-0.09520536471659291,0.05285449844318847,-0.02353258009952844,-0.03911423581130698,0.2057662087424201,0.1142337912575799,0.6909703348283374,0.850658312070464,0.6824792397717554,-0.06394197383760103,0.0014216707638777804
S3_collaborative_prepare_i2,3.0,plan_generated,1,1,,7,0.07020409998949617,hold_and_refine,3.0,169.26192610095674,169.26192610095674,6.0,0.7229722068689259,6.839380496173431,1.5270818129198425,1.0041152498272767,1.6576234883870085,-0.06311532882295985,0.03196296123800675,-0.01807407449689098,-0.02983722279096615,0.21242394252564267,0.10757605747435733,0.5893954942311936,0.8058103188501863,0.6780822750771016,-0.04484799322027777,-0.004396964694653782
S3_collaborative_prepare_i2,3.5,plan_generated,1,1,,7,0.059530200029257685,hold_and_refine,3.0,169.5584759540298,169.5584759540298,6.0,1.6887633758875245,6.8728184561951595,1.549096389586127,0.7427232713402037,1.2102485953779352,-0.041836846582944794,0.01916450331741981,-0.013369018884123665,-0.02178447471680283,0.21946712537360286,0.10053287462639715,0.4880579021784248,0.7741783345224011,0.6713476311767933,-0.031631984327785134,-0.0067346439003083125
S3_collaborative_prepare_i2,4.0,plan_generated,1,1,,7,0.04471789998933673,hold_and_refine,3.0,169.69619115923544,169.69619115923544,6.0,1.7014958517451655,6.899220676273484,1.5704951733175632,0.52163129660669,0.8331163505375719,-0.028773921717737478,0.011943134780556088,-0.00938936333892042,-0.014996094309676293,0.2261375389466545,0.0938624610533455,0.40080598356906694,0.7512258003214602,0.6644503703628188,-0.0229525342009409,-0.0068972608139744596
S3_collaborative_prepare_i2,4.5,plan_generated,1,1,,7,0.03625230002216995,hold_and_refine,3.0,169.75428505308767,169.75428505308767,6.0,1.7094837785546506,6.916158128556202,1.5880214440736222,0.3398003898830601,0.5270756237371894,-0.020797346150617305,0.007895913326988652,-0.006116407017895081,-0.009487361227269408,0.23194126039921117,0.08805873960078883,0.33302432522654457,0.7340127947355968,0.6583390434497759,-0.017213005585863472,-0.006111326913042947
S3_collaborative_prepare_i2,5.0,plan_generated,1,1,,7,0.028805000009015203,hold_and_refine,3.0,169.77430967703208,169.77430967703208,5.999999999999999,1.7137516534115784,6.925391826841246,1.6006914198309437,0.19660398707730825,0.29207526317379856,-0.015820498877771812,0.005569006944634501,-0.003538871767391548,-0.005257354737128374,0.23668427325626934,0.08331572674373067,0.2838273965404788,0.7206630454393371,0.6532281572059307,-0.01334974929625965,-0.0051108862438451474
S3_collaborative_prepare_i2,5.5,plan_generated,1,1,,7,0.021832099999301136,hold_and_refine,3.0,169.7783424535723,169.7783424535723,5.999999999999997,1.7156328804617251,6.929499558896947,1.6080354104400074,0.09166517072218375,0.12728961798207583,-0.012651538020509024,0.004189516031148462,-0.0016499730729993072,-0.0022912131236773646,0.24039422675948466,0.07960577324051535,0.2502870009873573,0.7099089746653863,0.6489514834020188,-0.010754070773950852,-0.004276673803911946
S3_short_window_none_i0,0.0,plan_generated,1,0,finite_search_no_valid_plan,96,0.04825039999559522,continue_bounded_preparation,,,,,-1.8906249999997424,,,0.0,0.0,0.0,0.0,,,0.0,0.0,0.0,,,,
S3_short_window_none_i0,0.5,plan_generated,1,0,finite_search_no_valid_plan,96,0.05074500001501292,continue_bounded_preparation,,,,,-0.42745817805354225,,,0.0,0.0,0.0,0.0,,,0.0,0.0,0.0,,,,
S3_short_window_none_i0,1.0,plan_generated,1,0,finite_search_no_valid_plan,96,0.04849899996770546,continue_bounded_preparation,,,,,-0.35282296647151545,,,0.0,0.0,0.0,0.0,,,0.0,0.0,0.0,,,,
S3_short_window_none_i0,1.5,plan_generated,1,1,,102,0.11526290001347661,new_joint_plan,3.5,167.54597239211708,167.54597239211708,6.5,0.22269545473105,4.42484094717413,1.207407527579643,2.2555681655643034,-500.5222320380068,-0.08767145807293794,0.04803487518960976,-0.04060022698015746,0.072,0.20673218344985478,0.11326781655014523,0.48968805024918105,0.9308641574734523,0.7213507709281382,-0.0691358425265477,0.05468410426147152
S3_short_window_none_i0,2.0,plan_generated,1,1,,7,0.09121590002905577,hold_and_refine,3.5,169.31452159401815,169.31452159401815,6.5,0.290559226700533,4.587705624424342,1.332407527579643,2.013213789098021,3.541119443375861,-0.07164951758764967,0.03657859659078486,-0.036237848203764376,-0.06374014998076549,0.2118474095395121,0.10815259046048792,0.5529078699113293,0.872266153790378,0.7019991880657227,-0.05859800368307433,-0.01935158286241545
S3_short_window_none_i0,2.5,plan_generated,1,1,,7,0.08715730003314093,hold_and_refine,3.5,169.52099640918317,169.52099640918317,6.5,0.3340729196754282,4.69289611372555,1.4090108905244856,-3.5596490798739713,2.853170060206744,-0.07255725649690754,0.03402800694250479,0.06407368343773148,-0.051357061083721386,0.21783801371573952,0.10216198628426049,0.6533994376029375,0.8636630364918381,0.6877186674905886,-0.008603117298539908,-0.01428052057513407
S3_short_window_none_i0,3.0,plan_generated,1,1,,7,0.07845179998548701,hold_and_refine;state_update_rejected,3.5,169.52099640918317,169.52099640918317,6.5,0.3340729196754282,4.69289611372555,1.4090108905244856,-2.491463634128477,2.2418195545043567,-0.09256977602302945,0.03971888138422377,0.04484634541431258,-0.04035275198107842,0.22392190614027102,0.09607809385972899,0.7873936492781097,0.8636630364918381,0.6877186674905886,0.0,0.0
S3_short_window_none_i0,3.5,plan_generated,1,1,,7,0.07884450000710785,hold_and_refine;state_update_rejected,3.5,169.52099640918317,169.52099640918317,6.5,0.3340729196754282,4.69289611372555,1.4090108905244856,0.26633597926870123,1.7089371804463467,-0.07384080058827765,0.029098206601106853,-0.004794047626836622,-0.03076086924803424,0.229544240161329,0.09045575983867102,0.6127019663854489,0.8636630364918381,0.6877186674905886,0.0,0.0
S3_short_window_none_i0,4.0,plan_generated,1,1,,7,0.06476649997057393,hold_and_refine,3.5,169.89890788344988,169.89890788344988,6.5,0.34437488698138097,4.719090580829186,1.5205843136010508,0.7489540090301354,1.2486155443681202,-0.05850331198277046,0.021365639111735918,-0.013481172162542437,-0.02247507979862616,0.2343972166647652,0.0856027833352348,0.4753869764715759,0.8233524792367224,0.6816621978072188,-0.040310557255115675,-0.006056469683369814
S3_short_window_none_i0,4.5,plan_generated,1,1,,7,0.0530053999973461,hold_and_refine;state_update_rejected,3.5,169.89890788344988,169.89890788344988,6.5,0.34437488698138097,4.719090580829186,1.5205843136010508,-0.24572444562342066,0.8597984149340602,-0.03848832977803411,0.013179238356252947,0.004423040021221572,-0.015476371468813081,0.23837517370587705,0.08162482629412296,0.3749869459177349,0.8233524792367224,0.6816621978072188,0.0,0.0
S3_short_window_none_i0,5.0,plan_generated,1,1,,7,0.044653300021309406,hold_and_refine,3.5,169.97428676372047,169.97428676372047,6.5,0.3493069923319636,4.732070841858996,1.535901615583258,0.25834186952607285,0.5450480140270915,-0.031785287642457,0.010328531492104434,-0.004650153651469311,-0.009810864252487646,0.24151910832610746,0.07848089167389255,0.30564884294837286,0.8010179961935756,0.6764677338445695,-0.02233448304314678,-0.005194463962649332
S3_short_window_none_i0,5.5,plan_generated,1,1,,7,0.031002200033981353,hold_and_refine;state_update_rejected,3.5,169.97428676372047,169.97428676372047,6.499999999999999,0.3493069923319636,4.732070841858996,1.535901615583258,0.15399148753492117,0.30223435975420515,-0.024254452596570854,0.007562356302249771,-0.002771846775628581,-0.005440218475575693,0.2439410204707981,0.0760589795292019,0.2607061860912596,0.8010179961935756,0.6764677338445695,0.0,0.0
S3_short_window_none_i0,6.0,plan_generated,1,1,,7,0.02241500001400709,hold_and_refine,3.5,169.9802054172454,169.9802054172454,6.499999999999997,0.35044368497034295,4.73506449975194,1.5420781731262427,0.09453384246411059,0.13198335057665422,-0.02185436300658278,0.006600244416081481,-0.0017016091643539905,-0.002375700310379776,0.2457737707720476,0.07422622922795241,0.23315638603096442,0.7852349201271394,0.6731682640266637,-0.015783076066436252,-0.0032994698179057425
S3_short_window_none_i1,0.0,plan_generated,1,0,finite_search_no_valid_plan,96,0.04942930000834167,continue_bounded_preparation,,,,,-2.326718749999803,,,0.0,0.0,0.0,0.0,,,0.0,0.0,0.0,,,,
S3_short_window_none_i1,0.5,plan_generated,1,0,finite_search_no_valid_plan,96,0.04756550001911819,continue_bounded_preparation,,,,,-0.8189062499997801,,,0.0,0.0,0.0,0.0,,,0.0,0.0,0.0,,,,
S3_short_window_none_i1,1.0,plan_generated,1,0,finite_search_no_valid_plan,96,0.045693600026424974,continue_bounded_preparation,,,,,-0.6803720318372264,,,0.0,0.0,0.0,0.0,,,0.0,0.0,0.0,,,,
S3_short_window_none_i1,1.5,plan_generated,1,0,finite_search_no_valid_plan,96,0.05065930000273511,continue_bounded_preparation,,,,,-0.6800919534740579,,,0.0,0.0,0.0,0.0,,,0.0,0.0,0.0,,,,
S3_short_window_none_i1,2.0,plan_generated,1,0,finite_search_no_valid_plan,96,0.047530499985441566,continue_bounded_preparation,,,,,-0.1887500000003266,,,0.0,0.0,0.0,0.0,,,0.0,0.0,0.0,,,,
S3_short_window_none_i1,2.5,plan_generated,1,0,finite_search_no_valid_plan,96,0.04295630002161488,continue_bounded_preparation,,,,,-0.21160205075495941,,,0.0,0.0,0.0,0.0,,,0.0,0.0,0.0,,,,
S3_short_window_none_i1,3.0,plan_generated,1,0,finite_search_no_valid_plan,96,0.04564230004325509,continue_bounded_preparation,,,,,-0.21160205075495941,,,0.0,0.0,0.0,0.0,,,0.0,0.0,0.0,,,,
S3_short_window_none_i1,3.5,plan_generated,1,0,finite_search_no_valid_plan,96,0.047373800014611334,continue_bounded_preparation,,,,,-0.21160205075495941,,,0.0,0.0,0.0,0.0,,,0.0,0.0,0.0,,,,
S3_short_window_none_i1,4.0,plan_generated,1,0,finite_search_no_valid_plan,96,0.049490700010210276,continue_bounded_preparation,,,,,-0.21160205075495941,,,0.0,0.0,0.0,0.0,,,0.0,0.0,0.0,,,,
S3_short_window_none_i1,4.5,plan_generated,1,0,finite_search_no_valid_plan,96,0.04795199999352917,continue_bounded_preparation,,,,,-0.21160205075495941,,,0.0,0.0,0.0,0.0,,,0.0,0.0,0.0,,,,
S3_short_window_none_i1,5.0,plan_generated,1,0,finite_search_no_valid_plan,96,0.04446990002179518,continue_bounded_preparation,,,,,-0.06300660488542853,,,0.0,0.0,0.0,0.0,,,0.0,0.0,0.0,,,,
S3_short_window_none_i1,5.5,plan_generated,1,0,finite_search_no_valid_plan,96,0.04591829999117181,continue_bounded_preparation,,,,,-0.07733961392507993,,,0.0,0.0,0.0,0.0,,,0.0,0.0,0.0,,,,
S3_short_window_none_i1,6.0,plan_generated,1,0,finite_search_no_valid_plan,96,0.04876979999244213,continue_bounded_preparation,,,,,-0.08547079534394797,,,0.0,0.0,0.0,0.0,,,0.0,0.0,0.0,,,,
S3_short_window_none_i1,6.5,plan_generated,1,0,finite_search_no_valid_plan,96,0.04624489997513592,continue_bounded_preparation,,,,,-0.09055561890931241,,,0.0,0.0,0.0,0.0,,,0.0,0.0,0.0,,,,
S3_short_window_none_i1,7.0,plan_generated,1,0,finite_search_no_valid_plan,96,0.051258300023619086,continue_bounded_preparation,,,,,-0.06328960227019209,,,0.0,0.0,0.0,0.0,,,0.0,0.0,0.0,,,,
S3_short_window_none_i1,7.5,plan_generated,1,0,finite_search_no_valid_plan,96,0.05324269999982789,continue_bounded_preparation,,,,,-0.17119261148242604,,,0.0,0.0,0.0,0.0,,,0.0,0.0,0.0,,,,
S3_short_window_none_i2,0.0,plan_generated,1,0,finite_search_no_valid_plan,96,0.046120300015900284,continue_bounded_preparation,,,,,-2.3906249999997424,,,0.0,0.0,0.0,0.0,,,0.0,0.0,0.0,,,,
S3_short_window_none_i2,0.5,plan_generated,1,0,finite_search_no_valid_plan,96,0.05693500000052154,continue_bounded_preparation,,,,,-0.48437499999992006,,,0.0,0.0,0.0,0.0,,,0.0,0.0,0.0,,,,
S3_short_window_none_i2,1.0,plan_generated,1,1,,102,0.11972929997136816,new_joint_plan,3.5,164.37106426799627,164.37106426799627,6.5,0.04144699201739055,4.004918179173171,1.1964891285500268,2.8097046743296845,-661.3984328395862,-0.07041806822875031,0.04149562029188757,-0.05057468413793432,0.072,0.20134964838590474,0.11865035161409526,0.40383373870871375,0.9345036238166577,0.7180811434792771,-0.06549637618334225,0.051414476812610466
S3_short_window_none_i2,1.5,plan_generated,1,1,,7,0.09900619997642934,hold_and_refine,3.5,166.42774075269182,166.42774075269182,6.5,0.14088047977354545,4.247106087470468,1.3214891285500268,2.4198763664285994,6.844135112212107,-0.057321736848759804,0.03187801474216163,-0.043557774595714784,-0.072,0.2056390905181629,0.11436090948183711,0.44335703749159944,0.8793913499753372,0.6922755017025237,-0.05511227384132056,-0.025805641776753374
S3_short_window_none_i2,2.0,plan_generated,1,1,,7,0.09392010001465678,hold_and_refine,3.5,168.0037705001965,168.0037705001965,6.5,0.21999684161645305,4.439316899161338,1.4868259500739884,2.0039641255906364,3.630035012084282,-0.05936810327894702,0.030469165251365955,-0.036071354260631454,-0.06534063021751707,0.21146895225173495,0.10853104774826505,0.506236004961042,0.8272746644556712,0.669301565205828,-0.05211668551966597,-0.022973936496695768
S3_short_window_none_i2,2.5,plan_generated,1,1,,7,0.0833128999802284,hold_and_refine,3.5,169.20136387888138,169.20136387888138,6.5,0.2690592066708186,4.55896287399811,1.5922102141614092,1.6259578132425097,2.846757373552637,-0.0626789629865731,0.029345914505654203,-0.029267240638365173,-0.05124163272394746,0.21795484767037576,0.10204515232962424,0.6039469776439175,0.7771651893209237,0.6529992935750347,-0.050109475134747505,-0.01630227163079323
S3_short_window_none_i2,3.0,plan_generated,1,1,,7,0.07031999999890104,hold_and_refine;state_update_rejected,3.5,169.20136387888138,169.20136387888138,6.5,0.2690592066708186,4.55896287399811,1.5922102141614092,1.0195616828807887,2.234743913347062,-0.06465783440253438,0.027574333768357724,-0.018352110291854195,-0.04022539044024711,0.22433070174035868,0.09566929825964132,0.7579672766698646,0.7771651893209237,0.6529992935750347,0.0,0.0
S3_short_window_none_i2,3.5,plan_generated,1,1,,7,0.06216530001256615,hold_and_refine,3.5,169.7554892323138,169.7554892323138,6.5,0.2892057160500521,4.609435463818511,1.6243798604583737,0.9948771642976864,1.7023419895589227,-0.05641320410237804,0.022047658248783835,-0.017907788957358353,-0.030642155812060607,0.23007936405243512,0.08992063594756489,0.6447941899326171,0.7361188668444509,0.6434780504447961,-0.041046322476472774,-0.00952124313023861
S3_short_window_none_i2,4.0,plan_generated,1,1,,7,0.05795129999751225,hold_and_refine,3.5,169.92524892693353,169.92524892693353,6.5,0.30678192689380523,4.654062147258668,1.6581469380555487,-0.24288898499817946,1.2403108004621533,-0.0332262145803816,0.012030081188601646,0.00437200172996723,-0.022325594408318758,0.234937227739463,0.08506277226053702,0.49286192855783184,0.7180111660850215,0.6331824694313792,-0.018107700759429468,-0.010295581013416877
S3_short_window_none_i2,4.5,plan_generated,1,1,,7,0.04355290002422407,hold_and_refine,3.5,169.9935627501272,169.9935627501272,6.5,0.31819857266010043,4.683431102036576,1.685336428551179,-0.4760270430923126,0.851879589392012,-0.024159649512726183,0.00820859305743397,0.008568486775661625,-0.015333832609056216,0.23884793335056023,0.08115206664943977,0.3840867752153311,0.7066255288860641,0.6245543899001171,-0.011385637198957355,-0.0086280795312621
S3_short_window_none_i2,5.0,plan_generated,1,1,,7,0.03561900003114715,hold_and_refine;state_update_rejected,3.5,169.9935627501272,169.9935627501272,6.5,0.31819857266010043,4.683431102036576,1.685336428551179,-0.178403449615465,0.5374241948115039,-0.01915136799935256,0.0061839733148670905,0.00321126209307837,-0.00967363550660707,0.24189284382575843,0.07810715617424158,0.31049815514324947,0.7066255288860641,0.6245543899001171,0.0,0.0
S3_short_window_none_i2,5.5,plan_generated,1,1,,7,0.02894629997899756,hold_and_refine;state_update_rejected,3.5,169.9935627501272,169.9935627501272,6.499999999999999,0.31819857266010043,4.683431102036576,1.685336428551179,0.10442900383859301,0.29717314899551067,-0.01639553639425933,0.005087929287523517,-0.001879722069094674,-0.005349116681919191,0.24421439835993858,0.07578560164006143,0.2632913595891828,0.7066255288860641,0.6245543899001171,0.0,0.0
S3_short_window_none_i2,6.0,plan_generated,1,1,,7,0.019011600001249462,hold_and_refine,3.5,169.99794474058478,169.99794474058478,6.499999999999997,0.31959105894810325,4.687027861237948,1.6911602528030607,0.08841733210160233,0.12884742751942946,-0.01471284850713017,0.004428968556641982,-0.0015915119778288416,-0.00231925369534973,0.24595948788959213,0.07404051211040788,0.23459320364691483,0.6949402209991543,0.6206128122115623,-0.011685307886909801,-0.003941577688554854
S3_short_window_prepare_i0,0.0,plan_generated,1,0,finite_search_no_valid_plan,96,0.0449773000436835,continue_bounded_preparation,,,,,-1.8906249999997424,,,0.0,0.0,0.0,0.0,,,0.0,0.0,0.0,,,,
S3_short_window_prepare_i0,0.5,plan_generated,1,0,finite_search_no_valid_plan,96,0.049245800008066,continue_bounded_preparation,,,,,-0.42745817805354225,,,0.0,0.0,0.0,0.0,,,0.0,0.0,0.0,,,,
S3_short_window_prepare_i0,1.0,plan_generated,1,0,finite_search_no_valid_plan,96,0.0562892000307329,continue_bounded_preparation,,,,,-0.35282296647151545,,,0.0,0.0,0.0,0.0,,,0.0,0.0,0.0,,,,
S3_short_window_prepare_i0,1.5,plan_generated,1,1,,102,0.16382169997086748,new_joint_plan,3.5,167.54523427988727,167.54523427988727,6.5,0.22274369066627298,4.4249556904382645,1.2073406998539928,2.255568165564339,-500.5222320380068,-0.08762690625583723,0.048010465409951235,-0.0406002269801581,0.072,0.20673218344985478,0.11326781655014523,0.4894392065213518,0.9308864333820024,0.7213385660383089,-0.06911356661799761,0.054671899371642296
S3_short_window_prepare_i0,2.0,plan_generated,1,1,,7,0.15022619999945164,hold_and_refine,3.5,169.30244601887222,169.30244601887222,6.5,0.07319623470670145,4.589466400993882,1.3323406998539928,2.0132177920786347,3.5411127084415797,-0.07088585364367145,0.03618873750219465,-0.03623792025741542,-0.06374002875194842,0.21184739463607674,0.10815260536392327,0.5469382168670167,0.872670114264549,0.7017922118851255,-0.0582163191174534,-0.0195463541531834
S3_short_window_prepare_i0,2.5,plan_generated,1,1,,103,0.20420560002094135,invalid_plan_replaced;state_update_rejected,3.5,166.3248626719016,166.3248626719016,6.5,0.08012286679434055,4.849054689167031,1.0,1.097700126460647,2.743639892282299,-0.11883953668408682,0.05573378236089162,-0.019758602276291642,-0.04938551806108138,0.21783770823025816,0.10216229176974184,0.6299372046496545,1.0,0.6666666666666666,0.0,0.0
S3_short_window_prepare_i0,3.0,plan_generated,1,1,,7,0.12211789999855682,hold_and_refine,3.5,167.96154656922712,167.96154656922712,6.5,0.04273452730458338,4.806741554086767,1.125,1.3160512499999821,2.1884530169093868,-0.14764356277398408,0.06337196312212971,-0.023688922499999678,-0.03939215430436896,0.2238979330408835,0.0961020669591165,0.7614366917456983,0.9093337573630081,0.6733232377422137,-0.09066624263699186,0.006656571075547069
S3_short_window_prepare_i0,3.5,plan_generated,1,1,,7,0.10583289997885004,hold_and_refine,3.5,168.8246218558147,168.8246218558147,6.5,0.09713395073529263,4.809887976559719,1.3969987279109755,1.0114907533005537,1.704135637726541,-0.10208510690392447,0.04026599634467693,-0.018206833559409965,-0.030674441479077736,0.22948353376795333,0.09051646623204668,0.6586843376125662,0.8446411183445259,0.6727324292730756,-0.06469263901848221,-0.00059080846913806
S3_short_window_prepare_i0,4.0,plan_generated,1,1,,7,0.08645289996638894,hold_and_refine,3.5,169.21509854264627,169.21509854264627,6.5,0.3923545630417484,4.833134385040137,1.571355783255885,0.7469053484456716,1.2444930865178694,-0.06141098573524176,0.02245958357867572,-0.013444296272022087,-0.022400875557321648,0.23430764326547132,0.08569235673452869,0.5097215705522067,0.8029902717491714,0.6673799238495681,-0.04165084659535456,-0.005352505423507514
S3_short_window_prepare_i0,4.5,plan_generated,1,1,,7,0.05605939996894449,hold_and_refine,3.5,169.38533489795842,169.38533489795842,6.5,0.4007312308848432,4.854619573872339,1.5911542406493786,0.5242157273758781,0.856629843973206,-0.03927966596050155,0.013473818924785785,-0.009435883092765805,-0.015419337191517706,0.23826848851204635,0.08173151148795366,0.3989115031201671,0.7746175458637918,0.6610681253254056,-0.028372725885379535,-0.006311798524162526
S3_short_window_prepare_i0,5.0,plan_generated,1,1,,7,0.05189770000288263,hold_and_refine,3.5,169.45452383247402,169.45452383247402,6.5,0.4062761737273677,4.869056330297025,1.6081097581762371,0.3414775780384313,0.5417342756516459,-0.02710807822001398,0.008825953572609128,-0.0061465964046917634,-0.009751216961729625,0.24140305436545192,0.07859694563454808,0.3215670016275324,0.75411712082212,0.6553169486282421,-0.02050042504167182,-0.005751176697163518
S3_short_window_prepare_i0,5.5,plan_generated,1,1,,7,0.03953549999278039,hold_and_refine,3.5,169.47797020686374,169.47797020686374,6.499999999999999,0.40932583181002435,4.877064459381569,1.6206013703811415,0.19768358938815106,0.2998561946818687,-0.02016235670247237,0.006299440432346764,-0.0035583046089867187,-0.005397411504273636,0.24382146503199914,0.07617853496800087,0.27074333485544877,0.7384862045622799,0.6505254275032527,-0.015630916259840144,-0.004791521124989373
S3_short_window_prepare_i0,6.0,plan_generated,1,1,,7,0.027812100015580654,hold_and_refine,3.5,169.4826725617682,169.4826725617682,6.499999999999997,0.41071119140606793,4.880662806289547,1.6279571617564383,0.09230145750287236,0.13029177191593122,-0.016032937876392934,0.0048522331904943695,-0.0016614262350517024,-0.0023452518944867616,0.24565468504014448,0.07434531495985552,0.23921617360324127,0.7259465914837462,0.6465747147312305,-0.012539613078533685,-0.003950712772022191
S3_short_window_prepare_i1,0.0,plan_generated,1,0,finite_search_no_valid_plan,96,0.07015129999490455,continue_bounded_preparation,,,,,-2.326718749999803,,,0.0,0.0,0.0,0.0,,,0.0,0.0,0.0,,,,
S3_short_window_prepare_i1,0.5,plan_generated,1,0,finite_search_no_valid_plan,96,0.06444409996038303,continue_bounded_preparation,,,,,-0.8189062499997801,,,0.0,0.0,0.0,0.0,,,0.0,0.0,0.0,,,,
S3_short_window_prepare_i1,1.0,plan_generated,1,0,finite_search_no_valid_plan,96,0.06932770001003519,continue_bounded_preparation,,,,,-0.6803720318372264,,,0.0,0.0,0.0,0.0,,,0.0,0.0,0.0,,,,
S3_short_window_prepare_i1,1.5,plan_generated,1,0,finite_search_no_valid_plan,96,0.061558199988212436,continue_bounded_preparation,,,,,-0.6800919534740579,,,0.0,0.0,0.0,0.0,,,0.0,0.0,0.0,,,,
S3_short_window_prepare_i1,2.0,plan_generated,1,0,finite_search_no_valid_plan,96,0.05259809998096898,continue_bounded_preparation,,,,,-0.1887500000003266,,,0.0,0.0,0.0,0.0,,,0.0,0.0,0.0,,,,
S3_short_window_prepare_i1,2.5,plan_generated,1,0,finite_search_no_valid_plan,96,0.05709830002160743,continue_bounded_preparation,,,,,-0.21160205075495941,,,0.0,0.0,0.0,0.0,,,0.0,0.0,0.0,,,,
S3_short_window_prepare_i1,3.0,plan_generated,1,0,finite_search_no_valid_plan,96,0.052196100004948676,continue_bounded_preparation,,,,,-0.21160205075495941,,,0.0,0.0,0.0,0.0,,,0.0,0.0,0.0,,,,
S3_short_window_prepare_i1,3.5,plan_generated,1,0,finite_search_no_valid_plan,96,0.05823159997817129,continue_bounded_preparation,,,,,-0.21160205075495941,,,0.0,0.0,0.0,0.0,,,0.0,0.0,0.0,,,,
S3_short_window_prepare_i1,4.0,plan_generated,1,0,finite_search_no_valid_plan,96,0.04180070001166314,continue_bounded_preparation,,,,,-0.21160205075495941,,,0.0,0.0,0.0,0.0,,,0.0,0.0,0.0,,,,
S3_short_window_prepare_i1,4.5,plan_generated,1,0,finite_search_no_valid_plan,96,0.051607900008093566,continue_bounded_preparation,,,,,-0.21160205075495941,,,0.0,0.0,0.0,0.0,,,0.0,0.0,0.0,,,,
S3_short_window_prepare_i1,5.0,plan_generated,1,0,finite_search_no_valid_plan,96,0.045503899978939444,continue_bounded_preparation,,,,,-0.06300660488542853,,,0.0,0.0,0.0,0.0,,,0.0,0.0,0.0,,,,
S3_short_window_prepare_i1,5.5,plan_generated,1,0,finite_search_no_valid_plan,96,0.04559929994866252,continue_bounded_preparation,,,,,-0.07733961392507993,,,0.0,0.0,0.0,0.0,,,0.0,0.0,0.0,,,,
S3_short_window_prepare_i1,6.0,plan_generated,1,0,finite_search_no_valid_plan,96,0.05169370002113283,continue_bounded_preparation,,,,,-0.08547079534394797,,,0.0,0.0,0.0,0.0,,,0.0,0.0,0.0,,,,
S3_short_window_prepare_i1,6.5,plan_generated,1,0,finite_search_no_valid_plan,96,0.05960900004720315,continue_bounded_preparation,,,,,-0.09055561890931241,,,0.0,0.0,0.0,0.0,,,0.0,0.0,0.0,,,,
S3_short_window_prepare_i1,7.0,plan_generated,1,0,finite_search_no_valid_plan,96,0.06604700000025332,continue_bounded_preparation,,,,,-0.06328960227019209,,,0.0,0.0,0.0,0.0,,,0.0,0.0,0.0,,,,
S3_short_window_prepare_i1,7.5,plan_generated,1,0,finite_search_no_valid_plan,96,0.056805400003213435,continue_bounded_preparation,,,,,-0.17119261148242604,,,0.0,0.0,0.0,0.0,,,0.0,0.0,0.0,,,,
S3_short_window_prepare_i2,0.0,plan_generated,1,0,finite_search_no_valid_plan,96,0.06870030000573024,continue_bounded_preparation,,,,,-2.3906249999997424,,,0.0,0.0,0.0,0.0,,,0.0,0.0,0.0,,,,
S3_short_window_prepare_i2,0.5,plan_generated,1,0,finite_search_no_valid_plan,96,0.07611650001490489,continue_bounded_preparation,,,,,-0.48437499999992006,,,0.0,0.0,0.0,0.0,,,0.0,0.0,0.0,,,,
S3_short_window_prepare_i2,1.0,plan_generated,1,1,,102,0.18627360003301874,new_joint_plan,3.5,164.37106426799627,164.37106426799627,6.5,0.04144699201739055,4.004918179173171,1.1964891285500268,2.8097046743296845,-661.3984328395862,-0.07041806822875031,0.04149562029188757,-0.05057468413793432,0.072,0.20134964838590474,0.11865035161409526,0.40383373870871375,0.9345036238166577,0.7180811434792771,-0.06549637618334225,0.051414476812610466
S3_short_window_prepare_i2,1.5,plan_generated,1,1,,7,0.13201670005219057,hold_and_refine,3.5,166.4272440718327,166.4272440718327,6.5,0.1409099075869138,4.24717703546919,1.3214891285500268,2.419876366428626,6.844135112212098,-0.057294709355832425,0.03186298409470836,-0.04355777459571526,-0.072,0.2056390905181629,0.11436090948183711,0.4431479923744439,0.8794048637218006,0.692267986378797,-0.05509876009485715,-0.025813157100480044
S3_short_window_prepare_i2,2.0,plan_generated,1,1,,7,0.11096630000974983,hold_and_refine,3.5,167.99434070290008,167.99434070290008,6.5,0.17331017686415162,4.440666969651528,1.4867854088345984,2.0039665540107148,3.629792403802782,-0.05876644371202086,0.030160383464766512,-0.036071397972192866,-0.06533626326845007,0.21146894120557835,0.10853105879442165,0.5010559681276294,0.8275889185610847,0.6691419025859249,-0.05181594516071586,-0.023126083792872176
S3_short_window_prepare_i2,2.5,plan_generated,1,1,,103,0.14726100000552833,invalid_plan_replaced,3.5,165.6744950176082,165.6744950176082,6.5,0.11826569158470868,4.495602053619234,1.2219091897089784,1.5493015785304274,2.8276922466571426,-0.11005203139243791,0.05152587229506545,-0.02788742841354769,-0.05089846043982856,0.21795461657733978,0.10204538342266023,0.5830440386817217,0.9260302700970072,0.6616470392609517,-0.07396972990299278,-0.005019627405714933
S3_short_window_prepare_i2,3.0,plan_generated,1,1,,7,0.10752809996483847,hold_and_refine,3.5,167.04343859818502,167.04343859818502,6.5,0.09182957960168636,4.497219353513896,1.3469091897089784,1.3090080498129975,2.2380312885382807,-0.11809540781954625,0.05035682954273266,-0.02356214489663395,-0.040284563193689046,0.22433973625996576,0.09566026374003425,0.7129824618207563,0.8505713423884321,0.6613899961213859,-0.0754589277085751,-0.0002570431395657602
S3_short_window_prepare_i2,3.5,plan_generated,1,1,,7,0.09063859999878332,hold_and_refine,3.5,167.81563075434647,167.81563075434647,6.5,0.1462290030323956,4.514529386165276,1.5732859728347037,1.0041043177381583,1.7050780098895475,-0.08888123906444402,0.03472303025624145,-0.018073877719286847,-0.030691404178011854,0.23010529213057088,0.08989470786942913,0.6898121719815495,0.7928409272846245,0.6581146891915296,-0.05773041510380761,-0.0032753069298563364
S3_short_window_prepare_i2,4.0,plan_generated,1,1,,7,0.07332859997404739,hold_and_refine,3.5,168.15192287402638,168.15192287402638,6.5,0.2629251411276927,4.546188897166201,1.597669913092143,0.741326467868521,1.2441424961572867,-0.05047003317056572,0.018260155918958815,-0.013343876421633377,-0.022394564930831157,0.23498277581550528,0.08501722418449473,0.5229266305409359,0.7569697678521019,0.6507825671720612,-0.035871159432522615,-0.007332122019468423
S3_short_window_prepare_i2,4.5,plan_generated,1,1,,7,0.0654861000366509,hold_and_refine,3.5,168.29722257169044,168.29722257169044,6.5,0.2728005370438433,4.57181867065064,1.6214922141424468,0.5200876881763512,0.8555651831685332,-0.03150195648900745,0.010691858293379063,-0.009361578387174321,-0.015400173297033597,0.23891241236358807,0.08108758763641194,0.40268187170885333,0.7327531515747505,0.6432221491328575,-0.024216616277351388,-0.007560418039203709
S3_short_window_prepare_i2,5.0,plan_generated,1,1,,7,0.0482456999598071,hold_and_refine,3.5,168.3562738498725,168.3562738498725,6.5,0.2790287472841255,4.588172769412876,1.6408174531525743,0.33847590096791585,0.5404136710826974,-0.02157325230066902,0.006956746515362241,-0.006092566217422485,-0.009727446079488554,0.24197129417106675,0.07802870582893326,0.32119591012624976,0.715256476557831,0.6366910221577314,-0.01749667501691954,-0.006531126975126034
S3_short_window_prepare_i2,5.5,plan_generated,1,1,,7,0.03947780001908541,hold_and_refine,3.5,168.3763248218136,168.3763248218136,6.499999999999999,0.28237951261117633,4.597010438202273,1.6541540633335328,0.195596772791151,0.29860745189722565,-0.016061322578953516,0.004977008330428405,-0.003520741910240718,-0.005374934134150061,0.24429805042058447,0.07570194957941553,0.26909049740927743,0.7018891619304447,0.6313985310786088,-0.013367314627386273,-0.005292491079122663
S3_short_window_prepare_i2,6.0,plan_generated,1,1,,7,0.025955599965527654,hold_and_refine,3.5,168.3803552320286,168.3803552320286,6.499999999999997,0.2838842956850067,4.600916001674631,1.6557502663294126,0.0909949430809153,0.12936355552847434,-0.012838720551761534,0.003859339840674595,-0.0016379089754564751,-0.002328543999512538,0.24603998787935308,0.07396001212064693,0.23756930784104047,0.6911414013571835,0.6271127407505609,-0.010747760573261211,-0.004285790328047878
S2_collaborative_none_i0_no_partner,0.0,plan_generated,1,1,,102,0.0986080999718979,new_joint_plan,1.5,155.99825714031837,155.99825714031837,4.5,0.1118888108036078,7.978472071542197,2.045085459956391,1.299461479866325,2.4948940178130523,0.0,0.0,-0.02339030663759385,-0.04490809232063494,0.16,0.16,0.7203125325753532,0.6516381800145363,0.3082126205063492,-0.015028486652130302,-0.025120712826984137
S2_collaborative_none_i0_no_partner,0.5,plan_generated,1,1,,7,0.07469620002666488,hold_and_refine,1.5,156.31823073260588,156.31823073260588,4.5,0.06697513074794692,7.957322413029485,2.0905928153039675,1.3234363943466076,2.2407445006039333,0.0,0.0,-0.023821855098238937,-0.040333401010870795,0.16,0.16,0.7355493120182905,0.6364690615653442,0.285580219036863,-0.01516911844919211,-0.022632401469486196
S2_collaborative_none_i0_no_partner,1.0,plan_generated,1,1,,7,0.07213179999962449,hold_and_refine,1.5,156.5789284729082,156.5789284729082,4.5,0.05589985416813903,7.95581125898195,2.13315571167983,1.2228096463845495,1.770303833293812,0.0,0.0,-0.022010573634921888,-0.03186546899928861,0.16,0.16,0.7757111378546149,0.6222814294400566,0.2673628427849238,-0.01418763212528762,-0.0182173762519392
S2_collaborative_none_i0_no_partner,1.5,plan_generated,1,1,,7,0.0617861999780871,hold_and_refine,1.5,156.74198134893223,156.74198134893223,4.5,0.05589985416813903,7.95581125898195,2.169389684129603,0.9962870743767396,1.3140563109782168,0.0,0.0,-0.017933167338781312,-0.0236530135976079,0.16,0.16,0.7693056959124007,0.6102034386234657,0.25339743324384045,-0.012077990816590889,-0.013965409541083329
S2_collaborative_none_i0_no_partner,2.0,plan_generated,1,1,,7,0.0538181999581866,hold_and_refine,1.5,156.83551561725307,156.83551561725307,4.5,0.3487913526940911,8.747454672554934,2.1993206499922575,0.7695523808630549,0.9286832227413802,0.0,0.0,-0.013851942855534987,-0.016716298009344842,0.16,0.16,0.7089860339210516,0.6002264500025809,0.2430121047732173,-0.009976988620884808,-0.01038532847062315
S2_collaborative_none_i0_no_partner,2.5,plan_generated,1,1,,7,0.0478185000247322,hold_and_refine,1.5,156.88307919356487,156.88307919356487,4.5,0.6770347068311153,8.810288136185516,2.2231024381481728,0.5473478298472774,0.6138733796726079,0.0,0.0,-0.009852260937250992,-0.011049720834106942,0.16,0.16,0.6471424745139818,0.5922991872839425,0.23554314751797809,-0.007927262718638417,-0.007468957255239217
S2_collaborative_none_i0_no_partner,3.0,plan_generated,1,1,,7,0.0410247000399977,hold_and_refine,1.5,156.90397722343684,156.90397722343684,4.5,1.448313362023283,9.270609718053617,2.2416784647010264,0.35894587939239686,0.3678646140566221,0.0,0.0,-0.006461025829063143,-0.006621563053019197,0.16,0.16,0.5861386335274765,0.5861071784329912,0.23034802081132466,-0.0061920088509512805,-0.005195126706653425
S2_collaborative_none_i0_no_partner,3.5,plan_generated,1,1,,7,0.026981899980455637,hold_and_refine,1.5,156.91119691954924,156.91119691954924,4.499999999999999,2.6582435997125433,10.136662949095136,2.256117856925825,0.20917720549274413,0.18755111468741542,0.0,0.0,-0.003765189698869394,-0.003375920064373477,0.16,0.16,0.5278783139345238,0.5812940476913916,0.22681727661264733,-0.004813130741599614,-0.003530744198677327
S2_collaborative_none_i0_no_partner,4.0,plan_generated,1,1,,7,0.0193425000179559,hold_and_refine,1.5,156.91261791208447,156.91261791208447,4.499999999999997,3.0776508656741415,10.139045998557133,2.2674857972079376,0.09809368765708917,0.06828824678162539,0.0,0.0,-0.001765686377827605,-0.0012291884420692568,0.16,0.16,0.4737959131875061,0.5775047342640208,0.22438814417871153,-0.0037893134273707663,-0.0024291324339358045
S2_ample_none_i0_no_partner,0.0,plan_generated,1,1,,102,0.10453860001871362,new_joint_plan,1.5,163.8083458937827,163.8083458937827,4.5,1.0285041338088448,9.328504133808845,2.2429097656727643,0.5361833681525218,1.782010532578091,0.0,0.0,-0.009651300626745392,-0.03207618958640564,0.16,0.16,0.4862683493126205,0.32684101635329393,0.0,-0.006492316980039381,0.0
S2_ample_none_i0_no_partner,0.5,plan_generated,1,1,,7,0.08241490001091734,hold_and_refine,1.5,163.9499752082341,163.9499752082341,4.5,1.037355965962142,9.337355965962143,2.2864913964240032,0.47411292818904444,1.4352399472819317,0.0,0.0,-0.0085340327074028,-0.025834319051074767,0.16,0.16,0.47711013692085497,0.32093979491782604,0.0,-0.005901221435467896,0.0
S2_ample_none_i0_no_partner,1.0,plan_generated,1,1,,7,0.06798069999786094,hold_and_refine,1.5,164.04263689380565,164.04263689380565,4.5,1.0392470207697286,9.33924702076973,2.333860732977013,0.3820126495132646,1.1255989530254424,0.0,0.0,-0.006876227691238762,-0.020260781154457962,0.16,0.16,0.4687342360378685,0.3158969820976175,0.0,-0.00504281282020852,0.0
S2_ample_none_i0_no_partner,1.5,plan_generated,1,1,,7,0.0591118999873288,hold_and_refine,1.5,164.1011712629614,164.1011712629614,4.5,1.0392470207697286,9.33924702076973,2.3736425989083383,0.3062660318055479,0.8525962076794167,0.0,0.0,-0.005512788572499862,-0.015346731738229499,0.16,0.16,0.46195482831779383,0.3115611029008795,0.0,-0.004335879196738002,0.0
S2_ample_none_i0_no_partner,2.0,plan_generated,1,1,,7,0.0562274000258185,hold_and_refine,1.5,164.1362988975653,164.1362988975653,4.5,2.283744795740752,10.583744795740753,2.4064789047710056,0.24323801962063674,0.6166977731867166,0.0,0.0,-0.004378284353171461,-0.011100559917360898,0.16,0.16,0.4562125805131402,0.3078141552097894,0.0,-0.00374694769109013,0.0
S2_ample_none_i0_no_partner,2.5,plan_generated,1,1,,7,0.047548400005325675,hold_and_refine,1.5,164.15579842046563,164.15579842046563,4.5,3.2959768489202546,11.595976848920255,2.433182286619143,0.19009441192260104,0.4179743854006439,0.0,0.0,-0.0034216994146068183,-0.00752353893721159,0.16,0.16,0.4511588301415261,0.304564234726437,0.0,-0.0032499204833523754,0.0
S2_ample_none_i0_no_partner,3.0,plan_generated,1,1,,7,0.03832320001674816,hold_and_refine,1.5,164.165333750785,164.165333750785,4.5,4.078567005873701,12.378567005873702,2.454617856273353,0.14471798710922396,0.2563894283331873,0.0,0.0,-0.002604923767966031,-0.004615009709997371,0.16,0.16,0.44657331206082573,0.3017389516688218,0.0,-0.002825283057615202,0.0
S2_ample_none_i0_no_partner,3.5,plan_generated,1,1,,7,0.029943800007458776,hold_and_refine,1.5,164.1690197248821,164.1690197248821,4.499999999999999,4.264560706439305,12.624070900705572,2.467894151805861,0.10540236737689994,0.1330338335468858,0.0,0.0,-0.0018972426127841988,-0.0023946090038439445,0.16,0.16,0.44231532300272375,0.2992816356040856,0.0,-0.0024573160647362036,0.0
S2_ample_none_i0_no_partner,4.0,plan_generated,1,1,,7,0.017759499954991043,hold_and_refine,1.5,164.16979560052536,164.16979560052536,4.499999999999997,4.264312426233442,12.623397895757204,2.4725653917379242,0.06362150414298363,0.047171723589144975,0.0,0.0,-0.0011451870745737053,-0.0008490910246046094,0.16,0.16,0.43829403358366853,0.29721263388877833,0.0,-0.0020690017153072726,0.0
S2_collaborative_none_i0_no_feedback,0.0,plan_generated,1,1,,102,0.10305619996506721,new_joint_plan,1.5,156.81079240180816,156.81079240180816,4.5,0.2987071207673395,8.146728451836974,2.1597141484498947,1.299461479866325,2.4948940178130523,-0.09980943229992989,0.09980943229992989,0.0,0.0,0.16,0.16,0.7203125325753532,0.6134286171833684,0.3805713828166316,-0.053238049483298244,0.047238049483298294
S2_collaborative_none_i0_no_feedback,0.5,plan_generated,1,1,,7,0.07828140002675354,hold_and_refine,1.5,157.73634626880911,157.73634626880911,4.5,0.14030575230727038,8.243400376365454,2.2869289956228025,1.2766600073732992,2.437283964998627,-0.07867561194343793,0.07867561194343793,0.0,0.0,0.16,0.16,0.7360914403799736,0.5710236681257326,0.4168646177258175,-0.04240494905763581,0.0362932349091859
S2_collaborative_none_i0_no_feedback,1.0,plan_generated,1,1,,7,0.07959829998435453,hold_and_refine,1.5,158.32447722166035,158.32447722166035,4.5,0.05190701181651747,8.265084458148916,2.3829503756801276,1.117982221514159,1.9412760346045292,-0.05830401669029298,0.05830401669029298,0.0,0.0,0.16,0.16,0.7826574591303064,0.5390165414399575,0.44268170912915744,-0.0320071266857751,0.02581709140333993
S2_collaborative_none_i0_no_feedback,1.5,plan_generated,1,1,,7,0.08814239996718243,hold_and_refine,1.5,158.6022815516289,158.6022815516289,4.5,0.027494742014759765,8.265084458148916,2.444684671228638,0.842292433389,1.4852714733548036,-0.035766031617940786,0.035766031617940786,0.0,0.0,0.16,0.16,0.7500111173962376,0.5184384429237873,0.45702327126509457,-0.020578098516170207,0.014341562135937125
S2_collaborative_none_i0_no_feedback,2.0,plan_generated,1,1,,7,0.061822000017855316,hold_and_refine,1.5,158.72344300820907,158.72344300820907,4.5,0.025023048300528927,8.417911347638817,2.473165047177278,0.6949374257651051,1.0832580458881642,-0.02066339297454246,0.02066339297454246,0.0,0.0,0.16,0.16,0.6735254306117646,0.5055145542218971,0.46369878158224503,-0.012923888701890207,0.006675510317150468
S2_collaborative_none_i0_no_feedback,2.5,plan_generated,1,1,,7,0.04957149998517707,hold_and_refine,1.5,158.7759545724878,158.7759545724878,4.5,0.12238405343249426,8.417911347638817,2.4657477067267615,0.49753215551372004,0.7423973424280318,-0.012448709217342115,0.012448709217342115,0.0,0.0,0.16,0.16,0.5939695843544388,0.49676262684211653,0.46621354593825814,-0.008751927379780533,0.0025147643560131105
S2_collaborative_none_i0_no_feedback,3.0,plan_generated,1,1,,7,0.03770259994780645,hold_and_refine,1.5,158.79770467250273,158.79770467250273,4.5,0.5758599972956944,8.61058691240991,2.4651381334036984,0.3215553803445959,0.465963761911856,-0.007921321888591681,0.007921321888591681,0.0,0.0,0.16,0.16,0.5166501505333045,0.4903181527636101,0.46644449851504793,-0.006444474078506401,0.0002309525767897891
S2_collaborative_none_i0_no_feedback,3.5,plan_generated,1,1,,7,0.03069580002920702,hold_and_refine,1.5,158.8053909093942,158.8053909093942,4.499999999999999,1.3961078846198438,9.17341776953317,2.4674577917275697,0.1835175848034109,0.2549318982344107,-0.005345134327613519,0.005345134327613519,0.0,0.0,0.16,0.16,0.44583802907244074,0.4851939948359853,0.46538550969073433,-0.005124157927624828,-0.0010589888243136003
S2_collaborative_none_i0_no_feedback,4.0,plan_generated,1,1,,7,0.030946900020353496,hold_and_refine,1.5,158.80701776235122,158.80701776235122,4.499999999999997,2.579482644381816,10.102065682006252,2.47011411670544,0.08325892561564797,0.10868941046959231,-0.003824609155800731,0.003824609155800731,0.0,0.0,0.16,0.16,0.3843671689851529,0.480855720283905,0.46357473019110884,-0.004338274552080301,-0.0018107794996254922
S2_ample_none_i0_no_feedback,0.0,plan_generated,1,1,,102,0.1262412000214681,new_joint_plan,1.5,164.55401149071778,164.55401149071778,4.5,1.2525269264532497,9.499465712764543,2.1724705277598364,0.5361833681525218,1.782010532578091,-0.06737931896976875,0.06737931896976875,0.0,0.0,0.16,0.16,0.4862683493126205,0.29797700718178227,0.03368965948488437,-0.03535632615155104,0.03368965948488437
S2_ample_none_i0_no_feedback,0.5,plan_generated,1,1,,7,0.08288350002840161,hold_and_refine,1.5,165.2649159754695,165.2649159754695,4.5,1.3680055823601833,9.585689669890964,1.9578709930536795,0.25583661141548175,1.507048524722338,-0.05626227032419495,0.05626227032419495,0.0,0.0,0.16,0.16,0.47639681596571365,0.2683559869837759,0.061551277371102775,-0.029621020198006387,0.027861617886218402
S2_ample_none_i0_no_feedback,1.0,plan_generated,1,1,,7,0.07070679997559637,hold_and_refine,1.5,165.7045252433776,165.7045252433776,4.5,1.3968583114438715,9.60294508400808,1.8883518094398932,0.06402758358213025,1.2555754047743728,-0.04516506792964381,0.04516506792964381,0.0,0.0,0.16,0.16,0.46662409177262176,0.2444316730840351,0.08364140111695587,-0.023924313899740784,0.02209012374585309
S2_ample_none_i0_no_feedback,1.5,plan_generated,1,1,,7,0.06343839998589829,hold_and_refine,1.5,165.9599112808212,165.9599112808212,4.5,1.3968583114438715,9.60294508400808,1.862031538924188,0.01192833146614974,1.0155090830868885,-0.03539065177937192,0.03539065177937192,0.0,0.0,0.16,0.16,0.45707556258910403,0.22551418882892896,0.10066759579770618,-0.018917484255106143,0.01702619468075031
S2_ample_none_i0_no_feedback,2.0,plan_generated,1,1,,7,0.055894199991598725,hold_and_refine,1.5,166.0986175619052,166.0986175619052,4.5,1.883934018512054,10.33167789227279,1.8449613664950402,0.009317236236962841,0.7855955774291005,-0.027335531409586836,0.027335531409586836,0.0,0.0,0.16,0.16,0.44696501284247525,0.2107188521799909,0.11353002073611795,-0.014795336648938062,0.012862424938411776
S2_ample_none_i0_no_feedback,2.5,plan_generated,1,1,,7,0.046548200014512986,hold_and_refine,1.5,166.16782969399588,166.16782969399588,4.5,1.7596347020195022,10.226160736786493,1.8394514773297541,0.008895853708080489,0.5626323554703483,-0.02096352217508132,0.02096352217508132,0.0,0.0,0.16,0.16,0.43585996743285504,0.1991834968315503,0.12310354165776967,-0.011535355348440607,0.009573520921651715
S2_ample_none_i0_no_feedback,3.0,plan_generated,1,1,,7,0.033737100020516664,hold_and_refine,1.5,166.19826662741283,166.19826662741283,4.5,1.69287823183911,10.173023870477078,1.8333474551274977,0.008271081675330085,0.3607737018532711,-0.016044866315807503,0.016044866315807503,0.0,0.0,0.16,0.16,0.4235833503727847,0.1901651461894888,0.13014114648241126,-0.009018350642061496,0.007037604824641594
S2_ample_none_i0_no_feedback,3.5,plan_generated,1,1,,7,0.02429830003529787,hold_and_refine,1.5,166.20891892358378,166.20891892358378,4.499999999999999,1.661336123228251,10.14950751268658,1.830099989932997,0.00729593284548746,0.19788219313418984,-0.012301410099383995,0.012301410099383995,0.0,0.0,0.16,0.16,0.4101446158437044,0.18306361540884936,0.13525072236024396,-0.007101530780639437,0.0051095758778327005
S2_ample_none_i0_no_feedback,4.0,plan_generated,1,1,,7,0.02220780000789091,hold_and_refine,1.5,166.2110385379813,166.2110385379813,4.499999999999997,1.648978211020733,10.141285988308379,1.828610867295174,0.005945014333661321,0.08201206830590833,-0.009473973966178368,0.009473973966178368,0.0,0.0,0.16,0.16,0.39568690415238084,0.17741131034871593,0.1389057035644512,-0.005652305060133422,0.003654981204207236
S2_collaborative_none_i0_fixed_W,0.0,plan_generated,1,1,,102,0.11163860000669956,new_joint_plan,1.5,156.5834327987561,156.5834327987561,4.5,0.22326143486983252,8.056517559261135,2.128223898719697,1.299461479866325,2.4948940178130523,-0.05542562584220407,0.05542562584220407,-0.02339030663759385,-0.04490809232063494,0.16,0.16,0.4,0.6239253670934344,0.33592543342745124,-0.04274129957323225,0.0025921000941179217
S2_collaborative_none_i0_fixed_W,0.5,plan_generated,1,1,,7,0.08583630004432052,hold_and_refine,1.5,157.44525183007025,157.44525183007025,4.5,0.19434414983253134,8.096139158373244,2.247589415522211,1.278628117474695,2.3915629352371752,-0.05032245141619721,0.05032245141619721,-0.02301530611454451,-0.04304813283426915,0.16,0.16,0.4,0.5841368614925964,0.33687518925099563,-0.03978850560083802,0.0009497558235443959
S2_collaborative_none_i0_fixed_W,1.0,plan_generated,1,1,,7,0.0678846999653615,hold_and_refine,1.5,158.09790034432655,158.09790034432655,4.5,0.10121961913302613,8.11050805717117,2.2690218986660193,1.1295196869741553,1.8820162794301702,-0.0448638499997806,0.0448638499997806,-0.020331354365534793,-0.033876293029743064,0.16,0.16,0.4,0.5486185750024757,0.33967396622200646,-0.035518286490120676,0.00279877697101083
S2_collaborative_none_i0_fixed_W,1.5,plan_generated,1,1,,7,0.06302609998965636,hold_and_refine,1.5,158.5085419928079,158.5085419928079,4.5,0.06699655543853567,8.11050805717117,2.2809426752900013,0.9050804441543577,1.4264554530382347,-0.0390581660302283,0.0390581660302283,-0.016291447994778437,-0.025676198154688225,0.16,0.16,0.4,0.5182006751149599,0.34364755843000044,-0.030417899887515754,0.003973592207993981
S2_collaborative_none_i0_fixed_W,2.0,plan_generated,1,1,,7,0.05185310001252219,hold_and_refine,1.5,158.74797154394514,158.74797154394514,4.5,0.0631440932232401,8.453670648073366,2.294835319505932,0.6962796133376989,1.0335078169940362,-0.03336326445139312,0.03336326445139312,-0.01253303304007858,-0.01860314070589265,0.16,0.16,0.4,0.4926615229936493,0.34827843983531065,-0.025539152121310638,0.004630881405310205
S2_collaborative_none_i0_fixed_W,2.5,plan_generated,1,1,,7,0.047957099974155426,hold_and_refine,1.5,158.87368986074458,158.87368986074458,4.5,0.1610886653268473,8.453670648073366,2.3095199821845775,0.4963792386125497,0.7045796621350354,-0.028044664074892676,0.028044664074892676,-0.008934826295025894,-0.012682433918430637,0.16,0.16,0.4,0.47170847019372175,0.3531733273948592,-0.02095305279992754,0.004894887559548533
S2_collaborative_none_i0_fixed_W,3.0,plan_generated,1,1,,7,0.039014099980704486,hold_and_refine,1.5,158.93065754080177,158.93065754080177,4.5,0.5962234560062534,8.641158491901063,2.324097167830196,0.3197589973128544,0.4398323090789692,-0.02328587856548473,0.02328587856548473,-0.005755661951631378,-0.007916981563421445,0.16,0.16,0.4,0.45482915758419507,0.358032389276732,-0.016879312609526687,0.004859061881872795
S2_collaborative_none_i0_fixed_W,3.5,plan_generated,1,1,,7,0.030876000004354864,hold_and_refine,1.5,158.95089319707267,158.95089319707267,4.499999999999999,1.3699482179823672,9.176097946145472,2.337798129484498,0.18161182576226448,0.2389487735358931,-0.01916357058827503,0.01916357058827503,-0.0032690128637207602,-0.004301077923646076,0.16,0.16,0.4,0.4413387200702762,0.3625993764948326,-0.013490437513918874,0.0045669872181006155
S2_collaborative_none_i0_fixed_W,4.0,plan_generated,1,1,,7,0.021534600004088134,hold_and_refine,1.5,158.95493464487345,158.95493464487345,4.499999999999997,2.472653454384096,10.047100354510302,2.349883290251782,0.08169329230650503,0.10067544110109741,-0.015670521808593293,0.015670521808593293,-0.0014704792615170903,-0.0018121579398197533,0.16,0.16,0.4,0.4305615259348696,0.3666277634172607,-0.010777194135406565,0.004028386922428129
S2_ample_none_i0_fixed_W,0.0,plan_generated,1,1,,102,0.10893639997811988,new_joint_plan,1.5,164.52427177458392,164.52427177458392,4.5,1.1412692811745124,9.422881600123073,2.2437411801360114,0.5361833681525218,1.782010532578091,-0.05542562584220407,0.05542562584220407,-0.009651300626745392,-0.03207618958640564,0.16,0.16,0.4,0.29912820343219193,0.011674718127899216,-0.034205129901141385,0.011674718127899216
S2_ample_none_i0_fixed_W,0.5,plan_generated,1,1,,7,0.08412720001069829,hold_and_refine,1.5,165.22379912792647,165.22379912792647,4.5,1.2151432445316246,9.484339414867687,2.1433392726695106,0.2804539450847169,1.4676605941707475,-0.05025449306606697,0.05025449306606697,-0.005048171011524903,-0.026417890695073453,0.16,0.16,0.4,0.26998123037623506,0.023499621568372778,-0.02914697305595687,0.011824903440473562
S2_ample_none_i0_fixed_W,1.0,plan_generated,1,1,,7,0.07076039997627959,hold_and_refine,1.5,165.67273757360792,165.67273757360792,4.5,1.2348151028004004,9.497880527785409,2.047669133805914,0.07846523015988983,1.1678137629343217,-0.04475186206290291,0.04475186206290291,-0.0014123741428780168,-0.02102064773281779,0.16,0.16,0.4,0.24554920612146341,0.03517723176086836,-0.024432024254771645,0.01167761019249558
S2_ample_none_i0_fixed_W,1.5,plan_generated,1,1,,7,0.06116039998596534,hold_and_refine,1.5,165.95626676827456,165.95626676827456,4.5,1.2348151028004004,9.497880527785409,1.9966923987059522,0.014650713175746875,0.8972939018809416,-0.03928512023741696,0.03928512023741696,-0.00026371283716344375,-0.016151290233856946,0.16,0.16,0.4,0.2245470435535659,0.046462728908561415,-0.021002162567897525,0.011285497147693058
S2_ample_none_i0_fixed_W,2.0,plan_generated,1,1,,7,0.06602230004500598,hold_and_refine,1.5,166.12687313215946,166.12687313215946,4.5,1.832251827554817,10.288101658048173,1.959578935865703,0.01019272360000378,0.6581990766297876,-0.03396708483510134,0.03396708483510134,-0.00018346902480006802,-0.011847583379336175,0.16,0.16,0.4,0.20634903140584737,0.05715077780517551,-0.018198012147718517,0.010688048896614094
S2_ample_none_i0_fixed_W,2.5,plan_generated,1,1,,7,0.05083229998126626,hold_and_refine,1.5,166.22032464631698,166.22032464631698,4.5,1.661451995218469,10.144737806600869,1.948989655879056,0.009741405106375308,0.455796024284349,-0.028911669113240904,0.028911669113240904,-0.00017534529191475553,-0.008204328437118281,0.16,0.16,0.4,0.1907737790462403,0.06704724192079542,-0.015575252359607078,0.00989646411561991
S2_ample_none_i0_fixed_W,3.0,plan_generated,1,1,,7,0.04098989994963631,hold_and_refine,1.5,166.26476042473476,166.26476042473476,4.5,1.5615121324780254,10.066537340351356,1.9379742895979954,0.00942142729692452,0.29009934970038914,-0.0242549896546016,0.0242549896546016,-0.00016958569134464132,-0.005221788294607004,0.16,0.16,0.4,0.17760762247803596,0.07602746466542636,-0.013166156568204329,0.008980222744630936
S2_ample_none_i0_fixed_W,3.5,plan_generated,1,1,,7,0.02950020000571385,hold_and_refine,1.5,166.2812728460258,166.2812728460258,4.499999999999999,1.5097989063719268,10.029569576723457,1.9325688702337633,0.00897127883026025,0.16103854594591724,-0.02007900247771657,0.02007900247771657,-0.0001614830189446845,-0.00289869382702651,0.16,0.16,0.4,0.16659934161731516,0.08400939927344797,-0.01100828086072081,0.007981934608021615
S2_ample_none_i0_fixed_W,4.0,plan_generated,1,1,,7,0.0198579000425525,hold_and_refine,1.5,166.28468984349385,166.28468984349385,4.499999999999997,1.4877568733260986,10.015981156833629,1.9297647461865157,0.007666326480619824,0.06873007136383336,-0.016419999203582197,0.016419999203582197,-0.00013799387665115682,-0.0012371412845490002,0.16,0.16,0.4,0.1574873483691119,0.09092875303877698,-0.009111993248203248,0.006919353765329012
