run_id,field,status,old_value,current_value,delta
A_ample_none_i0,K_MR_mean_s-1,same,0.0,0.0,0
A_ample_none_i0,K_RM_mean_s-1,same,0.0,0.0,0
A_ample_none_i0,completion_time_s,same,3.65,3.65,0
A_ample_none_i0,disturbance,same,none,none,
A_ample_none_i0,failure_type,same,,,
A_ample_none_i0,hard_violation_count,same,0,0,0
A_ample_none_i0,init_variant,same,0,0,0
A_ample_none_i0,max_abs_jerk_mps3,same,2.5,2.5,0
A_ample_none_i0,mean_abs_jerk_mps3,same,0.12217753253934756,0.12217753253934756,0
A_ample_none_i0,merge_start_time_s,same,0.6500000000000001,0.6500000000000001,0
A_ample_none_i0,method,same,A,A,
A_ample_none_i0,min_net_gap_m,same,11.251064264926082,11.251064264926082,0
A_ample_none_i0,outcome,same,completed,completed,
A_ample_none_i0,pair_gain_total_error_max_s-1,same,0.0,0.0,0
A_ample_none_i0,road_violation_count,same,0,0,0
A_ample_none_i0,run_id,same,A_ample_none_i0,A_ample_none_i0,
A_ample_none_i0,safety_correction_abs_mean_mps2,same,3.799955392668559,3.799955392668559,0
A_ample_none_i0,safety_correction_count,same,7,7,0
A_ample_none_i0,scenario,same,ample,ample,
A_ample_none_i0,space_feedback_abs_mean_s-1,same,0.0,0.0,0
A_ample_none_i0,success,same,1,1,0
A_ample_none_i0,task_phase,same,SUCCESS,SUCCESS,
A_ample_none_i0,total_effort_integral_m2_s3,same,5.326624772951129,5.326624772951129,0
A_ample_none_i0,total_speed_deficit_integral_m_s,same,3.727611221697933,3.727611221697933,0
A_ample_none_i1,K_MR_mean_s-1,same,0.0,0.0,0
A_ample_none_i1,K_RM_mean_s-1,same,0.0,0.0,0
A_ample_none_i1,completion_time_s,same,5.05,5.05,0
A_ample_none_i1,disturbance,same,none,none,
A_ample_none_i1,failure_type,same,,,
A_ample_none_i1,hard_violation_count,same,0,0,0
A_ample_none_i1,init_variant,same,1,1,0
A_ample_none_i1,max_abs_jerk_mps3,same,2.500000000000002,2.500000000000002,0
A_ample_none_i1,mean_abs_jerk_mps3,same,0.15671588431525507,0.15671588431525507,0
A_ample_none_i1,merge_start_time_s,same,2.05,2.05,0
A_ample_none_i1,method,same,A,A,
A_ample_none_i1,min_net_gap_m,same,10.601417033255029,10.601417033255029,0
A_ample_none_i1,outcome,same,completed,completed,
A_ample_none_i1,pair_gain_total_error_max_s-1,same,0.0,0.0,0
A_ample_none_i1,road_violation_count,same,0,0,0
A_ample_none_i1,run_id,same,A_ample_none_i1,A_ample_none_i1,
A_ample_none_i1,safety_correction_abs_mean_mps2,same,4.091943781108452,4.091943781108452,0
A_ample_none_i1,safety_correction_count,same,9,9,0
A_ample_none_i1,scenario,same,ample,ample,
A_ample_none_i1,space_feedback_abs_mean_s-1,same,0.0,0.0,0
A_ample_none_i1,success,same,1,1,0
A_ample_none_i1,task_phase,same,SUCCESS,SUCCESS,
A_ample_none_i1,total_effort_integral_m2_s3,same,3.1023960426535795,3.1023960426535795,0
A_ample_none_i1,total_speed_deficit_integral_m_s,same,2.923626372870316,2.923626372870316,0
A_ample_none_i2,K_MR_mean_s-1,same,0.0,0.0,0
A_ample_none_i2,K_RM_mean_s-1,same,0.0,0.0,0
A_ample_none_i2,completion_time_s,same,4.25,4.25,0
A_ample_none_i2,disturbance,same,none,none,
A_ample_none_i2,failure_type,same,,,
A_ample_none_i2,hard_violation_count,same,0,0,0
A_ample_none_i2,init_variant,same,2,2,0
A_ample_none_i2,max_abs_jerk_mps3,same,2.5,2.5,0
A_ample_none_i2,mean_abs_jerk_mps3,same,0.11522782402231964,0.11522782402231964,0
A_ample_none_i2,merge_start_time_s,same,1.2500000000000002,1.2500000000000002,0
A_ample_none_i2,method,same,A,A,
A_ample_none_i2,min_net_gap_m,same,9.773354193167858,9.773354193167858,0
A_ample_none_i2,outcome,same,completed,completed,
A_ample_none_i2,pair_gain_total_error_max_s-1,same,0.0,0.0,0
A_ample_none_i2,road_violation_count,same,0,0,0
A_ample_none_i2,run_id,same,A_ample_none_i2,A_ample_none_i2,
A_ample_none_i2,safety_correction_abs_mean_mps2,same,4.185103705025071,4.185103705025071,0
A_ample_none_i2,safety_correction_count,same,8,8,0
A_ample_none_i2,scenario,same,ample,ample,
A_ample_none_i2,space_feedback_abs_mean_s-1,same,0.0,0.0,0
A_ample_none_i2,success,same,1,1,0
A_ample_none_i2,task_phase,same,SUCCESS,SUCCESS,
A_ample_none_i2,total_effort_integral_m2_s3,same,4.751587824557898,4.751587824557898,0
A_ample_none_i2,total_speed_deficit_integral_m_s,same,3.729689440118043,3.729689440118043,0
A_ample_prepare_i0,K_MR_mean_s-1,same,0.0,0.0,0
A_ample_prepare_i0,K_RM_mean_s-1,same,0.0,0.0,0
A_ample_prepare_i0,completion_time_s,same,3.65,3.65,0
A_ample_prepare_i0,disturbance,same,prepare,prepare,
A_ample_prepare_i0,failure_type,same,,,
A_ample_prepare_i0,hard_violation_count,same,0,0,0
A_ample_prepare_i0,init_variant,same,0,0,0
A_ample_prepare_i0,max_abs_jerk_mps3,same,2.500000000000002,2.500000000000002,0
A_ample_prepare_i0,mean_abs_jerk_mps3,same,0.21823138818016835,0.21823138818016835,0
A_ample_prepare_i0,merge_start_time_s,same,0.6500000000000001,0.6500000000000001,0
A_ample_prepare_i0,method,same,A,A,
A_ample_prepare_i0,min_net_gap_m,same,11.13088765225491,11.13088765225491,0
A_ample_prepare_i0,outcome,same,completed,completed,
A_ample_prepare_i0,pair_gain_total_error_max_s-1,same,0.0,0.0,0
A_ample_prepare_i0,road_violation_count,same,0,0,0
A_ample_prepare_i0,run_id,same,A_ample_prepare_i0,A_ample_prepare_i0,
A_ample_prepare_i0,safety_correction_abs_mean_mps2,same,3.799955392668559,3.799955392668559,0
A_ample_prepare_i0,safety_correction_count,same,7,7,0
A_ample_prepare_i0,scenario,same,ample,ample,
A_ample_prepare_i0,space_feedback_abs_mean_s-1,same,0.0,0.0,0
A_ample_prepare_i0,success,same,1,1,0
A_ample_prepare_i0,task_phase,same,SUCCESS,SUCCESS,
A_ample_prepare_i0,total_effort_integral_m2_s3,same,7.502720728862749,7.502720728862749,0
A_ample_prepare_i0,total_speed_deficit_integral_m_s,same,7.751576261336124,7.751576261336124,0
A_ample_prepare_i1,K_MR_mean_s-1,same,0.0,0.0,0
A_ample_prepare_i1,K_RM_mean_s-1,same,0.0,0.0,0
A_ample_prepare_i1,completion_time_s,same,5.0,5.0,0
A_ample_prepare_i1,disturbance,same,prepare,prepare,
A_ample_prepare_i1,failure_type,same,,,
A_ample_prepare_i1,hard_violation_count,same,0,0,0
A_ample_prepare_i1,init_variant,same,1,1,0
A_ample_prepare_i1,max_abs_jerk_mps3,same,2.500000000000002,2.500000000000002,0
A_ample_prepare_i1,mean_abs_jerk_mps3,same,0.24056089047373735,0.24056089047373735,0
A_ample_prepare_i1,merge_start_time_s,same,2.0,2.0,0
A_ample_prepare_i1,method,same,A,A,
A_ample_prepare_i1,min_net_gap_m,same,11.0057157145099,11.0057157145099,0
A_ample_prepare_i1,outcome,same,completed,completed,
A_ample_prepare_i1,pair_gain_total_error_max_s-1,same,0.0,0.0,0
A_ample_prepare_i1,road_violation_count,same,0,0,0
A_ample_prepare_i1,run_id,same,A_ample_prepare_i1,A_ample_prepare_i1,
A_ample_prepare_i1,safety_correction_abs_mean_mps2,same,3.5025105620003765,3.5025105620003765,0
A_ample_prepare_i1,safety_correction_count,same,8,8,0
A_ample_prepare_i1,scenario,same,ample,ample,
A_ample_prepare_i1,space_feedback_abs_mean_s-1,same,0.0,0.0,0
A_ample_prepare_i1,success,same,1,1,0
A_ample_prepare_i1,task_phase,same,SUCCESS,SUCCESS,
A_ample_prepare_i1,total_effort_integral_m2_s3,same,5.789886704002999,5.789886704002999,0
A_ample_prepare_i1,total_speed_deficit_integral_m_s,same,6.4643437341223615,6.4643437341223615,0
A_ample_prepare_i2,K_MR_mean_s-1,same,0.0,0.0,0
A_ample_prepare_i2,K_RM_mean_s-1,same,0.0,0.0,0
A_ample_prepare_i2,completion_time_s,same,4.25,4.25,0
A_ample_prepare_i2,disturbance,same,prepare,prepare,
A_ample_prepare_i2,failure_type,same,,,
A_ample_prepare_i2,hard_violation_count,same,0,0,0
A_ample_prepare_i2,init_variant,same,2,2,0
A_ample_prepare_i2,max_abs_jerk_mps3,same,2.500000000000002,2.500000000000002,0
A_ample_prepare_i2,mean_abs_jerk_mps3,same,0.19274437350175094,0.19274437350175094,0
A_ample_prepare_i2,merge_start_time_s,same,1.2500000000000002,1.2500000000000002,0
A_ample_prepare_i2,method,same,A,A,
A_ample_prepare_i2,min_net_gap_m,same,9.660435799189951,9.660435799189951,0
A_ample_prepare_i2,outcome,same,completed,completed,
A_ample_prepare_i2,pair_gain_total_error_max_s-1,same,0.0,0.0,0
A_ample_prepare_i2,road_violation_count,same,0,0,0
A_ample_prepare_i2,run_id,same,A_ample_prepare_i2,A_ample_prepare_i2,
A_ample_prepare_i2,safety_correction_abs_mean_mps2,same,4.113135034612444,4.113135034612444,0
A_ample_prepare_i2,safety_correction_count,same,8,8,0
A_ample_prepare_i2,scenario,same,ample,ample,
A_ample_prepare_i2,space_feedback_abs_mean_s-1,same,0.0,0.0,0
A_ample_prepare_i2,success,same,1,1,0
A_ample_prepare_i2,task_phase,same,SUCCESS,SUCCESS,
A_ample_prepare_i2,total_effort_integral_m2_s3,same,6.695378250247289,6.695378250247289,0
A_ample_prepare_i2,total_speed_deficit_integral_m_s,same,7.498666725296425,7.498666725296425,0
A_collaborative_none_i0,K_MR_mean_s-1,same,0.0,0.0,0
A_collaborative_none_i0,K_RM_mean_s-1,same,0.0,0.0,0
A_collaborative_none_i0,completion_time_s,same,4.2,4.2,0
A_collaborative_none_i0,disturbance,same,none,none,
A_collaborative_none_i0,failure_type,same,,,
A_collaborative_none_i0,hard_violation_count,same,0,0,0
A_collaborative_none_i0,init_variant,same,0,0,0
A_collaborative_none_i0,max_abs_jerk_mps3,same,2.500000000000001,2.500000000000001,0
A_collaborative_none_i0,mean_abs_jerk_mps3,same,0.40746891847501904,0.40746891847501904,0
A_collaborative_none_i0,merge_start_time_s,same,1.2000000000000002,1.2000000000000002,0
A_collaborative_none_i0,method,same,A,A,
A_collaborative_none_i0,min_net_gap_m,same,8.164424129616247,8.164424129616247,0
A_collaborative_none_i0,outcome,same,completed,completed,
A_collaborative_none_i0,pair_gain_total_error_max_s-1,same,0.0,0.0,0
A_collaborative_none_i0,road_violation_count,same,0,0,0
A_collaborative_none_i0,run_id,same,A_collaborative_none_i0,A_collaborative_none_i0,
A_collaborative_none_i0,safety_correction_abs_mean_mps2,same,3.9703988821939302,3.9703988821939302,0
A_collaborative_none_i0,safety_correction_count,same,43,43,0
A_collaborative_none_i0,scenario,same,collaborative,collaborative,
A_collaborative_none_i0,space_feedback_abs_mean_s-1,same,0.0,0.0,0
A_collaborative_none_i0,success,same,1,1,0
A_collaborative_none_i0,task_phase,same,SUCCESS,SUCCESS,
A_collaborative_none_i0,total_effort_integral_m2_s3,same,11.646905141124824,11.646905141124824,0
A_collaborative_none_i0,total_speed_deficit_integral_m_s,same,12.221744642787927,12.221744642787927,0
A_collaborative_none_i1,K_MR_mean_s-1,same,0.0,0.0,0
A_collaborative_none_i1,K_RM_mean_s-1,same,0.0,0.0,0
A_collaborative_none_i1,completion_time_s,same,,,
A_collaborative_none_i1,disturbance,same,none,none,
A_collaborative_none_i1,failure_type,same,started_but_failed,started_but_failed,
A_collaborative_none_i1,hard_violation_count,same,0,0,0
A_collaborative_none_i1,init_variant,same,1,1,0
A_collaborative_none_i1,max_abs_jerk_mps3,same,2.500000000000002,2.500000000000002,0
A_collaborative_none_i1,mean_abs_jerk_mps3,same,0.44320229094797803,0.44320229094797803,0
A_collaborative_none_i1,merge_start_time_s,same,2.55,2.55,0
A_collaborative_none_i1,method,same,A,A,
A_collaborative_none_i1,min_net_gap_m,same,8.210927233328942,8.210927233328942,0
A_collaborative_none_i1,outcome,same,started_but_failed,started_but_failed,
A_collaborative_none_i1,pair_gain_total_error_max_s-1,same,0.0,0.0,0
A_collaborative_none_i1,road_violation_count,same,0,0,0
A_collaborative_none_i1,run_id,same,A_collaborative_none_i1,A_collaborative_none_i1,
A_collaborative_none_i1,safety_correction_abs_mean_mps2,same,4.171689398352929,4.171689398352929,0
A_collaborative_none_i1,safety_correction_count,same,50,50,0
A_collaborative_none_i1,scenario,same,collaborative,collaborative,
A_collaborative_none_i1,space_feedback_abs_mean_s-1,same,0.0,0.0,0
A_collaborative_none_i1,success,same,0,0,0
A_collaborative_none_i1,task_phase,same,FAILED,FAILED,
A_collaborative_none_i1,total_effort_integral_m2_s3,same,10.859532952401038,10.859532952401038,0
A_collaborative_none_i1,total_speed_deficit_integral_m_s,same,11.455956813295357,11.455956813295357,0
A_collaborative_none_i2,K_MR_mean_s-1,same,0.0,0.0,0
A_collaborative_none_i2,K_RM_mean_s-1,same,0.0,0.0,0
A_collaborative_none_i2,completion_time_s,same,,,
A_collaborative_none_i2,disturbance,same,none,none,
A_collaborative_none_i2,failure_type,same,started_but_failed,started_but_failed,
A_collaborative_none_i2,hard_violation_count,same,0,0,0
A_collaborative_none_i2,init_variant,same,2,2,0
A_collaborative_none_i2,max_abs_jerk_mps3,same,2.5,2.5,0
A_collaborative_none_i2,mean_abs_jerk_mps3,same,0.538058573685441,0.538058573685441,0
A_collaborative_none_i2,merge_start_time_s,same,4.15,4.15,0
A_collaborative_none_i2,method,same,A,A,
A_collaborative_none_i2,min_net_gap_m,same,13.217533591032304,13.217533591032304,0
A_collaborative_none_i2,outcome,same,started_but_failed,started_but_failed,
A_collaborative_none_i2,pair_gain_total_error_max_s-1,same,0.0,0.0,0
A_collaborative_none_i2,road_violation_count,same,0,0,0
A_collaborative_none_i2,run_id,same,A_collaborative_none_i2,A_collaborative_none_i2,
A_collaborative_none_i2,safety_correction_abs_mean_mps2,same,4.746550477782575,4.746550477782575,0
A_collaborative_none_i2,safety_correction_count,same,49,49,0
A_collaborative_none_i2,scenario,same,collaborative,collaborative,
A_collaborative_none_i2,space_feedback_abs_mean_s-1,same,0.0,0.0,0
A_collaborative_none_i2,success,same,0,0,0
A_collaborative_none_i2,task_phase,same,FAILED,FAILED,
A_collaborative_none_i2,total_effort_integral_m2_s3,same,40.466809776621346,40.466809776621346,0
A_collaborative_none_i2,total_speed_deficit_integral_m_s,same,31.923603164098076,31.923603164098076,0
A_collaborative_prepare_i0,K_MR_mean_s-1,same,0.0,0.0,0
A_collaborative_prepare_i0,K_RM_mean_s-1,same,0.0,0.0,0
A_collaborative_prepare_i0,completion_time_s,same,4.2,4.2,0
A_collaborative_prepare_i0,disturbance,same,prepare,prepare,
A_collaborative_prepare_i0,failure_type,same,,,
A_collaborative_prepare_i0,hard_violation_count,same,0,0,0
A_collaborative_prepare_i0,init_variant,same,0,0,0
A_collaborative_prepare_i0,max_abs_jerk_mps3,same,2.5000000000000044,2.5000000000000044,0
A_collaborative_prepare_i0,mean_abs_jerk_mps3,same,0.8307519715468421,0.8307519715468421,0
A_collaborative_prepare_i0,merge_start_time_s,same,1.2000000000000002,1.2000000000000002,0
A_collaborative_prepare_i0,method,same,A,A,
A_collaborative_prepare_i0,min_net_gap_m,same,7.041043051373447,7.041043051373447,0
A_collaborative_prepare_i0,outcome,same,completed,completed,
A_collaborative_prepare_i0,pair_gain_total_error_max_s-1,same,0.0,0.0,0
A_collaborative_prepare_i0,road_violation_count,same,0,0,0
A_collaborative_prepare_i0,run_id,same,A_collaborative_prepare_i0,A_collaborative_prepare_i0,
A_collaborative_prepare_i0,safety_correction_abs_mean_mps2,same,4.38406824714894,4.38406824714894,0
A_collaborative_prepare_i0,safety_correction_count,same,83,83,0
A_collaborative_prepare_i0,scenario,same,collaborative,collaborative,
A_collaborative_prepare_i0,space_feedback_abs_mean_s-1,same,0.0,0.0,0
A_collaborative_prepare_i0,success,same,1,1,0
A_collaborative_prepare_i0,task_phase,same,SUCCESS,SUCCESS,
A_collaborative_prepare_i0,total_effort_integral_m2_s3,same,78.12475794502264,78.12475794502264,0
A_collaborative_prepare_i0,total_speed_deficit_integral_m_s,same,54.634365213673426,54.634365213673426,0
A_collaborative_prepare_i1,K_MR_mean_s-1,same,0.0,0.0,0
A_collaborative_prepare_i1,K_RM_mean_s-1,same,0.0,0.0,0
A_collaborative_prepare_i1,completion_time_s,same,,,
A_collaborative_prepare_i1,disturbance,same,prepare,prepare,
A_collaborative_prepare_i1,failure_type,same,started_but_failed,started_but_failed,
A_collaborative_prepare_i1,hard_violation_count,same,0,0,0
A_collaborative_prepare_i1,init_variant,same,1,1,0
A_collaborative_prepare_i1,max_abs_jerk_mps3,same,2.500000000000001,2.500000000000001,0
A_collaborative_prepare_i1,mean_abs_jerk_mps3,same,0.5630376833925637,0.5630376833925637,0
A_collaborative_prepare_i1,merge_start_time_s,same,2.45,2.45,0
A_collaborative_prepare_i1,method,same,A,A,
A_collaborative_prepare_i1,min_net_gap_m,same,8.150517129001297,8.150517129001297,0
A_collaborative_prepare_i1,outcome,same,started_but_failed,started_but_failed,
A_collaborative_prepare_i1,pair_gain_total_error_max_s-1,same,0.0,0.0,0
A_collaborative_prepare_i1,road_violation_count,same,0,0,0
A_collaborative_prepare_i1,run_id,same,A_collaborative_prepare_i1,A_collaborative_prepare_i1,
A_collaborative_prepare_i1,safety_correction_abs_mean_mps2,same,4.048517096562629,4.048517096562629,0
A_collaborative_prepare_i1,safety_correction_count,same,40,40,0
A_collaborative_prepare_i1,scenario,same,collaborative,collaborative,
A_collaborative_prepare_i1,space_feedback_abs_mean_s-1,same,0.0,0.0,0
A_collaborative_prepare_i1,success,same,0,0,0
A_collaborative_prepare_i1,task_phase,same,FAILED,FAILED,
A_collaborative_prepare_i1,total_effort_integral_m2_s3,same,18.542793191979698,18.542793191979698,0
A_collaborative_prepare_i1,total_speed_deficit_integral_m_s,same,18.66545821707024,18.66545821707024,0
A_collaborative_prepare_i2,K_MR_mean_s-1,same,0.0,0.0,0
A_collaborative_prepare_i2,K_RM_mean_s-1,same,0.0,0.0,0
A_collaborative_prepare_i2,completion_time_s,same,,,
A_collaborative_prepare_i2,disturbance,same,prepare,prepare,
A_collaborative_prepare_i2,failure_type,same,started_but_failed,started_but_failed,
A_collaborative_prepare_i2,hard_violation_count,same,0,0,0
A_collaborative_prepare_i2,init_variant,same,2,2,0
A_collaborative_prepare_i2,max_abs_jerk_mps3,same,2.500000000000002,2.500000000000002,0
A_collaborative_prepare_i2,mean_abs_jerk_mps3,same,0.664683351658766,0.664683351658766,0
A_collaborative_prepare_i2,merge_start_time_s,same,4.95,4.95,0
A_collaborative_prepare_i2,method,same,A,A,
A_collaborative_prepare_i2,min_net_gap_m,same,12.234497328234067,12.234497328234067,0
A_collaborative_prepare_i2,outcome,same,started_but_failed,started_but_failed,
A_collaborative_prepare_i2,pair_gain_total_error_max_s-1,same,0.0,0.0,0
A_collaborative_prepare_i2,road_violation_count,same,0,0,0
A_collaborative_prepare_i2,run_id,same,A_collaborative_prepare_i2,A_collaborative_prepare_i2,
A_collaborative_prepare_i2,safety_correction_abs_mean_mps2,same,4.779927977791185,4.779927977791185,0
A_collaborative_prepare_i2,safety_correction_count,same,56,56,0
A_collaborative_prepare_i2,scenario,same,collaborative,collaborative,
A_collaborative_prepare_i2,space_feedback_abs_mean_s-1,same,0.0,0.0,0
A_collaborative_prepare_i2,success,same,0,0,0
A_collaborative_prepare_i2,task_phase,same,FAILED,FAILED,
A_collaborative_prepare_i2,total_effort_integral_m2_s3,same,47.44519642322993,47.44519642322993,0
A_collaborative_prepare_i2,total_speed_deficit_integral_m_s,same,43.013242062810534,43.013242062810534,0
A_short_window_none_i0,K_MR_mean_s-1,same,0.0,0.0,0
A_short_window_none_i0,K_RM_mean_s-1,same,0.0,0.0,0
A_short_window_none_i0,completion_time_s,same,,,
A_short_window_none_i0,disturbance,same,none,none,
A_short_window_none_i0,failure_type,same,missed_window,missed_window,
A_short_window_none_i0,hard_violation_count,same,0,0,0
A_short_window_none_i0,init_variant,same,0,0,0
A_short_window_none_i0,max_abs_jerk_mps3,same,2.5,2.5,0
A_short_window_none_i0,mean_abs_jerk_mps3,same,0.15484220267008408,0.15484220267008408,0
A_short_window_none_i0,merge_start_time_s,same,,,
A_short_window_none_i0,method,same,A,A,
A_short_window_none_i0,min_net_gap_m,same,13.001562500000073,13.001562500000073,0
A_short_window_none_i0,outcome,same,missed_window,missed_window,
A_short_window_none_i0,pair_gain_total_error_max_s-1,same,0.0,0.0,0
A_short_window_none_i0,road_violation_count,same,0,0,0
A_short_window_none_i0,run_id,same,A_short_window_none_i0,A_short_window_none_i0,
A_short_window_none_i0,safety_correction_abs_mean_mps2,same,0.0,0.0,0
A_short_window_none_i0,safety_correction_count,same,0,0,0
A_short_window_none_i0,scenario,same,short_window,short_window,
A_short_window_none_i0,space_feedback_abs_mean_s-1,same,0.0,0.0,0
A_short_window_none_i0,success,same,0,0,0
A_short_window_none_i0,task_phase,same,FAILED,FAILED,
A_short_window_none_i0,total_effort_integral_m2_s3,same,7.573004589987801,7.573004589987801,0
A_short_window_none_i0,total_speed_deficit_integral_m_s,same,10.810350853005552,10.810350853005552,0
A_short_window_none_i1,K_MR_mean_s-1,same,0.0,0.0,0
A_short_window_none_i1,K_RM_mean_s-1,same,0.0,0.0,0
A_short_window_none_i1,completion_time_s,same,,,
A_short_window_none_i1,disturbance,same,none,none,
A_short_window_none_i1,failure_type,same,missed_window,missed_window,
A_short_window_none_i1,hard_violation_count,same,0,0,0
A_short_window_none_i1,init_variant,same,1,1,0
A_short_window_none_i1,max_abs_jerk_mps3,same,2.5,2.5,0
A_short_window_none_i1,mean_abs_jerk_mps3,same,0.11737085131163186,0.11737085131163186,0
A_short_window_none_i1,merge_start_time_s,same,,,
A_short_window_none_i1,method,same,A,A,
A_short_window_none_i1,min_net_gap_m,same,12.868593750000098,12.868593750000098,0
A_short_window_none_i1,outcome,same,missed_window,missed_window,
A_short_window_none_i1,pair_gain_total_error_max_s-1,same,0.0,0.0,0
A_short_window_none_i1,road_violation_count,same,0,0,0
A_short_window_none_i1,run_id,same,A_short_window_none_i1,A_short_window_none_i1,
A_short_window_none_i1,safety_correction_abs_mean_mps2,same,0.0,0.0,0
A_short_window_none_i1,safety_correction_count,same,0,0,0
A_short_window_none_i1,scenario,same,short_window,short_window,
A_short_window_none_i1,space_feedback_abs_mean_s-1,same,0.0,0.0,0
A_short_window_none_i1,success,same,0,0,0
A_short_window_none_i1,task_phase,same,FAILED,FAILED,
A_short_window_none_i1,total_effort_integral_m2_s3,same,3.5412552254432317,3.5412552254432317,0
A_short_window_none_i1,total_speed_deficit_integral_m_s,same,7.446758633681958,7.446758633681958,0
A_short_window_none_i2,K_MR_mean_s-1,same,0.0,0.0,0
A_short_window_none_i2,K_RM_mean_s-1,same,0.0,0.0,0
A_short_window_none_i2,completion_time_s,same,,,
A_short_window_none_i2,disturbance,same,none,none,
A_short_window_none_i2,failure_type,same,missed_window,missed_window,
A_short_window_none_i2,hard_violation_count,same,0,0,0
A_short_window_none_i2,init_variant,same,2,2,0
A_short_window_none_i2,max_abs_jerk_mps3,same,2.5,2.5,0
A_short_window_none_i2,mean_abs_jerk_mps3,same,0.12783288675220714,0.12783288675220714,0
A_short_window_none_i2,merge_start_time_s,same,,,
A_short_window_none_i2,method,same,A,A,
A_short_window_none_i2,min_net_gap_m,same,10.205156250000012,10.205156250000012,0
A_short_window_none_i2,outcome,same,missed_window,missed_window,
A_short_window_none_i2,pair_gain_total_error_max_s-1,same,0.0,0.0,0
A_short_window_none_i2,road_violation_count,same,0,0,0
A_short_window_none_i2,run_id,same,A_short_window_none_i2,A_short_window_none_i2,
A_short_window_none_i2,safety_correction_abs_mean_mps2,same,0.0,0.0,0
A_short_window_none_i2,safety_correction_count,same,0,0,0
A_short_window_none_i2,scenario,same,short_window,short_window,
A_short_window_none_i2,space_feedback_abs_mean_s-1,same,0.0,0.0,0
A_short_window_none_i2,success,same,0,0,0
A_short_window_none_i2,task_phase,same,FAILED,FAILED,
A_short_window_none_i2,total_effort_integral_m2_s3,same,5.835666331637241,5.835666331637241,0
A_short_window_none_i2,total_speed_deficit_integral_m_s,same,9.783791677949099,9.783791677949099,0
A_short_window_prepare_i0,K_MR_mean_s-1,same,0.0,0.0,0
A_short_window_prepare_i0,K_RM_mean_s-1,same,0.0,0.0,0
A_short_window_prepare_i0,completion_time_s,same,,,
A_short_window_prepare_i0,disturbance,same,prepare,prepare,
A_short_window_prepare_i0,failure_type,same,missed_window,missed_window,
A_short_window_prepare_i0,hard_violation_count,same,0,0,0
A_short_window_prepare_i0,init_variant,same,0,0,0
A_short_window_prepare_i0,max_abs_jerk_mps3,same,2.5,2.5,0
A_short_window_prepare_i0,mean_abs_jerk_mps3,same,0.24528294878696758,0.24528294878696758,0
A_short_window_prepare_i0,merge_start_time_s,same,,,
A_short_window_prepare_i0,method,same,A,A,
A_short_window_prepare_i0,min_net_gap_m,same,13.001562500000073,13.001562500000073,0
A_short_window_prepare_i0,outcome,same,missed_window,missed_window,
A_short_window_prepare_i0,pair_gain_total_error_max_s-1,same,0.0,0.0,0
A_short_window_prepare_i0,road_violation_count,same,0,0,0
A_short_window_prepare_i0,run_id,same,A_short_window_prepare_i0,A_short_window_prepare_i0,
A_short_window_prepare_i0,safety_correction_abs_mean_mps2,same,0.0,0.0,0
A_short_window_prepare_i0,safety_correction_count,same,0,0,0
A_short_window_prepare_i0,scenario,same,short_window,short_window,
A_short_window_prepare_i0,space_feedback_abs_mean_s-1,same,0.0,0.0,0
A_short_window_prepare_i0,success,same,0,0,0
A_short_window_prepare_i0,task_phase,same,FAILED,FAILED,
A_short_window_prepare_i0,total_effort_integral_m2_s3,same,10.442549570574712,10.442549570574712,0
A_short_window_prepare_i0,total_speed_deficit_integral_m_s,same,16.215191908519554,16.215191908519554,0
A_short_window_prepare_i1,K_MR_mean_s-1,same,0.0,0.0,0
A_short_window_prepare_i1,K_RM_mean_s-1,same,0.0,0.0,0
A_short_window_prepare_i1,completion_time_s,same,,,
A_short_window_prepare_i1,disturbance,same,prepare,prepare,
A_short_window_prepare_i1,failure_type,same,missed_window,missed_window,
A_short_window_prepare_i1,hard_violation_count,same,0,0,0
A_short_window_prepare_i1,init_variant,same,1,1,0
A_short_window_prepare_i1,max_abs_jerk_mps3,same,2.5,2.5,0
A_short_window_prepare_i1,mean_abs_jerk_mps3,same,0.21194718244933322,0.21194718244933322,0
A_short_window_prepare_i1,merge_start_time_s,same,,,
A_short_window_prepare_i1,method,same,A,A,
A_short_window_prepare_i1,min_net_gap_m,same,12.868593750000098,12.868593750000098,0
A_short_window_prepare_i1,outcome,same,missed_window,missed_window,
A_short_window_prepare_i1,pair_gain_total_error_max_s-1,same,0.0,0.0,0
A_short_window_prepare_i1,road_violation_count,same,0,0,0
A_short_window_prepare_i1,run_id,same,A_short_window_prepare_i1,A_short_window_prepare_i1,
A_short_window_prepare_i1,safety_correction_abs_mean_mps2,same,0.0,0.0,0
A_short_window_prepare_i1,safety_correction_count,same,0,0,0
A_short_window_prepare_i1,scenario,same,short_window,short_window,
A_short_window_prepare_i1,space_feedback_abs_mean_s-1,same,0.0,0.0,0
A_short_window_prepare_i1,success,same,0,0,0
A_short_window_prepare_i1,task_phase,same,FAILED,FAILED,
A_short_window_prepare_i1,total_effort_integral_m2_s3,same,6.384857569804169,6.384857569804169,0
A_short_window_prepare_i1,total_speed_deficit_integral_m_s,same,12.689178660218392,12.689178660218392,0
A_short_window_prepare_i2,K_MR_mean_s-1,same,0.0,0.0,0
A_short_window_prepare_i2,K_RM_mean_s-1,same,0.0,0.0,0
A_short_window_prepare_i2,completion_time_s,same,,,
A_short_window_prepare_i2,disturbance,same,prepare,prepare,
A_short_window_prepare_i2,failure_type,same,missed_window,missed_window,
A_short_window_prepare_i2,hard_violation_count,same,0,0,0
A_short_window_prepare_i2,init_variant,same,2,2,0
A_short_window_prepare_i2,max_abs_jerk_mps3,same,2.5,2.5,0
A_short_window_prepare_i2,mean_abs_jerk_mps3,same,0.22159746932604155,0.22159746932604155,0
A_short_window_prepare_i2,merge_start_time_s,same,,,
A_short_window_prepare_i2,method,same,A,A,
A_short_window_prepare_i2,min_net_gap_m,same,10.205156250000012,10.205156250000012,0
A_short_window_prepare_i2,outcome,same,missed_window,missed_window,
A_short_window_prepare_i2,pair_gain_total_error_max_s-1,same,0.0,0.0,0
A_short_window_prepare_i2,road_violation_count,same,0,0,0
A_short_window_prepare_i2,run_id,same,A_short_window_prepare_i2,A_short_window_prepare_i2,
A_short_window_prepare_i2,safety_correction_abs_mean_mps2,same,0.0,0.0,0
A_short_window_prepare_i2,safety_correction_count,same,0,0,0
A_short_window_prepare_i2,scenario,same,short_window,short_window,
A_short_window_prepare_i2,space_feedback_abs_mean_s-1,same,0.0,0.0,0
A_short_window_prepare_i2,success,same,0,0,0
A_short_window_prepare_i2,task_phase,same,FAILED,FAILED,
A_short_window_prepare_i2,total_effort_integral_m2_s3,same,8.294406223281586,8.294406223281586,0
A_short_window_prepare_i2,total_speed_deficit_integral_m_s,same,15.046616437001708,15.046616437001708,0
B_ample_none_i0,K_MR_mean_s-1,same,0.0,0.0,0
B_ample_none_i0,K_RM_mean_s-1,same,0.0,0.0,0
B_ample_none_i0,completion_time_s,same,4.25,4.25,0
B_ample_none_i0,disturbance,same,none,none,
B_ample_none_i0,failure_type,same,,,
B_ample_none_i0,hard_violation_count,same,0,0,0
B_ample_none_i0,init_variant,same,0,0,0
B_ample_none_i0,max_abs_jerk_mps3,same,2.5,2.5,0
B_ample_none_i0,mean_abs_jerk_mps3,same,0.14190449171844538,0.14190449171844538,0
B_ample_none_i0,merge_start_time_s,same,1.2500000000000002,1.2500000000000002,0
B_ample_none_i0,method,same,B,B,
B_ample_none_i0,min_net_gap_m,same,10.767963855902945,10.767963855902945,0
B_ample_none_i0,outcome,same,completed,completed,
B_ample_none_i0,pair_gain_total_error_max_s-1,same,0.0,0.0,0
B_ample_none_i0,road_violation_count,same,0,0,0
B_ample_none_i0,run_id,same,B_ample_none_i0,B_ample_none_i0,
B_ample_none_i0,safety_correction_abs_mean_mps2,same,0.0,0.0,0
B_ample_none_i0,safety_correction_count,same,0,0,0
B_ample_none_i0,scenario,same,ample,ample,
B_ample_none_i0,space_feedback_abs_mean_s-1,same,0.0,0.0,0
B_ample_none_i0,success,same,1,1,0
B_ample_none_i0,task_phase,same,SUCCESS,SUCCESS,
B_ample_none_i0,total_effort_integral_m2_s3,same,6.263594932194838,6.263594932194838,0
B_ample_none_i0,total_speed_deficit_integral_m_s,same,5.766242303040762,5.766242303040762,0
B_ample_none_i1,K_MR_mean_s-1,same,0.0,0.0,0
B_ample_none_i1,K_RM_mean_s-1,same,0.0,0.0,0
B_ample_none_i1,completion_time_s,same,,,
B_ample_none_i1,disturbance,same,none,none,
B_ample_none_i1,failure_type,same,started_but_failed,started_but_failed,
B_ample_none_i1,hard_violation_count,same,0,0,0
B_ample_none_i1,init_variant,same,1,1,0
B_ample_none_i1,max_abs_jerk_mps3,same,2.500000000000002,2.500000000000002,0
B_ample_none_i1,mean_abs_jerk_mps3,same,0.21586055448123523,0.21586055448123523,0
B_ample_none_i1,merge_start_time_s,same,3.05,3.05,0
B_ample_none_i1,method,same,B,B,
B_ample_none_i1,min_net_gap_m,same,10.746167682202906,10.746167682202906,0
B_ample_none_i1,outcome,same,started_but_failed,started_but_failed,
B_ample_none_i1,pair_gain_total_error_max_s-1,same,0.0,0.0,0
B_ample_none_i1,road_violation_count,same,0,0,0
B_ample_none_i1,run_id,same,B_ample_none_i1,B_ample_none_i1,
B_ample_none_i1,safety_correction_abs_mean_mps2,same,3.9771799361737203,3.9771799361737203,0
B_ample_none_i1,safety_correction_count,same,9,9,0
B_ample_none_i1,scenario,same,ample,ample,
B_ample_none_i1,space_feedback_abs_mean_s-1,same,0.0,0.0,0
B_ample_none_i1,success,same,0,0,0
B_ample_none_i1,task_phase,same,FAILED,FAILED,
B_ample_none_i1,total_effort_integral_m2_s3,same,4.882889748809274,4.882889748809274,0
B_ample_none_i1,total_speed_deficit_integral_m_s,same,5.4721341279574105,5.4721341279574105,0
B_ample_none_i2,K_MR_mean_s-1,same,0.0,0.0,0
B_ample_none_i2,K_RM_mean_s-1,same,0.0,0.0,0
B_ample_none_i2,completion_time_s,same,4.5,4.5,0
B_ample_none_i2,disturbance,same,none,none,
B_ample_none_i2,failure_type,same,,,
B_ample_none_i2,hard_violation_count,same,0,0,0
B_ample_none_i2,init_variant,same,2,2,0
B_ample_none_i2,max_abs_jerk_mps3,same,2.5,2.5,0
B_ample_none_i2,mean_abs_jerk_mps3,same,0.20523557716560492,0.20523557716560492,0
B_ample_none_i2,merge_start_time_s,same,1.5000000000000002,1.5000000000000002,0
B_ample_none_i2,method,same,B,B,
B_ample_none_i2,min_net_gap_m,same,9.789490217909584,9.789490217909584,0
B_ample_none_i2,outcome,same,completed,completed,
B_ample_none_i2,pair_gain_total_error_max_s-1,same,0.0,0.0,0
B_ample_none_i2,road_violation_count,same,0,0,0
B_ample_none_i2,run_id,same,B_ample_none_i2,B_ample_none_i2,
B_ample_none_i2,safety_correction_abs_mean_mps2,same,3.8395472866983327,3.8395472866983327,0
B_ample_none_i2,safety_correction_count,same,12,12,0
B_ample_none_i2,scenario,same,ample,ample,
B_ample_none_i2,space_feedback_abs_mean_s-1,same,0.0,0.0,0
B_ample_none_i2,success,same,1,1,0
B_ample_none_i2,task_phase,same,SUCCESS,SUCCESS,
B_ample_none_i2,total_effort_integral_m2_s3,same,7.447048724943148,7.447048724943148,0
B_ample_none_i2,total_speed_deficit_integral_m_s,same,5.323749293553782,5.323749293553782,0
B_ample_prepare_i0,K_MR_mean_s-1,same,0.0,0.0,0
B_ample_prepare_i0,K_RM_mean_s-1,same,0.0,0.0,0
B_ample_prepare_i0,completion_time_s,same,4.25,4.25,0
B_ample_prepare_i0,disturbance,same,prepare,prepare,
B_ample_prepare_i0,failure_type,same,,,
B_ample_prepare_i0,hard_violation_count,same,0,0,0
B_ample_prepare_i0,init_variant,same,0,0,0
B_ample_prepare_i0,max_abs_jerk_mps3,same,2.500000000000002,2.500000000000002,0
B_ample_prepare_i0,mean_abs_jerk_mps3,same,0.24949917995868107,0.24949917995868107,0
B_ample_prepare_i0,merge_start_time_s,same,1.2500000000000002,1.2500000000000002,0
B_ample_prepare_i0,method,same,B,B,
B_ample_prepare_i0,min_net_gap_m,same,11.018004527082919,11.018004527082919,0
B_ample_prepare_i0,outcome,same,completed,completed,
B_ample_prepare_i0,pair_gain_total_error_max_s-1,same,0.0,0.0,0
B_ample_prepare_i0,road_violation_count,same,0,0,0
B_ample_prepare_i0,run_id,same,B_ample_prepare_i0,B_ample_prepare_i0,
B_ample_prepare_i0,safety_correction_abs_mean_mps2,same,0.0,0.0,0
B_ample_prepare_i0,safety_correction_count,same,0,0,0
B_ample_prepare_i0,scenario,same,ample,ample,
B_ample_prepare_i0,space_feedback_abs_mean_s-1,same,0.0,0.0,0
B_ample_prepare_i0,success,same,1,1,0
B_ample_prepare_i0,task_phase,same,SUCCESS,SUCCESS,
B_ample_prepare_i0,total_effort_integral_m2_s3,same,9.562348439036846,9.562348439036846,0
B_ample_prepare_i0,total_speed_deficit_integral_m_s,same,10.48830250564758,10.48830250564758,0
B_ample_prepare_i1,K_MR_mean_s-1,same,0.0,0.0,0
B_ample_prepare_i1,K_RM_mean_s-1,same,0.0,0.0,0
B_ample_prepare_i1,completion_time_s,same,,,
B_ample_prepare_i1,disturbance,same,prepare,prepare,
B_ample_prepare_i1,failure_type,same,started_but_failed,started_but_failed,
B_ample_prepare_i1,hard_violation_count,same,0,0,0
B_ample_prepare_i1,init_variant,same,1,1,0
B_ample_prepare_i1,max_abs_jerk_mps3,same,2.500000000000002,2.500000000000002,0
B_ample_prepare_i1,mean_abs_jerk_mps3,same,0.3311678460714901,0.3311678460714901,0
B_ample_prepare_i1,merge_start_time_s,same,2.85,2.85,0
B_ample_prepare_i1,method,same,B,B,
B_ample_prepare_i1,min_net_gap_m,same,11.476804738928319,11.476804738928319,0
B_ample_prepare_i1,outcome,same,started_but_failed,started_but_failed,
B_ample_prepare_i1,pair_gain_total_error_max_s-1,same,0.0,0.0,0
B_ample_prepare_i1,road_violation_count,same,0,0,0
B_ample_prepare_i1,run_id,same,B_ample_prepare_i1,B_ample_prepare_i1,
B_ample_prepare_i1,safety_correction_abs_mean_mps2,same,3.6222480372562176,3.6222480372562176,0
B_ample_prepare_i1,safety_correction_count,same,7,7,0
B_ample_prepare_i1,scenario,same,ample,ample,
B_ample_prepare_i1,space_feedback_abs_mean_s-1,same,0.0,0.0,0
B_ample_prepare_i1,success,same,0,0,0
B_ample_prepare_i1,task_phase,same,FAILED,FAILED,
B_ample_prepare_i1,total_effort_integral_m2_s3,same,10.181910712387353,10.181910712387353,0
B_ample_prepare_i1,total_speed_deficit_integral_m_s,same,10.263041227022587,10.263041227022587,0
B_ample_prepare_i2,K_MR_mean_s-1,same,0.0,0.0,0
B_ample_prepare_i2,K_RM_mean_s-1,same,0.0,0.0,0
B_ample_prepare_i2,completion_time_s,same,4.5,4.5,0
B_ample_prepare_i2,disturbance,same,prepare,prepare,
B_ample_prepare_i2,failure_type,same,,,
B_ample_prepare_i2,hard_violation_count,same,0,0,0
B_ample_prepare_i2,init_variant,same,2,2,0
B_ample_prepare_i2,max_abs_jerk_mps3,same,2.500000000000002,2.500000000000002,0
B_ample_prepare_i2,mean_abs_jerk_mps3,same,0.28161590384969293,0.28161590384969293,0
B_ample_prepare_i2,merge_start_time_s,same,1.5000000000000002,1.5000000000000002,0
B_ample_prepare_i2,method,same,B,B,
B_ample_prepare_i2,min_net_gap_m,same,9.863495602131604,9.863495602131604,0
B_ample_prepare_i2,outcome,same,completed,completed,
B_ample_prepare_i2,pair_gain_total_error_max_s-1,same,0.0,0.0,0
B_ample_prepare_i2,road_violation_count,same,0,0,0
B_ample_prepare_i2,run_id,same,B_ample_prepare_i2,B_ample_prepare_i2,
B_ample_prepare_i2,safety_correction_abs_mean_mps2,same,3.4740413028068082,3.4740413028068082,0
B_ample_prepare_i2,safety_correction_count,same,12,12,0
B_ample_prepare_i2,scenario,same,ample,ample,
B_ample_prepare_i2,space_feedback_abs_mean_s-1,same,0.0,0.0,0
B_ample_prepare_i2,success,same,1,1,0
B_ample_prepare_i2,task_phase,same,SUCCESS,SUCCESS,
B_ample_prepare_i2,total_effort_integral_m2_s3,same,9.537108037204312,9.537108037204312,0
B_ample_prepare_i2,total_speed_deficit_integral_m_s,same,9.643447432806163,9.643447432806163,0
B_collaborative_none_i0,K_MR_mean_s-1,same,0.0,0.0,0
B_collaborative_none_i0,K_RM_mean_s-1,same,0.0,0.0,0
B_collaborative_none_i0,completion_time_s,same,4.45,4.45,0
B_collaborative_none_i0,disturbance,same,none,none,
B_collaborative_none_i0,failure_type,same,,,
B_collaborative_none_i0,hard_violation_count,same,0,0,0
B_collaborative_none_i0,init_variant,same,0,0,0
B_collaborative_none_i0,max_abs_jerk_mps3,same,2.5,2.5,0
B_collaborative_none_i0,mean_abs_jerk_mps3,same,0.1740854817625639,0.1740854817625639,0
B_collaborative_none_i0,merge_start_time_s,same,1.4500000000000002,1.4500000000000002,0
B_collaborative_none_i0,method,same,B,B,
B_collaborative_none_i0,min_net_gap_m,same,8.769986362439806,8.769986362439806,0
B_collaborative_none_i0,outcome,same,completed,completed,
B_collaborative_none_i0,pair_gain_total_error_max_s-1,same,0.0,0.0,0
B_collaborative_none_i0,road_violation_count,same,0,0,0
B_collaborative_none_i0,run_id,same,B_collaborative_none_i0,B_collaborative_none_i0,
B_collaborative_none_i0,safety_correction_abs_mean_mps2,same,3.168738472060367,3.168738472060367,0
B_collaborative_none_i0,safety_correction_count,same,4,4,0
B_collaborative_none_i0,scenario,same,collaborative,collaborative,
B_collaborative_none_i0,space_feedback_abs_mean_s-1,same,0.0,0.0,0
B_collaborative_none_i0,success,same,1,1,0
B_collaborative_none_i0,task_phase,same,SUCCESS,SUCCESS,
B_collaborative_none_i0,total_effort_integral_m2_s3,same,9.552661651383566,9.552661651383566,0
B_collaborative_none_i0,total_speed_deficit_integral_m_s,same,18.04946485029189,18.04946485029189,0
B_collaborative_none_i1,K_MR_mean_s-1,same,0.0,0.0,0
B_collaborative_none_i1,K_RM_mean_s-1,same,0.0,0.0,0
B_collaborative_none_i1,completion_time_s,same,,,
B_collaborative_none_i1,disturbance,same,none,none,
B_collaborative_none_i1,failure_type,same,started_but_failed,started_but_failed,
B_collaborative_none_i1,hard_violation_count,same,0,0,0
B_collaborative_none_i1,init_variant,same,1,1,0
B_collaborative_none_i1,max_abs_jerk_mps3,same,2.5,2.5,0
B_collaborative_none_i1,mean_abs_jerk_mps3,same,0.2300503235674162,0.2300503235674162,0
B_collaborative_none_i1,merge_start_time_s,same,3.2,3.2,0
B_collaborative_none_i1,method,same,B,B,
B_collaborative_none_i1,min_net_gap_m,same,9.48486705702113,9.48486705702113,0
B_collaborative_none_i1,outcome,same,started_but_failed,started_but_failed,
B_collaborative_none_i1,pair_gain_total_error_max_s-1,same,0.0,0.0,0
B_collaborative_none_i1,road_violation_count,same,0,0,0
B_collaborative_none_i1,run_id,same,B_collaborative_none_i1,B_collaborative_none_i1,
B_collaborative_none_i1,safety_correction_abs_mean_mps2,same,4.175835332142331,4.175835332142331,0
B_collaborative_none_i1,safety_correction_count,same,9,9,0
B_collaborative_none_i1,scenario,same,collaborative,collaborative,
B_collaborative_none_i1,space_feedback_abs_mean_s-1,same,0.0,0.0,0
B_collaborative_none_i1,success,same,0,0,0
B_collaborative_none_i1,task_phase,same,FAILED,FAILED,
B_collaborative_none_i1,total_effort_integral_m2_s3,same,8.47531517109798,8.47531517109798,0
B_collaborative_none_i1,total_speed_deficit_integral_m_s,same,15.713766792984822,15.713766792984822,0
B_collaborative_none_i2,K_MR_mean_s-1,same,0.0,0.0,0
B_collaborative_none_i2,K_RM_mean_s-1,same,0.0,0.0,0
B_collaborative_none_i2,completion_time_s,same,,,
B_collaborative_none_i2,disturbance,same,none,none,
B_collaborative_none_i2,failure_type,same,started_but_failed,started_but_failed,
B_collaborative_none_i2,hard_violation_count,same,0,0,0
B_collaborative_none_i2,init_variant,same,2,2,0
B_collaborative_none_i2,max_abs_jerk_mps3,same,2.5,2.5,0
B_collaborative_none_i2,mean_abs_jerk_mps3,same,0.3123694410331276,0.3123694410331276,0
B_collaborative_none_i2,merge_start_time_s,same,3.35,3.35,0
B_collaborative_none_i2,method,same,B,B,
B_collaborative_none_i2,min_net_gap_m,same,8.24105255957225,8.24105255957225,0
B_collaborative_none_i2,outcome,same,started_but_failed,started_but_failed,
B_collaborative_none_i2,pair_gain_total_error_max_s-1,same,0.0,0.0,0
B_collaborative_none_i2,road_violation_count,same,0,0,0
B_collaborative_none_i2,run_id,same,B_collaborative_none_i2,B_collaborative_none_i2,
B_collaborative_none_i2,safety_correction_abs_mean_mps2,same,2.262622511419032,2.262622511419032,0
B_collaborative_none_i2,safety_correction_count,same,37,37,0
B_collaborative_none_i2,scenario,same,collaborative,collaborative,
B_collaborative_none_i2,space_feedback_abs_mean_s-1,same,0.0,0.0,0
B_collaborative_none_i2,success,same,0,0,0
B_collaborative_none_i2,task_phase,same,FAILED,FAILED,
B_collaborative_none_i2,total_effort_integral_m2_s3,same,8.493367468209673,8.493367468209673,0
B_collaborative_none_i2,total_speed_deficit_integral_m_s,same,17.24373594103433,17.24373594103433,0
B_collaborative_prepare_i0,K_MR_mean_s-1,same,0.0,0.0,0
B_collaborative_prepare_i0,K_RM_mean_s-1,same,0.0,0.0,0
B_collaborative_prepare_i0,completion_time_s,same,4.45,4.45,0
B_collaborative_prepare_i0,disturbance,same,prepare,prepare,
B_collaborative_prepare_i0,failure_type,same,,,
B_collaborative_prepare_i0,hard_violation_count,same,0,0,0
B_collaborative_prepare_i0,init_variant,same,0,0,0
B_collaborative_prepare_i0,max_abs_jerk_mps3,same,2.5000000000000044,2.5000000000000044,0
B_collaborative_prepare_i0,mean_abs_jerk_mps3,same,0.3182586569279652,0.3182586569279652,0
B_collaborative_prepare_i0,merge_start_time_s,same,1.4500000000000002,1.4500000000000002,0
B_collaborative_prepare_i0,method,same,B,B,
B_collaborative_prepare_i0,min_net_gap_m,same,8.058221181345214,8.058221181345214,0
B_collaborative_prepare_i0,outcome,same,completed,completed,
B_collaborative_prepare_i0,pair_gain_total_error_max_s-1,same,0.0,0.0,0
B_collaborative_prepare_i0,road_violation_count,same,0,0,0
B_collaborative_prepare_i0,run_id,same,B_collaborative_prepare_i0,B_collaborative_prepare_i0,
B_collaborative_prepare_i0,safety_correction_abs_mean_mps2,same,3.1741409361906876,3.1741409361906876,0
B_collaborative_prepare_i0,safety_correction_count,same,15,15,0
B_collaborative_prepare_i0,scenario,same,collaborative,collaborative,
B_collaborative_prepare_i0,space_feedback_abs_mean_s-1,same,0.0,0.0,0
B_collaborative_prepare_i0,success,same,1,1,0
B_collaborative_prepare_i0,task_phase,same,SUCCESS,SUCCESS,
B_collaborative_prepare_i0,total_effort_integral_m2_s3,same,16.1839036515155,16.1839036515155,0
B_collaborative_prepare_i0,total_speed_deficit_integral_m_s,same,23.51239206605429,23.51239206605429,0
B_collaborative_prepare_i1,K_MR_mean_s-1,same,0.0,0.0,0
B_collaborative_prepare_i1,K_RM_mean_s-1,same,0.0,0.0,0
B_collaborative_prepare_i1,completion_time_s,same,,,
B_collaborative_prepare_i1,disturbance,same,prepare,prepare,
B_collaborative_prepare_i1,failure_type,same,started_but_failed,started_but_failed,
B_collaborative_prepare_i1,hard_violation_count,same,0,0,0
B_collaborative_prepare_i1,init_variant,same,1,1,0
B_collaborative_prepare_i1,max_abs_jerk_mps3,same,2.5000000000000044,2.5000000000000044,0
B_collaborative_prepare_i1,mean_abs_jerk_mps3,same,0.345786351947402,0.345786351947402,0
B_collaborative_prepare_i1,merge_start_time_s,same,3.0,3.0,0
B_collaborative_prepare_i1,method,same,B,B,
B_collaborative_prepare_i1,min_net_gap_m,same,9.298259509390572,9.298259509390572,0
B_collaborative_prepare_i1,outcome,same,started_but_failed,started_but_failed,
B_collaborative_prepare_i1,pair_gain_total_error_max_s-1,same,0.0,0.0,0
B_collaborative_prepare_i1,road_violation_count,same,0,0,0
B_collaborative_prepare_i1,run_id,same,B_collaborative_prepare_i1,B_collaborative_prepare_i1,
B_collaborative_prepare_i1,safety_correction_abs_mean_mps2,same,3.919926592014266,3.919926592014266,0
B_collaborative_prepare_i1,safety_correction_count,same,7,7,0
B_collaborative_prepare_i1,scenario,same,collaborative,collaborative,
B_collaborative_prepare_i1,space_feedback_abs_mean_s-1,same,0.0,0.0,0
B_collaborative_prepare_i1,success,same,0,0,0
B_collaborative_prepare_i1,task_phase,same,FAILED,FAILED,
B_collaborative_prepare_i1,total_effort_integral_m2_s3,same,15.381495527573946,15.381495527573946,0
B_collaborative_prepare_i1,total_speed_deficit_integral_m_s,same,22.013428698996066,22.013428698996066,0
B_collaborative_prepare_i2,K_MR_mean_s-1,same,0.0,0.0,0
B_collaborative_prepare_i2,K_RM_mean_s-1,same,0.0,0.0,0
B_collaborative_prepare_i2,completion_time_s,same,,,
B_collaborative_prepare_i2,disturbance,same,prepare,prepare,
B_collaborative_prepare_i2,failure_type,same,started_but_failed,started_but_failed,
B_collaborative_prepare_i2,hard_violation_count,same,0,0,0
B_collaborative_prepare_i2,init_variant,same,2,2,0
B_collaborative_prepare_i2,max_abs_jerk_mps3,same,2.500000000000001,2.500000000000001,0
B_collaborative_prepare_i2,mean_abs_jerk_mps3,same,0.4067863812717981,0.4067863812717981,0
B_collaborative_prepare_i2,merge_start_time_s,same,4.45,4.45,0
B_collaborative_prepare_i2,method,same,B,B,
B_collaborative_prepare_i2,min_net_gap_m,same,15.988214262354756,15.988214262354756,0
B_collaborative_prepare_i2,outcome,same,started_but_failed,started_but_failed,
B_collaborative_prepare_i2,pair_gain_total_error_max_s-1,same,0.0,0.0,0
B_collaborative_prepare_i2,road_violation_count,same,0,0,0
B_collaborative_prepare_i2,run_id,same,B_collaborative_prepare_i2,B_collaborative_prepare_i2,
B_collaborative_prepare_i2,safety_correction_abs_mean_mps2,same,3.9888378860215643,3.9888378860215643,0
B_collaborative_prepare_i2,safety_correction_count,same,24,24,0
B_collaborative_prepare_i2,scenario,same,collaborative,collaborative,
B_collaborative_prepare_i2,space_feedback_abs_mean_s-1,same,0.0,0.0,0
B_collaborative_prepare_i2,success,same,0,0,0
B_collaborative_prepare_i2,task_phase,same,FAILED,FAILED,
B_collaborative_prepare_i2,total_effort_integral_m2_s3,same,13.715500991450023,13.715500991450023,0
B_collaborative_prepare_i2,total_speed_deficit_integral_m_s,same,23.26154387417965,23.26154387417965,0
B_short_window_none_i0,K_MR_mean_s-1,same,0.0,0.0,0
B_short_window_none_i0,K_RM_mean_s-1,same,0.0,0.0,0
B_short_window_none_i0,completion_time_s,same,,,
B_short_window_none_i0,disturbance,same,none,none,
B_short_window_none_i0,failure_type,same,missed_window,missed_window,
B_short_window_none_i0,hard_violation_count,same,0,0,0
B_short_window_none_i0,init_variant,same,0,0,0
B_short_window_none_i0,max_abs_jerk_mps3,same,2.5,2.5,0
B_short_window_none_i0,mean_abs_jerk_mps3,same,0.1577547686569627,0.1577547686569627,0
B_short_window_none_i0,merge_start_time_s,same,,,
B_short_window_none_i0,method,same,B,B,
B_short_window_none_i0,min_net_gap_m,same,12.980602077461892,12.980602077461892,0
B_short_window_none_i0,outcome,same,missed_window,missed_window,
B_short_window_none_i0,pair_gain_total_error_max_s-1,same,0.0,0.0,0
B_short_window_none_i0,road_violation_count,same,0,0,0
B_short_window_none_i0,run_id,same,B_short_window_none_i0,B_short_window_none_i0,
B_short_window_none_i0,safety_correction_abs_mean_mps2,same,0.0,0.0,0
B_short_window_none_i0,safety_correction_count,same,0,0,0
B_short_window_none_i0,scenario,same,short_window,short_window,
B_short_window_none_i0,space_feedback_abs_mean_s-1,same,0.0,0.0,0
B_short_window_none_i0,success,same,0,0,0
B_short_window_none_i0,task_phase,same,FAILED,FAILED,
B_short_window_none_i0,total_effort_integral_m2_s3,same,9.07223639640688,9.07223639640688,0
B_short_window_none_i0,total_speed_deficit_integral_m_s,same,18.04621697018815,18.04621697018815,0
B_short_window_none_i1,K_MR_mean_s-1,same,0.0,0.0,0
B_short_window_none_i1,K_RM_mean_s-1,same,0.0,0.0,0
B_short_window_none_i1,completion_time_s,same,,,
B_short_window_none_i1,disturbance,same,none,none,
B_short_window_none_i1,failure_type,same,missed_window,missed_window,
B_short_window_none_i1,hard_violation_count,same,0,0,0
B_short_window_none_i1,init_variant,same,1,1,0
B_short_window_none_i1,max_abs_jerk_mps3,same,2.5,2.5,0
B_short_window_none_i1,mean_abs_jerk_mps3,same,0.13949421409742782,0.13949421409742782,0
B_short_window_none_i1,merge_start_time_s,same,,,
B_short_window_none_i1,method,same,B,B,
B_short_window_none_i1,min_net_gap_m,same,12.844998959821776,12.844998959821776,0
B_short_window_none_i1,outcome,same,missed_window,missed_window,
B_short_window_none_i1,pair_gain_total_error_max_s-1,same,0.0,0.0,0
B_short_window_none_i1,road_violation_count,same,0,0,0
B_short_window_none_i1,run_id,same,B_short_window_none_i1,B_short_window_none_i1,
B_short_window_none_i1,safety_correction_abs_mean_mps2,same,0.0,0.0,0
B_short_window_none_i1,safety_correction_count,same,0,0,0
B_short_window_none_i1,scenario,same,short_window,short_window,
B_short_window_none_i1,space_feedback_abs_mean_s-1,same,0.0,0.0,0
B_short_window_none_i1,success,same,0,0,0
B_short_window_none_i1,task_phase,same,FAILED,FAILED,
B_short_window_none_i1,total_effort_integral_m2_s3,same,4.915110019203022,4.915110019203022,0
B_short_window_none_i1,total_speed_deficit_integral_m_s,same,13.641637294473853,13.641637294473853,0
B_short_window_none_i2,K_MR_mean_s-1,same,0.0,0.0,0
B_short_window_none_i2,K_RM_mean_s-1,same,0.0,0.0,0
B_short_window_none_i2,completion_time_s,same,,,
B_short_window_none_i2,disturbance,same,none,none,
B_short_window_none_i2,failure_type,same,missed_window,missed_window,
B_short_window_none_i2,hard_violation_count,same,0,0,0
B_short_window_none_i2,init_variant,same,2,2,0
B_short_window_none_i2,max_abs_jerk_mps3,same,2.5,2.5,0
B_short_window_none_i2,mean_abs_jerk_mps3,same,0.14639287764099548,0.14639287764099548,0
B_short_window_none_i2,merge_start_time_s,same,,,
B_short_window_none_i2,method,same,B,B,
B_short_window_none_i2,min_net_gap_m,same,10.204875000000012,10.204875000000012,0
B_short_window_none_i2,outcome,same,missed_window,missed_window,
B_short_window_none_i2,pair_gain_total_error_max_s-1,same,0.0,0.0,0
B_short_window_none_i2,road_violation_count,same,0,0,0
B_short_window_none_i2,run_id,same,B_short_window_none_i2,B_short_window_none_i2,
B_short_window_none_i2,safety_correction_abs_mean_mps2,same,0.0,0.0,0
B_short_window_none_i2,safety_correction_count,same,0,0,0
B_short_window_none_i2,scenario,same,short_window,short_window,
B_short_window_none_i2,space_feedback_abs_mean_s-1,same,0.0,0.0,0
B_short_window_none_i2,success,same,0,0,0
B_short_window_none_i2,task_phase,same,FAILED,FAILED,
B_short_window_none_i2,total_effort_integral_m2_s3,same,7.306001968703,7.306001968703,0
B_short_window_none_i2,total_speed_deficit_integral_m_s,same,16.503007280267354,16.503007280267354,0
B_short_window_prepare_i0,K_MR_mean_s-1,same,0.0,0.0,0
B_short_window_prepare_i0,K_RM_mean_s-1,same,0.0,0.0,0
B_short_window_prepare_i0,completion_time_s,same,,,
B_short_window_prepare_i0,disturbance,same,prepare,prepare,
B_short_window_prepare_i0,failure_type,same,missed_window,missed_window,
B_short_window_prepare_i0,hard_violation_count,same,0,0,0
B_short_window_prepare_i0,init_variant,same,0,0,0
B_short_window_prepare_i0,max_abs_jerk_mps3,same,2.5,2.5,0
B_short_window_prepare_i0,mean_abs_jerk_mps3,same,0.26370301997483375,0.26370301997483375,0
B_short_window_prepare_i0,merge_start_time_s,same,,,
B_short_window_prepare_i0,method,same,B,B,
B_short_window_prepare_i0,min_net_gap_m,same,12.980602077461892,12.980602077461892,0
B_short_window_prepare_i0,outcome,same,missed_window,missed_window,
B_short_window_prepare_i0,pair_gain_total_error_max_s-1,same,0.0,0.0,0
B_short_window_prepare_i0,road_violation_count,same,0,0,0
B_short_window_prepare_i0,run_id,same,B_short_window_prepare_i0,B_short_window_prepare_i0,
B_short_window_prepare_i0,safety_correction_abs_mean_mps2,same,0.0,0.0,0
B_short_window_prepare_i0,safety_correction_count,same,0,0,0
B_short_window_prepare_i0,scenario,same,short_window,short_window,
B_short_window_prepare_i0,space_feedback_abs_mean_s-1,same,0.0,0.0,0
B_short_window_prepare_i0,success,same,0,0,0
B_short_window_prepare_i0,task_phase,same,FAILED,FAILED,
B_short_window_prepare_i0,total_effort_integral_m2_s3,same,13.456551432409501,13.456551432409501,0
B_short_window_prepare_i0,total_speed_deficit_integral_m_s,same,23.568640556386747,23.568640556386747,0
B_short_window_prepare_i1,K_MR_mean_s-1,same,0.0,0.0,0
B_short_window_prepare_i1,K_RM_mean_s-1,same,0.0,0.0,0
B_short_window_prepare_i1,completion_time_s,same,,,
B_short_window_prepare_i1,disturbance,same,prepare,prepare,
B_short_window_prepare_i1,failure_type,same,missed_window,missed_window,
B_short_window_prepare_i1,hard_violation_count,same,0,0,0
B_short_window_prepare_i1,init_variant,same,1,1,0
B_short_window_prepare_i1,max_abs_jerk_mps3,same,2.5,2.5,0
B_short_window_prepare_i1,mean_abs_jerk_mps3,same,0.2433928851179583,0.2433928851179583,0
B_short_window_prepare_i1,merge_start_time_s,same,,,
B_short_window_prepare_i1,method,same,B,B,
B_short_window_prepare_i1,min_net_gap_m,same,12.844998959821776,12.844998959821776,0
B_short_window_prepare_i1,outcome,same,missed_window,missed_window,
B_short_window_prepare_i1,pair_gain_total_error_max_s-1,same,0.0,0.0,0
B_short_window_prepare_i1,road_violation_count,same,0,0,0
B_short_window_prepare_i1,run_id,same,B_short_window_prepare_i1,B_short_window_prepare_i1,
B_short_window_prepare_i1,safety_correction_abs_mean_mps2,same,0.0,0.0,0
B_short_window_prepare_i1,safety_correction_count,same,0,0,0
B_short_window_prepare_i1,scenario,same,short_window,short_window,
B_short_window_prepare_i1,space_feedback_abs_mean_s-1,same,0.0,0.0,0
B_short_window_prepare_i1,success,same,0,0,0
B_short_window_prepare_i1,task_phase,same,FAILED,FAILED,
B_short_window_prepare_i1,total_effort_integral_m2_s3,same,9.068997252856406,9.068997252856406,0
B_short_window_prepare_i1,total_speed_deficit_integral_m_s,same,18.904217935662256,18.904217935662256,0
B_short_window_prepare_i2,K_MR_mean_s-1,same,0.0,0.0,0
B_short_window_prepare_i2,K_RM_mean_s-1,same,0.0,0.0,0
B_short_window_prepare_i2,completion_time_s,same,,,
B_short_window_prepare_i2,disturbance,same,prepare,prepare,
B_short_window_prepare_i2,failure_type,same,missed_window,missed_window,
B_short_window_prepare_i2,hard_violation_count,same,0,0,0
B_short_window_prepare_i2,init_variant,same,2,2,0
B_short_window_prepare_i2,max_abs_jerk_mps3,same,2.5,2.5,0
B_short_window_prepare_i2,mean_abs_jerk_mps3,same,0.25649711766617583,0.25649711766617583,0
B_short_window_prepare_i2,merge_start_time_s,same,,,
B_short_window_prepare_i2,method,same,B,B,
B_short_window_prepare_i2,min_net_gap_m,same,10.204875000000012,10.204875000000012,0
B_short_window_prepare_i2,outcome,same,missed_window,missed_window,
B_short_window_prepare_i2,pair_gain_total_error_max_s-1,same,0.0,0.0,0
B_short_window_prepare_i2,road_violation_count,same,0,0,0
B_short_window_prepare_i2,run_id,same,B_short_window_prepare_i2,B_short_window_prepare_i2,
B_short_window_prepare_i2,safety_correction_abs_mean_mps2,same,0.0,0.0,0
B_short_window_prepare_i2,safety_correction_count,same,0,0,0
B_short_window_prepare_i2,scenario,same,short_window,short_window,
B_short_window_prepare_i2,space_feedback_abs_mean_s-1,same,0.0,0.0,0
B_short_window_prepare_i2,success,same,0,0,0
B_short_window_prepare_i2,task_phase,same,FAILED,FAILED,
B_short_window_prepare_i2,total_effort_integral_m2_s3,same,11.35147958661166,11.35147958661166,0
B_short_window_prepare_i2,total_speed_deficit_integral_m_s,same,21.97928731835978,21.97928731835978,0
C_ample_none_i0,K_MR_mean_s-1,same,0.16947040498442364,0.16947040498442364,0
C_ample_none_i0,K_RM_mean_s-1,same,0.16947040498442364,0.16947040498442364,0
C_ample_none_i0,completion_time_s,same,4.3,4.3,0
C_ample_none_i0,disturbance,same,none,none,
C_ample_none_i0,failure_type,same,,,
C_ample_none_i0,hard_violation_count,same,0,0,0
C_ample_none_i0,init_variant,same,0,0,0
C_ample_none_i0,max_abs_jerk_mps3,same,2.5,2.5,0
C_ample_none_i0,mean_abs_jerk_mps3,same,0.14073345216658484,0.14073345216658484,0
C_ample_none_i0,merge_start_time_s,same,1.3,1.3,0
C_ample_none_i0,method,same,C,C,
C_ample_none_i0,min_net_gap_m,same,10.788101251678551,10.788101251678551,0
C_ample_none_i0,outcome,same,completed,completed,
C_ample_none_i0,pair_gain_total_error_max_s-1,same,0.0,0.0,0
C_ample_none_i0,road_violation_count,same,0,0,0
C_ample_none_i0,run_id,same,C_ample_none_i0,C_ample_none_i0,
C_ample_none_i0,safety_correction_abs_mean_mps2,same,0.0,0.0,0
C_ample_none_i0,safety_correction_count,same,0,0,0
C_ample_none_i0,scenario,same,ample,ample,
C_ample_none_i0,space_feedback_abs_mean_s-1,same,0.012560370455882408,0.012560370455882408,0
C_ample_none_i0,success,same,1,1,0
C_ample_none_i0,task_phase,same,SUCCESS,SUCCESS,
C_ample_none_i0,total_effort_integral_m2_s3,same,6.238396971260705,6.238396971260705,0
C_ample_none_i0,total_speed_deficit_integral_m_s,same,5.744637224145914,5.744637224145914,0
C_ample_none_i1,K_MR_mean_s-1,same,0.16947040498442364,0.16947040498442364,0
C_ample_none_i1,K_RM_mean_s-1,same,0.16947040498442364,0.16947040498442364,0
C_ample_none_i1,completion_time_s,same,,,
C_ample_none_i1,disturbance,same,none,none,
C_ample_none_i1,failure_type,same,started_but_failed,started_but_failed,
C_ample_none_i1,hard_violation_count,same,0,0,0
C_ample_none_i1,init_variant,same,1,1,0
C_ample_none_i1,max_abs_jerk_mps3,same,2.5,2.5,0
C_ample_none_i1,mean_abs_jerk_mps3,same,0.21196986693130254,0.21196986693130254,0
C_ample_none_i1,merge_start_time_s,same,3.15,3.15,0
C_ample_none_i1,method,same,C,C,
C_ample_none_i1,min_net_gap_m,same,10.655565019032661,10.655565019032661,0
C_ample_none_i1,outcome,same,started_but_failed,started_but_failed,
C_ample_none_i1,pair_gain_total_error_max_s-1,same,0.0,0.0,0
C_ample_none_i1,road_violation_count,same,0,0,0
C_ample_none_i1,run_id,same,C_ample_none_i1,C_ample_none_i1,
C_ample_none_i1,safety_correction_abs_mean_mps2,same,3.9645280454258875,3.9645280454258875,0
C_ample_none_i1,safety_correction_count,same,9,9,0
C_ample_none_i1,scenario,same,ample,ample,
C_ample_none_i1,space_feedback_abs_mean_s-1,same,0.021489553613856727,0.021489553613856727,0
C_ample_none_i1,success,same,0,0,0
C_ample_none_i1,task_phase,same,FAILED,FAILED,
C_ample_none_i1,total_effort_integral_m2_s3,same,4.807205206530695,4.807205206530695,0
C_ample_none_i1,total_speed_deficit_integral_m_s,same,5.4092966172286285,5.4092966172286285,0
C_ample_none_i2,K_MR_mean_s-1,same,0.16947040498442364,0.16947040498442364,0
C_ample_none_i2,K_RM_mean_s-1,same,0.16947040498442364,0.16947040498442364,0
C_ample_none_i2,completion_time_s,same,4.5,4.5,0
C_ample_none_i2,disturbance,same,none,none,
C_ample_none_i2,failure_type,same,,,
C_ample_none_i2,hard_violation_count,same,0,0,0
C_ample_none_i2,init_variant,same,2,2,0
C_ample_none_i2,max_abs_jerk_mps3,same,2.5,2.5,0
C_ample_none_i2,mean_abs_jerk_mps3,same,0.2031674858512103,0.2031674858512103,0
C_ample_none_i2,merge_start_time_s,same,1.5000000000000002,1.5000000000000002,0
C_ample_none_i2,method,same,C,C,
C_ample_none_i2,min_net_gap_m,same,9.740961668492542,9.740961668492542,0
C_ample_none_i2,outcome,same,completed,completed,
C_ample_none_i2,pair_gain_total_error_max_s-1,same,0.0,0.0,0
C_ample_none_i2,road_violation_count,same,0,0,0
C_ample_none_i2,run_id,same,C_ample_none_i2,C_ample_none_i2,
C_ample_none_i2,safety_correction_abs_mean_mps2,same,3.8580298452101816,3.8580298452101816,0
C_ample_none_i2,safety_correction_count,same,12,12,0
C_ample_none_i2,scenario,same,ample,ample,
C_ample_none_i2,space_feedback_abs_mean_s-1,same,0.011285484062252526,0.011285484062252526,0
C_ample_none_i2,success,same,1,1,0
C_ample_none_i2,task_phase,same,SUCCESS,SUCCESS,
C_ample_none_i2,total_effort_integral_m2_s3,same,7.402158511823251,7.402158511823251,0
C_ample_none_i2,total_speed_deficit_integral_m_s,same,5.265633501800377,5.265633501800377,0
C_ample_prepare_i0,K_MR_mean_s-1,same,0.16947040498442364,0.16947040498442364,0
C_ample_prepare_i0,K_RM_mean_s-1,same,0.16947040498442364,0.16947040498442364,0
C_ample_prepare_i0,completion_time_s,same,4.3,4.3,0
C_ample_prepare_i0,disturbance,same,prepare,prepare,
C_ample_prepare_i0,failure_type,same,,,
C_ample_prepare_i0,hard_violation_count,same,0,0,0
C_ample_prepare_i0,init_variant,same,0,0,0
C_ample_prepare_i0,max_abs_jerk_mps3,same,2.500000000000002,2.500000000000002,0
C_ample_prepare_i0,mean_abs_jerk_mps3,same,0.2472781070047138,0.2472781070047138,0
C_ample_prepare_i0,merge_start_time_s,same,1.3,1.3,0
C_ample_prepare_i0,method,same,C,C,
C_ample_prepare_i0,min_net_gap_m,same,11.06246283301942,11.06246283301942,0
C_ample_prepare_i0,outcome,same,completed,completed,
C_ample_prepare_i0,pair_gain_total_error_max_s-1,same,0.0,0.0,0
C_ample_prepare_i0,road_violation_count,same,0,0,0
C_ample_prepare_i0,run_id,same,C_ample_prepare_i0,C_ample_prepare_i0,
C_ample_prepare_i0,safety_correction_abs_mean_mps2,same,0.0,0.0,0
C_ample_prepare_i0,safety_correction_count,same,0,0,0
C_ample_prepare_i0,scenario,same,ample,ample,
C_ample_prepare_i0,space_feedback_abs_mean_s-1,same,0.012266267560999272,0.012266267560999272,0
C_ample_prepare_i0,success,same,1,1,0
C_ample_prepare_i0,task_phase,same,SUCCESS,SUCCESS,
C_ample_prepare_i0,total_effort_integral_m2_s3,same,9.453897088797037,9.453897088797037,0
C_ample_prepare_i0,total_speed_deficit_integral_m_s,same,10.441437900271824,10.441437900271824,0
C_ample_prepare_i1,K_MR_mean_s-1,same,0.16947040498442364,0.16947040498442364,0
C_ample_prepare_i1,K_RM_mean_s-1,same,0.16947040498442364,0.16947040498442364,0
C_ample_prepare_i1,completion_time_s,same,,,
C_ample_prepare_i1,disturbance,same,prepare,prepare,
C_ample_prepare_i1,failure_type,same,started_but_failed,started_but_failed,
C_ample_prepare_i1,hard_violation_count,same,0,0,0
C_ample_prepare_i1,init_variant,same,1,1,0
C_ample_prepare_i1,max_abs_jerk_mps3,same,2.500000000000002,2.500000000000002,0
C_ample_prepare_i1,mean_abs_jerk_mps3,same,0.33446619291478374,0.33446619291478374,0
C_ample_prepare_i1,merge_start_time_s,same,2.9,2.9,0
C_ample_prepare_i1,method,same,C,C,
C_ample_prepare_i1,min_net_gap_m,same,11.33870034153453,11.33870034153453,0
C_ample_prepare_i1,outcome,same,started_but_failed,started_but_failed,
C_ample_prepare_i1,pair_gain_total_error_max_s-1,same,0.0,0.0,0
C_ample_prepare_i1,road_violation_count,same,0,0,0
C_ample_prepare_i1,run_id,same,C_ample_prepare_i1,C_ample_prepare_i1,
C_ample_prepare_i1,safety_correction_abs_mean_mps2,same,3.7149140080382543,3.7149140080382543,0
C_ample_prepare_i1,safety_correction_count,same,8,8,0
C_ample_prepare_i1,scenario,same,ample,ample,
C_ample_prepare_i1,space_feedback_abs_mean_s-1,same,0.022253562956577988,0.022253562956577988,0
C_ample_prepare_i1,success,same,0,0,0
C_ample_prepare_i1,task_phase,same,FAILED,FAILED,
C_ample_prepare_i1,total_effort_integral_m2_s3,same,10.480517171524406,10.480517171524406,0
C_ample_prepare_i1,total_speed_deficit_integral_m_s,same,10.404531395345652,10.404531395345652,0
C_ample_prepare_i2,K_MR_mean_s-1,same,0.16947040498442364,0.16947040498442364,0
C_ample_prepare_i2,K_RM_mean_s-1,same,0.16947040498442364,0.16947040498442364,0
C_ample_prepare_i2,completion_time_s,same,4.5,4.5,0
C_ample_prepare_i2,disturbance,same,prepare,prepare,
C_ample_prepare_i2,failure_type,same,,,
C_ample_prepare_i2,hard_violation_count,same,0,0,0
C_ample_prepare_i2,init_variant,same,2,2,0
C_ample_prepare_i2,max_abs_jerk_mps3,same,2.500000000000002,2.500000000000002,0
C_ample_prepare_i2,mean_abs_jerk_mps3,same,0.27998151077199424,0.27998151077199424,0
C_ample_prepare_i2,merge_start_time_s,same,1.5000000000000002,1.5000000000000002,0
C_ample_prepare_i2,method,same,C,C,
C_ample_prepare_i2,min_net_gap_m,same,9.813012009070402,9.813012009070402,0
C_ample_prepare_i2,outcome,same,completed,completed,
C_ample_prepare_i2,pair_gain_total_error_max_s-1,same,0.0,0.0,0
C_ample_prepare_i2,road_violation_count,same,0,0,0
C_ample_prepare_i2,run_id,same,C_ample_prepare_i2,C_ample_prepare_i2,
C_ample_prepare_i2,safety_correction_abs_mean_mps2,same,3.492896633781671,3.492896633781671,0
C_ample_prepare_i2,safety_correction_count,same,12,12,0
C_ample_prepare_i2,scenario,same,ample,ample,
C_ample_prepare_i2,space_feedback_abs_mean_s-1,same,0.01181502575177677,0.01181502575177677,0
C_ample_prepare_i2,success,same,1,1,0
C_ample_prepare_i2,task_phase,same,SUCCESS,SUCCESS,
C_ample_prepare_i2,total_effort_integral_m2_s3,same,9.477856150220985,9.477856150220985,0
C_ample_prepare_i2,total_speed_deficit_integral_m_s,same,9.583437572631524,9.583437572631524,0
C_collaborative_none_i0,K_MR_mean_s-1,same,0.16947040498442364,0.16947040498442364,0
C_collaborative_none_i0,K_RM_mean_s-1,same,0.16947040498442364,0.16947040498442364,0
C_collaborative_none_i0,completion_time_s,same,4.55,4.55,0
C_collaborative_none_i0,disturbance,same,none,none,
C_collaborative_none_i0,failure_type,same,,,
C_collaborative_none_i0,hard_violation_count,same,0,0,0
C_collaborative_none_i0,init_variant,same,0,0,0
C_collaborative_none_i0,max_abs_jerk_mps3,same,2.5,2.5,0
C_collaborative_none_i0,mean_abs_jerk_mps3,same,0.1551313885218844,0.1551313885218844,0
C_collaborative_none_i0,merge_start_time_s,same,1.55,1.55,0
C_collaborative_none_i0,method,same,C,C,
C_collaborative_none_i0,min_net_gap_m,same,8.780364364821263,8.780364364821263,0
C_collaborative_none_i0,outcome,same,completed,completed,
C_collaborative_none_i0,pair_gain_total_error_max_s-1,same,0.0,0.0,0
C_collaborative_none_i0,road_violation_count,same,0,0,0
C_collaborative_none_i0,run_id,same,C_collaborative_none_i0,C_collaborative_none_i0,
C_collaborative_none_i0,safety_correction_abs_mean_mps2,same,3.363797014358401,3.363797014358401,0
C_collaborative_none_i0,safety_correction_count,same,3,3,0
C_collaborative_none_i0,scenario,same,collaborative,collaborative,
C_collaborative_none_i0,space_feedback_abs_mean_s-1,same,0.027237754428313478,0.027237754428313478,0
C_collaborative_none_i0,success,same,1,1,0
C_collaborative_none_i0,task_phase,same,SUCCESS,SUCCESS,
C_collaborative_none_i0,total_effort_integral_m2_s3,same,8.366508880406517,8.366508880406517,0
C_collaborative_none_i0,total_speed_deficit_integral_m_s,same,17.784458012580583,17.784458012580583,0
C_collaborative_none_i1,K_MR_mean_s-1,same,0.16947040498442364,0.16947040498442364,0
C_collaborative_none_i1,K_RM_mean_s-1,same,0.16947040498442364,0.16947040498442364,0
C_collaborative_none_i1,completion_time_s,same,,,
C_collaborative_none_i1,disturbance,same,none,none,
C_collaborative_none_i1,failure_type,same,started_but_failed,started_but_failed,
C_collaborative_none_i1,hard_violation_count,same,0,0,0
C_collaborative_none_i1,init_variant,same,1,1,0
C_collaborative_none_i1,max_abs_jerk_mps3,same,2.500000000000002,2.500000000000002,0
C_collaborative_none_i1,mean_abs_jerk_mps3,same,0.21642081839552155,0.21642081839552155,0
C_collaborative_none_i1,merge_start_time_s,same,3.55,3.55,0
C_collaborative_none_i1,method,same,C,C,
C_collaborative_none_i1,min_net_gap_m,same,9.517230119260955,9.517230119260955,0
C_collaborative_none_i1,outcome,same,started_but_failed,started_but_failed,
C_collaborative_none_i1,pair_gain_total_error_max_s-1,same,0.0,0.0,0
C_collaborative_none_i1,road_violation_count,same,0,0,0
C_collaborative_none_i1,run_id,same,C_collaborative_none_i1,C_collaborative_none_i1,
C_collaborative_none_i1,safety_correction_abs_mean_mps2,same,3.967706116214172,3.967706116214172,0
C_collaborative_none_i1,safety_correction_count,same,10,10,0
C_collaborative_none_i1,scenario,same,collaborative,collaborative,
C_collaborative_none_i1,space_feedback_abs_mean_s-1,same,0.031573598198140006,0.031573598198140006,0
C_collaborative_none_i1,success,same,0,0,0
C_collaborative_none_i1,task_phase,same,FAILED,FAILED,
C_collaborative_none_i1,total_effort_integral_m2_s3,same,7.058429308294907,7.058429308294907,0
C_collaborative_none_i1,total_speed_deficit_integral_m_s,same,15.215690989271,15.215690989271,0
C_collaborative_none_i2,K_MR_mean_s-1,same,0.16947040498442364,0.16947040498442364,0
C_collaborative_none_i2,K_RM_mean_s-1,same,0.16947040498442364,0.16947040498442364,0
C_collaborative_none_i2,completion_time_s,same,,,
C_collaborative_none_i2,disturbance,same,none,none,
C_collaborative_none_i2,failure_type,same,started_but_failed,started_but_failed,
C_collaborative_none_i2,hard_violation_count,same,0,0,0
C_collaborative_none_i2,init_variant,same,2,2,0
C_collaborative_none_i2,max_abs_jerk_mps3,same,2.5,2.5,0
C_collaborative_none_i2,mean_abs_jerk_mps3,same,0.2873269950992178,0.2873269950992178,0
C_collaborative_none_i2,merge_start_time_s,same,3.45,3.45,0
C_collaborative_none_i2,method,same,C,C,
C_collaborative_none_i2,min_net_gap_m,same,8.252527241100335,8.252527241100335,0
C_collaborative_none_i2,outcome,same,started_but_failed,started_but_failed,
C_collaborative_none_i2,pair_gain_total_error_max_s-1,same,0.0,0.0,0
C_collaborative_none_i2,road_violation_count,same,0,0,0
C_collaborative_none_i2,run_id,same,C_collaborative_none_i2,C_collaborative_none_i2,
C_collaborative_none_i2,safety_correction_abs_mean_mps2,same,1.8228514258601802,1.8228514258601802,0
C_collaborative_none_i2,safety_correction_count,same,35,35,0
C_collaborative_none_i2,scenario,same,collaborative,collaborative,
C_collaborative_none_i2,space_feedback_abs_mean_s-1,same,0.027936014518586766,0.027936014518586766,0
C_collaborative_none_i2,success,same,0,0,0
C_collaborative_none_i2,task_phase,same,FAILED,FAILED,
C_collaborative_none_i2,total_effort_integral_m2_s3,same,7.676047985289578,7.676047985289578,0
C_collaborative_none_i2,total_speed_deficit_integral_m_s,same,16.993543029960474,16.993543029960474,0
C_collaborative_prepare_i0,K_MR_mean_s-1,same,0.16947040498442364,0.16947040498442364,0
C_collaborative_prepare_i0,K_RM_mean_s-1,same,0.16947040498442364,0.16947040498442364,0
C_collaborative_prepare_i0,completion_time_s,same,4.55,4.55,0
C_collaborative_prepare_i0,disturbance,same,prepare,prepare,
C_collaborative_prepare_i0,failure_type,same,,,
C_collaborative_prepare_i0,hard_violation_count,same,0,0,0
C_collaborative_prepare_i0,init_variant,same,0,0,0
C_collaborative_prepare_i0,max_abs_jerk_mps3,same,2.5,2.5,0
C_collaborative_prepare_i0,mean_abs_jerk_mps3,same,0.29407991619087503,0.29407991619087503,0
C_collaborative_prepare_i0,merge_start_time_s,same,1.55,1.55,0
C_collaborative_prepare_i0,method,same,C,C,
C_collaborative_prepare_i0,min_net_gap_m,same,8.116464553410946,8.116464553410946,0
C_collaborative_prepare_i0,outcome,same,completed,completed,
C_collaborative_prepare_i0,pair_gain_total_error_max_s-1,same,0.0,0.0,0
C_collaborative_prepare_i0,road_violation_count,same,0,0,0
C_collaborative_prepare_i0,run_id,same,C_collaborative_prepare_i0,C_collaborative_prepare_i0,
C_collaborative_prepare_i0,safety_correction_abs_mean_mps2,same,3.2328293133939257,3.2328293133939257,0
C_collaborative_prepare_i0,safety_correction_count,same,14,14,0
C_collaborative_prepare_i0,scenario,same,collaborative,collaborative,
C_collaborative_prepare_i0,space_feedback_abs_mean_s-1,same,0.02812242929047133,0.02812242929047133,0
C_collaborative_prepare_i0,success,same,1,1,0
C_collaborative_prepare_i0,task_phase,same,SUCCESS,SUCCESS,
C_collaborative_prepare_i0,total_effort_integral_m2_s3,same,14.26929185542207,14.26929185542207,0
C_collaborative_prepare_i0,total_speed_deficit_integral_m_s,same,23.0626263436774,23.0626263436774,0
C_collaborative_prepare_i1,K_MR_mean_s-1,same,0.16947040498442364,0.16947040498442364,0
C_collaborative_prepare_i1,K_RM_mean_s-1,same,0.16947040498442364,0.16947040498442364,0
C_collaborative_prepare_i1,completion_time_s,same,,,
C_collaborative_prepare_i1,disturbance,same,prepare,prepare,
C_collaborative_prepare_i1,failure_type,same,started_but_failed,started_but_failed,
C_collaborative_prepare_i1,hard_violation_count,same,0,0,0
C_collaborative_prepare_i1,init_variant,same,1,1,0
C_collaborative_prepare_i1,max_abs_jerk_mps3,same,2.5,2.5,0
C_collaborative_prepare_i1,mean_abs_jerk_mps3,same,0.3020356784469139,0.3020356784469139,0
C_collaborative_prepare_i1,merge_start_time_s,same,3.25,3.25,0
C_collaborative_prepare_i1,method,same,C,C,
C_collaborative_prepare_i1,min_net_gap_m,same,9.462906048181377,9.462906048181377,0
C_collaborative_prepare_i1,outcome,same,started_but_failed,started_but_failed,
C_collaborative_prepare_i1,pair_gain_total_error_max_s-1,same,0.0,0.0,0
C_collaborative_prepare_i1,road_violation_count,same,0,0,0
C_collaborative_prepare_i1,run_id,same,C_collaborative_prepare_i1,C_collaborative_prepare_i1,
C_collaborative_prepare_i1,safety_correction_abs_mean_mps2,same,4.159116086586732,4.159116086586732,0
C_collaborative_prepare_i1,safety_correction_count,same,9,9,0
C_collaborative_prepare_i1,scenario,same,collaborative,collaborative,
C_collaborative_prepare_i1,space_feedback_abs_mean_s-1,same,0.03096024830674826,0.03096024830674826,0
C_collaborative_prepare_i1,success,same,0,0,0
C_collaborative_prepare_i1,task_phase,same,FAILED,FAILED,
C_collaborative_prepare_i1,total_effort_integral_m2_s3,same,10.162220480877453,10.162220480877453,0
C_collaborative_prepare_i1,total_speed_deficit_integral_m_s,same,19.94483593231605,19.94483593231605,0
C_collaborative_prepare_i2,K_MR_mean_s-1,same,0.16947040498442364,0.16947040498442364,0
C_collaborative_prepare_i2,K_RM_mean_s-1,same,0.16947040498442364,0.16947040498442364,0
C_collaborative_prepare_i2,completion_time_s,same,,,
C_collaborative_prepare_i2,disturbance,same,prepare,prepare,
C_collaborative_prepare_i2,failure_type,same,started_but_failed,started_but_failed,
C_collaborative_prepare_i2,hard_violation_count,same,0,0,0
C_collaborative_prepare_i2,init_variant,same,2,2,0
C_collaborative_prepare_i2,max_abs_jerk_mps3,same,2.5,2.5,0
C_collaborative_prepare_i2,mean_abs_jerk_mps3,same,0.37610516792937654,0.37610516792937654,0
C_collaborative_prepare_i2,merge_start_time_s,same,4.6,4.6,0
C_collaborative_prepare_i2,method,same,C,C,
C_collaborative_prepare_i2,min_net_gap_m,same,15.857376167759195,15.857376167759195,0
C_collaborative_prepare_i2,outcome,same,started_but_failed,started_but_failed,
C_collaborative_prepare_i2,pair_gain_total_error_max_s-1,same,0.0,0.0,0
C_collaborative_prepare_i2,road_violation_count,same,0,0,0
C_collaborative_prepare_i2,run_id,same,C_collaborative_prepare_i2,C_collaborative_prepare_i2,
C_collaborative_prepare_i2,safety_correction_abs_mean_mps2,same,3.57025975829594,3.57025975829594,0
C_collaborative_prepare_i2,safety_correction_count,same,24,24,0
C_collaborative_prepare_i2,scenario,same,collaborative,collaborative,
C_collaborative_prepare_i2,space_feedback_abs_mean_s-1,same,0.030272652990210536,0.030272652990210536,0
C_collaborative_prepare_i2,success,same,0,0,0
C_collaborative_prepare_i2,task_phase,same,FAILED,FAILED,
C_collaborative_prepare_i2,total_effort_integral_m2_s3,same,11.568557320755714,11.568557320755714,0
C_collaborative_prepare_i2,total_speed_deficit_integral_m_s,same,22.639531108126505,22.639531108126505,0
C_short_window_none_i0,K_MR_mean_s-1,same,0.16947040498442364,0.16947040498442364,0
C_short_window_none_i0,K_RM_mean_s-1,same,0.16947040498442364,0.16947040498442364,0
C_short_window_none_i0,completion_time_s,same,,,
C_short_window_none_i0,disturbance,same,none,none,
C_short_window_none_i0,failure_type,same,missed_window,missed_window,
C_short_window_none_i0,hard_violation_count,same,0,0,0
C_short_window_none_i0,init_variant,same,0,0,0
C_short_window_none_i0,max_abs_jerk_mps3,same,2.5,2.5,0
C_short_window_none_i0,mean_abs_jerk_mps3,same,0.14749949058037876,0.14749949058037876,0
C_short_window_none_i0,merge_start_time_s,same,,,
C_short_window_none_i0,method,same,C,C,
C_short_window_none_i0,min_net_gap_m,same,12.978129568831218,12.978129568831218,0
C_short_window_none_i0,outcome,same,missed_window,missed_window,
C_short_window_none_i0,pair_gain_total_error_max_s-1,same,0.0,0.0,0
C_short_window_none_i0,road_violation_count,same,0,0,0
C_short_window_none_i0,run_id,same,C_short_window_none_i0,C_short_window_none_i0,
C_short_window_none_i0,safety_correction_abs_mean_mps2,same,0.0,0.0,0
C_short_window_none_i0,safety_correction_count,same,0,0,0
C_short_window_none_i0,scenario,same,short_window,short_window,
C_short_window_none_i0,space_feedback_abs_mean_s-1,same,0.02203189096880046,0.02203189096880046,0
C_short_window_none_i0,success,same,0,0,0
C_short_window_none_i0,task_phase,same,FAILED,FAILED,
C_short_window_none_i0,total_effort_integral_m2_s3,same,8.177874780863549,8.177874780863549,0
C_short_window_none_i0,total_speed_deficit_integral_m_s,same,17.87826539730415,17.87826539730415,0
C_short_window_none_i1,K_MR_mean_s-1,same,0.16947040498442364,0.16947040498442364,0
C_short_window_none_i1,K_RM_mean_s-1,same,0.16947040498442364,0.16947040498442364,0
C_short_window_none_i1,completion_time_s,same,,,
C_short_window_none_i1,disturbance,same,none,none,
C_short_window_none_i1,failure_type,same,missed_window,missed_window,
C_short_window_none_i1,hard_violation_count,same,0,0,0
C_short_window_none_i1,init_variant,same,1,1,0
C_short_window_none_i1,max_abs_jerk_mps3,same,2.5,2.5,0
C_short_window_none_i1,mean_abs_jerk_mps3,same,0.1301324349463191,0.1301324349463191,0
C_short_window_none_i1,merge_start_time_s,same,,,
C_short_window_none_i1,method,same,C,C,
C_short_window_none_i1,min_net_gap_m,same,12.841181433611563,12.841181433611563,0
C_short_window_none_i1,outcome,same,missed_window,missed_window,
C_short_window_none_i1,pair_gain_total_error_max_s-1,same,0.0,0.0,0
C_short_window_none_i1,road_violation_count,same,0,0,0
C_short_window_none_i1,run_id,same,C_short_window_none_i1,C_short_window_none_i1,
C_short_window_none_i1,safety_correction_abs_mean_mps2,same,0.0,0.0,0
C_short_window_none_i1,safety_correction_count,same,0,0,0
C_short_window_none_i1,scenario,same,short_window,short_window,
C_short_window_none_i1,space_feedback_abs_mean_s-1,same,0.026279826427983315,0.026279826427983315,0
C_short_window_none_i1,success,same,0,0,0
C_short_window_none_i1,task_phase,same,FAILED,FAILED,
C_short_window_none_i1,total_effort_integral_m2_s3,same,4.027988112374772,4.027988112374772,0
C_short_window_none_i1,total_speed_deficit_integral_m_s,same,13.563806388751882,13.563806388751882,0
C_short_window_none_i2,K_MR_mean_s-1,same,0.16947040498442364,0.16947040498442364,0
C_short_window_none_i2,K_RM_mean_s-1,same,0.16947040498442364,0.16947040498442364,0
C_short_window_none_i2,completion_time_s,same,,,
C_short_window_none_i2,disturbance,same,none,none,
C_short_window_none_i2,failure_type,same,missed_window,missed_window,
C_short_window_none_i2,hard_violation_count,same,0,0,0
C_short_window_none_i2,init_variant,same,2,2,0
C_short_window_none_i2,max_abs_jerk_mps3,same,2.5,2.5,0
C_short_window_none_i2,mean_abs_jerk_mps3,same,0.13639441066385477,0.13639441066385477,0
C_short_window_none_i2,merge_start_time_s,same,,,
C_short_window_none_i2,method,same,C,C,
C_short_window_none_i2,min_net_gap_m,same,10.204875000000012,10.204875000000012,0
C_short_window_none_i2,outcome,same,missed_window,missed_window,
C_short_window_none_i2,pair_gain_total_error_max_s-1,same,0.0,0.0,0
C_short_window_none_i2,road_violation_count,same,0,0,0
C_short_window_none_i2,run_id,same,C_short_window_none_i2,C_short_window_none_i2,
C_short_window_none_i2,safety_correction_abs_mean_mps2,same,0.0,0.0,0
C_short_window_none_i2,safety_correction_count,same,0,0,0
C_short_window_none_i2,scenario,same,short_window,short_window,
C_short_window_none_i2,space_feedback_abs_mean_s-1,same,0.02086670158218632,0.02086670158218632,0
C_short_window_none_i2,success,same,0,0,0
C_short_window_none_i2,task_phase,same,FAILED,FAILED,
C_short_window_none_i2,total_effort_integral_m2_s3,same,6.696264922093301,6.696264922093301,0
C_short_window_none_i2,total_speed_deficit_integral_m_s,same,16.3346549758763,16.3346549758763,0
C_short_window_prepare_i0,K_MR_mean_s-1,same,0.16947040498442364,0.16947040498442364,0
C_short_window_prepare_i0,K_RM_mean_s-1,same,0.16947040498442364,0.16947040498442364,0
C_short_window_prepare_i0,completion_time_s,same,,,
C_short_window_prepare_i0,disturbance,same,prepare,prepare,
C_short_window_prepare_i0,failure_type,same,missed_window,missed_window,
C_short_window_prepare_i0,hard_violation_count,same,0,0,0
C_short_window_prepare_i0,init_variant,same,0,0,0
C_short_window_prepare_i0,max_abs_jerk_mps3,same,2.5,2.5,0
C_short_window_prepare_i0,mean_abs_jerk_mps3,same,0.2477226938639022,0.2477226938639022,0
C_short_window_prepare_i0,merge_start_time_s,same,,,
C_short_window_prepare_i0,method,same,C,C,
C_short_window_prepare_i0,min_net_gap_m,same,12.978129568831218,12.978129568831218,0
C_short_window_prepare_i0,outcome,same,missed_window,missed_window,
C_short_window_prepare_i0,pair_gain_total_error_max_s-1,same,0.0,0.0,0
C_short_window_prepare_i0,road_violation_count,same,0,0,0
C_short_window_prepare_i0,run_id,same,C_short_window_prepare_i0,C_short_window_prepare_i0,
C_short_window_prepare_i0,safety_correction_abs_mean_mps2,same,0.0,0.0,0
C_short_window_prepare_i0,safety_correction_count,same,0,0,0
C_short_window_prepare_i0,scenario,same,short_window,short_window,
C_short_window_prepare_i0,space_feedback_abs_mean_s-1,same,0.02281972764704492,0.02281972764704492,0
C_short_window_prepare_i0,success,same,0,0,0
C_short_window_prepare_i0,task_phase,same,FAILED,FAILED,
C_short_window_prepare_i0,total_effort_integral_m2_s3,same,11.841899802456373,11.841899802456373,0
C_short_window_prepare_i0,total_speed_deficit_integral_m_s,same,23.301755431066088,23.301755431066088,0
C_short_window_prepare_i1,K_MR_mean_s-1,same,0.16947040498442364,0.16947040498442364,0
C_short_window_prepare_i1,K_RM_mean_s-1,same,0.16947040498442364,0.16947040498442364,0
C_short_window_prepare_i1,completion_time_s,same,,,
C_short_window_prepare_i1,disturbance,same,prepare,prepare,
C_short_window_prepare_i1,failure_type,same,missed_window,missed_window,
C_short_window_prepare_i1,hard_violation_count,same,0,0,0
C_short_window_prepare_i1,init_variant,same,1,1,0
C_short_window_prepare_i1,max_abs_jerk_mps3,same,2.5,2.5,0
C_short_window_prepare_i1,mean_abs_jerk_mps3,same,0.2267327261471869,0.2267327261471869,0
C_short_window_prepare_i1,merge_start_time_s,same,,,
C_short_window_prepare_i1,method,same,C,C,
C_short_window_prepare_i1,min_net_gap_m,same,12.841181433611563,12.841181433611563,0
C_short_window_prepare_i1,outcome,same,missed_window,missed_window,
C_short_window_prepare_i1,pair_gain_total_error_max_s-1,same,0.0,0.0,0
C_short_window_prepare_i1,road_violation_count,same,0,0,0
C_short_window_prepare_i1,run_id,same,C_short_window_prepare_i1,C_short_window_prepare_i1,
C_short_window_prepare_i1,safety_correction_abs_mean_mps2,same,0.0,0.0,0
C_short_window_prepare_i1,safety_correction_count,same,0,0,0
C_short_window_prepare_i1,scenario,same,short_window,short_window,
C_short_window_prepare_i1,space_feedback_abs_mean_s-1,same,0.02626933609160907,0.02626933609160907,0
C_short_window_prepare_i1,success,same,0,0,0
C_short_window_prepare_i1,task_phase,same,FAILED,FAILED,
C_short_window_prepare_i1,total_effort_integral_m2_s3,same,7.4089322761082625,7.4089322761082625,0
C_short_window_prepare_i1,total_speed_deficit_integral_m_s,same,18.65849033740555,18.65849033740555,0
C_short_window_prepare_i2,K_MR_mean_s-1,same,0.16947040498442364,0.16947040498442364,0
C_short_window_prepare_i2,K_RM_mean_s-1,same,0.16947040498442364,0.16947040498442364,0
C_short_window_prepare_i2,completion_time_s,same,,,
C_short_window_prepare_i2,disturbance,same,prepare,prepare,
C_short_window_prepare_i2,failure_type,same,missed_window,missed_window,
C_short_window_prepare_i2,hard_violation_count,same,0,0,0
C_short_window_prepare_i2,init_variant,same,2,2,0
C_short_window_prepare_i2,max_abs_jerk_mps3,same,2.5,2.5,0
C_short_window_prepare_i2,mean_abs_jerk_mps3,same,0.24148375254789886,0.24148375254789886,0
C_short_window_prepare_i2,merge_start_time_s,same,,,
C_short_window_prepare_i2,method,same,C,C,
C_short_window_prepare_i2,min_net_gap_m,same,10.204875000000012,10.204875000000012,0
C_short_window_prepare_i2,outcome,same,missed_window,missed_window,
C_short_window_prepare_i2,pair_gain_total_error_max_s-1,same,0.0,0.0,0
C_short_window_prepare_i2,road_violation_count,same,0,0,0
C_short_window_prepare_i2,run_id,same,C_short_window_prepare_i2,C_short_window_prepare_i2,
C_short_window_prepare_i2,safety_correction_abs_mean_mps2,same,0.0,0.0,0
C_short_window_prepare_i2,safety_correction_count,same,0,0,0
C_short_window_prepare_i2,scenario,same,short_window,short_window,
C_short_window_prepare_i2,space_feedback_abs_mean_s-1,same,0.021746651559264477,0.021746651559264477,0
C_short_window_prepare_i2,success,same,0,0,0
C_short_window_prepare_i2,task_phase,same,FAILED,FAILED,
C_short_window_prepare_i2,total_effort_integral_m2_s3,same,10.120733323245794,10.120733323245794,0
C_short_window_prepare_i2,total_speed_deficit_integral_m_s,same,21.72891953993335,21.72891953993335,0
D_ample_none_i0,K_MR_mean_s-1,same,0.12963625178159321,0.12963625178159321,0
D_ample_none_i0,K_RM_mean_s-1,same,0.20930455818725413,0.20930455818725413,0
D_ample_none_i0,completion_time_s,same,4.3,4.3,0
D_ample_none_i0,disturbance,same,none,none,
D_ample_none_i0,failure_type,same,,,
D_ample_none_i0,hard_violation_count,same,0,0,0
D_ample_none_i0,init_variant,same,0,0,0
D_ample_none_i0,max_abs_jerk_mps3,same,2.5,2.5,0
D_ample_none_i0,mean_abs_jerk_mps3,same,0.14077236158670065,0.14077236158670065,0
D_ample_none_i0,merge_start_time_s,same,1.3,1.3,0
D_ample_none_i0,method,same,D,D,
D_ample_none_i0,min_net_gap_m,same,10.79244694225785,10.79244694225785,0
D_ample_none_i0,outcome,same,completed,completed,
D_ample_none_i0,pair_gain_total_error_max_s-1,same,0.0,0.0,0
D_ample_none_i0,road_violation_count,same,0,0,0
D_ample_none_i0,run_id,same,D_ample_none_i0,D_ample_none_i0,
D_ample_none_i0,safety_correction_abs_mean_mps2,same,0.0,0.0,0
D_ample_none_i0,safety_correction_count,same,0,0,0
D_ample_none_i0,scenario,same,ample,ample,
D_ample_none_i0,space_feedback_abs_mean_s-1,same,0.012560474458437661,0.012560474458437661,0
D_ample_none_i0,success,same,1,1,0
D_ample_none_i0,task_phase,same,SUCCESS,SUCCESS,
D_ample_none_i0,total_effort_integral_m2_s3,same,6.237212340110538,6.237212340110538,0
D_ample_none_i0,total_speed_deficit_integral_m_s,same,5.747973936569159,5.747973936569159,0
D_ample_none_i1,K_MR_mean_s-1,same,0.13494702860649943,0.13494702860649943,0
D_ample_none_i1,K_RM_mean_s-1,same,0.20399378136234797,0.20399378136234797,0
D_ample_none_i1,completion_time_s,same,,,
D_ample_none_i1,disturbance,same,none,none,
D_ample_none_i1,failure_type,same,started_but_failed,started_but_failed,
D_ample_none_i1,hard_violation_count,same,0,0,0
D_ample_none_i1,init_variant,same,1,1,0
D_ample_none_i1,max_abs_jerk_mps3,same,2.5,2.5,0
D_ample_none_i1,mean_abs_jerk_mps3,same,0.21195748527037983,0.21195748527037983,0
D_ample_none_i1,merge_start_time_s,same,3.15,3.15,0
D_ample_none_i1,method,same,D,D,
D_ample_none_i1,min_net_gap_m,same,10.65641287032916,10.65641287032916,0
D_ample_none_i1,outcome,same,started_but_failed,started_but_failed,
D_ample_none_i1,pair_gain_total_error_max_s-1,same,0.0,0.0,0
D_ample_none_i1,road_violation_count,same,0,0,0
D_ample_none_i1,run_id,same,D_ample_none_i1,D_ample_none_i1,
D_ample_none_i1,safety_correction_abs_mean_mps2,same,3.9647035308236633,3.9647035308236633,0
D_ample_none_i1,safety_correction_count,same,9,9,0
D_ample_none_i1,scenario,same,ample,ample,
D_ample_none_i1,space_feedback_abs_mean_s-1,same,0.021489686240096856,0.021489686240096856,0
D_ample_none_i1,success,same,0,0,0
D_ample_none_i1,task_phase,same,FAILED,FAILED,
D_ample_none_i1,total_effort_integral_m2_s3,same,4.805966638546755,4.805966638546755,0
D_ample_none_i1,total_speed_deficit_integral_m_s,same,5.409199395812822,5.409199395812822,0
D_ample_none_i2,K_MR_mean_s-1,same,0.12970092799235344,0.12970092799235344,0
D_ample_none_i2,K_RM_mean_s-1,same,0.20923988197649396,0.20923988197649396,0
D_ample_none_i2,completion_time_s,same,4.5,4.5,0
D_ample_none_i2,disturbance,same,none,none,
D_ample_none_i2,failure_type,same,,,
D_ample_none_i2,hard_violation_count,same,0,0,0
D_ample_none_i2,init_variant,same,2,2,0
D_ample_none_i2,max_abs_jerk_mps3,same,2.5,2.5,0
D_ample_none_i2,mean_abs_jerk_mps3,same,0.20341774128218187,0.20341774128218187,0
D_ample_none_i2,merge_start_time_s,same,1.5000000000000002,1.5000000000000002,0
D_ample_none_i2,method,same,D,D,
D_ample_none_i2,min_net_gap_m,same,9.745287506701356,9.745287506701356,0
D_ample_none_i2,outcome,same,completed,completed,
D_ample_none_i2,pair_gain_total_error_max_s-1,same,0.0,0.0,0
D_ample_none_i2,road_violation_count,same,0,0,0
D_ample_none_i2,run_id,same,D_ample_none_i2,D_ample_none_i2,
D_ample_none_i2,safety_correction_abs_mean_mps2,same,3.8568114812184398,3.8568114812184398,0
D_ample_none_i2,safety_correction_count,same,12,12,0
D_ample_none_i2,scenario,same,ample,ample,
D_ample_none_i2,space_feedback_abs_mean_s-1,same,0.011289406540139988,0.011289406540139988,0
D_ample_none_i2,success,same,1,1,0
D_ample_none_i2,task_phase,same,SUCCESS,SUCCESS,
D_ample_none_i2,total_effort_integral_m2_s3,same,7.404696182015317,7.404696182015317,0
D_ample_none_i2,total_speed_deficit_integral_m_s,same,5.2707187014103765,5.2707187014103765,0
D_ample_prepare_i0,K_MR_mean_s-1,same,0.13061559549414667,0.13061559549414667,0
D_ample_prepare_i0,K_RM_mean_s-1,same,0.2083252144747007,0.2083252144747007,0
D_ample_prepare_i0,completion_time_s,same,4.3,4.3,0
D_ample_prepare_i0,disturbance,same,prepare,prepare,
D_ample_prepare_i0,failure_type,same,,,
D_ample_prepare_i0,hard_violation_count,same,0,0,0
D_ample_prepare_i0,init_variant,same,0,0,0
D_ample_prepare_i0,max_abs_jerk_mps3,same,2.500000000000002,2.500000000000002,0
D_ample_prepare_i0,mean_abs_jerk_mps3,same,0.24731368234305795,0.24731368234305795,0
D_ample_prepare_i0,merge_start_time_s,same,1.3,1.3,0
D_ample_prepare_i0,method,same,D,D,
D_ample_prepare_i0,min_net_gap_m,same,11.066624365343312,11.066624365343312,0
D_ample_prepare_i0,outcome,same,completed,completed,
D_ample_prepare_i0,pair_gain_total_error_max_s-1,same,0.0,0.0,0
D_ample_prepare_i0,road_violation_count,same,0,0,0
D_ample_prepare_i0,run_id,same,D_ample_prepare_i0,D_ample_prepare_i0,
D_ample_prepare_i0,safety_correction_abs_mean_mps2,same,0.0,0.0,0
D_ample_prepare_i0,safety_correction_count,same,0,0,0
D_ample_prepare_i0,scenario,same,ample,ample,
D_ample_prepare_i0,space_feedback_abs_mean_s-1,same,0.01226733502821939,0.01226733502821939,0
D_ample_prepare_i0,success,same,1,1,0
D_ample_prepare_i0,task_phase,same,SUCCESS,SUCCESS,
D_ample_prepare_i0,total_effort_integral_m2_s3,same,9.455511576071546,9.455511576071546,0
D_ample_prepare_i0,total_speed_deficit_integral_m_s,same,10.445551701715525,10.445551701715525,0
D_ample_prepare_i1,K_MR_mean_s-1,same,0.1378346944672757,0.1378346944672757,0
D_ample_prepare_i1,K_RM_mean_s-1,same,0.20110611550157165,0.20110611550157165,0
D_ample_prepare_i1,completion_time_s,same,,,
D_ample_prepare_i1,disturbance,same,prepare,prepare,
D_ample_prepare_i1,failure_type,same,started_but_failed,started_but_failed,
D_ample_prepare_i1,hard_violation_count,same,0,0,0
D_ample_prepare_i1,init_variant,same,1,1,0
D_ample_prepare_i1,max_abs_jerk_mps3,same,2.500000000000002,2.500000000000002,0
D_ample_prepare_i1,mean_abs_jerk_mps3,same,0.3342968338950595,0.3342968338950595,0
D_ample_prepare_i1,merge_start_time_s,same,2.9,2.9,0
D_ample_prepare_i1,method,same,D,D,
D_ample_prepare_i1,min_net_gap_m,same,11.337949336055356,11.337949336055356,0
D_ample_prepare_i1,outcome,same,started_but_failed,started_but_failed,
D_ample_prepare_i1,pair_gain_total_error_max_s-1,same,0.0,0.0,0
D_ample_prepare_i1,road_violation_count,same,0,0,0
D_ample_prepare_i1,run_id,same,D_ample_prepare_i1,D_ample_prepare_i1,
D_ample_prepare_i1,safety_correction_abs_mean_mps2,same,3.7149067077940536,3.7149067077940536,0
D_ample_prepare_i1,safety_correction_count,same,8,8,0
D_ample_prepare_i1,scenario,same,ample,ample,
D_ample_prepare_i1,space_feedback_abs_mean_s-1,same,0.02224886207172576,0.02224886207172576,0
D_ample_prepare_i1,success,same,0,0,0
D_ample_prepare_i1,task_phase,same,FAILED,FAILED,
D_ample_prepare_i1,total_effort_integral_m2_s3,same,10.470636109667025,10.470636109667025,0
D_ample_prepare_i1,total_speed_deficit_integral_m_s,same,10.400439401620204,10.400439401620204,0
D_ample_prepare_i2,K_MR_mean_s-1,same,0.13009339690036026,0.13009339690036026,0
D_ample_prepare_i2,K_RM_mean_s-1,same,0.20884741306848714,0.20884741306848714,0
D_ample_prepare_i2,completion_time_s,same,4.5,4.5,0
D_ample_prepare_i2,disturbance,same,prepare,prepare,
D_ample_prepare_i2,failure_type,same,,,
D_ample_prepare_i2,hard_violation_count,same,0,0,0
D_ample_prepare_i2,init_variant,same,2,2,0
D_ample_prepare_i2,max_abs_jerk_mps3,same,2.500000000000002,2.500000000000002,0
D_ample_prepare_i2,mean_abs_jerk_mps3,same,0.2801541116215293,0.2801541116215293,0
D_ample_prepare_i2,merge_start_time_s,same,1.5000000000000002,1.5000000000000002,0
D_ample_prepare_i2,method,same,D,D,
D_ample_prepare_i2,min_net_gap_m,same,9.81723225759205,9.81723225759205,0
D_ample_prepare_i2,outcome,same,completed,completed,
D_ample_prepare_i2,pair_gain_total_error_max_s-1,same,0.0,0.0,0
D_ample_prepare_i2,road_violation_count,same,0,0,0
D_ample_prepare_i2,run_id,same,D_ample_prepare_i2,D_ample_prepare_i2,
D_ample_prepare_i2,safety_correction_abs_mean_mps2,same,3.4917298550520504,3.4917298550520504,0
D_ample_prepare_i2,safety_correction_count,same,12,12,0
D_ample_prepare_i2,scenario,same,ample,ample,
D_ample_prepare_i2,space_feedback_abs_mean_s-1,same,0.011817552122666311,0.011817552122666311,0
D_ample_prepare_i2,success,same,1,1,0
D_ample_prepare_i2,task_phase,same,SUCCESS,SUCCESS,
D_ample_prepare_i2,total_effort_integral_m2_s3,same,9.480458919854769,9.480458919854769,0
D_ample_prepare_i2,total_speed_deficit_integral_m_s,same,9.588202003489691,9.588202003489691,0
D_collaborative_none_i0,K_MR_mean_s-1,same,0.13200686605499712,0.13200686605499712,0
D_collaborative_none_i0,K_RM_mean_s-1,same,0.20693394391385028,0.20693394391385028,0
D_collaborative_none_i0,completion_time_s,same,4.55,4.55,0
D_collaborative_none_i0,disturbance,same,none,none,
D_collaborative_none_i0,failure_type,same,,,
D_collaborative_none_i0,hard_violation_count,same,0,0,0
D_collaborative_none_i0,init_variant,same,0,0,0
D_collaborative_none_i0,max_abs_jerk_mps3,same,2.5,2.5,0
D_collaborative_none_i0,mean_abs_jerk_mps3,same,0.15540773708879946,0.15540773708879946,0
D_collaborative_none_i0,merge_start_time_s,same,1.55,1.55,0
D_collaborative_none_i0,method,same,D,D,
D_collaborative_none_i0,min_net_gap_m,same,8.777877169890541,8.777877169890541,0
D_collaborative_none_i0,outcome,same,completed,completed,
D_collaborative_none_i0,pair_gain_total_error_max_s-1,same,0.0,0.0,0
D_collaborative_none_i0,road_violation_count,same,0,0,0
D_collaborative_none_i0,run_id,same,D_collaborative_none_i0,D_collaborative_none_i0,
D_collaborative_none_i0,safety_correction_abs_mean_mps2,same,3.359578998927269,3.359578998927269,0
D_collaborative_none_i0,safety_correction_count,same,3,3,0
D_collaborative_none_i0,scenario,same,collaborative,collaborative,
D_collaborative_none_i0,space_feedback_abs_mean_s-1,same,0.027248099421909422,0.027248099421909422,0
D_collaborative_none_i0,success,same,1,1,0
D_collaborative_none_i0,task_phase,same,SUCCESS,SUCCESS,
D_collaborative_none_i0,total_effort_integral_m2_s3,same,8.384204842697171,8.384204842697171,0
D_collaborative_none_i0,total_speed_deficit_integral_m_s,same,17.79273170389573,17.79273170389573,0
D_collaborative_none_i1,K_MR_mean_s-1,same,0.13906336771378816,0.13906336771378816,0
D_collaborative_none_i1,K_RM_mean_s-1,same,0.19987744225505924,0.19987744225505924,0
D_collaborative_none_i1,completion_time_s,same,,,
D_collaborative_none_i1,disturbance,same,none,none,
D_collaborative_none_i1,failure_type,same,started_but_failed,started_but_failed,
D_collaborative_none_i1,hard_violation_count,same,0,0,0
D_collaborative_none_i1,init_variant,same,1,1,0
D_collaborative_none_i1,max_abs_jerk_mps3,same,2.5,2.5,0
D_collaborative_none_i1,mean_abs_jerk_mps3,same,0.21596597921924854,0.21596597921924854,0
D_collaborative_none_i1,merge_start_time_s,same,3.55,3.55,0
D_collaborative_none_i1,method,same,D,D,
D_collaborative_none_i1,min_net_gap_m,same,9.518602121466085,9.518602121466085,0
D_collaborative_none_i1,outcome,same,started_but_failed,started_but_failed,
D_collaborative_none_i1,pair_gain_total_error_max_s-1,same,0.0,0.0,0
D_collaborative_none_i1,road_violation_count,same,0,0,0
D_collaborative_none_i1,run_id,same,D_collaborative_none_i1,D_collaborative_none_i1,
D_collaborative_none_i1,safety_correction_abs_mean_mps2,same,3.966734907757929,3.966734907757929,0
D_collaborative_none_i1,safety_correction_count,same,10,10,0
D_collaborative_none_i1,scenario,same,collaborative,collaborative,
D_collaborative_none_i1,space_feedback_abs_mean_s-1,same,0.03154235962531855,0.03154235962531855,0
D_collaborative_none_i1,success,same,0,0,0
D_collaborative_none_i1,task_phase,same,FAILED,FAILED,
D_collaborative_none_i1,total_effort_integral_m2_s3,same,7.0283891468786805,7.0283891468786805,0
D_collaborative_none_i1,total_speed_deficit_integral_m_s,same,15.198826334081453,15.198826334081453,0
D_collaborative_none_i2,K_MR_mean_s-1,same,0.13264534036035475,0.13264534036035475,0
D_collaborative_none_i2,K_RM_mean_s-1,same,0.20629546960849265,0.20629546960849265,0
D_collaborative_none_i2,completion_time_s,same,,,
D_collaborative_none_i2,disturbance,same,none,none,
D_collaborative_none_i2,failure_type,same,started_but_failed,started_but_failed,
D_collaborative_none_i2,hard_violation_count,same,0,0,0
D_collaborative_none_i2,init_variant,same,2,2,0
D_collaborative_none_i2,max_abs_jerk_mps3,same,2.5000000000000004,2.5000000000000004,0
D_collaborative_none_i2,mean_abs_jerk_mps3,same,0.2849318636924648,0.2849318636924648,0
D_collaborative_none_i2,merge_start_time_s,same,3.45,3.45,0
D_collaborative_none_i2,method,same,D,D,
D_collaborative_none_i2,min_net_gap_m,same,8.249412166035551,8.249412166035551,0
D_collaborative_none_i2,outcome,same,started_but_failed,started_but_failed,
D_collaborative_none_i2,pair_gain_total_error_max_s-1,same,0.0,0.0,0
D_collaborative_none_i2,road_violation_count,same,0,0,0
D_collaborative_none_i2,run_id,same,D_collaborative_none_i2,D_collaborative_none_i2,
D_collaborative_none_i2,safety_correction_abs_mean_mps2,same,2.2629405736683004,2.2629405736683004,0
D_collaborative_none_i2,safety_correction_count,same,31,31,0
D_collaborative_none_i2,scenario,same,collaborative,collaborative,
D_collaborative_none_i2,space_feedback_abs_mean_s-1,same,0.027959149312470698,0.027959149312470698,0
D_collaborative_none_i2,success,same,0,0,0
D_collaborative_none_i2,task_phase,same,FAILED,FAILED,
D_collaborative_none_i2,total_effort_integral_m2_s3,same,7.712436146819405,7.712436146819405,0
D_collaborative_none_i2,total_speed_deficit_integral_m_s,same,17.006545721964457,17.006545721964457,0
D_collaborative_prepare_i0,K_MR_mean_s-1,same,0.13366415372666837,0.13366415372666837,0
D_collaborative_prepare_i0,K_RM_mean_s-1,same,0.205276656242179,0.205276656242179,0
D_collaborative_prepare_i0,completion_time_s,same,4.55,4.55,0
D_collaborative_prepare_i0,disturbance,same,prepare,prepare,
D_collaborative_prepare_i0,failure_type,same,,,
D_collaborative_prepare_i0,hard_violation_count,same,0,0,0
D_collaborative_prepare_i0,init_variant,same,0,0,0
D_collaborative_prepare_i0,max_abs_jerk_mps3,same,2.5,2.5,0
D_collaborative_prepare_i0,mean_abs_jerk_mps3,same,0.2942006091016971,0.2942006091016971,0
D_collaborative_prepare_i0,merge_start_time_s,same,1.55,1.55,0
D_collaborative_prepare_i0,method,same,D,D,
D_collaborative_prepare_i0,min_net_gap_m,same,8.113509211829648,8.113509211829648,0
D_collaborative_prepare_i0,outcome,same,completed,completed,
D_collaborative_prepare_i0,pair_gain_total_error_max_s-1,same,0.0,0.0,0
D_collaborative_prepare_i0,road_violation_count,same,0,0,0
D_collaborative_prepare_i0,run_id,same,D_collaborative_prepare_i0,D_collaborative_prepare_i0,
D_collaborative_prepare_i0,safety_correction_abs_mean_mps2,same,3.230950014097988,3.230950014097988,0
D_collaborative_prepare_i0,safety_correction_count,same,14,14,0
D_collaborative_prepare_i0,scenario,same,collaborative,collaborative,
D_collaborative_prepare_i0,space_feedback_abs_mean_s-1,same,0.02812953569403055,0.02812953569403055,0
D_collaborative_prepare_i0,success,same,1,1,0
D_collaborative_prepare_i0,task_phase,same,SUCCESS,SUCCESS,
D_collaborative_prepare_i0,total_effort_integral_m2_s3,same,14.27452304310088,14.27452304310088,0
D_collaborative_prepare_i0,total_speed_deficit_integral_m_s,same,23.069745572579453,23.069745572579453,0
D_collaborative_prepare_i1,K_MR_mean_s-1,same,0.13994028630682567,0.13994028630682567,0
D_collaborative_prepare_i1,K_RM_mean_s-1,same,0.19900052366202164,0.19900052366202164,0
D_collaborative_prepare_i1,completion_time_s,same,,,
D_collaborative_prepare_i1,disturbance,same,prepare,prepare,
D_collaborative_prepare_i1,failure_type,same,started_but_failed,started_but_failed,
D_collaborative_prepare_i1,hard_violation_count,same,0,0,0
D_collaborative_prepare_i1,init_variant,same,1,1,0
D_collaborative_prepare_i1,max_abs_jerk_mps3,same,2.500000000000001,2.500000000000001,0
D_collaborative_prepare_i1,mean_abs_jerk_mps3,same,0.30062550466569893,0.30062550466569893,0
D_collaborative_prepare_i1,merge_start_time_s,same,3.25,3.25,0
D_collaborative_prepare_i1,method,same,D,D,
D_collaborative_prepare_i1,min_net_gap_m,same,9.466077027126925,9.466077027126925,0
D_collaborative_prepare_i1,outcome,same,started_but_failed,started_but_failed,
D_collaborative_prepare_i1,pair_gain_total_error_max_s-1,same,0.0,0.0,0
D_collaborative_prepare_i1,road_violation_count,same,0,0,0
D_collaborative_prepare_i1,run_id,same,D_collaborative_prepare_i1,D_collaborative_prepare_i1,
D_collaborative_prepare_i1,safety_correction_abs_mean_mps2,same,4.16056579966142,4.16056579966142,0
D_collaborative_prepare_i1,safety_correction_count,same,9,9,0
D_collaborative_prepare_i1,scenario,same,collaborative,collaborative,
D_collaborative_prepare_i1,space_feedback_abs_mean_s-1,same,0.030894271909517372,0.030894271909517372,0
D_collaborative_prepare_i1,success,same,0,0,0
D_collaborative_prepare_i1,task_phase,same,FAILED,FAILED,
D_collaborative_prepare_i1,total_effort_integral_m2_s3,same,10.069733338795796,10.069733338795796,0
D_collaborative_prepare_i1,total_speed_deficit_integral_m_s,same,19.906282604892365,19.906282604892365,0
D_collaborative_prepare_i2,K_MR_mean_s-1,same,0.13370020512099332,0.13370020512099332,0
D_collaborative_prepare_i2,K_RM_mean_s-1,same,0.205240604847854,0.205240604847854,0
D_collaborative_prepare_i2,completion_time_s,same,,,
D_collaborative_prepare_i2,disturbance,same,prepare,prepare,
D_collaborative_prepare_i2,failure_type,same,started_but_failed,started_but_failed,
D_collaborative_prepare_i2,hard_violation_count,same,0,0,0
D_collaborative_prepare_i2,init_variant,same,2,2,0
D_collaborative_prepare_i2,max_abs_jerk_mps3,same,2.500000000000002,2.500000000000002,0
D_collaborative_prepare_i2,mean_abs_jerk_mps3,same,0.3800100733485204,0.3800100733485204,0
D_collaborative_prepare_i2,merge_start_time_s,same,4.6,4.6,0
D_collaborative_prepare_i2,method,same,D,D,
D_collaborative_prepare_i2,min_net_gap_m,same,15.857615989090458,15.857615989090458,0
D_collaborative_prepare_i2,outcome,same,started_but_failed,started_but_failed,
D_collaborative_prepare_i2,pair_gain_total_error_max_s-1,same,0.0,0.0,0
D_collaborative_prepare_i2,road_violation_count,same,0,0,0
D_collaborative_prepare_i2,run_id,same,D_collaborative_prepare_i2,D_collaborative_prepare_i2,
D_collaborative_prepare_i2,safety_correction_abs_mean_mps2,same,3.3745619825246607,3.3745619825246607,0
D_collaborative_prepare_i2,safety_correction_count,same,24,24,0
D_collaborative_prepare_i2,scenario,same,collaborative,collaborative,
D_collaborative_prepare_i2,space_feedback_abs_mean_s-1,same,0.030309857016102774,0.030309857016102774,0
D_collaborative_prepare_i2,success,same,0,0,0
D_collaborative_prepare_i2,task_phase,same,FAILED,FAILED,
D_collaborative_prepare_i2,total_effort_integral_m2_s3,same,11.578560648017616,11.578560648017616,0
D_collaborative_prepare_i2,total_speed_deficit_integral_m_s,same,22.649382220913047,22.649382220913047,0
D_short_window_none_i0,K_MR_mean_s-1,same,0.13604122324683937,0.13604122324683937,0
D_short_window_none_i0,K_RM_mean_s-1,same,0.202899586722008,0.202899586722008,0
D_short_window_none_i0,completion_time_s,same,,,
D_short_window_none_i0,disturbance,same,none,none,
D_short_window_none_i0,failure_type,same,missed_window,missed_window,
D_short_window_none_i0,hard_violation_count,same,0,0,0
D_short_window_none_i0,init_variant,same,0,0,0
D_short_window_none_i0,max_abs_jerk_mps3,same,2.5,2.5,0
D_short_window_none_i0,mean_abs_jerk_mps3,same,0.14750982852777744,0.14750982852777744,0
D_short_window_none_i0,merge_start_time_s,same,,,
D_short_window_none_i0,method,same,D,D,
D_short_window_none_i0,min_net_gap_m,same,12.978138872580981,12.978138872580981,0
D_short_window_none_i0,outcome,same,missed_window,missed_window,
D_short_window_none_i0,pair_gain_total_error_max_s-1,same,0.0,0.0,0
D_short_window_none_i0,road_violation_count,same,0,0,0
D_short_window_none_i0,run_id,same,D_short_window_none_i0,D_short_window_none_i0,
D_short_window_none_i0,safety_correction_abs_mean_mps2,same,0.0,0.0,0
D_short_window_none_i0,safety_correction_count,same,0,0,0
D_short_window_none_i0,scenario,same,short_window,short_window,
D_short_window_none_i0,space_feedback_abs_mean_s-1,same,0.022031917304945723,0.022031917304945723,0
D_short_window_none_i0,success,same,0,0,0
D_short_window_none_i0,task_phase,same,FAILED,FAILED,
D_short_window_none_i0,total_effort_integral_m2_s3,same,8.178199508927205,8.178199508927205,0
D_short_window_none_i0,total_speed_deficit_integral_m_s,same,17.87838613498293,17.87838613498293,0
D_short_window_none_i1,K_MR_mean_s-1,same,0.14197396368669138,0.14197396368669138,0
D_short_window_none_i1,K_RM_mean_s-1,same,0.19696684628215597,0.19696684628215597,0
D_short_window_none_i1,completion_time_s,same,,,
D_short_window_none_i1,disturbance,same,none,none,
D_short_window_none_i1,failure_type,same,missed_window,missed_window,
D_short_window_none_i1,hard_violation_count,same,0,0,0
D_short_window_none_i1,init_variant,same,1,1,0
D_short_window_none_i1,max_abs_jerk_mps3,same,2.5,2.5,0
D_short_window_none_i1,mean_abs_jerk_mps3,same,0.12991933392387173,0.12991933392387173,0
D_short_window_none_i1,merge_start_time_s,same,,,
D_short_window_none_i1,method,same,D,D,
D_short_window_none_i1,min_net_gap_m,same,12.841169867309755,12.841169867309755,0
D_short_window_none_i1,outcome,same,missed_window,missed_window,
D_short_window_none_i1,pair_gain_total_error_max_s-1,same,0.0,0.0,0
D_short_window_none_i1,road_violation_count,same,0,0,0
D_short_window_none_i1,run_id,same,D_short_window_none_i1,D_short_window_none_i1,
D_short_window_none_i1,safety_correction_abs_mean_mps2,same,0.0,0.0,0
D_short_window_none_i1,safety_correction_count,same,0,0,0
D_short_window_none_i1,scenario,same,short_window,short_window,
D_short_window_none_i1,space_feedback_abs_mean_s-1,same,0.026274080248403088,0.026274080248403088,0
D_short_window_none_i1,success,same,0,0,0
D_short_window_none_i1,task_phase,same,FAILED,FAILED,
D_short_window_none_i1,total_effort_integral_m2_s3,same,4.00356009400637,4.00356009400637,0
D_short_window_none_i1,total_speed_deficit_integral_m_s,same,13.556062395386585,13.556062395386585,0
D_short_window_none_i2,K_MR_mean_s-1,same,0.14003771414900482,0.14003771414900482,0
D_short_window_none_i2,K_RM_mean_s-1,same,0.19890309581984253,0.19890309581984253,0
D_short_window_none_i2,completion_time_s,same,,,
D_short_window_none_i2,disturbance,same,none,none,
D_short_window_none_i2,failure_type,same,missed_window,missed_window,
D_short_window_none_i2,hard_violation_count,same,0,0,0
D_short_window_none_i2,init_variant,same,2,2,0
D_short_window_none_i2,max_abs_jerk_mps3,same,2.5,2.5,0
D_short_window_none_i2,mean_abs_jerk_mps3,same,0.13634461435388787,0.13634461435388787,0
D_short_window_none_i2,merge_start_time_s,same,,,
D_short_window_none_i2,method,same,D,D,
D_short_window_none_i2,min_net_gap_m,same,10.204875000000012,10.204875000000012,0
D_short_window_none_i2,outcome,same,missed_window,missed_window,
D_short_window_none_i2,pair_gain_total_error_max_s-1,same,0.0,0.0,0
D_short_window_none_i2,road_violation_count,same,0,0,0
D_short_window_none_i2,run_id,same,D_short_window_none_i2,D_short_window_none_i2,
D_short_window_none_i2,safety_correction_abs_mean_mps2,same,0.0,0.0,0
D_short_window_none_i2,safety_correction_count,same,0,0,0
D_short_window_none_i2,scenario,same,short_window,short_window,
D_short_window_none_i2,space_feedback_abs_mean_s-1,same,0.02086473297440124,0.02086473297440124,0
D_short_window_none_i2,success,same,0,0,0
D_short_window_none_i2,task_phase,same,FAILED,FAILED,
D_short_window_none_i2,total_effort_integral_m2_s3,same,6.691500871344107,6.691500871344107,0
D_short_window_none_i2,total_speed_deficit_integral_m_s,same,16.333365582942648,16.333365582942648,0
D_short_window_prepare_i0,K_MR_mean_s-1,same,0.1367398746284254,0.1367398746284254,0
D_short_window_prepare_i0,K_RM_mean_s-1,same,0.202200935340422,0.202200935340422,0
D_short_window_prepare_i0,completion_time_s,same,,,
D_short_window_prepare_i0,disturbance,same,prepare,prepare,
D_short_window_prepare_i0,failure_type,same,missed_window,missed_window,
D_short_window_prepare_i0,hard_violation_count,same,0,0,0
D_short_window_prepare_i0,init_variant,same,0,0,0
D_short_window_prepare_i0,max_abs_jerk_mps3,same,2.5,2.5,0
D_short_window_prepare_i0,mean_abs_jerk_mps3,same,0.24757376070825501,0.24757376070825501,0
D_short_window_prepare_i0,merge_start_time_s,same,,,
D_short_window_prepare_i0,method,same,D,D,
D_short_window_prepare_i0,min_net_gap_m,same,12.978138872580981,12.978138872580981,0
D_short_window_prepare_i0,outcome,same,missed_window,missed_window,
D_short_window_prepare_i0,pair_gain_total_error_max_s-1,same,0.0,0.0,0
D_short_window_prepare_i0,road_violation_count,same,0,0,0
D_short_window_prepare_i0,run_id,same,D_short_window_prepare_i0,D_short_window_prepare_i0,
D_short_window_prepare_i0,safety_correction_abs_mean_mps2,same,0.0,0.0,0
D_short_window_prepare_i0,safety_correction_count,same,0,0,0
D_short_window_prepare_i0,scenario,same,short_window,short_window,
D_short_window_prepare_i0,space_feedback_abs_mean_s-1,same,0.02281565482335124,0.02281565482335124,0
D_short_window_prepare_i0,success,same,0,0,0
D_short_window_prepare_i0,task_phase,same,FAILED,FAILED,
D_short_window_prepare_i0,total_effort_integral_m2_s3,same,11.830608896172865,11.830608896172865,0
D_short_window_prepare_i0,total_speed_deficit_integral_m_s,same,23.29937065569355,23.29937065569355,0
D_short_window_prepare_i1,K_MR_mean_s-1,same,0.1429882975613151,0.1429882975613151,0
D_short_window_prepare_i1,K_RM_mean_s-1,same,0.19595251240753225,0.19595251240753225,0
D_short_window_prepare_i1,completion_time_s,same,,,
D_short_window_prepare_i1,disturbance,same,prepare,prepare,
D_short_window_prepare_i1,failure_type,same,missed_window,missed_window,
D_short_window_prepare_i1,hard_violation_count,same,0,0,0
D_short_window_prepare_i1,init_variant,same,1,1,0
D_short_window_prepare_i1,max_abs_jerk_mps3,same,2.5,2.5,0
D_short_window_prepare_i1,mean_abs_jerk_mps3,same,0.22592400135282054,0.22592400135282054,0
D_short_window_prepare_i1,merge_start_time_s,same,,,
D_short_window_prepare_i1,method,same,D,D,
D_short_window_prepare_i1,min_net_gap_m,same,12.841169867309755,12.841169867309755,0
D_short_window_prepare_i1,outcome,same,missed_window,missed_window,
D_short_window_prepare_i1,pair_gain_total_error_max_s-1,same,0.0,0.0,0
D_short_window_prepare_i1,road_violation_count,same,0,0,0
D_short_window_prepare_i1,run_id,same,D_short_window_prepare_i1,D_short_window_prepare_i1,
D_short_window_prepare_i1,safety_correction_abs_mean_mps2,same,0.0,0.0,0
D_short_window_prepare_i1,safety_correction_count,same,0,0,0
D_short_window_prepare_i1,scenario,same,short_window,short_window,
D_short_window_prepare_i1,space_feedback_abs_mean_s-1,same,0.026250471938383625,0.026250471938383625,0
D_short_window_prepare_i1,success,same,0,0,0
D_short_window_prepare_i1,task_phase,same,FAILED,FAILED,
D_short_window_prepare_i1,total_effort_integral_m2_s3,same,7.346169114969006,7.346169114969006,0
D_short_window_prepare_i1,total_speed_deficit_integral_m_s,same,18.64178968078093,18.64178968078093,0
D_short_window_prepare_i2,K_MR_mean_s-1,same,0.14062375736733068,0.14062375736733068,0
D_short_window_prepare_i2,K_RM_mean_s-1,same,0.1983170526015167,0.1983170526015167,0
D_short_window_prepare_i2,completion_time_s,same,,,
D_short_window_prepare_i2,disturbance,same,prepare,prepare,
D_short_window_prepare_i2,failure_type,same,missed_window,missed_window,
D_short_window_prepare_i2,hard_violation_count,same,0,0,0
D_short_window_prepare_i2,init_variant,same,2,2,0
D_short_window_prepare_i2,max_abs_jerk_mps3,same,2.5,2.5,0
D_short_window_prepare_i2,mean_abs_jerk_mps3,same,0.24120858030549872,0.24120858030549872,0
D_short_window_prepare_i2,merge_start_time_s,same,,,
D_short_window_prepare_i2,method,same,D,D,
D_short_window_prepare_i2,min_net_gap_m,same,10.204875000000012,10.204875000000012,0
D_short_window_prepare_i2,outcome,same,missed_window,missed_window,
D_short_window_prepare_i2,pair_gain_total_error_max_s-1,same,0.0,0.0,0
D_short_window_prepare_i2,road_violation_count,same,0,0,0
D_short_window_prepare_i2,run_id,same,D_short_window_prepare_i2,D_short_window_prepare_i2,
D_short_window_prepare_i2,safety_correction_abs_mean_mps2,same,0.0,0.0,0
D_short_window_prepare_i2,safety_correction_count,same,0,0,0
D_short_window_prepare_i2,scenario,same,short_window,short_window,
D_short_window_prepare_i2,space_feedback_abs_mean_s-1,same,0.021739048374612928,0.021739048374612928,0
D_short_window_prepare_i2,success,same,0,0,0
D_short_window_prepare_i2,task_phase,same,FAILED,FAILED,
D_short_window_prepare_i2,total_effort_integral_m2_s3,same,10.101435789281403,10.101435789281403,0
D_short_window_prepare_i2,total_speed_deficit_integral_m_s,same,21.72466082102608,21.72466082102608,0
E_ample_none_i0,K_MR_mean_s-1,same,0.0,0.0,0
E_ample_none_i0,K_RM_mean_s-1,same,0.0,0.0,0
E_ample_none_i0,completion_time_s,same,3.65,3.65,0
E_ample_none_i0,disturbance,same,none,none,
E_ample_none_i0,failure_type,same,,,
E_ample_none_i0,hard_violation_count,same,0,0,0
E_ample_none_i0,init_variant,same,0,0,0
E_ample_none_i0,max_abs_jerk_mps3,same,2.5,2.5,0
E_ample_none_i0,mean_abs_jerk_mps3,same,0.1896238766049646,0.1896238766049646,0
E_ample_none_i0,merge_start_time_s,same,0.6500000000000001,0.6500000000000001,0
E_ample_none_i0,method,same,E,E,
E_ample_none_i0,min_net_gap_m,same,11.611810871989345,11.611810871989345,0
E_ample_none_i0,outcome,same,completed,completed,
E_ample_none_i0,pair_gain_total_error_max_s-1,same,0.0,0.0,0
E_ample_none_i0,road_violation_count,same,0,0,0
E_ample_none_i0,run_id,same,E_ample_none_i0,E_ample_none_i0,
E_ample_none_i0,safety_correction_abs_mean_mps2,same,3.799955392668559,3.799955392668559,0
E_ample_none_i0,safety_correction_count,same,7,7,0
E_ample_none_i0,scenario,same,ample,ample,
E_ample_none_i0,space_feedback_abs_mean_s-1,same,0.0,0.0,0
E_ample_none_i0,success,same,1,1,0
E_ample_none_i0,task_phase,same,SUCCESS,SUCCESS,
E_ample_none_i0,total_effort_integral_m2_s3,same,5.702752187528173,5.702752187528173,0
E_ample_none_i0,total_speed_deficit_integral_m_s,same,1.661154908198704,1.661154908198704,0
E_ample_none_i1,K_MR_mean_s-1,same,0.0,0.0,0
E_ample_none_i1,K_RM_mean_s-1,same,0.0,0.0,0
E_ample_none_i1,completion_time_s,same,5.15,5.15,0
E_ample_none_i1,disturbance,same,none,none,
E_ample_none_i1,failure_type,same,,,
E_ample_none_i1,hard_violation_count,same,0,0,0
E_ample_none_i1,init_variant,same,1,1,0
E_ample_none_i1,max_abs_jerk_mps3,same,2.5000000000000004,2.5000000000000004,0
E_ample_none_i1,mean_abs_jerk_mps3,same,0.21508527725864438,0.21508527725864438,0
E_ample_none_i1,merge_start_time_s,same,2.15,2.15,0
E_ample_none_i1,method,same,E,E,
E_ample_none_i1,min_net_gap_m,same,10.559670955508562,10.559670955508562,0
E_ample_none_i1,outcome,same,completed,completed,
E_ample_none_i1,pair_gain_total_error_max_s-1,same,0.0,0.0,0
E_ample_none_i1,road_violation_count,same,0,0,0
E_ample_none_i1,run_id,same,E_ample_none_i1,E_ample_none_i1,
E_ample_none_i1,safety_correction_abs_mean_mps2,same,4.107532487605835,4.107532487605835,0
E_ample_none_i1,safety_correction_count,same,9,9,0
E_ample_none_i1,scenario,same,ample,ample,
E_ample_none_i1,space_feedback_abs_mean_s-1,same,0.0,0.0,0
E_ample_none_i1,success,same,1,1,0
E_ample_none_i1,task_phase,same,SUCCESS,SUCCESS,
E_ample_none_i1,total_effort_integral_m2_s3,same,2.4555803295691607,2.4555803295691607,0
E_ample_none_i1,total_speed_deficit_integral_m_s,same,2.1040973073643774,2.1040973073643774,0
E_ample_none_i2,K_MR_mean_s-1,same,0.0,0.0,0
E_ample_none_i2,K_RM_mean_s-1,same,0.0,0.0,0
E_ample_none_i2,completion_time_s,same,4.25,4.25,0
E_ample_none_i2,disturbance,same,none,none,
E_ample_none_i2,failure_type,same,,,
E_ample_none_i2,hard_violation_count,same,0,0,0
E_ample_none_i2,init_variant,same,2,2,0
E_ample_none_i2,max_abs_jerk_mps3,same,2.5,2.5,0
E_ample_none_i2,mean_abs_jerk_mps3,same,0.18114428692191945,0.18114428692191945,0
E_ample_none_i2,merge_start_time_s,same,1.2500000000000002,1.2500000000000002,0
E_ample_none_i2,method,same,E,E,
E_ample_none_i2,min_net_gap_m,same,11.067089743210968,11.067089743210968,0
E_ample_none_i2,outcome,same,completed,completed,
E_ample_none_i2,pair_gain_total_error_max_s-1,same,0.0,0.0,0
E_ample_none_i2,road_violation_count,same,0,0,0
E_ample_none_i2,run_id,same,E_ample_none_i2,E_ample_none_i2,
E_ample_none_i2,safety_correction_abs_mean_mps2,same,4.168377049760566,4.168377049760566,0
E_ample_none_i2,safety_correction_count,same,7,7,0
E_ample_none_i2,scenario,same,ample,ample,
E_ample_none_i2,space_feedback_abs_mean_s-1,same,0.0,0.0,0
E_ample_none_i2,success,same,1,1,0
E_ample_none_i2,task_phase,same,SUCCESS,SUCCESS,
E_ample_none_i2,total_effort_integral_m2_s3,same,5.076214967793212,5.076214967793212,0
E_ample_none_i2,total_speed_deficit_integral_m_s,same,1.9760657464658247,1.9760657464658247,0
E_ample_prepare_i0,K_MR_mean_s-1,same,0.0,0.0,0
E_ample_prepare_i0,K_RM_mean_s-1,same,0.0,0.0,0
E_ample_prepare_i0,completion_time_s,same,3.65,3.65,0
E_ample_prepare_i0,disturbance,same,prepare,prepare,
E_ample_prepare_i0,failure_type,same,,,
E_ample_prepare_i0,hard_violation_count,same,0,0,0
E_ample_prepare_i0,init_variant,same,0,0,0
E_ample_prepare_i0,max_abs_jerk_mps3,same,2.500000000000002,2.500000000000002,0
E_ample_prepare_i0,mean_abs_jerk_mps3,same,0.2937104623205287,0.2937104623205287,0
E_ample_prepare_i0,merge_start_time_s,same,0.6500000000000001,0.6500000000000001,0
E_ample_prepare_i0,method,same,E,E,
E_ample_prepare_i0,min_net_gap_m,same,11.6546940351902,11.6546940351902,0
E_ample_prepare_i0,outcome,same,completed,completed,
E_ample_prepare_i0,pair_gain_total_error_max_s-1,same,0.0,0.0,0
E_ample_prepare_i0,road_violation_count,same,0,0,0
E_ample_prepare_i0,run_id,same,E_ample_prepare_i0,E_ample_prepare_i0,
E_ample_prepare_i0,safety_correction_abs_mean_mps2,same,3.799955392668559,3.799955392668559,0
E_ample_prepare_i0,safety_correction_count,same,7,7,0
E_ample_prepare_i0,scenario,same,ample,ample,
E_ample_prepare_i0,space_feedback_abs_mean_s-1,same,0.0,0.0,0
E_ample_prepare_i0,success,same,1,1,0
E_ample_prepare_i0,task_phase,same,SUCCESS,SUCCESS,
E_ample_prepare_i0,total_effort_integral_m2_s3,same,8.085650760960625,8.085650760960625,0
E_ample_prepare_i0,total_speed_deficit_integral_m_s,same,5.658333442588477,5.658333442588477,0
E_ample_prepare_i1,K_MR_mean_s-1,same,0.0,0.0,0
E_ample_prepare_i1,K_RM_mean_s-1,same,0.0,0.0,0
E_ample_prepare_i1,completion_time_s,same,5.1000000000000005,5.1000000000000005,0
E_ample_prepare_i1,disturbance,same,prepare,prepare,
E_ample_prepare_i1,failure_type,same,,,
E_ample_prepare_i1,hard_violation_count,same,0,0,0
E_ample_prepare_i1,init_variant,same,1,1,0
E_ample_prepare_i1,max_abs_jerk_mps3,same,2.500000000000002,2.500000000000002,0
E_ample_prepare_i1,mean_abs_jerk_mps3,same,0.30024197742304237,0.30024197742304237,0
E_ample_prepare_i1,merge_start_time_s,same,2.1,2.1,0
E_ample_prepare_i1,method,same,E,E,
E_ample_prepare_i1,min_net_gap_m,same,10.855109552732198,10.855109552732198,0
E_ample_prepare_i1,outcome,same,completed,completed,
E_ample_prepare_i1,pair_gain_total_error_max_s-1,same,0.0,0.0,0
E_ample_prepare_i1,road_violation_count,same,0,0,0
E_ample_prepare_i1,run_id,same,E_ample_prepare_i1,E_ample_prepare_i1,
E_ample_prepare_i1,safety_correction_abs_mean_mps2,same,3.514161539302636,3.514161539302636,0
E_ample_prepare_i1,safety_correction_count,same,9,9,0
E_ample_prepare_i1,scenario,same,ample,ample,
E_ample_prepare_i1,space_feedback_abs_mean_s-1,same,0.0,0.0,0
E_ample_prepare_i1,success,same,1,1,0
E_ample_prepare_i1,task_phase,same,SUCCESS,SUCCESS,
E_ample_prepare_i1,total_effort_integral_m2_s3,same,5.94531877512223,5.94531877512223,0
E_ample_prepare_i1,total_speed_deficit_integral_m_s,same,5.459779416585838,5.459779416585838,0
E_ample_prepare_i2,K_MR_mean_s-1,same,0.0,0.0,0
E_ample_prepare_i2,K_RM_mean_s-1,same,0.0,0.0,0
E_ample_prepare_i2,completion_time_s,same,4.25,4.25,0
E_ample_prepare_i2,disturbance,same,prepare,prepare,
E_ample_prepare_i2,failure_type,same,,,
E_ample_prepare_i2,hard_violation_count,same,0,0,0
E_ample_prepare_i2,init_variant,same,2,2,0
E_ample_prepare_i2,max_abs_jerk_mps3,same,2.500000000000002,2.500000000000002,0
E_ample_prepare_i2,mean_abs_jerk_mps3,same,0.2739115542842472,0.2739115542842472,0
E_ample_prepare_i2,merge_start_time_s,same,1.2500000000000002,1.2500000000000002,0
E_ample_prepare_i2,method,same,E,E,
E_ample_prepare_i2,min_net_gap_m,same,11.219506381142363,11.219506381142363,0
E_ample_prepare_i2,outcome,same,completed,completed,
E_ample_prepare_i2,pair_gain_total_error_max_s-1,same,0.0,0.0,0
E_ample_prepare_i2,road_violation_count,same,0,0,0
E_ample_prepare_i2,run_id,same,E_ample_prepare_i2,E_ample_prepare_i2,
E_ample_prepare_i2,safety_correction_abs_mean_mps2,same,4.113805850828682,4.113805850828682,0
E_ample_prepare_i2,safety_correction_count,same,7,7,0
E_ample_prepare_i2,scenario,same,ample,ample,
E_ample_prepare_i2,space_feedback_abs_mean_s-1,same,0.0,0.0,0
E_ample_prepare_i2,success,same,1,1,0
E_ample_prepare_i2,task_phase,same,SUCCESS,SUCCESS,
E_ample_prepare_i2,total_effort_integral_m2_s3,same,7.459050395669568,7.459050395669568,0
E_ample_prepare_i2,total_speed_deficit_integral_m_s,same,5.618732473349038,5.618732473349038,0
E_collaborative_none_i0,K_MR_mean_s-1,same,0.0,0.0,0
E_collaborative_none_i0,K_RM_mean_s-1,same,0.0,0.0,0
E_collaborative_none_i0,completion_time_s,same,,,
E_collaborative_none_i0,disturbance,same,none,none,
E_collaborative_none_i0,failure_type,same,started_but_failed,started_but_failed,
E_collaborative_none_i0,hard_violation_count,same,0,0,0
E_collaborative_none_i0,init_variant,same,0,0,0
E_collaborative_none_i0,max_abs_jerk_mps3,same,2.5,2.5,0
E_collaborative_none_i0,mean_abs_jerk_mps3,same,0.1966443761098873,0.1966443761098873,0
E_collaborative_none_i0,merge_start_time_s,same,3.85,3.85,0
E_collaborative_none_i0,method,same,E,E,
E_collaborative_none_i0,min_net_gap_m,same,15.932323952278534,15.932323952278534,0
E_collaborative_none_i0,outcome,same,started_but_failed,started_but_failed,
E_collaborative_none_i0,pair_gain_total_error_max_s-1,same,0.0,0.0,0
E_collaborative_none_i0,road_violation_count,same,0,0,0
E_collaborative_none_i0,run_id,same,E_collaborative_none_i0,E_collaborative_none_i0,
E_collaborative_none_i0,safety_correction_abs_mean_mps2,same,0.0,0.0,0
E_collaborative_none_i0,safety_correction_count,same,0,0,0
E_collaborative_none_i0,scenario,same,collaborative,collaborative,
E_collaborative_none_i0,space_feedback_abs_mean_s-1,same,0.0,0.0,0
E_collaborative_none_i0,success,same,0,0,0
E_collaborative_none_i0,task_phase,same,FAILED,FAILED,
E_collaborative_none_i0,total_effort_integral_m2_s3,same,8.249957975251345,8.249957975251345,0
E_collaborative_none_i0,total_speed_deficit_integral_m_s,same,8.314610166316688,8.314610166316688,0
E_collaborative_none_i1,K_MR_mean_s-1,same,0.0,0.0,0
E_collaborative_none_i1,K_RM_mean_s-1,same,0.0,0.0,0
E_collaborative_none_i1,completion_time_s,same,,,
E_collaborative_none_i1,disturbance,same,none,none,
E_collaborative_none_i1,failure_type,same,started_but_failed,started_but_failed,
E_collaborative_none_i1,hard_violation_count,same,0,0,0
E_collaborative_none_i1,init_variant,same,1,1,0
E_collaborative_none_i1,max_abs_jerk_mps3,same,2.5,2.5,0
E_collaborative_none_i1,mean_abs_jerk_mps3,same,0.30366920394616936,0.30366920394616936,0
E_collaborative_none_i1,merge_start_time_s,same,2.6,2.6,0
E_collaborative_none_i1,method,same,E,E,
E_collaborative_none_i1,min_net_gap_m,same,9.600323899503547,9.600323899503547,0
E_collaborative_none_i1,outcome,same,started_but_failed,started_but_failed,
E_collaborative_none_i1,pair_gain_total_error_max_s-1,same,0.0,0.0,0
E_collaborative_none_i1,road_violation_count,same,0,0,0
E_collaborative_none_i1,run_id,same,E_collaborative_none_i1,E_collaborative_none_i1,
E_collaborative_none_i1,safety_correction_abs_mean_mps2,same,4.485781253483378,4.485781253483378,0
E_collaborative_none_i1,safety_correction_count,same,12,12,0
E_collaborative_none_i1,scenario,same,collaborative,collaborative,
E_collaborative_none_i1,space_feedback_abs_mean_s-1,same,0.0,0.0,0
E_collaborative_none_i1,success,same,0,0,0
E_collaborative_none_i1,task_phase,same,FAILED,FAILED,
E_collaborative_none_i1,total_effort_integral_m2_s3,same,6.564831247024699,6.564831247024699,0
E_collaborative_none_i1,total_speed_deficit_integral_m_s,same,7.862311198155359,7.862311198155359,0
E_collaborative_none_i2,K_MR_mean_s-1,same,0.0,0.0,0
E_collaborative_none_i2,K_RM_mean_s-1,same,0.0,0.0,0
E_collaborative_none_i2,completion_time_s,same,,,
E_collaborative_none_i2,disturbance,same,none,none,
E_collaborative_none_i2,failure_type,same,started_but_failed,started_but_failed,
E_collaborative_none_i2,hard_violation_count,same,0,0,0
E_collaborative_none_i2,init_variant,same,2,2,0
E_collaborative_none_i2,max_abs_jerk_mps3,same,2.5,2.5,0
E_collaborative_none_i2,mean_abs_jerk_mps3,same,0.15671355176657872,0.15671355176657872,0
E_collaborative_none_i2,merge_start_time_s,same,3.6,3.6,0
E_collaborative_none_i2,method,same,E,E,
E_collaborative_none_i2,min_net_gap_m,same,8.82944307217242,8.82944307217242,0
E_collaborative_none_i2,outcome,same,started_but_failed,started_but_failed,
E_collaborative_none_i2,pair_gain_total_error_max_s-1,same,0.0,0.0,0
E_collaborative_none_i2,road_violation_count,same,0,0,0
E_collaborative_none_i2,run_id,same,E_collaborative_none_i2,E_collaborative_none_i2,
E_collaborative_none_i2,safety_correction_abs_mean_mps2,same,0.0,0.0,0
E_collaborative_none_i2,safety_correction_count,same,0,0,0
E_collaborative_none_i2,scenario,same,collaborative,collaborative,
E_collaborative_none_i2,space_feedback_abs_mean_s-1,same,0.0,0.0,0
E_collaborative_none_i2,success,same,0,0,0
E_collaborative_none_i2,task_phase,same,FAILED,FAILED,
E_collaborative_none_i2,total_effort_integral_m2_s3,same,7.335070705384201,7.335070705384201,0
E_collaborative_none_i2,total_speed_deficit_integral_m_s,same,7.062784213273039,7.062784213273039,0
E_collaborative_prepare_i0,K_MR_mean_s-1,same,0.0,0.0,0
E_collaborative_prepare_i0,K_RM_mean_s-1,same,0.0,0.0,0
E_collaborative_prepare_i0,completion_time_s,same,,,
E_collaborative_prepare_i0,disturbance,same,prepare,prepare,
E_collaborative_prepare_i0,failure_type,same,started_but_failed,started_but_failed,
E_collaborative_prepare_i0,hard_violation_count,same,0,0,0
E_collaborative_prepare_i0,init_variant,same,0,0,0
E_collaborative_prepare_i0,max_abs_jerk_mps3,same,2.5,2.5,0
E_collaborative_prepare_i0,mean_abs_jerk_mps3,same,0.28863138960009155,0.28863138960009155,0
E_collaborative_prepare_i0,merge_start_time_s,same,4.95,4.95,0
E_collaborative_prepare_i0,method,same,E,E,
E_collaborative_prepare_i0,min_net_gap_m,same,15.868809498259633,15.868809498259633,0
E_collaborative_prepare_i0,outcome,same,started_but_failed,started_but_failed,
E_collaborative_prepare_i0,pair_gain_total_error_max_s-1,same,0.0,0.0,0
E_collaborative_prepare_i0,road_violation_count,same,0,0,0
E_collaborative_prepare_i0,run_id,same,E_collaborative_prepare_i0,E_collaborative_prepare_i0,
E_collaborative_prepare_i0,safety_correction_abs_mean_mps2,same,0.0,0.0,0
E_collaborative_prepare_i0,safety_correction_count,same,0,0,0
E_collaborative_prepare_i0,scenario,same,collaborative,collaborative,
E_collaborative_prepare_i0,space_feedback_abs_mean_s-1,same,0.0,0.0,0
E_collaborative_prepare_i0,success,same,0,0,0
E_collaborative_prepare_i0,task_phase,same,FAILED,FAILED,
E_collaborative_prepare_i0,total_effort_integral_m2_s3,same,10.663230308940953,10.663230308940953,0
E_collaborative_prepare_i0,total_speed_deficit_integral_m_s,same,13.44409342832622,13.44409342832622,0
E_collaborative_prepare_i1,K_MR_mean_s-1,same,0.0,0.0,0
E_collaborative_prepare_i1,K_RM_mean_s-1,same,0.0,0.0,0
E_collaborative_prepare_i1,completion_time_s,same,,,
E_collaborative_prepare_i1,disturbance,same,prepare,prepare,
E_collaborative_prepare_i1,failure_type,same,started_but_failed,started_but_failed,
E_collaborative_prepare_i1,hard_violation_count,same,0,0,0
E_collaborative_prepare_i1,init_variant,same,1,1,0
E_collaborative_prepare_i1,max_abs_jerk_mps3,same,2.500000000000001,2.500000000000001,0
E_collaborative_prepare_i1,mean_abs_jerk_mps3,same,0.4470776980544227,0.4470776980544227,0
E_collaborative_prepare_i1,merge_start_time_s,same,2.55,2.55,0
E_collaborative_prepare_i1,method,same,E,E,
E_collaborative_prepare_i1,min_net_gap_m,same,9.765676583346686,9.765676583346686,0
E_collaborative_prepare_i1,outcome,same,started_but_failed,started_but_failed,
E_collaborative_prepare_i1,pair_gain_total_error_max_s-1,same,0.0,0.0,0
E_collaborative_prepare_i1,road_violation_count,same,0,0,0
E_collaborative_prepare_i1,run_id,same,E_collaborative_prepare_i1,E_collaborative_prepare_i1,
E_collaborative_prepare_i1,safety_correction_abs_mean_mps2,same,3.9652524324065914,3.9652524324065914,0
E_collaborative_prepare_i1,safety_correction_count,same,9,9,0
E_collaborative_prepare_i1,scenario,same,collaborative,collaborative,
E_collaborative_prepare_i1,space_feedback_abs_mean_s-1,same,0.0,0.0,0
E_collaborative_prepare_i1,success,same,0,0,0
E_collaborative_prepare_i1,task_phase,same,FAILED,FAILED,
E_collaborative_prepare_i1,total_effort_integral_m2_s3,same,11.690618890856129,11.690618890856129,0
E_collaborative_prepare_i1,total_speed_deficit_integral_m_s,same,13.09944873742472,13.09944873742472,0
E_collaborative_prepare_i2,K_MR_mean_s-1,same,0.0,0.0,0
E_collaborative_prepare_i2,K_RM_mean_s-1,same,0.0,0.0,0
E_collaborative_prepare_i2,completion_time_s,same,,,
E_collaborative_prepare_i2,disturbance,same,prepare,prepare,
E_collaborative_prepare_i2,failure_type,same,started_but_failed,started_but_failed,
E_collaborative_prepare_i2,hard_violation_count,same,0,0,0
E_collaborative_prepare_i2,init_variant,same,2,2,0
E_collaborative_prepare_i2,max_abs_jerk_mps3,same,2.5,2.5,0
E_collaborative_prepare_i2,mean_abs_jerk_mps3,same,0.2602441222720328,0.2602441222720328,0
E_collaborative_prepare_i2,merge_start_time_s,same,4.9,4.9,0
E_collaborative_prepare_i2,method,same,E,E,
E_collaborative_prepare_i2,min_net_gap_m,same,16.1647528499205,16.1647528499205,0
E_collaborative_prepare_i2,outcome,same,started_but_failed,started_but_failed,
E_collaborative_prepare_i2,pair_gain_total_error_max_s-1,same,0.0,0.0,0
E_collaborative_prepare_i2,road_violation_count,same,0,0,0
E_collaborative_prepare_i2,run_id,same,E_collaborative_prepare_i2,E_collaborative_prepare_i2,
E_collaborative_prepare_i2,safety_correction_abs_mean_mps2,same,0.0,0.0,0
E_collaborative_prepare_i2,safety_correction_count,same,0,0,0
E_collaborative_prepare_i2,scenario,same,collaborative,collaborative,
E_collaborative_prepare_i2,space_feedback_abs_mean_s-1,same,0.0,0.0,0
E_collaborative_prepare_i2,success,same,0,0,0
E_collaborative_prepare_i2,task_phase,same,FAILED,FAILED,
E_collaborative_prepare_i2,total_effort_integral_m2_s3,same,9.46377581545914,9.46377581545914,0
E_collaborative_prepare_i2,total_speed_deficit_integral_m_s,same,12.121103327783734,12.121103327783734,0
E_short_window_none_i0,K_MR_mean_s-1,same,0.0,0.0,0
E_short_window_none_i0,K_RM_mean_s-1,same,0.0,0.0,0
E_short_window_none_i0,completion_time_s,same,,,
E_short_window_none_i0,disturbance,same,none,none,
E_short_window_none_i0,failure_type,same,missed_window,missed_window,
E_short_window_none_i0,hard_violation_count,same,0,0,0
E_short_window_none_i0,init_variant,same,0,0,0
E_short_window_none_i0,max_abs_jerk_mps3,same,2.500000000000002,2.500000000000002,0
E_short_window_none_i0,mean_abs_jerk_mps3,same,0.21729705812267155,0.21729705812267155,0
E_short_window_none_i0,merge_start_time_s,same,,,
E_short_window_none_i0,method,same,E,E,
E_short_window_none_i0,min_net_gap_m,same,13.001562500000073,13.001562500000073,0
E_short_window_none_i0,outcome,same,missed_window,missed_window,
E_short_window_none_i0,pair_gain_total_error_max_s-1,same,0.0,0.0,0
E_short_window_none_i0,road_violation_count,same,0,0,0
E_short_window_none_i0,run_id,same,E_short_window_none_i0,E_short_window_none_i0,
E_short_window_none_i0,safety_correction_abs_mean_mps2,same,0.0,0.0,0
E_short_window_none_i0,safety_correction_count,same,0,0,0
E_short_window_none_i0,scenario,same,short_window,short_window,
E_short_window_none_i0,space_feedback_abs_mean_s-1,same,0.0,0.0,0
E_short_window_none_i0,success,same,0,0,0
E_short_window_none_i0,task_phase,same,FAILED,FAILED,
E_short_window_none_i0,total_effort_integral_m2_s3,same,7.768459476195582,7.768459476195582,0
E_short_window_none_i0,total_speed_deficit_integral_m_s,same,9.75718638883539,9.75718638883539,0
E_short_window_none_i1,K_MR_mean_s-1,same,0.0,0.0,0
E_short_window_none_i1,K_RM_mean_s-1,same,0.0,0.0,0
E_short_window_none_i1,completion_time_s,same,,,
E_short_window_none_i1,disturbance,same,none,none,
E_short_window_none_i1,failure_type,same,missed_window,missed_window,
E_short_window_none_i1,hard_violation_count,same,0,0,0
E_short_window_none_i1,init_variant,same,1,1,0
E_short_window_none_i1,max_abs_jerk_mps3,same,2.5,2.5,0
E_short_window_none_i1,mean_abs_jerk_mps3,same,0.258802041732847,0.258802041732847,0
E_short_window_none_i1,merge_start_time_s,same,,,
E_short_window_none_i1,method,same,E,E,
E_short_window_none_i1,min_net_gap_m,same,12.868593750000098,12.868593750000098,0
E_short_window_none_i1,outcome,same,missed_window,missed_window,
E_short_window_none_i1,pair_gain_total_error_max_s-1,same,0.0,0.0,0
E_short_window_none_i1,road_violation_count,same,0,0,0
E_short_window_none_i1,run_id,same,E_short_window_none_i1,E_short_window_none_i1,
E_short_window_none_i1,safety_correction_abs_mean_mps2,same,0.0,0.0,0
E_short_window_none_i1,safety_correction_count,same,0,0,0
E_short_window_none_i1,scenario,same,short_window,short_window,
E_short_window_none_i1,space_feedback_abs_mean_s-1,same,0.0,0.0,0
E_short_window_none_i1,success,same,0,0,0
E_short_window_none_i1,task_phase,same,FAILED,FAILED,
E_short_window_none_i1,total_effort_integral_m2_s3,same,4.472901234131663,4.472901234131663,0
E_short_window_none_i1,total_speed_deficit_integral_m_s,same,6.032082062331342,6.032082062331342,0
E_short_window_none_i2,K_MR_mean_s-1,same,0.0,0.0,0
E_short_window_none_i2,K_RM_mean_s-1,same,0.0,0.0,0
E_short_window_none_i2,completion_time_s,same,,,
E_short_window_none_i2,disturbance,same,none,none,
E_short_window_none_i2,failure_type,same,missed_window,missed_window,
E_short_window_none_i2,hard_violation_count,same,0,0,0
E_short_window_none_i2,init_variant,same,2,2,0
E_short_window_none_i2,max_abs_jerk_mps3,same,2.5,2.5,0
E_short_window_none_i2,mean_abs_jerk_mps3,same,0.16804331146755727,0.16804331146755727,0
E_short_window_none_i2,merge_start_time_s,same,,,
E_short_window_none_i2,method,same,E,E,
E_short_window_none_i2,min_net_gap_m,same,10.205156250000012,10.205156250000012,0
E_short_window_none_i2,outcome,same,missed_window,missed_window,
E_short_window_none_i2,pair_gain_total_error_max_s-1,same,0.0,0.0,0
E_short_window_none_i2,road_violation_count,same,0,0,0
E_short_window_none_i2,run_id,same,E_short_window_none_i2,E_short_window_none_i2,
E_short_window_none_i2,safety_correction_abs_mean_mps2,same,0.0,0.0,0
E_short_window_none_i2,safety_correction_count,same,0,0,0
E_short_window_none_i2,scenario,same,short_window,short_window,
E_short_window_none_i2,space_feedback_abs_mean_s-1,same,0.0,0.0,0
E_short_window_none_i2,success,same,0,0,0
E_short_window_none_i2,task_phase,same,FAILED,FAILED,
E_short_window_none_i2,total_effort_integral_m2_s3,same,5.814770134908169,5.814770134908169,0
E_short_window_none_i2,total_speed_deficit_integral_m_s,same,7.578006136304214,7.578006136304214,0
E_short_window_prepare_i0,K_MR_mean_s-1,same,0.0,0.0,0
E_short_window_prepare_i0,K_RM_mean_s-1,same,0.0,0.0,0
E_short_window_prepare_i0,completion_time_s,same,,,
E_short_window_prepare_i0,disturbance,same,prepare,prepare,
E_short_window_prepare_i0,failure_type,same,missed_window,missed_window,
E_short_window_prepare_i0,hard_violation_count,same,0,0,0
E_short_window_prepare_i0,init_variant,same,0,0,0
E_short_window_prepare_i0,max_abs_jerk_mps3,same,2.500000000000002,2.500000000000002,0
E_short_window_prepare_i0,mean_abs_jerk_mps3,same,0.3307210093722606,0.3307210093722606,0
E_short_window_prepare_i0,merge_start_time_s,same,,,
E_short_window_prepare_i0,method,same,E,E,
E_short_window_prepare_i0,min_net_gap_m,same,13.001562500000073,13.001562500000073,0
E_short_window_prepare_i0,outcome,same,missed_window,missed_window,
E_short_window_prepare_i0,pair_gain_total_error_max_s-1,same,0.0,0.0,0
E_short_window_prepare_i0,road_violation_count,same,0,0,0
E_short_window_prepare_i0,run_id,same,E_short_window_prepare_i0,E_short_window_prepare_i0,
E_short_window_prepare_i0,safety_correction_abs_mean_mps2,same,0.0,0.0,0
E_short_window_prepare_i0,safety_correction_count,same,0,0,0
E_short_window_prepare_i0,scenario,same,short_window,short_window,
E_short_window_prepare_i0,space_feedback_abs_mean_s-1,same,0.0,0.0,0
E_short_window_prepare_i0,success,same,0,0,0
E_short_window_prepare_i0,task_phase,same,FAILED,FAILED,
E_short_window_prepare_i0,total_effort_integral_m2_s3,same,10.66077356086258,10.66077356086258,0
E_short_window_prepare_i0,total_speed_deficit_integral_m_s,same,14.966600714061416,14.966600714061416,0
E_short_window_prepare_i1,K_MR_mean_s-1,same,0.0,0.0,0
E_short_window_prepare_i1,K_RM_mean_s-1,same,0.0,0.0,0
E_short_window_prepare_i1,completion_time_s,same,,,
E_short_window_prepare_i1,disturbance,same,prepare,prepare,
E_short_window_prepare_i1,failure_type,same,missed_window,missed_window,
E_short_window_prepare_i1,hard_violation_count,same,0,0,0
E_short_window_prepare_i1,init_variant,same,1,1,0
E_short_window_prepare_i1,max_abs_jerk_mps3,same,2.5,2.5,0
E_short_window_prepare_i1,mean_abs_jerk_mps3,same,0.4108450386704228,0.4108450386704228,0
E_short_window_prepare_i1,merge_start_time_s,same,,,
E_short_window_prepare_i1,method,same,E,E,
E_short_window_prepare_i1,min_net_gap_m,same,12.868593750000098,12.868593750000098,0
E_short_window_prepare_i1,outcome,same,missed_window,missed_window,
E_short_window_prepare_i1,pair_gain_total_error_max_s-1,same,0.0,0.0,0
E_short_window_prepare_i1,road_violation_count,same,0,0,0
E_short_window_prepare_i1,run_id,same,E_short_window_prepare_i1,E_short_window_prepare_i1,
E_short_window_prepare_i1,safety_correction_abs_mean_mps2,same,0.0,0.0,0
E_short_window_prepare_i1,safety_correction_count,same,0,0,0
E_short_window_prepare_i1,scenario,same,short_window,short_window,
E_short_window_prepare_i1,space_feedback_abs_mean_s-1,same,0.0,0.0,0
E_short_window_prepare_i1,success,same,0,0,0
E_short_window_prepare_i1,task_phase,same,FAILED,FAILED,
E_short_window_prepare_i1,total_effort_integral_m2_s3,same,7.94110294569889,7.94110294569889,0
E_short_window_prepare_i1,total_speed_deficit_integral_m_s,same,11.001603250636855,11.001603250636855,0
E_short_window_prepare_i2,K_MR_mean_s-1,same,0.0,0.0,0
E_short_window_prepare_i2,K_RM_mean_s-1,same,0.0,0.0,0
E_short_window_prepare_i2,completion_time_s,same,,,
E_short_window_prepare_i2,disturbance,same,prepare,prepare,
E_short_window_prepare_i2,failure_type,same,missed_window,missed_window,
E_short_window_prepare_i2,hard_violation_count,same,0,0,0
E_short_window_prepare_i2,init_variant,same,2,2,0
E_short_window_prepare_i2,max_abs_jerk_mps3,same,2.5,2.5,0
E_short_window_prepare_i2,mean_abs_jerk_mps3,same,0.2623659213909514,0.2623659213909514,0
E_short_window_prepare_i2,merge_start_time_s,same,,,
E_short_window_prepare_i2,method,same,E,E,
E_short_window_prepare_i2,min_net_gap_m,same,10.205156250000012,10.205156250000012,0
E_short_window_prepare_i2,outcome,same,missed_window,missed_window,
E_short_window_prepare_i2,pair_gain_total_error_max_s-1,same,0.0,0.0,0
E_short_window_prepare_i2,road_violation_count,same,0,0,0
E_short_window_prepare_i2,run_id,same,E_short_window_prepare_i2,E_short_window_prepare_i2,
E_short_window_prepare_i2,safety_correction_abs_mean_mps2,same,0.0,0.0,0
E_short_window_prepare_i2,safety_correction_count,same,0,0,0
E_short_window_prepare_i2,scenario,same,short_window,short_window,
E_short_window_prepare_i2,space_feedback_abs_mean_s-1,same,0.0,0.0,0
E_short_window_prepare_i2,success,same,0,0,0
E_short_window_prepare_i2,task_phase,same,FAILED,FAILED,
E_short_window_prepare_i2,total_effort_integral_m2_s3,same,8.381297341834795,8.381297341834795,0
E_short_window_prepare_i2,total_speed_deficit_integral_m_s,same,12.653367881537669,12.653367881537669,0
