run_id,method,ablation,scenario,disturbance,init_variant,vehicle,speed_deficit_distance_m,speed_deficit_integral_m_s,accel_squared_integral,abs_jerk_integral,abs_nominal_actual_difference_integral,safety_correction_count,safety_correction_abs_integral,action_saturation_count,safety_recheck_violation_count,distance_m,min_net_gap_m,min_FR_gap_m,min_RB_gap_m,min_MF_gap_m,min_MR_gap_m,prepare_speed_deficit_distance_m,execute_speed_deficit_distance_m,success_release_speed_deficit_distance_m,failure_handling_speed_deficit_distance_m,prepare_distance_m,execute_distance_m,success_release_distance_m,failure_handling_distance_m
A_ample_none_i0,A,,ample,none,0,M,0.0,0.0,2.9591496711376744,1.9248397567195898,0.01206445312499993,0.0,0.0,2.0,0.0,299.16204851746454,8.629978079723198,nan,nan,10.643318570662426,8.629978079723198,0.0,0.0,0.0,0.0,26.073260511149797,59.88954600613805,213.1992420001767,0.0
A_ample_none_i0,A,,ample,none,0,R,0.07370716413856936,0.07370716413856936,0.09317853302510183,1.1190198458324843,0.03660874999999893,0.0,0.0,3.0,0.0,288.6050364073361,8.629978079723198,30.119785300417856,16.958689335925225,nan,8.629978079723198,0.0,0.0,0.07370716413856936,0.0,21.795951285057228,54.467025486914864,212.34205963536402,0.0
A_ample_none_i0,A,,ample,none,0,F,0.0,0.0,0.10382143997435297,0.7862495690905905,0.025187499999999908,0.0,0.0,3.0,0.0,288.60536708812697,10.643318570662426,30.119785300417856,nan,10.643318570662426,nan,0.0,0.0,0.0,0.0,21.991434035977505,54.19813547027434,212.41579758187513,0.0
A_ample_none_i0,A,,ample,none,0,B,0.0,0.0,0.10568992120017912,0.5725268967383365,0.007721330492195478,0.0,0.0,2.0,0.0,293.8463470714109,16.958689335925225,nan,16.958689335925225,nan,nan,0.0,0.0,0.0,0.0,21.772468930659564,55.36761328828175,216.70626485246956,0.0
A_ample_none_i1,A,,ample,none,1,M,0.0,0.0,2.539418911665765,4.2789849546025565,0.37067224459706666,0.0,0.0,11.0,0.0,301.50502045679326,nan,nan,nan,nan,nan,0.0,0.0,0.0,0.0,99.40311304571631,0.0,0.0,202.10190741107695
A_ample_none_i1,A,,ample,none,1,R,0.11918877726522706,0.11918877726522706,0.051703931175041164,0.8203052711503841,0.010948124999999798,0.0,0.0,2.0,0.0,288.6051429893068,16.96658360254504,30.064945544447976,16.96658360254504,nan,nan,0.007517281359941564,0.0,0.0,0.11167149590528551,88.0138909887433,0.0,0.0,200.5912520005635
A_ample_none_i1,A,,ample,none,1,F,0.0,0.0,0.10382143997435297,0.7862495690905905,0.025187499999999908,0.0,0.0,3.0,0.0,288.60536708812697,30.064945544447976,30.064945544447976,nan,nan,nan,0.0,0.0,0.0,0.0,87.89638487964936,0.0,0.0,200.7089822084776
A_ample_none_i1,A,,ample,none,1,B,0.0,0.0,0.11283299574215308,0.656460046249399,0.012090571663026777,0.0,0.0,2.0,0.0,293.83855938676174,16.96658360254504,nan,16.96658360254504,nan,nan,0.0,0.0,0.0,0.0,89.20716331800851,0.0,0.0,204.63139606875325
A_ample_none_i2,A,,ample,none,2,M,0.0,0.0,2.789160072438587,1.8060177694809365,0.008728216861727561,0.0,0.0,3.0,0.0,300.0073430331771,8.548826578804675,nan,nan,9.29802405494986,8.548826578804675,0.0,0.0,0.0,0.0,39.877929893198754,57.92633038897823,0.0,202.20308275100012
A_ample_none_i2,A,,ample,none,2,R,0.35317000810108107,0.35317000810108107,0.5532941876079311,2.1320255582850876,0.20214543705672613,0.0,0.0,7.0,0.0,288.60467390264193,8.548826578804675,27.15898955512007,17.453666232022112,nan,8.548826578804675,0.312316708749284,0.0,0.0,0.0408532993517971,33.1593001097319,53.78251576866273,0.0,201.6628580242473
A_ample_none_i2,A,,ample,none,2,F,0.0,0.0,0.10382143997435297,0.7862495690905905,0.025187499999999908,0.0,0.0,3.0,0.0,288.60536708812697,9.29802405494986,27.15898955512007,nan,9.29802405494986,nan,0.0,0.0,0.0,0.0,33.783725746730994,53.21226042000461,0.0,201.60938092139136
A_ample_none_i2,A,,ample,none,2,B,0.1820618899573571,0.1820618899573571,0.20493505439818446,0.6458308065937566,0.0073672113606861635,0.0,0.0,2.0,0.0,293.8510076706198,17.453666232022112,nan,17.453666232022112,nan,nan,0.1820618899573571,0.0,0.0,0.0,33.20320424057792,54.40404558893948,0.0,206.24375784110242
A_ample_prepare_i0,A,,ample,prepare,0,M,0.0,0.0,3.7903549569874304,2.630542328566442,0.04412288838255271,0.0,0.0,5.0,0.0,297.8104880346604,8.629978079723198,nan,nan,10.667610109458177,8.629978079723198,0.0,0.0,0.0,0.0,26.073260511149797,59.11348972037335,212.62373780313726,0.0
A_ample_prepare_i0,A,,ample,prepare,0,R,1.226335841052231,1.226335841052231,0.6165290299127114,2.77978526254448,0.03660874999999893,0.0,0.0,3.0,0.0,287.2800510374129,8.629978079723198,29.703391392859654,16.756261407235808,nan,8.629978079723198,0.0,0.8284727187444585,0.3978631223077723,0.0,21.795951285057228,53.332809916075334,212.1512898362803,0.0
A_ample_prepare_i0,A,,ample,prepare,0,F,1.1544896481720748,1.1544896481720748,1.4874506612792644,5.193971383454953,1.1736736003854564,0.0,0.0,32.0,0.0,287.2780981441186,10.667610109458177,29.703391392859654,nan,10.667610109458177,nan,0.0,1.054390748590451,0.10009889958162431,0.0,21.991434035977505,52.98463590610646,212.30202820203462,0.0
A_ample_prepare_i0,A,,ample,prepare,0,B,0.0,0.0,0.11190416443342778,0.9016540332945084,0.007721330492195478,0.0,0.0,2.0,0.0,292.72378963017707,16.756261407235808,nan,16.756261407235808,nan,nan,0.0,0.0,0.0,0.0,21.772468930659564,55.070028226560886,215.88129247295663,0.0
A_ample_prepare_i1,A,,ample,prepare,1,M,0.0,0.0,2.71524097946,4.3331450667288465,0.3590264119960727,0.0,0.0,9.0,0.0,299.95935871734827,nan,nan,nan,nan,nan,0.0,0.0,0.0,0.0,99.27833060744484,0.0,0.0,200.68102810990342
A_ample_prepare_i1,A,,ample,prepare,1,R,1.3657207023529965,1.3657207023529965,0.6299704982421919,2.4868419765251417,0.010948124999999798,0.0,0.0,2.0,0.0,287.2801576193839,16.76891202963385,29.595889525240164,16.76891202963385,nan,nan,1.1474390690926295,0.0,0.0,0.21828163326036645,87.55411529162487,0.0,0.0,199.72604232775902
A_ample_prepare_i1,A,,ample,prepare,1,F,1.1544896481720748,1.1544896481720748,1.4874506612792644,5.193971383454953,1.1736736003854564,0.0,0.0,32.0,0.0,287.2780981441186,29.595889525240164,29.595889525240164,nan,nan,nan,1.0999943036891098,0.0,0.0,0.05449534448296536,87.53143546253116,0.0,0.0,199.74666268158742
A_ample_prepare_i1,A,,ample,prepare,1,B,0.0,0.0,0.12716581369563137,1.0253070552876673,0.012090571663026777,0.0,0.0,2.0,0.0,292.71124558975004,16.76891202963385,nan,16.76891202963385,nan,nan,0.0,0.0,0.0,0.0,89.64748417803428,0.0,0.0,203.06376141171575
A_ample_prepare_i2,A,,ample,prepare,2,M,0.0,0.0,3.5880736563867845,2.534170194990211,0.03130636625339914,0.0,0.0,5.0,0.0,298.43556096769186,8.559753778127142,nan,nan,9.542537176426844,8.559753778127142,0.0,0.0,0.0,0.0,39.872792680150496,57.79321019089414,200.76955809664722,0.0
A_ample_prepare_i2,A,,ample,prepare,2,R,1.0843757404362118,1.0843757404362118,0.8853104238352774,3.577604292246163,0.20214543705672613,0.0,0.0,7.0,0.0,287.2796885327194,8.559753778127142,27.06300154552134,17.19900123335408,nan,8.559753778127142,0.312316708749284,0.6883632518983533,0.08369577978857398,0.0,33.146021940569426,53.354652942638154,200.7790136495118,0.0
A_ample_prepare_i2,A,,ample,prepare,2,F,1.1544896481720748,1.1544896481720748,1.4874506612792644,5.193971383454953,1.1736736003854564,0.0,0.0,32.0,0.0,287.2780981441187,9.542537176426844,27.06300154552134,nan,9.542537176426844,nan,0.04156799508856324,1.0560072979918937,0.05691435509161825,0.0,33.68283992263321,52.95096314653122,200.64429507495427,0.0
A_ample_prepare_i2,A,,ample,prepare,2,B,0.1820618899573571,0.1820618899573571,0.16502771118535164,0.7556918778189302,0.0073672113606861635,0.0,0.0,2.0,0.0,292.7806872993653,17.19900123335408,nan,17.19900123335408,nan,nan,0.1820618899573571,0.0,0.0,0.0,33.2029288948862,54.92405420906809,204.65370419541102,0.0
A_collaborative_none_i0,A,,collaborative,none,0,M,0.37871735418225994,0.37871735418225994,3.270897129019581,2.6441725469584645,0.23754471338198235,0.0,0.0,11.0,0.0,294.2920971775732,nan,nan,nan,nan,nan,0.07696851380952818,0.0,0.0,0.3017488403727317,94.78821402847191,0.0,0.0,199.5038831491013
A_collaborative_none_i0,A,,collaborative,none,0,R,0.20542934249605999,0.20542934249605999,0.004015451619680523,0.21171721154175951,0.0,0.0,0.0,0.0,0.0,287.8000908946526,16.423752629612533,21.200110000000006,16.423752629612533,nan,nan,0.19292363695786569,0.0,0.0,0.012505705538194255,88.00672122965386,0.0,0.0,199.79336966499875
A_collaborative_none_i0,A,,collaborative,none,0,F,0.0,0.0,0.0,0.0,0.0,0.0,0.0,0.0,0.0,287.99999999999784,21.200110000000006,21.200110000000006,nan,nan,nan,0.0,0.0,0.0,0.0,88.20000000000056,0.0,0.0,199.79999999999728
A_collaborative_none_i0,A,,collaborative,none,0,B,0.0,0.0,0.053796973642401616,0.5129658304528911,0.006140323602705587,0.0,0.0,1.0,0.0,292.5763382650401,16.423752629612533,nan,16.423752629612533,nan,nan,0.0,0.0,0.0,0.0,89.55331398130372,0.0,0.0,203.02302428373636
A_collaborative_none_i1,A,,collaborative,none,1,M,0.0,0.0,1.030066559485241,2.512508559402859,0.10578399052839117,0.0,0.0,5.0,0.0,296.8535342551694,nan,nan,nan,nan,nan,0.0,0.0,0.0,0.0,97.22017408417844,0.0,0.0,199.63336017099095
A_collaborative_none_i1,A,,collaborative,none,1,R,0.29836670295073386,0.29836670295073386,0.05063083616934638,0.607256690237841,0.009954062499999859,0.0,0.0,2.0,0.0,287.8001898741764,16.429351085546056,21.109465073360266,16.429351085546056,nan,nan,0.2517048597342464,0.0,0.0,0.04666184321648733,88.93784320884788,0.0,0.0,198.86234666532852
A_collaborative_none_i1,A,,collaborative,none,1,F,0.0,0.0,0.0,0.0,0.0,0.0,0.0,0.0,0.0,287.99999999999784,21.109465073360266,21.109465073360266,nan,nan,nan,0.0,0.0,0.0,0.0,89.10000000000056,0.0,0.0,198.89999999999728
A_collaborative_none_i1,A,,collaborative,none,1,B,0.0,0.0,0.06097630211050437,0.5905442054085907,0.010617565247425402,0.0,0.0,2.0,0.0,292.57083878863034,16.429351085546056,nan,16.429351085546056,nan,nan,0.0,0.0,0.0,0.0,90.50541734742797,0.0,0.0,202.06542144120237
A_collaborative_none_i2,A,,collaborative,none,2,M,0.6729164480642803,0.6729164480642803,3.670455559281478,3.0521649378414586,0.25379281459899494,0.0,0.0,12.0,0.0,293.49285385254166,nan,nan,nan,nan,nan,0.21819409747402504,0.0,0.0,0.4547223505902543,95.03879168402366,0.0,0.0,198.454062168518
A_collaborative_none_i2,A,,collaborative,none,2,R,3.304868564495967,3.304868564495967,0.3705242771680076,1.8784226950751806,0.0952281249999982,0.0,0.0,5.0,0.0,284.8012178829791,16.405288001526298,18.230156250000004,16.405288001526298,nan,nan,3.1895616308948083,0.0,0.0,0.11530693360115937,85.9215166910644,0.0,0.0,198.87970119191468
A_collaborative_none_i2,A,,collaborative,none,2,F,0.0,0.0,0.0,0.0,0.0,0.0,0.0,0.0,0.0,287.9999999999979,18.230156250000004,18.230156250000004,nan,nan,nan,0.0,0.0,0.0,0.0,89.10000000000056,0.0,0.0,198.89999999999733
A_collaborative_none_i2,A,,collaborative,none,2,B,0.6015893852111452,0.6015893852111452,0.05803603622984488,0.6805072884540114,0.005713985776106778,0.0,0.0,1.0,0.0,290.0959298814528,16.405288001526298,nan,16.405288001526298,nan,nan,0.6015893852111452,0.0,0.0,0.0,88.53790919966133,0.0,0.0,201.55802068179145
A_collaborative_prepare_i0,A,,collaborative,prepare,0,M,1.4340434474298338,1.4340434474298338,4.27607231047526,3.4976178617308475,0.27724630579209875,0.0,0.0,13.0,0.0,292.6849724464315,nan,nan,nan,nan,nan,0.6112433820976538,0.0,0.0,0.8228000653321802,94.59206072357003,0.0,0.0,198.0929117228615
A_collaborative_prepare_i0,A,,collaborative,prepare,0,R,1.688439531325929,1.688439531325929,0.4654006607429049,1.9701236341466264,6.938893903907229e-19,0.0,0.0,0.0,0.0,286.50510069704166,16.261843495884147,20.85657245228276,16.261843495884147,nan,nan,1.5324876855702207,0.0,0.0,0.15595184575570825,87.56177021899074,0.0,0.0,198.9433304780509
A_collaborative_prepare_i0,A,,collaborative,prepare,0,F,1.2972109757490844,1.2972109757490844,1.2654641879659725,4.565420960203316,1.1492918068214655,0.0,0.0,29.0,0.0,286.70278894179626,20.85657245228276,20.85657245228276,nan,nan,nan,1.2400425946464064,0.0,0.0,0.05716838110267572,87.85874249480071,0.0,0.0,198.84404644699555
A_collaborative_prepare_i0,A,,collaborative,prepare,0,B,0.0,0.0,0.08093907295878315,0.9680636922875671,0.006140323602705587,0.0,0.0,1.0,0.0,291.4432572011575,16.261843495884147,nan,16.261843495884147,nan,nan,0.0,0.0,0.0,0.0,89.94050289115128,0.0,0.0,201.50275431000622
A_collaborative_prepare_i1,A,,collaborative,prepare,1,M,0.0,0.0,1.3419063510871225,2.9116044055019588,0.10578399052839117,0.0,0.0,5.0,0.0,295.31358358299235,nan,nan,nan,nan,nan,0.0,0.0,0.0,0.0,97.0475357617542,0.0,0.0,198.26604782123815
A_collaborative_prepare_i1,A,,collaborative,prepare,1,R,1.7745511691387212,1.7745511691387212,0.5618764122716816,2.236073518230995,0.009954062499999859,0.0,0.0,2.0,0.0,286.50519967656544,16.271892055441537,20.75256398720631,16.271892055441537,nan,nan,1.603338739518422,0.0,0.0,0.17121242962029942,88.48110289869021,0.0,0.0,198.02409677787523
A_collaborative_prepare_i1,A,,collaborative,prepare,1,F,1.2972109757490844,1.2972109757490844,1.2654641879659725,4.565420960203316,1.1492918068214655,0.0,0.0,29.0,0.0,286.70278894179626,20.75256398720631,20.75256398720631,nan,nan,nan,1.2424724157526148,0.0,0.0,0.05473855999646739,88.75636430739303,0.0,0.0,197.94642463440323
A_collaborative_prepare_i1,A,,collaborative,prepare,1,B,0.0,0.0,0.09745548938936956,1.0847500739222125,0.010617565247425402,0.0,0.0,2.0,0.0,291.4333076211239,16.271892055441537,nan,16.271892055441537,nan,nan,0.0,0.0,0.0,0.0,90.8737217936559,0.0,0.0,200.559585827468
A_collaborative_prepare_i2,A,,collaborative,prepare,2,M,1.9231392180177058,1.9231392180177058,4.74830551591315,3.7866981220920595,0.2892519844271112,0.0,0.0,14.0,0.0,291.8369736272444,nan,nan,nan,nan,nan,0.9616804271831637,0.0,0.0,0.9614587908345422,95.67976622886198,0.0,0.0,196.1572073983824
A_collaborative_prepare_i2,A,,collaborative,prepare,2,R,4.7876893920171595,4.7876893920171595,0.7408839077534717,3.169556964972967,0.0952281249999982,0.0,0.0,5.0,0.0,283.5062276853676,16.272100545881425,18.230156250000004,16.272100545881425,nan,nan,4.564805805447502,0.0,0.0,0.22288358656965457,86.34176067293879,0.0,0.0,197.16446701242882
A_collaborative_prepare_i2,A,,collaborative,prepare,2,F,1.2972109757490844,1.2972109757490844,1.2654641879659725,4.565420960203316,1.1492918068214655,0.0,0.0,29.0,0.0,286.70278894179614,18.230156250000004,18.230156250000004,nan,nan,nan,1.2447989694618093,0.0,0.0,0.05241200628727293,89.65408719295016,0.0,0.0,197.04870174884599
A_collaborative_prepare_i2,A,,collaborative,prepare,2,B,1.2418071132616058,1.2418071132616058,0.10828680520369863,1.080542442708115,0.005713985776106778,0.0,0.0,1.0,0.0,288.9341271394862,16.272100545881425,nan,16.272100545881425,nan,nan,1.145133060249301,0.0,0.0,0.09667405301230474,89.75805620030388,0.0,0.0,199.1760709391823
A_short_window_none_i0,A,,short_window,none,0,M,4.5498638599612065,4.5498638599612065,6.093874294175521,5.213476950016329,0.37434242414738045,0.0,0.0,15.0,0.0,287.28903278921166,nan,nan,nan,nan,nan,2.797951656141507,0.0,0.0,1.7519122038196964,92.80749875914725,0.0,0.0,194.4815340300644
A_short_window_none_i0,A,,short_window,none,0,R,8.626540053955308,8.626540053955308,6.697411663119074,6.84157003031673,2.5250368353749746,0.0,0.0,37.0,0.0,279.80509242841555,13.001562500000073,13.001562500000073,14.98824443326448,nan,nan,7.71267500388151,0.0,0.0,0.913865050073799,84.26414450539667,0.0,0.0,195.54094792301888
A_short_window_none_i0,A,,short_window,none,0,F,0.0,0.0,0.0,0.0,0.0,0.0,0.0,0.0,0.0,287.99999999999795,13.001562500000073,13.001562500000073,nan,nan,nan,0.0,0.0,0.0,0.0,91.80000000000058,0.0,0.0,196.19999999999737
A_short_window_none_i0,A,,short_window,none,0,B,5.135098515716413,5.135098515716413,1.2763202560345503,3.0231635677315385,0.014562844756416931,0.0,0.0,2.0,0.0,283.76426635586466,14.98824443326448,nan,14.98824443326448,nan,nan,3.455438249463141,0.0,0.0,1.679660266253269,88.45796524410298,0.0,0.0,195.30630111176168
A_short_window_none_i1,A,,short_window,none,1,M,1.2453286888276185,1.2453286888276185,1.4936972688382362,3.6461647790876976,0.1388802086361266,0.0,0.0,8.0,0.0,290.0693234241616,nan,nan,nan,nan,nan,0.6094622007930248,0.0,0.0,0.6358664880345943,95.39247958852599,0.0,0.0,194.67684383563562
A_short_window_none_i1,A,,short_window,none,1,R,8.766089706015983,8.766089706015983,7.562919370063872,7.154446213302422,2.8409308954686985,0.0,0.0,41.0,0.0,279.805306599408,12.868593750000098,12.868593750000098,14.996219561652634,nan,nan,7.828367248099757,0.0,0.0,0.9377224579162218,85.18163029852303,0.0,0.0,194.623676300885
A_short_window_none_i1,A,,short_window,none,1,F,0.0,0.0,0.0,0.0,0.0,0.0,0.0,0.0,0.0,287.99999999999795,12.868593750000098,12.868593750000098,nan,nan,nan,0.0,0.0,0.0,0.0,92.70000000000059,0.0,0.0,195.29999999999737
A_short_window_none_i1,A,,short_window,none,1,B,5.218520724728433,5.218520724728433,1.3952489492267042,3.2136678951302127,0.01842156096333897,0.0,0.0,2.0,0.0,283.7342437239886,14.996219561652634,nan,14.996219561652634,nan,nan,3.4900312877782964,0.0,0.0,1.7284894369501338,89.36745066871566,0.0,0.0,194.36679305527292
A_short_window_none_i2,A,,short_window,none,2,M,5.316163633604463,5.316163633604463,6.8444530489813085,5.577179758443924,0.364041842554135,0.0,0.0,15.0,0.0,286.4445594360442,nan,nan,nan,nan,nan,3.4125988325884156,0.0,0.0,1.903564801016049,93.01152130844588,0.0,0.0,193.4330381275983
A_short_window_none_i2,A,,short_window,none,2,R,11.51989358472082,11.51989358472082,9.00759767060083,7.845477957998514,3.4409733671874427,0.0,0.0,48.0,0.0,276.806511082158,10.205156250000012,10.205156250000012,14.650685361748284,nan,nan,10.578474354289087,0.0,0.0,0.9414192304317366,82.0992447808448,0.0,0.0,194.7072663013132
A_short_window_none_i2,A,,short_window,none,2,F,0.0,0.0,0.0,0.0,0.0,0.0,0.0,0.0,0.0,287.999999999998,10.205156250000012,10.205156250000012,nan,nan,nan,0.0,0.0,0.0,0.0,92.70000000000059,0.0,0.0,195.29999999999742
A_short_window_none_i2,A,,short_window,none,2,B,7.883260267268139,7.883260267268139,2.0406374782250585,3.704637961007605,0.014176111252910885,0.0,0.0,2.0,0.0,281.0211205148055,14.650685361748284,nan,14.650685361748284,nan,nan,5.661003520262883,0.0,0.0,2.222256747005254,87.01356786923188,0.0,0.0,194.0075526455736
A_short_window_prepare_i0,A,,short_window,prepare,0,M,6.204110140332684,6.204110140332684,7.660405279296201,5.694351941620187,0.42398589512904344,0.0,0.0,16.0,0.0,285.60301005062314,nan,nan,nan,nan,nan,3.971576187640945,0.0,0.0,2.2325339526917456,92.4931256440423,0.0,0.0,193.10988440658085
A_short_window_prepare_i0,A,,short_window,prepare,0,R,10.07089209200904,10.07089209200904,8.077299362587597,7.435092142393043,2.4841411338280968,0.0,0.0,30.0,0.0,278.5101054382747,13.001562500000073,13.001562500000073,14.42809107544765,nan,nan,9.11936897887753,0.0,0.0,0.9515231131315056,83.75360879939282,0.0,0.0,194.75649663888188
A_short_window_prepare_i0,A,,short_window,prepare,0,F,1.2972109757490844,1.2972109757490844,1.2654641879659725,4.565420960203316,1.1492918068214655,0.0,0.0,29.0,0.0,286.70278894179614,13.001562500000073,13.001562500000073,nan,nan,nan,1.2491596436199133,0.0,0.0,0.04805133212916905,91.44981918311791,0.0,0.0,195.25296975867823
A_short_window_prepare_i0,A,,short_window,prepare,0,B,6.574184045989304,6.574184045989304,1.9181574230351814,3.34797404423208,0.014562844756416931,0.0,0.0,2.0,0.0,282.39089415988116,14.42809107544765,nan,14.42809107544765,nan,nan,4.3554977235803936,0.0,0.0,2.2186863224089106,88.4502092075476,0.0,0.0,193.94068495233356
A_short_window_prepare_i1,A,,short_window,prepare,1,M,2.660808173315568,2.660808173315568,2.4523883019013373,4.803733636809353,0.16884110480657447,0.0,0.0,9.0,0.0,288.4378170037462,nan,nan,nan,nan,nan,1.562621920813181,0.0,0.0,1.0981862525023869,95.11421765998756,0.0,0.0,193.32359934375864
A_short_window_prepare_i1,A,,short_window,prepare,1,R,10.204822782749265,10.204822782749265,8.995627920499158,7.731193495622574,2.758111431328081,0.0,0.0,32.0,0.0,278.51031656366945,12.868593750000098,12.868593750000098,14.446035931017132,nan,nan,9.227574460413775,0.0,0.0,0.9772483223354876,84.67863649471283,0.0,0.0,193.83168006895662
A_short_window_prepare_i1,A,,short_window,prepare,1,F,1.2972109757490844,1.2972109757490844,1.2654641879659725,4.565420960203316,1.1492918068214655,0.0,0.0,29.0,0.0,286.70278894179614,12.868593750000098,12.868593750000098,nan,nan,nan,1.2512019901447478,0.0,0.0,0.046008985604334654,92.34782023645673,0.0,0.0,194.35496870533942
A_short_window_prepare_i1,A,,short_window,prepare,1,B,6.658474425025852,6.658474425025852,2.0650996467824214,3.541010026095467,0.01842156096333897,0.0,0.0,2.0,0.0,282.3574928272583,14.446035931017132,nan,14.446035931017132,nan,nan,4.392152567509965,0.0,0.0,2.2663218575158868,89.35770480202547,0.0,0.0,192.99978802523282
A_short_window_prepare_i2,A,,short_window,prepare,2,M,6.985906056723837,6.985906056723837,8.405796069881541,6.0382286586159575,0.4048736230526775,0.0,0.0,16.0,0.0,284.75628330237254,nan,nan,nan,nan,nan,4.644168944924129,0.0,0.0,2.341737111799708,93.55312711846716,0.0,0.0,191.20315618390538
A_short_window_prepare_i2,A,,short_window,prepare,2,R,12.948593522765472,12.948593522765472,9.966891827105991,8.321251784664597,3.1752200562887576,0.0,0.0,36.0,0.0,275.51146860540484,10.205156250000012,10.205156250000012,14.108267462691739,nan,nan,11.9551313014477,0.0,0.0,0.9934622213177711,82.51919140451633,0.0,0.0,192.9922772008885
A_short_window_prepare_i2,A,,short_window,prepare,2,F,1.2972109757490844,1.2972109757490844,1.2654641879659725,4.565420960203316,1.1492918068214655,0.0,0.0,29.0,0.0,286.70278894179626,10.205156250000012,10.205156250000012,nan,nan,nan,1.2531575369422767,0.0,0.0,0.04405343880680574,93.24590624502864,0.0,0.0,193.45688269676762
A_short_window_prepare_i2,A,,short_window,prepare,2,B,9.311492423838448,9.311492423838448,2.623157310709031,3.8756416096891706,0.014176111252910885,0.0,0.0,2.0,0.0,279.63135672960993,14.108267462691739,nan,14.108267462691739,nan,nan,6.566895248178311,0.0,0.0,2.744597175660141,87.90086236179789,0.0,0.0,191.73049436781204
B_ample_none_i0,B,,ample,none,0,M,0.19320978648709838,0.19320978648709838,5.646161087526441,5.478194183243632,1.4748013554800259,4.0,0.6127328618439557,35.0,0.0,301.196523333286,8.406829090500349,nan,nan,8.406829090500349,9.002575693357368,0.0,0.0,0.19320978648709838,0.0,27.33738613262142,62.33692774364104,211.52220945702354,0.0
B_ample_none_i0,B,,ample,none,0,R,0.07370716413856936,0.07370716413856936,0.09317853302510183,1.1190198458324843,0.03660874999999893,0.0,0.0,3.0,0.0,288.6050364073361,9.002575693357368,30.119785300417856,16.958689335925225,nan,9.002575693357368,0.0,0.0,0.07370716413856936,0.0,22.708682831361045,54.45607029812058,211.4402832778545,0.0
B_ample_none_i0,B,,ample,none,0,F,0.0,0.0,0.10382143997435297,0.7862495690905905,0.025187499999999908,0.0,0.0,3.0,0.0,288.60536708812697,8.406829090500349,30.119785300417856,nan,8.406829090500349,nan,0.0,0.0,0.0,0.0,22.900526214448462,54.18971471278769,211.51512616089082,0.0
B_ample_none_i0,B,,ample,none,0,B,0.0,0.0,0.10568992120017912,0.5725268967383365,0.007721330492195478,0.0,0.0,2.0,0.0,293.8463470714109,16.958689335925225,nan,16.958689335925225,nan,nan,0.0,0.0,0.0,0.0,22.686828818062324,55.379266994247686,215.78025125910088,0.0
B_ample_none_i1,B,,ample,none,1,M,0.0,0.0,10.622827865947254,8.084180314603765,2.649489680803756,0.0,0.0,45.0,0.0,306.01241274135833,nan,nan,nan,nan,nan,0.0,0.0,0.0,0.0,99.24190880028215,0.0,0.0,206.77050394107619
B_ample_none_i1,B,,ample,none,1,R,0.11918877726522706,0.11918877726522706,0.051703931175041164,0.8203052711503841,0.010948124999999798,0.0,0.0,2.0,0.0,288.6051429893068,16.96658360254504,30.064945544447976,16.96658360254504,nan,nan,0.0029670785105723853,0.0,0.0,0.11622169875465468,83.51860656655421,0.0,0.0,205.08653642275257
B_ample_none_i1,B,,ample,none,1,F,0.0,0.0,0.10382143997435297,0.7862495690905905,0.025187499999999908,0.0,0.0,3.0,0.0,288.60536708812697,30.064945544447976,30.064945544447976,nan,nan,nan,0.0,0.0,0.0,0.0,83.39420630953867,0.0,0.0,205.2111607785883
B_ample_none_i1,B,,ample,none,1,B,0.0,0.0,0.11283299574215308,0.656460046249399,0.012090571663026777,0.0,0.0,2.0,0.0,293.83855938676174,16.96658360254504,nan,16.96658360254504,nan,nan,0.0,0.0,0.0,0.0,84.58223388787067,0.0,0.0,209.25632549889107
B_ample_none_i2,B,,ample,none,2,M,13.182627006708586,13.182627006708586,30.918964962120274,13.35849413736401,13.396573698878015,28.0,3.8456251078714834,83.0,65.0,288.53065625022634,4.982496748931038,nan,nan,7.577056313731316,4.982496748931038,0.0,0.6045514484954853,12.5780755582131,0.0,37.257306994605955,60.39603752431134,190.87731173130905,0.0
B_ample_none_i2,B,,ample,none,2,R,32.93074093124263,32.93074093124263,58.387409325406416,13.595159424215034,71.78610992731156,41.0,12.552960982887825,95.0,65.0,263.06377572166303,4.982496748931038,27.168072882083703,9.486147117091075,nan,4.982496748931038,0.312316708749284,0.0,32.61842422249335,0.0,30.41975655275604,54.71046975070402,177.93354941820297,0.0
B_ample_none_i2,B,,ample,none,2,F,0.0,0.0,0.10382143997435297,0.7862495690905905,0.025187499999999908,0.0,0.0,3.0,65.0,288.60536708812697,7.577056313731316,27.168072882083703,nan,7.577056313731316,nan,0.0,0.0,0.0,0.0,31.066798402829306,54.128336460232674,203.410232225065,0.0
B_ample_none_i2,B,,ample,none,2,B,32.58087245903718,32.58087245903718,19.57609535451789,8.019022826610765,0.0073672113606861635,0.0,0.0,2.0,65.0,258.12369392107826,9.486147117091075,nan,9.486147117091075,nan,nan,0.1820618899573571,0.0,32.398810569079814,0.0,30.475554182969304,55.27560328571957,172.37253645238937,0.0
B_ample_prepare_i0,B,,ample,prepare,0,M,3.849149620615498,3.849149620615498,12.032020081901694,9.611642342541758,4.493637915211408,10.0,1.2628968900474975,60.0,0.0,296.36865023777324,8.368073733032684,nan,nan,8.368073733032684,9.002575693357368,0.0,0.026659481700434286,3.822490138915064,0.0,27.33738613262142,61.342578039163556,207.68868606598826,0.0
B_ample_prepare_i0,B,,ample,prepare,0,R,1.226335841052231,1.226335841052231,0.6165290299127114,2.77978526254448,0.03660874999999893,0.0,0.0,3.0,0.0,287.2800510374129,9.002575693357368,29.703391392859654,16.756261407235808,nan,9.002575693357368,0.0,0.8472891787597177,0.3790466622925132,0.0,22.708682831361045,53.301541982220414,211.26982622383142,0.0
B_ample_prepare_i0,B,,ample,prepare,0,F,1.1544896481720748,1.1544896481720748,1.4874506612792644,5.193971383454953,1.1736736003854564,0.0,0.0,32.0,0.0,287.2780981441186,8.368073733032684,29.703391392859654,nan,8.368073733032684,nan,0.0,1.058645102339929,0.09584454583214617,0.0,22.900526214448462,52.97137977890321,211.4061921507669,0.0
B_ample_prepare_i0,B,,ample,prepare,0,B,0.0,0.0,0.11190416443342778,0.9016540332945084,0.007721330492195478,0.0,0.0,2.0,0.0,292.72378963017707,16.756261407235808,nan,16.756261407235808,nan,nan,0.0,0.0,0.0,0.0,22.686828818062324,55.06877493664197,214.96818587547278,0.0
B_ample_prepare_i1,B,,ample,prepare,1,M,0.0,0.0,10.510282129300823,8.168145031359852,2.648907141496211,0.0,0.0,45.0,0.0,304.2132535475743,nan,nan,nan,nan,nan,0.0,0.0,0.0,0.0,99.14129335319134,0.0,0.0,205.07196019438297
B_ample_prepare_i1,B,,ample,prepare,1,R,1.3657207023529965,1.3657207023529965,0.6299704982421919,2.4868419765251417,0.010948124999999798,0.0,0.0,2.0,0.0,287.2801576193839,16.76891202963385,29.595889525240164,16.76891202963385,nan,nan,1.0751556869786338,0.0,0.0,0.2905650153743621,83.12507784986016,0.0,0.0,204.15507976952372
B_ample_prepare_i1,B,,ample,prepare,1,F,1.1544896481720748,1.1544896481720748,1.4874506612792644,5.193971383454953,1.1736736003854564,0.0,0.0,32.0,0.0,287.2780981441186,29.595889525240164,29.595889525240164,nan,nan,nan,1.0867768130388247,0.0,0.0,0.06771283513325041,83.04437208150512,0.0,0.0,204.23372606261347
B_ample_prepare_i1,B,,ample,prepare,1,B,0.0,0.0,0.12716581369563137,1.0253070552876673,0.012090571663026777,0.0,0.0,2.0,0.0,292.71124558975004,16.76891202963385,nan,16.76891202963385,nan,nan,0.0,0.0,0.0,0.0,85.0878776311029,0.0,0.0,207.62336795864715
B_ample_prepare_i2,B,,ample,prepare,2,M,16.140153059919342,16.140153059919342,34.790154485955455,13.348880059615253,15.302609999535482,32.0,4.217875289473179,81.0,76.0,284.78223668311466,3.6902048045332494,nan,nan,7.1768546592275415,3.6902048045332494,0.0,1.0333299376414298,15.106823122277932,0.0,37.25571230431915,59.1611046867569,188.3654196920386,0.0
B_ample_prepare_i2,B,,ample,prepare,2,R,41.14670175151044,41.14670175151044,62.99136823827548,14.052211285357163,87.4976381883772,47.0,15.956797451099506,90.0,76.0,251.14048552790746,3.6902048045332494,27.06300154552134,8.152328767774872,nan,3.6902048045332494,0.312316708749284,0.6653302198984589,40.16905482286269,0.0,30.415443455022285,53.40768285223416,167.317359220651,0.0
B_ample_prepare_i2,B,,ample,prepare,2,F,1.1544896481720748,1.1544896481720748,1.4874506612792644,5.193971383454953,1.1736736003854564,0.0,0.0,32.0,76.0,287.2780981441187,7.1768546592275415,27.06300154552134,nan,7.1768546592275415,nan,0.008169127461053981,1.081485631588193,0.06483488912282824,0.0,31.020216564323647,52.921338727523846,203.3365428522712,0.0
B_ample_prepare_i2,B,,ample,prepare,2,B,40.99568526542024,40.99568526542024,24.5056967136227,8.816504338628098,0.0073672113606861635,0.0,0.0,2.0,76.0,248.7693003843255,8.152328767774872,nan,8.152328767774872,nan,nan,0.1820618899573571,0.0,40.81362337546289,0.0,30.47549354239389,54.902369963901435,163.39143687803016,0.0
B_collaborative_none_i0,B,,collaborative,none,0,M,0.6405854512145531,0.6405854512145531,3.488315879189606,4.398977837990517,0.48198725006067017,0.0,0.0,20.0,0.0,295.4163815992558,nan,nan,nan,nan,nan,0.09553974784909747,0.0,0.0,0.5450457033654557,94.35277224192706,0.0,0.0,201.06360935732877
B_collaborative_none_i0,B,,collaborative,none,0,R,0.20467604650629484,0.20467604650629484,0.0015045626709390002,0.07346777556991216,0.0,0.0,0.0,0.0,0.0,287.8001256771638,16.423928246461468,21.2,16.423928246461468,nan,nan,0.14967265005664135,0.0,0.0,0.05500339644965351,86.24940800263121,0.0,0.0,201.5507176745326
B_collaborative_none_i0,B,,collaborative,none,0,F,0.0,0.0,0.0,0.0,0.0,0.0,0.0,0.0,0.0,287.99999999999784,21.2,21.2,nan,nan,nan,0.0,0.0,0.0,0.0,86.40000000000055,0.0,0.0,201.5999999999973
B_collaborative_none_i0,B,,collaborative,none,0,B,0.0,0.0,0.057021040794696935,0.512857266409219,0.006140323602705587,0.0,0.0,1.0,0.0,292.57619743070234,16.423928246461468,nan,16.423928246461468,nan,nan,0.0,0.0,0.0,0.0,87.74931665644883,0.0,0.0,204.8268807742535
B_collaborative_none_i1,B,,collaborative,none,1,M,0.0,0.0,4.51164852741321,4.982928435719402,1.0163729074902146,0.0,0.0,27.0,0.0,299.30381663203735,nan,nan,nan,nan,nan,0.0,0.0,0.0,0.0,97.21602273171172,0.0,0.0,202.08779390032564
B_collaborative_none_i1,B,,collaborative,none,1,R,0.33005063423220327,0.33005063423220327,0.038106282210277176,0.45404814788812753,0.0037499999999999647,0.0,0.0,1.0,0.0,287.8002216565712,16.4298871710895,21.07822293924178,16.4298871710895,nan,nan,0.23607723140078404,0.0,0.0,0.09397340283141933,86.28413111954364,0.0,0.0,201.51609053702754
B_collaborative_none_i1,B,,collaborative,none,1,F,0.0,0.0,0.0,0.0,0.0,0.0,0.0,0.0,0.0,287.99999999999784,21.07822293924178,21.07822293924178,nan,nan,nan,0.0,0.0,0.0,0.0,86.40000000000055,0.0,0.0,201.5999999999973
B_collaborative_none_i1,B,,collaborative,none,1,B,0.0,0.0,0.06441122436882048,0.5902344985137361,0.010617565247425402,0.0,0.0,2.0,0.0,292.5703344854817,16.4298871710895,nan,16.4298871710895,nan,nan,0.0,0.0,0.0,0.0,87.78275097712279,0.0,0.0,204.7875835083589
B_collaborative_none_i2,B,,collaborative,none,2,M,1.1869584759206195,1.1869584759206195,4.227201553553377,5.014009178512227,0.6594881790563337,0.0,0.0,23.0,0.0,295.1645463882852,nan,nan,nan,nan,nan,0.23601265790477602,0.0,0.0,0.9509458180158434,95.40072053201371,0.0,0.0,199.7638258562715
B_collaborative_none_i2,B,,collaborative,none,2,R,3.2783971646312513,3.2783971646312513,0.2626719533317001,1.9000288579208444,0.05066305000000049,0.0,0.0,4.0,0.0,284.80170382568537,16.389304332473568,18.229843749999997,16.389304332473568,nan,nan,2.54848458144263,0.0,0.0,0.7299125831886242,84.75421187842261,0.0,0.0,200.04749194726276
B_collaborative_none_i2,B,,collaborative,none,2,F,0.0,0.0,0.0,0.0,0.0,0.0,0.0,0.0,0.0,287.9999999999979,18.229843749999997,18.229843749999997,nan,nan,nan,0.0,0.0,0.0,0.0,87.30000000000055,0.0,0.0,200.69999999999735
B_collaborative_none_i2,B,,collaborative,none,2,B,0.21288917499999924,0.21288917499999924,0.08859890961364408,0.7355617730740615,0.005713985776106778,0.0,0.0,1.0,0.0,290.1123994932118,16.389304332473568,nan,16.389304332473568,nan,nan,0.21288917499999924,0.0,0.0,0.0,87.27238518243232,0.0,0.0,202.84001431077948
B_collaborative_prepare_i0,B,,collaborative,prepare,0,M,1.6340698982783968,1.6340698982783968,4.578513158986418,5.2420803334328765,0.5665772989129069,0.0,0.0,22.0,0.0,293.78518756231244,nan,nan,nan,nan,nan,0.5001545578872263,0.0,0.0,1.1339153403911706,94.19978719013054,0.0,0.0,199.5854003721819
B_collaborative_prepare_i0,B,,collaborative,prepare,0,R,1.6765696418929725,1.6765696418929725,0.5013803498642604,1.8639444187641292,6.938893903907229e-19,0.0,0.0,0.0,0.0,286.5051354795523,16.263499321818482,20.782217585992665,16.263499321818482,nan,nan,1.467115936380815,0.0,0.0,0.20945370551215775,85.82603207632215,0.0,0.0,200.67910340323013
B_collaborative_prepare_i0,B,,collaborative,prepare,0,F,1.2972109757490844,1.2972109757490844,1.2654641879659725,4.565420960203316,1.1492918068214655,0.0,0.0,29.0,0.0,286.70278894179626,20.782217585992665,20.782217585992665,nan,nan,nan,1.2348546121087627,0.0,0.0,0.06235636364031942,86.06382023270945,0.0,0.0,200.6389687090868
B_collaborative_prepare_i0,B,,collaborative,prepare,0,B,0.0,0.0,0.08755752855027422,0.9844243244069072,0.006140323602705587,0.0,0.0,1.0,0.0,291.4416361577338,16.263499321818482,nan,16.263499321818482,nan,nan,0.0,0.0,0.0,0.0,88.16172130181647,0.0,0.0,203.27991485591733
B_collaborative_prepare_i1,B,,collaborative,prepare,1,M,0.11390011401030178,0.11390011401030178,4.801134271852085,5.550161970931664,1.080074432391701,0.0,0.0,28.0,0.0,297.6775723375023,nan,nan,nan,nan,nan,0.0,0.0,0.0,0.11390011401030178,97.0906216931809,0.0,0.0,200.58695064432138
B_collaborative_prepare_i1,B,,collaborative,prepare,1,R,1.795305593527225,1.795305593527225,0.5862762524400827,2.1141135128699178,0.0037499999999999656,0.0,0.0,1.0,0.0,286.50523145896,16.27370530986543,20.68122797238558,16.27370530986543,nan,nan,1.554847564940658,0.0,0.0,0.2404580285865664,85.85942682253227,0.0,0.0,200.64580463642773
B_collaborative_prepare_i1,B,,collaborative,prepare,1,F,1.2972109757490844,1.2972109757490844,1.2654641879659725,4.565420960203316,1.1492918068214655,0.0,0.0,29.0,0.0,286.70278894179626,20.68122797238558,20.68122797238558,nan,nan,nan,1.2348546121087627,0.0,0.0,0.06235636364031942,86.06382023270945,0.0,0.0,200.6389687090868
B_collaborative_prepare_i1,B,,collaborative,prepare,1,B,0.0,0.0,0.1040036016961127,1.0992652539526,0.010617565247425402,0.0,0.0,2.0,0.0,291.43152614909457,16.27370530986543,nan,16.27370530986543,nan,nan,0.0,0.0,0.0,0.0,88.18986084251341,0.0,0.0,203.24166530658115
B_collaborative_prepare_i2,B,,collaborative,prepare,2,M,2.2706268266777996,2.2706268266777996,5.435089578163159,5.924368692241606,0.7606747565361833,0.0,0.0,24.0,0.0,293.48962184989205,nan,nan,nan,nan,nan,0.7172955145909763,0.0,0.0,1.5533313120868244,95.21759191073039,0.0,0.0,198.27202993916165
B_collaborative_prepare_i2,B,,collaborative,prepare,2,R,4.692771135244017,4.692771135244017,1.2106875920305857,3.5940866977669246,0.05066305000000049,0.0,0.0,4.0,0.0,283.5067136280742,16.276303755683625,18.229843749999997,16.276303755683625,nan,nan,3.90059911930981,0.0,0.0,0.7921720159342079,84.29667953891013,0.0,0.0,199.21003408916405
B_collaborative_prepare_i2,B,,collaborative,prepare,2,F,1.2972109757490844,1.2972109757490844,1.2654641879659725,4.565420960203316,1.1492918068214655,0.0,0.0,29.0,0.0,286.70278894179614,18.229843749999997,18.229843749999997,nan,nan,nan,1.2375049224728207,0.0,0.0,0.05970605327626136,86.96122624144061,0.0,0.0,199.74156270035553
B_collaborative_prepare_i2,B,,collaborative,prepare,2,B,0.9476504102155732,0.9476504102155732,0.1949699797643038,1.3101963284903584,0.005713985776106778,0.0,0.0,1.0,0.0,288.93040987239056,16.276303755683625,nan,16.276303755683625,nan,nan,0.6404969499823872,0.0,0.0,0.30715346023318607,87.60992672679228,0.0,0.0,201.32048314559827
B_short_window_none_i0,B,,short_window,none,0,M,4.309823849523986,4.309823849523986,5.6462053180790255,5.4825370855925755,0.6209155796877399,0.0,0.0,22.0,0.0,288.4476607776912,nan,nan,nan,nan,nan,2.054413983953078,0.0,0.0,2.2554098655709085,92.66422659373094,0.0,0.0,195.78343418396028
B_short_window_none_i0,B,,short_window,none,0,R,8.614602370347285,8.614602370347285,3.566398423084857,3.486803472060964,0.06440956249999774,0.0,0.0,6.0,0.0,279.8054193340022,12.987126137708454,12.987126137708454,14.799272435517889,nan,nan,6.557145589788014,0.0,0.0,2.057456780559269,83.61951021484543,0.0,0.0,196.18590911915675
B_short_window_none_i0,B,,short_window,none,0,F,0.0,0.0,0.0,0.0,0.0,0.0,0.0,0.0,0.0,287.99999999999795,12.987126137708454,12.987126137708454,nan,nan,nan,0.0,0.0,0.0,0.0,90.00000000000057,0.0,0.0,197.99999999999739
B_short_window_none_i0,B,,short_window,none,0,B,4.950516806185935,4.950516806185935,0.9524758440516207,2.5049619357250124,0.014562844756416931,0.0,0.0,2.0,0.0,283.84212555469674,14.799272435517889,nan,14.799272435517889,nan,nan,2.281183314900996,0.0,0.0,2.6693334912849354,87.91352535475451,0.0,0.0,195.92860019994222
B_short_window_none_i1,B,,short_window,none,1,M,1.7684827118463649,1.7684827118463649,3.9671685941162136,6.119022213470551,0.8715991961938719,0.0,0.0,27.0,0.0,292.18370322693636,nan,nan,nan,nan,nan,0.4528329449796461,0.0,0.0,1.3156497668667189,95.47859697779637,0.0,0.0,196.70510624914
B_short_window_none_i1,B,,short_window,none,1,R,8.753709634222187,8.753709634222187,4.152046031296975,3.793692641013041,0.14007659999999456,0.0,0.0,8.0,0.0,279.80555000236984,12.853083217585333,12.853083217585333,14.813830024680168,nan,nan,6.64844817064771,0.0,0.0,2.1052614635744797,83.661598291741,0.0,0.0,196.14395171062884
B_short_window_none_i1,B,,short_window,none,1,F,0.0,0.0,0.0,0.0,0.0,0.0,0.0,0.0,0.0,287.99999999999795,12.853083217585333,12.853083217585333,nan,nan,nan,0.0,0.0,0.0,0.0,90.00000000000057,0.0,0.0,197.99999999999739
B_short_window_none_i1,B,,short_window,none,1,B,5.037049675557951,5.037049675557951,1.0380647864504975,2.6528141391858475,0.01842156096333897,0.0,0.0,2.0,0.0,283.8153616707474,14.813830024680168,nan,14.813830024680168,nan,nan,2.30353403714816,0.0,0.0,2.7335156384097914,87.93771645684413,0.0,0.0,195.87764521390326
B_short_window_none_i2,B,,short_window,none,2,M,5.0318003778498825,5.0318003778498825,6.439301939315223,6.014672798475035,0.76812846140798,0.0,0.0,24.0,0.0,288.0192204736438,nan,nan,nan,nan,nan,2.3506193900851864,0.0,0.0,2.681180987764692,93.55558681061828,0.0,0.0,194.46363366302555
B_short_window_none_i2,B,,short_window,none,2,R,11.462607302591017,11.462607302591017,4.51798500570509,4.24672822277677,1.7347234759768072e-19,0.0,0.0,0.0,0.0,276.80699083785436,10.204875000000012,10.204875000000012,14.484497821032289,nan,nan,8.89210521387794,0.0,0.0,2.5705020887130816,81.96448855069997,0.0,0.0,194.8425022871544
B_short_window_none_i2,B,,short_window,none,2,F,0.0,0.0,0.0,0.0,0.0,0.0,0.0,0.0,0.0,287.999999999998,10.204875000000012,10.204875000000012,nan,nan,nan,0.0,0.0,0.0,0.0,90.90000000000057,0.0,0.0,197.09999999999744
B_short_window_none_i2,B,,short_window,none,2,B,7.441836192508439,7.441836192508439,1.3926907235180264,2.958532885692735,0.014317983593016493,0.0,0.0,2.0,0.0,281.1792863065628,14.484497821032289,nan,14.484497821032289,nan,nan,3.760562490723644,0.0,0.0,3.6812737017847894,87.10839496583642,0.0,0.0,194.07089134072638
B_short_window_prepare_i0,B,,short_window,prepare,0,M,5.891402250462456,5.891402250462456,7.31303905290665,6.460560689389556,0.7020425897028003,0.0,0.0,22.0,0.0,286.7138377287797,nan,nan,nan,nan,nan,3.0920987594504186,0.0,0.0,2.799303491012045,92.36464330149903,0.0,0.0,194.34919442728068
B_short_window_prepare_i0,B,,short_window,prepare,0,R,10.011392846453989,10.011392846453989,5.8355125730807025,4.72809667322813,0.07741805426129035,0.0,0.0,16.0,0.0,278.5104549393181,12.987126137708454,12.987126137708454,14.358557115843478,nan,nan,7.998276571715064,0.0,0.0,2.013116274738926,83.07434291040644,0.0,0.0,195.43611202891165
B_short_window_prepare_i0,B,,short_window,prepare,0,F,1.2972109757490844,1.2972109757490844,1.2654641879659725,4.565420960203316,1.1492918068214655,0.0,0.0,29.0,0.0,286.70278894179614,12.987126137708454,12.987126137708454,nan,nan,nan,1.2447989694618093,0.0,0.0,0.05241200628727293,89.65408719295016,0.0,0.0,197.04870174884599
B_short_window_prepare_i0,B,,short_window,prepare,0,B,6.4012694904725125,6.4012694904725125,1.7080085275733325,3.336315929571641,0.014562844756416931,0.0,0.0,2.0,0.0,282.4649928374181,14.358557115843478,nan,14.358557115843478,nan,nan,3.1879834364956596,0.0,0.0,3.213286053976852,87.8975454018535,0.0,0.0,194.5674474355646
B_short_window_prepare_i1,B,,short_window,prepare,1,M,2.9253239793040584,2.9253239793040584,4.9689014929323605,7.276113975137633,0.9636561236571457,0.0,0.0,28.0,0.0,290.4609420773616,nan,nan,nan,nan,nan,1.0364885241372699,0.0,0.0,1.8888354551667905,95.21887377034173,0.0,0.0,195.24206830701988
B_short_window_prepare_i1,B,,short_window,prepare,1,R,10.150915041608737,10.150915041608737,6.500312201835731,4.886053209624337,0.1582553583402541,0.0,0.0,18.0,0.0,278.5105963392965,12.853083217585333,12.853083217585333,14.375875212620695,nan,nan,8.09471007434534,0.0,0.0,2.0562049672633984,83.11132804184217,0.0,0.0,195.39926829745434
B_short_window_prepare_i1,B,,short_window,prepare,1,F,1.2972109757490844,1.2972109757490844,1.2654641879659725,4.565420960203316,1.1492918068214655,0.0,0.0,29.0,0.0,286.70278894179614,12.853083217585333,12.853083217585333,nan,nan,nan,1.2447989694618093,0.0,0.0,0.05241200628727293,89.65408719295016,0.0,0.0,197.04870174884599
B_short_window_prepare_i1,B,,short_window,prepare,1,B,6.494019675483854,6.494019675483854,1.8226802099170298,3.4863881791877196,0.01842156096333897,0.0,0.0,2.0,0.0,282.43329525483966,14.375875212620695,nan,14.375875212620695,nan,nan,3.215439227477409,0.0,0.0,3.2785804480064438,87.91594889739204,0.0,0.0,194.51734635744762
B_short_window_prepare_i2,B,,short_window,prepare,2,M,6.65332404850788,6.65332404850788,8.28208154306473,7.096359241937328,0.8535533152525884,0.0,0.0,25.0,0.0,286.2233828473855,nan,nan,nan,nan,nan,3.4201827306184236,0.0,0.0,3.233141317889459,93.20189689543136,0.0,0.0,193.02148595195413
B_short_window_prepare_i2,B,,short_window,prepare,2,R,12.87032723458547,12.87032723458547,7.448545037617961,5.80068535726378,0.1203398115474178,0.0,0.0,15.0,0.0,275.51227659810223,10.204875000000012,10.204875000000012,14.030760777330624,nan,nan,10.433238417288713,0.0,0.0,2.437088817296759,81.31994456748183,0.0,0.0,194.1923320306204
B_short_window_prepare_i2,B,,short_window,prepare,2,F,1.2972109757490844,1.2972109757490844,1.2654641879659725,4.565420960203316,1.1492918068214655,0.0,0.0,29.0,0.0,286.70278894179626,10.204875000000012,10.204875000000012,nan,nan,nan,1.247026644638363,0.0,0.0,0.050184331110719266,90.5519068558711,0.0,0.0,196.15088208592516
B_short_window_prepare_i2,B,,short_window,prepare,2,B,9.000920320566111,9.000920320566111,2.3929626069853267,3.8371402688856167,0.014317983593016493,0.0,0.0,2.0,0.0,279.72601343562474,14.030760777330624,nan,14.030760777330624,nan,nan,4.774902972851154,0.0,0.0,4.226017347714958,86.98518742962906,0.0,0.0,192.74082600599567
C_ample_none_i0,C,,ample,none,0,M,0.0,0.0,5.285000659286304,4.9724618767556334,1.206324700975357,4.0,0.48915883257488235,32.0,0.0,301.4896007733501,8.315766314776862,nan,nan,8.315766314776862,9.00238968855454,0.0,0.0,0.0,0.0,27.33723624229019,62.324874963679534,211.82748956738038,0.0
C_ample_none_i0,C,,ample,none,0,R,0.07370716413856936,0.07370716413856936,0.09317853302510183,1.1190198458324843,0.03660874999999893,0.0,0.0,3.0,0.0,288.6050364073361,9.00238968855454,30.119785300417856,16.958689335925225,nan,9.00238968855454,0.0,0.0,0.07370716413856936,0.0,22.708682831361045,54.45607029812058,211.4402832778545,0.0
C_ample_none_i0,C,,ample,none,0,F,0.0,0.0,0.10382143997435297,0.7862495690905905,0.025187499999999908,0.0,0.0,3.0,0.0,288.60536708812697,8.315766314776862,30.119785300417856,nan,8.315766314776862,nan,0.0,0.0,0.0,0.0,22.900526214448462,54.18971471278769,211.51512616089082,0.0
C_ample_none_i0,C,,ample,none,0,B,0.0,0.0,0.10568992120017912,0.5725268967383365,0.007721330492195478,0.0,0.0,2.0,0.0,293.8463470714109,16.958689335925225,nan,16.958689335925225,nan,nan,0.0,0.0,0.0,0.0,22.686828818062324,55.379266994247686,215.78025125910088,0.0
C_ample_none_i1,C,,ample,none,1,M,0.0,0.0,9.419530670800022,7.676242366384333,2.2435277001017973,0.0,0.0,41.0,0.0,305.70091334446715,nan,nan,nan,nan,nan,0.0,0.0,0.0,0.0,99.83714534683753,0.0,0.0,205.86376799762962
C_ample_none_i1,C,,ample,none,1,R,0.11918877726522706,0.11918877726522706,0.051703931175041164,0.8203052711503841,0.010948124999999798,0.0,0.0,2.0,0.0,288.6051429893068,16.96658360254504,30.064945544447976,16.96658360254504,nan,nan,0.0037369591371133382,0.0,0.0,0.11545181812811374,84.41779962919648,0.0,0.0,204.1873433601103
C_ample_none_i1,C,,ample,none,1,F,0.0,0.0,0.10382143997435297,0.7862495690905905,0.025187499999999908,0.0,0.0,3.0,0.0,288.60536708812697,30.064945544447976,30.064945544447976,nan,nan,nan,0.0,0.0,0.0,0.0,84.29468066638327,0.0,0.0,204.3106864217437
C_ample_none_i1,C,,ample,none,1,B,0.0,0.0,0.11283299574215308,0.656460046249399,0.012090571663026777,0.0,0.0,2.0,0.0,293.83855938676174,16.96658360254504,nan,16.96658360254504,nan,nan,0.0,0.0,0.0,0.0,85.50734804907025,0.0,0.0,208.3312113376915
C_ample_none_i2,C,,ample,none,2,M,13.355763469162657,13.355763469162657,31.115724931154013,13.334218041052157,13.52365980592923,28.0,3.89918748704257,83.0,66.0,288.2887702393468,4.775814532115857,nan,nan,7.644768872494621,4.775814532115857,0.0,0.6273547603091125,12.728408708853546,0.0,37.25260430452846,60.30815131546521,190.7280146193531,0.0
C_ample_none_i2,C,,ample,none,2,R,32.93074093124263,32.93074093124263,58.387409325406416,13.595159424215034,71.78610992731156,41.0,12.552960982887825,95.0,66.0,263.06377572166303,4.775814532115857,27.168072882083703,9.486147117091075,nan,4.775814532115857,0.312316708749284,0.0,32.61842422249335,0.0,30.41975655275604,54.71046975070402,177.93354941820297,0.0
C_ample_none_i2,C,,ample,none,2,F,0.0,0.0,0.10382143997435297,0.7862495690905905,0.025187499999999908,0.0,0.0,3.0,66.0,288.60536708812697,7.644768872494621,27.168072882083703,nan,7.644768872494621,nan,0.0,0.0,0.0,0.0,31.066798402829306,54.128336460232674,203.410232225065,0.0
C_ample_none_i2,C,,ample,none,2,B,32.58087245903718,32.58087245903718,19.57609535451789,8.019022826610765,0.0073672113606861635,0.0,0.0,2.0,66.0,258.12369392107826,9.486147117091075,nan,9.486147117091075,nan,nan,0.1820618899573571,0.0,32.398810569079814,0.0,30.475554182969304,55.27560328571957,172.37253645238937,0.0
C_ample_prepare_i0,C,,ample,prepare,0,M,3.844624632291526,3.844624632291526,12.017521611546528,9.603649710806236,4.487995711283721,10.0,1.2636135144979497,60.0,0.0,296.3687233932777,8.372533227032118,nan,nan,8.372533227032118,9.00238968855454,0.0,0.02669300215976236,3.817931630131764,0.0,27.33723624229019,61.33824111365301,207.69324603733452,0.0
C_ample_prepare_i0,C,,ample,prepare,0,R,1.226335841052231,1.226335841052231,0.6165290299127114,2.77978526254448,0.03660874999999893,0.0,0.0,3.0,0.0,287.2800510374129,9.00238968855454,29.703391392859654,16.756261407235808,nan,9.00238968855454,0.0,0.8472891787597177,0.3790466622925132,0.0,22.708682831361045,53.301541982220414,211.26982622383142,0.0
C_ample_prepare_i0,C,,ample,prepare,0,F,1.1544896481720748,1.1544896481720748,1.4874506612792644,5.193971383454953,1.1736736003854564,0.0,0.0,32.0,0.0,287.2780981441186,8.372533227032118,29.703391392859654,nan,8.372533227032118,nan,0.0,1.058645102339929,0.09584454583214617,0.0,22.900526214448462,52.97137977890321,211.4061921507669,0.0
C_ample_prepare_i0,C,,ample,prepare,0,B,0.0,0.0,0.11190416443342778,0.9016540332945084,0.007721330492195478,0.0,0.0,2.0,0.0,292.72378963017707,16.756261407235808,nan,16.756261407235808,nan,nan,0.0,0.0,0.0,0.0,22.686828818062324,55.06877493664197,214.96818587547278,0.0
C_ample_prepare_i1,C,,ample,prepare,1,M,0.0,0.0,9.21339484209819,7.795207974985713,2.192596076976765,0.0,0.0,40.0,0.0,303.88311018485854,nan,nan,nan,nan,nan,0.0,0.0,0.0,0.0,99.69269811394477,0.0,0.0,204.19041207091377
C_ample_prepare_i1,C,,ample,prepare,1,R,1.3657207023529965,1.3657207023529965,0.6299704982421919,2.4868419765251417,0.010948124999999798,0.0,0.0,2.0,0.0,287.2801576193839,16.76891202963385,29.595889525240164,16.76891202963385,nan,nan,1.0906848031457304,0.0,0.0,0.2750358992072656,84.00982062477439,0.0,0.0,203.2703369946095
C_ample_prepare_i1,C,,ample,prepare,1,F,1.1544896481720748,1.1544896481720748,1.4874506612792644,5.193971383454953,1.1736736003854564,0.0,0.0,32.0,0.0,287.2780981441186,29.595889525240164,29.595889525240164,nan,nan,nan,1.089654759049247,0.0,0.0,0.06483488912282824,83.94155529184744,0.0,0.0,203.33654285227115
C_ample_prepare_i1,C,,ample,prepare,1,B,0.0,0.0,0.12716581369563137,1.0253070552876673,0.012090571663026777,0.0,0.0,2.0,0.0,292.71124558975004,16.76891202963385,nan,16.76891202963385,nan,nan,0.0,0.0,0.0,0.0,85.99981342271833,0.0,0.0,206.7114321670317
C_ample_prepare_i2,C,,ample,prepare,2,M,15.317526758926654,15.317526758926654,33.56177068896632,13.329976594918888,14.590442635982372,31.0,4.020934512803524,80.0,75.0,285.56460769317397,4.035892819748551,nan,nan,7.217765923675171,4.035892819748551,0.0,1.042237746104858,14.275289012821798,0.0,37.25102209226708,59.11708714762776,189.19649845327913,0.0
C_ample_prepare_i2,C,,ample,prepare,2,R,38.269406940128164,38.269406940128164,61.72290757874515,14.052211285357163,81.64806560345494,45.0,14.74876269514505,90.0,75.0,255.01925713162547,4.035892819748551,27.06300154552134,8.553376044291934,nan,4.035892819748551,0.312316708749284,0.6653302198984589,37.29176001148042,0.0,30.415443455022285,53.40768285223416,171.19613082436902,0.0
C_ample_prepare_i2,C,,ample,prepare,2,F,1.1544896481720748,1.1544896481720748,1.4874506612792644,5.193971383454953,1.1736736003854564,0.0,0.0,32.0,75.0,287.2780981441187,7.217765923675171,27.06300154552134,nan,7.217765923675171,nan,0.008169127461053981,1.081485631588193,0.06483488912282824,0.0,31.020216564323647,52.921338727523846,203.3365428522712,0.0
C_ample_prepare_i2,C,,ample,prepare,2,B,38.03803071647377,38.03803071647377,22.644513125206647,8.59780803672294,0.0073672113606861635,0.0,0.0,2.0,75.0,251.75561192237393,8.553376044291934,nan,8.553376044291934,nan,nan,0.1820618899573571,0.0,37.85596882651642,0.0,30.47549354239389,54.902369963901435,166.3777484160786,0.0
C_collaborative_none_i0,C,,collaborative,none,0,M,0.6454040514475023,0.6454040514475023,3.498160269066476,4.412446607046554,0.48547391304523074,0.0,0.0,20.0,0.0,295.4287058243406,nan,nan,nan,nan,nan,0.09622656526826194,0.0,0.0,0.5491774861792403,94.36917524468495,0.0,0.0,201.05953057965567
C_collaborative_none_i0,C,,collaborative,none,0,R,0.20467621838209565,0.20467621838209565,0.0015046701834080785,0.07346041592124089,0.0,0.0,0.0,0.0,0.0,287.80012568175044,16.423928263043944,21.2,16.423928263043944,nan,nan,0.14966729389323272,0.0,0.0,0.05500892448886303,86.24941328972659,0.0,0.0,201.55071239202385
C_collaborative_none_i0,C,,collaborative,none,0,F,0.0,0.0,0.0,0.0,0.0,0.0,0.0,0.0,0.0,287.99999999999784,21.2,21.2,nan,nan,nan,0.0,0.0,0.0,0.0,86.40000000000055,0.0,0.0,201.5999999999973
C_collaborative_none_i0,C,,collaborative,none,0,B,0.0,0.0,0.05702142359936925,0.5128570189109019,0.006140323602705587,0.0,0.0,1.0,0.0,292.5761974187065,16.423928263043944,nan,16.423928263043944,nan,nan,0.0,0.0,0.0,0.0,87.74932086204782,0.0,0.0,204.82687655665868
C_collaborative_none_i1,C,,collaborative,none,1,M,0.0,0.0,4.226414595761676,4.868859316097058,0.9271517088680858,0.0,0.0,26.0,0.0,299.21831421066867,nan,nan,nan,nan,nan,0.0,0.0,0.0,0.0,97.09770201139705,0.0,0.0,202.12061219927162
C_collaborative_none_i1,C,,collaborative,none,1,R,0.3300878976343679,0.3300878976343679,0.03802311373657618,0.4539125344541088,0.0037499999999999647,0.0,0.0,1.0,0.0,287.80022119116546,16.429879068884087,21.07816969833075,16.429879068884087,nan,nan,0.23546286471062258,0.0,0.0,0.09462503292374544,86.28479699344254,0.0,0.0,201.51542419772292
C_collaborative_none_i1,C,,collaborative,none,1,F,0.0,0.0,0.0,0.0,0.0,0.0,0.0,0.0,0.0,287.99999999999784,21.07816969833075,21.07816969833075,nan,nan,nan,0.0,0.0,0.0,0.0,86.40000000000055,0.0,0.0,201.5999999999973
C_collaborative_none_i1,C,,collaborative,none,1,B,0.0,0.0,0.06442964862763574,0.5902119188134725,0.010617565247425402,0.0,0.0,2.0,0.0,292.5703421222814,16.429879068884087,nan,16.429879068884087,nan,nan,0.0,0.0,0.0,0.0,87.78311751424027,0.0,0.0,204.7872246080411
C_collaborative_none_i2,C,,collaborative,none,2,M,1.1805992739625606,1.1805992739625606,4.210971771730159,4.931502336610506,0.6466331524409629,0.0,0.0,23.0,0.0,295.18604651838183,nan,nan,nan,nan,nan,0.23195752742117598,0.0,0.0,0.948641746541385,95.42000159774625,0.0,0.0,199.76604492063558
C_collaborative_none_i2,C,,collaborative,none,2,R,3.2762676941163513,3.2762676941163513,0.24438151095087388,1.8034132928970315,0.050676984961000274,0.0,0.0,4.0,0.0,284.8016305442635,16.387393392902208,18.229843749999997,16.387393392902208,nan,nan,2.4791272188466342,0.0,0.0,0.797140475269717,84.8230848417513,0.0,0.0,199.9785457025122
C_collaborative_none_i2,C,,collaborative,none,2,F,0.0,0.0,0.0,0.0,0.0,0.0,0.0,0.0,0.0,287.9999999999979,18.229843749999997,18.229843749999997,nan,nan,nan,0.0,0.0,0.0,0.0,87.30000000000055,0.0,0.0,200.69999999999735
C_collaborative_none_i2,C,,collaborative,none,2,B,0.21264647430525888,0.21264647430525888,0.08894670391812501,0.7297073101021113,0.005713985776106778,0.0,0.0,1.0,0.0,290.1142371513613,16.387393392902208,nan,16.387393392902208,nan,nan,0.21264647430525888,0.0,0.0,0.0,87.31022569513974,0.0,0.0,202.80401145622156
C_collaborative_prepare_i0,C,,collaborative,prepare,0,M,1.6392550833827215,1.6392550833827215,4.5903139572046925,5.254389969762839,0.5703942218727233,0.0,0.0,22.0,0.0,293.79659456719924,nan,nan,nan,nan,nan,0.5005064920339688,0.0,0.0,1.1387485913487525,94.21597177408367,0.0,0.0,199.58062279311557
C_collaborative_prepare_i0,C,,collaborative,prepare,0,R,1.6764722568595858,1.6764722568595858,0.5010521898651331,1.8631434823147843,0.0,0.0,0.0,0.0,0.0,286.5051351944317,16.263483995490343,20.782097903428603,16.263483995490343,nan,nan,1.4669078680351717,0.0,0.0,0.20956438882441442,85.82623889884286,0.0,0.0,200.67889629558886
C_collaborative_prepare_i0,C,,collaborative,prepare,0,F,1.2972109757490844,1.2972109757490844,1.2654641879659725,4.565420960203316,1.1492918068214655,0.0,0.0,29.0,0.0,286.70278894179626,20.782097903428603,20.782097903428603,nan,nan,nan,1.2348546121087627,0.0,0.0,0.06235636364031942,86.06382023270945,0.0,0.0,200.6389687090868
C_collaborative_prepare_i0,C,,collaborative,prepare,0,B,0.0,0.0,0.08753582997112332,0.9842545995020315,0.006140323602705587,0.0,0.0,1.0,0.0,291.4416511989414,16.263483995490343,nan,16.263483995490343,nan,nan,0.0,0.0,0.0,0.0,88.16183523333484,0.0,0.0,203.27981596560653
C_collaborative_prepare_i1,C,,collaborative,prepare,1,M,0.12409402750007535,0.12409402750007535,4.514630219345979,5.438802811757457,0.9790641462145178,0.0,0.0,26.0,0.0,297.5439817582582,nan,nan,nan,nan,nan,0.0,0.0,0.0,0.12409402750007535,97.8677278541588,0.0,0.0,199.6762539040994
C_collaborative_prepare_i1,C,,collaborative,prepare,1,R,1.7950203001036986,1.7950203001036986,0.5853451775877119,2.112480704231271,0.0037499999999999647,0.0,0.0,1.0,0.0,286.5052306600312,16.273655206850048,20.68052194862683,16.273655206850048,nan,nan,1.5690503829095652,0.0,0.0,0.22596991719413376,86.74558559986502,0.0,0.0,199.75964506016618
C_collaborative_prepare_i1,C,,collaborative,prepare,1,F,1.2972109757490844,1.2972109757490844,1.2654641879659725,4.565420960203316,1.1492918068214655,0.0,0.0,29.0,0.0,286.70278894179626,20.68052194862683,20.68052194862683,nan,nan,nan,1.2375049224728207,0.0,0.0,0.05970605327626136,86.96122624144061,0.0,0.0,199.74156270035564
C_collaborative_prepare_i1,C,,collaborative,prepare,1,B,0.0,0.0,0.10394599714990564,1.0987924703064622,0.010617565247425402,0.0,0.0,2.0,0.0,291.43157545318115,16.273655206850048,nan,16.273655206850048,nan,nan,0.0,0.0,0.0,0.0,89.09478792106299,0.0,0.0,202.33678753211817
C_collaborative_prepare_i2,C,,collaborative,prepare,2,M,2.2597850415146854,2.2597850415146854,5.413793263525218,5.858033601395968,0.7473683801726515,0.0,0.0,24.0,0.0,293.51297821503687,nan,nan,nan,nan,nan,0.7087890479622595,0.0,0.0,1.5509959935524231,95.23870910459615,0.0,0.0,198.2742691104407
C_collaborative_prepare_i2,C,,collaborative,prepare,2,R,4.6805245917041045,4.6805245917041045,1.110961915698091,3.461105481482483,0.050676984961000274,0.0,0.0,4.0,0.0,283.5066282392525,16.270594272328264,18.229843749999997,16.270594272328264,nan,nan,3.826066633364482,0.0,0.0,0.8544579583396252,84.3706862503204,0.0,0.0,199.1359419889321
C_collaborative_prepare_i2,C,,collaborative,prepare,2,F,1.2972109757490844,1.2972109757490844,1.2654641879659725,4.565420960203316,1.1492918068214655,0.0,0.0,29.0,0.0,286.70278894179614,18.229843749999997,18.229843749999997,nan,nan,nan,1.2375049224728207,0.0,0.0,0.05970605327626136,86.96122624144061,0.0,0.0,199.74156270035553
C_collaborative_prepare_i2,C,,collaborative,prepare,2,B,0.9128180080382927,0.9128180080382927,0.18633773931519151,1.2671398946727606,0.005713985776106778,0.0,0.0,1.0,0.0,288.93603396692424,16.270594272328264,nan,16.270594272328264,nan,nan,0.6016735547610119,0.0,0.0,0.31114445327728085,87.65567728306507,0.0,0.0,201.28035668385917
C_short_window_none_i0,C,,short_window,none,0,M,3.8985173061807834,3.8985173061807834,5.255491859184735,5.338200943783631,0.6576123023471973,0.0,0.0,23.0,0.0,288.95171779556574,nan,nan,nan,nan,nan,1.678828110002376,0.0,0.0,2.219689196178407,92.23454959509394,0.0,0.0,196.7171682004718
C_short_window_none_i0,C,,short_window,none,0,R,8.590627976330657,8.590627976330657,2.5859367762562924,3.0560495331478035,0.06336389073520302,0.0,0.0,6.0,0.0,279.80406255703315,12.984847962629427,12.984847962629427,14.73327991653839,nan,nan,5.6955092096715045,0.0,0.0,2.89511876665915,83.57848798288288,0.0,0.0,196.22557457415027
C_short_window_none_i0,C,,short_window,none,0,F,0.0,0.0,0.0,0.0,0.0,0.0,0.0,0.0,0.0,287.99999999999795,12.984847962629427,12.984847962629427,nan,nan,nan,0.0,0.0,0.0,0.0,89.10000000000056,0.0,0.0,198.8999999999974
C_short_window_none_i0,C,,short_window,none,0,B,4.784917310023492,4.784917310023492,0.7125707561304974,2.0834916674255064,0.014562844756416931,0.0,0.0,2.0,0.0,283.9097920043997,14.73327991653839,nan,14.73327991653839,nan,nan,1.6716395751709403,0.0,0.0,3.113277734852558,87.64591899851686,0.0,0.0,196.26387300588286
C_short_window_none_i1,C,,short_window,none,1,M,1.5465791281662835,1.5465791281662835,3.608045922357076,5.708036679514228,0.7823427299918847,0.0,0.0,26.0,0.0,292.58571053741673,nan,nan,nan,nan,nan,0.3185792179751763,0.0,0.0,1.227999910191107,95.79540810962152,0.0,0.0,196.7903024277952
C_short_window_none_i1,C,,short_window,none,1,R,8.729277213126663,8.729277213126663,3.0430232077688233,3.404921585905992,0.13701475671804117,0.0,0.0,8.0,0.0,279.8040629555185,12.849075405477219,12.849075405477219,14.74318524565454,nan,nan,5.821006816649663,0.0,0.0,2.908270396476996,84.48839240142496,0.0,0.0,195.31567055409351
C_short_window_none_i1,C,,short_window,none,1,F,0.0,0.0,0.0,0.0,0.0,0.0,0.0,0.0,0.0,287.99999999999795,12.849075405477219,12.849075405477219,nan,nan,nan,0.0,0.0,0.0,0.0,90.00000000000057,0.0,0.0,197.99999999999739
C_short_window_none_i1,C,,short_window,none,1,B,4.86200170838794,4.86200170838794,0.7715302889410355,2.209452160658368,0.01842156096333897,0.0,0.0,2.0,0.0,283.88896683861987,14.74318524565454,nan,14.74318524565454,nan,nan,1.7156645791165372,0.0,0.0,3.146337129271401,88.5530589458244,0.0,0.0,195.33590789279546
C_short_window_none_i2,C,,short_window,none,2,M,4.379593482234075,4.379593482234075,5.731591236556225,5.608329888336666,0.8196409212828474,0.0,0.0,24.0,0.0,288.82578745092866,nan,nan,nan,nan,nan,1.7749539326720336,0.0,0.0,2.604639549562049,93.38928707215081,0.0,0.0,195.43650037877785
C_short_window_none_i2,C,,short_window,none,2,R,11.415272082540845,11.415272082540845,2.6813804536787984,3.314249075202873,1.7347234759768072e-19,0.0,0.0,0.0,0.0,276.8040431746226,10.204875000000012,10.204875000000012,14.418786472345896,nan,nan,7.414948882188271,0.0,0.0,4.000323200352574,82.5338513920596,0.0,0.0,194.27019178256302
C_short_window_none_i2,C,,short_window,none,2,F,0.0,0.0,0.0,0.0,0.0,0.0,0.0,0.0,0.0,287.999999999998,10.204875000000012,10.204875000000012,nan,nan,nan,0.0,0.0,0.0,0.0,90.00000000000057,0.0,0.0,197.99999999999744
C_short_window_none_i2,C,,short_window,none,2,B,7.116252239940892,7.116252239940892,0.9068927938345678,2.2665797863236876,0.014317983593016493,0.0,0.0,2.0,0.0,281.31858256028875,14.418786472345896,nan,14.418786472345896,nan,nan,2.6946409223677517,0.0,0.0,4.4216113175731415,87.27924063170965,0.0,0.0,194.0393419285791
C_short_window_prepare_i0,C,,short_window,prepare,0,M,5.516105223462723,5.516105223462723,6.770525203038527,6.083836293361875,0.7327769336156285,0.0,0.0,23.0,0.0,287.15015920146965,nan,nan,nan,nan,nan,2.7423875798762034,0.0,0.0,2.7737176435865165,92.77709281143783,0.0,0.0,194.37306639003182
C_short_window_prepare_i0,C,,short_window,prepare,0,R,9.948404447801547,9.948404447801547,4.1066367685759335,3.934562114102451,0.06336389073520302,0.0,0.0,6.0,0.0,278.5089205645575,12.984847962629427,12.984847962629427,14.3683986417693,nan,nan,7.182017071665944,0.0,0.0,2.7663873761356004,83.88832722225217,0.0,0.0,194.62059334230534
C_short_window_prepare_i0,C,,short_window,prepare,0,F,1.2972109757490844,1.2972109757490844,1.2654641879659725,4.565420960203316,1.1492918068214655,0.0,0.0,29.0,0.0,286.70278894179614,12.984847962629427,12.984847962629427,nan,nan,nan,1.2447989694618093,0.0,0.0,0.05241200628727293,89.65408719295016,0.0,0.0,197.04870174884599
C_short_window_prepare_i0,C,,short_window,prepare,0,B,6.149661027979914,6.149661027979914,1.244834733237935,2.815489293355451,0.014562844756416931,0.0,0.0,2.0,0.0,282.58284849796235,14.3683986417693,nan,14.3683986417693,nan,nan,2.562820923207362,0.0,0.0,3.5868401047725476,88.54431548517314,0.0,0.0,194.0385330127892
C_short_window_prepare_i1,C,,short_window,prepare,1,M,2.616200105370677,2.616200105370677,4.401036223680235,6.795464310164345,0.8488896152152025,0.0,0.0,26.0,0.0,290.861450450701,nan,nan,nan,nan,nan,0.8161304161171996,0.0,0.0,1.8000696892534795,95.53312876547028,0.0,0.0,195.32832168523072
C_short_window_prepare_i1,C,,short_window,prepare,1,R,10.085399085799791,10.085399085799791,4.599626467082936,4.142414918959249,0.13701475671804117,0.0,0.0,8.0,0.0,278.5089086511318,12.849075405477219,12.849075405477219,14.38529845026532,nan,nan,7.224705633409583,0.0,0.0,2.8606934523902097,83.98044996511464,0.0,0.0,194.52845868601713
C_short_window_prepare_i1,C,,short_window,prepare,1,F,1.2972109757490844,1.2972109757490844,1.2654641879659725,4.565420960203316,1.1492918068214655,0.0,0.0,29.0,0.0,286.70278894179614,12.849075405477219,12.849075405477219,nan,nan,nan,1.2447989694618093,0.0,0.0,0.05241200628727293,89.65408719295016,0.0,0.0,197.04870174884599
C_short_window_prepare_i1,C,,short_window,prepare,1,B,6.225816115846143,6.225816115846143,1.3157706728876648,2.9390437021352307,0.01842156096333897,0.0,0.0,2.0,0.0,282.5611820282149,14.38529845026532,nan,14.38529845026532,nan,nan,2.5551348766503192,0.0,0.0,3.670681239195824,88.60210268611735,0.0,0.0,193.95907934209754
C_short_window_prepare_i2,C,,short_window,prepare,2,M,5.891905742250931,5.891905742250931,7.260473242145432,6.452156857073274,0.9122071898256211,0.0,0.0,25.0,0.0,287.0904638723816,nan,nan,nan,nan,nan,2.727389771812795,0.0,0.0,3.1645159704381416,93.10422773218653,0.0,0.0,193.98623614019505
C_short_window_prepare_i2,C,,short_window,prepare,2,R,12.758108394770462,12.758108394770462,4.203395474427083,4.334607333446735,1.7347234759768072e-19,0.0,0.0,0.0,0.0,275.5087452587714,10.204875000000012,10.204875000000012,14.089028481284071,nan,nan,8.820027401300568,0.0,0.0,3.9380809934698955,82.02469476269599,0.0,0.0,193.4840504960754
C_short_window_prepare_i2,C,,short_window,prepare,2,F,1.2972109757490844,1.2972109757490844,1.2654641879659725,4.565420960203316,1.1492918068214655,0.0,0.0,29.0,0.0,286.70278894179626,10.204875000000012,10.204875000000012,nan,nan,nan,1.2447989694618093,0.0,0.0,0.05241200628727293,89.65408719295016,0.0,0.0,197.0487017488461
C_short_window_prepare_i2,C,,short_window,prepare,2,B,8.482469737199786,8.482469737199786,1.4435127496613092,2.9676631128661994,0.014317983593016493,0.0,0.0,2.0,0.0,279.98415575899196,14.089028481284071,nan,14.089028481284071,nan,nan,3.544826610526301,0.0,0.0,4.937643126673488,87.32100649704918,0.0,0.0,192.66314926194278
D_ample_none_i0,D,,ample,none,0,M,0.11764249863368208,0.11764249863368208,5.498242742291201,5.377044722437023,1.3867580730502975,4.0,0.7158578139612362,35.0,0.0,301.2848212977891,8.39444985998541,nan,nan,8.39444985998541,9.002470867012175,0.0,0.0,0.11764249863368208,0.0,27.337305129818162,62.32883440309587,211.61868176487508,0.0
D_ample_none_i0,D,,ample,none,0,R,0.07370716413856936,0.07370716413856936,0.09317853302510183,1.1190198458324843,0.03660874999999893,0.0,0.0,3.0,0.0,288.6050364073361,9.002470867012175,30.119785300417856,16.958689335925225,nan,9.002470867012175,0.0,0.0,0.07370716413856936,0.0,22.708682831361045,54.45607029812058,211.4402832778545,0.0
D_ample_none_i0,D,,ample,none,0,F,0.0,0.0,0.10382143997435297,0.7862495690905905,0.025187499999999908,0.0,0.0,3.0,0.0,288.60536708812697,8.39444985998541,30.119785300417856,nan,8.39444985998541,nan,0.0,0.0,0.0,0.0,22.900526214448462,54.18971471278769,211.51512616089082,0.0
D_ample_none_i0,D,,ample,none,0,B,0.0,0.0,0.10568992120017912,0.5725268967383365,0.007721330492195478,0.0,0.0,2.0,0.0,293.8463470714109,16.958689335925225,nan,16.958689335925225,nan,nan,0.0,0.0,0.0,0.0,22.686828818062324,55.379266994247686,215.78025125910088,0.0
D_ample_none_i1,D,,ample,none,1,M,0.0,0.0,9.44165874544786,7.675691087993471,2.251976654637579,0.0,0.0,41.0,0.0,305.71300453217776,nan,nan,nan,nan,nan,0.0,0.0,0.0,0.0,99.84861231174699,0.0,0.0,205.86439222043077
D_ample_none_i1,D,,ample,none,1,R,0.11918877726522706,0.11918877726522706,0.051703931175041164,0.8203052711503841,0.010948124999999798,0.0,0.0,2.0,0.0,288.6051429893068,16.96658360254504,30.064945544447976,16.96658360254504,nan,nan,0.0037369591371133382,0.0,0.0,0.11545181812811374,84.41779962919648,0.0,0.0,204.1873433601103
D_ample_none_i1,D,,ample,none,1,F,0.0,0.0,0.10382143997435297,0.7862495690905905,0.025187499999999908,0.0,0.0,3.0,0.0,288.60536708812697,30.064945544447976,30.064945544447976,nan,nan,nan,0.0,0.0,0.0,0.0,84.29468066638327,0.0,0.0,204.3106864217437
D_ample_none_i1,D,,ample,none,1,B,0.0,0.0,0.11283299574215308,0.656460046249399,0.012090571663026777,0.0,0.0,2.0,0.0,293.83855938676174,16.96658360254504,nan,16.96658360254504,nan,nan,0.0,0.0,0.0,0.0,85.50734804907025,0.0,0.0,208.3312113376915
D_ample_none_i2,D,,ample,none,2,M,13.337197014609563,13.337197014609563,31.092874397198756,13.336174662792002,13.509962188691146,28.0,3.8937888117181454,83.0,66.0,288.3138301183454,4.797099298505128,nan,nan,7.638386650629525,4.797099298505128,0.0,0.62490942530315,12.712287589306412,0.0,37.25285325091532,60.316952229131786,190.74402463829827,0.0
D_ample_none_i2,D,,ample,none,2,R,32.93074093124263,32.93074093124263,58.387409325406416,13.595159424215034,71.78610992731156,41.0,12.552960982887825,95.0,66.0,263.06377572166303,4.797099298505128,27.168072882083703,9.486147117091075,nan,4.797099298505128,0.312316708749284,0.0,32.61842422249335,0.0,30.41975655275604,54.71046975070402,177.93354941820297,0.0
D_ample_none_i2,D,,ample,none,2,F,0.0,0.0,0.10382143997435297,0.7862495690905905,0.025187499999999908,0.0,0.0,3.0,66.0,288.60536708812697,7.638386650629525,27.168072882083703,nan,7.638386650629525,nan,0.0,0.0,0.0,0.0,31.066798402829306,54.128336460232674,203.410232225065,0.0
D_ample_none_i2,D,,ample,none,2,B,32.58087245903718,32.58087245903718,19.57609535451789,8.019022826610765,0.0073672113606861635,0.0,0.0,2.0,66.0,258.12369392107826,9.486147117091075,nan,9.486147117091075,nan,nan,0.1820618899573571,0.0,32.398810569079814,0.0,30.475554182969304,55.27560328571957,172.37253645238937,0.0
D_ample_prepare_i0,D,,ample,prepare,0,M,3.848693421491643,3.848693421491643,12.030819823006317,9.61243195266653,4.495372485501105,10.0,1.2627100688922666,60.0,0.0,296.3690751124626,8.368089801503583,nan,nan,8.368089801503583,9.002470867012175,0.0,0.02657086410262917,3.8221225573890134,0.0,27.337305129818162,61.34273013232368,207.68903985032077,0.0
D_ample_prepare_i0,D,,ample,prepare,0,R,1.226335841052231,1.226335841052231,0.6165290299127114,2.77978526254448,0.03660874999999893,0.0,0.0,3.0,0.0,287.2800510374129,9.002470867012175,29.703391392859654,16.756261407235808,nan,9.002470867012175,0.0,0.8472891787597177,0.3790466622925132,0.0,22.708682831361045,53.301541982220414,211.26982622383142,0.0
D_ample_prepare_i0,D,,ample,prepare,0,F,1.1544896481720748,1.1544896481720748,1.4874506612792644,5.193971383454953,1.1736736003854564,0.0,0.0,32.0,0.0,287.2780981441186,8.368089801503583,29.703391392859654,nan,8.368089801503583,nan,0.0,1.058645102339929,0.09584454583214617,0.0,22.900526214448462,52.97137977890321,211.4061921507669,0.0
D_ample_prepare_i0,D,,ample,prepare,0,B,0.0,0.0,0.11190416443342778,0.9016540332945084,0.007721330492195478,0.0,0.0,2.0,0.0,292.72378963017707,16.756261407235808,nan,16.756261407235808,nan,nan,0.0,0.0,0.0,0.0,22.686828818062324,55.06877493664197,214.96818587547278,0.0
D_ample_prepare_i1,D,,ample,prepare,1,M,0.0,0.0,9.233945045809065,7.807325536214376,2.1997875001017837,0.0,0.0,40.0,0.0,303.89292022889157,nan,nan,nan,nan,nan,0.0,0.0,0.0,0.0,99.70300867543548,0.0,0.0,204.18991155345608
D_ample_prepare_i1,D,,ample,prepare,1,R,1.3657207023529965,1.3657207023529965,0.6299704982421919,2.4868419765251417,0.010948124999999798,0.0,0.0,2.0,0.0,287.2801576193839,16.76891202963385,29.595889525240164,16.76891202963385,nan,nan,1.0906848031457304,0.0,0.0,0.2750358992072656,84.00982062477439,0.0,0.0,203.2703369946095
D_ample_prepare_i1,D,,ample,prepare,1,F,1.1544896481720748,1.1544896481720748,1.4874506612792644,5.193971383454953,1.1736736003854564,0.0,0.0,32.0,0.0,287.2780981441186,29.595889525240164,29.595889525240164,nan,nan,nan,1.089654759049247,0.0,0.0,0.06483488912282824,83.94155529184744,0.0,0.0,203.33654285227115
D_ample_prepare_i1,D,,ample,prepare,1,B,0.0,0.0,0.12716581369563137,1.0253070552876673,0.012090571663026777,0.0,0.0,2.0,0.0,292.71124558975004,16.76891202963385,nan,16.76891202963385,nan,nan,0.0,0.0,0.0,0.0,85.99981342271833,0.0,0.0,206.7114321670317
D_ample_prepare_i2,D,,ample,prepare,2,M,15.3031284597047,15.3031284597047,33.54563390786311,13.331248001835919,14.580295519237461,32.0,4.201168210685714,81.0,75.0,285.58358005186335,4.051788030542025,nan,nan,7.212991166395779,4.051788030542025,0.0,1.039851738926064,14.263276720778636,0.0,37.25127129258381,59.12387750596774,189.2084312533118,0.0
D_ample_prepare_i2,D,,ample,prepare,2,R,38.269406940128164,38.269406940128164,61.72290757874515,14.052211285357163,81.64806560345494,45.0,14.74876269514505,90.0,75.0,255.01925713162547,4.051788030542025,27.06300154552134,8.553376044291934,nan,4.051788030542025,0.312316708749284,0.6653302198984589,37.29176001148042,0.0,30.415443455022285,53.40768285223416,171.19613082436902,0.0
D_ample_prepare_i2,D,,ample,prepare,2,F,1.1544896481720748,1.1544896481720748,1.4874506612792644,5.193971383454953,1.1736736003854564,0.0,0.0,32.0,75.0,287.2780981441187,7.212991166395779,27.06300154552134,nan,7.212991166395779,nan,0.008169127461053981,1.081485631588193,0.06483488912282824,0.0,31.020216564323647,52.921338727523846,203.3365428522712,0.0
D_ample_prepare_i2,D,,ample,prepare,2,B,38.03803071647377,38.03803071647377,22.644513125206647,8.59780803672294,0.0073672113606861635,0.0,0.0,2.0,75.0,251.75561192237393,8.553376044291934,nan,8.553376044291934,nan,nan,0.1820618899573571,0.0,37.85596882651642,0.0,30.47549354239389,54.902369963901435,166.3777484160786,0.0
D_collaborative_none_i0,D,,collaborative,none,0,M,0.6458952878358706,0.6458952878358706,3.4998411316661757,4.418837442688672,0.4866541308233898,0.0,0.0,20.0,0.0,295.43108078197247,nan,nan,nan,nan,nan,0.09622656153131201,0.0,0.0,0.5496687263045583,94.3720368004627,0.0,0.0,201.05904398150977
D_collaborative_none_i0,D,,collaborative,none,0,R,0.2046774234855121,0.2046774234855121,0.0015059849500947296,0.07349827698599132,0.0,0.0,0.0,0.0,0.0,287.80012571460196,16.42392869823335,21.2,16.42392869823335,nan,nan,0.14970362030224643,0.0,0.0,0.0549738031832657,86.24937722234776,0.0,0.0,201.5507484922542
D_collaborative_none_i0,D,,collaborative,none,0,F,0.0,0.0,0.0,0.0,0.0,0.0,0.0,0.0,0.0,287.99999999999784,21.2,21.2,nan,nan,nan,0.0,0.0,0.0,0.0,86.40000000000055,0.0,0.0,201.5999999999973
D_collaborative_none_i0,D,,collaborative,none,0,B,0.0,0.0,0.05702048204596385,0.5128587399887468,0.006140323602705587,0.0,0.0,1.0,0.0,292.5761970163686,16.42392869823335,nan,16.42392869823335,nan,nan,0.0,0.0,0.0,0.0,87.7493022964812,0.0,0.0,204.8268947198874
D_collaborative_none_i1,D,,collaborative,none,1,M,0.0,0.0,4.237310081068008,4.876647827239544,0.9312717103834721,0.0,0.0,26.0,0.0,299.2247771374597,nan,nan,nan,nan,nan,0.0,0.0,0.0,0.0,97.10467119436319,0.0,0.0,202.1201059430965
D_collaborative_none_i1,D,,collaborative,none,1,R,0.33008807680423885,0.33008807680423885,0.03802762527940173,0.45392266468560866,0.0037499999999999647,0.0,0.0,1.0,0.0,287.8002212283564,16.42987964303121,21.07817093535453,16.42987964303121,nan,nan,0.2355010031243554,0.0,0.0,0.09458707367988346,86.28475778920955,0.0,0.0,201.51546343914686
D_collaborative_none_i1,D,,collaborative,none,1,F,0.0,0.0,0.0,0.0,0.0,0.0,0.0,0.0,0.0,287.99999999999784,21.07817093535453,21.07817093535453,nan,nan,nan,0.0,0.0,0.0,0.0,86.40000000000055,0.0,0.0,201.5999999999973
D_collaborative_none_i1,D,,collaborative,none,1,B,0.0,0.0,0.06442880710557974,0.5902132765970912,0.010617565247425402,0.0,0.0,2.0,0.0,292.5703415853252,16.42987964303121,nan,16.42987964303121,nan,nan,0.0,0.0,0.0,0.0,87.78309727867656,0.0,0.0,204.78724430664863
D_collaborative_none_i2,D,,collaborative,none,2,M,1.181605863655771,1.181605863655771,4.215688573386817,4.946422196446515,0.6499474804447936,0.0,0.0,23.0,0.0,295.19031264822314,nan,nan,nan,nan,nan,0.2318366333306342,0.0,0.0,0.9497692303251383,95.42538655324955,0.0,0.0,199.7649260949736
D_collaborative_none_i2,D,,collaborative,none,2,R,3.276311448196131,3.276311448196131,0.2447964683693437,1.8054035504729564,0.050676995298147655,0.0,0.0,4.0,0.0,284.80163225270957,16.387432798317388,18.229843749999997,16.387432798317388,nan,nan,2.4802584301888557,0.0,0.0,0.7960530180072761,84.82195990076181,0.0,0.0,199.97967235194776
D_collaborative_none_i2,D,,collaborative,none,2,F,0.0,0.0,0.0,0.0,0.0,0.0,0.0,0.0,0.0,287.9999999999979,18.229843749999997,18.229843749999997,nan,nan,nan,0.0,0.0,0.0,0.0,87.30000000000055,0.0,0.0,200.69999999999735
D_collaborative_none_i2,D,,collaborative,none,2,B,0.21264678425782796,0.21264678425782796,0.08895999197532328,0.7299261882829536,0.005713985776106778,0.0,0.0,1.0,0.0,290.1141994543922,16.387432798317388,nan,16.387432798317388,nan,nan,0.21264678425782796,0.0,0.0,0.0,87.3096652889125,0.0,0.0,202.80453416547968
D_collaborative_prepare_i0,D,,collaborative,prepare,0,M,1.6396370820028379,1.6396370820028379,4.591846375362915,5.258502332480054,0.5719759406625967,0.0,0.0,22.0,0.0,293.79921836038443,nan,nan,nan,nan,nan,0.5001997980569135,0.0,0.0,1.1394372839459233,94.21927883519734,0.0,0.0,199.5799395251871
D_collaborative_prepare_i0,D,,collaborative,prepare,0,R,1.6764906228513512,1.6764906228513512,0.5011000171971705,1.8632641158084198,0.0,0.0,0.0,0.0,0.0,286.5051352375456,16.26348655938558,20.782129987506874,16.26348655938558,nan,nan,1.466949716799265,0.0,0.0,0.20954090605208772,85.82619734585609,0.0,0.0,200.6789378916895
D_collaborative_prepare_i0,D,,collaborative,prepare,0,F,1.2972109757490844,1.2972109757490844,1.2654641879659725,4.565420960203316,1.1492918068214655,0.0,0.0,29.0,0.0,286.70278894179626,20.782129987506874,20.782129987506874,nan,nan,nan,1.2348546121087627,0.0,0.0,0.06235636364031942,86.06382023270945,0.0,0.0,200.6389687090868
D_collaborative_prepare_i0,D,,collaborative,prepare,0,B,0.0,0.0,0.08753890837613489,0.9842801302329355,0.006140323602705587,0.0,0.0,1.0,0.0,291.44164867816,16.26348655938558,nan,16.26348655938558,nan,nan,0.0,0.0,0.0,0.0,88.1618109026644,0.0,0.0,203.2798377754956
D_collaborative_prepare_i1,D,,collaborative,prepare,1,M,0.12491159474779572,0.12491159474779572,4.523906411358798,5.446623909950998,0.9824890508892926,0.0,0.0,26.0,0.0,297.54925180773256,nan,nan,nan,nan,nan,0.0,0.0,0.0,0.12491159474779572,97.87382100453385,0.0,0.0,199.6754308031987
D_collaborative_prepare_i1,D,,collaborative,prepare,1,R,1.795033491708869,1.795033491708869,0.5853861533388752,2.112554150485515,0.003749999999999965,0.0,0.0,1.0,0.0,286.50523069497024,16.273657428000956,20.68055100527216,16.273657428000956,nan,nan,1.5690858264611536,0.0,0.0,0.2259476652477151,86.74554909555064,0.0,0.0,199.7596815994196
D_collaborative_prepare_i1,D,,collaborative,prepare,1,F,1.2972109757490844,1.2972109757490844,1.2654641879659725,4.565420960203316,1.1492918068214655,0.0,0.0,29.0,0.0,286.70278894179626,20.68055100527216,20.68055100527216,nan,nan,nan,1.2375049224728207,0.0,0.0,0.05970605327626136,86.96122624144061,0.0,0.0,199.74156270035564
D_collaborative_prepare_i1,D,,collaborative,prepare,1,B,0.0,0.0,0.10394866284854158,1.0988129272121956,0.010617565247425402,0.0,0.0,2.0,0.0,291.4315732669693,16.273657428000956,nan,16.273657428000956,nan,nan,0.0,0.0,0.0,0.0,89.09476553534313,0.0,0.0,202.33680773162615
D_collaborative_prepare_i2,D,,collaborative,prepare,2,M,2.260563975166094,2.260563975166094,5.418044604543332,5.871269849546112,0.7515669503963581,0.0,0.0,24.0,0.0,293.5178075917035,nan,nan,nan,nan,nan,0.7080910269626755,0.0,0.0,1.5524729482034134,95.24500455310044,0.0,0.0,198.27280303860306
D_collaborative_prepare_i2,D,,collaborative,prepare,2,R,4.68077014486823,4.68077014486823,1.1132661035422446,3.4639567666952673,0.050676995298147655,0.0,0.0,4.0,0.0,283.5066304914996,16.27072184750683,18.229843749999997,16.27072184750683,nan,nan,3.8274276631015485,0.0,0.0,0.8533424817666811,84.36933268532127,0.0,0.0,199.13729780617834
D_collaborative_prepare_i2,D,,collaborative,prepare,2,F,1.2972109757490844,1.2972109757490844,1.2654641879659725,4.565420960203316,1.1492918068214655,0.0,0.0,29.0,0.0,286.70278894179614,18.229843749999997,18.229843749999997,nan,nan,nan,1.2375049224728207,0.0,0.0,0.05970605327626136,86.96122624144061,0.0,0.0,199.74156270035553
D_collaborative_prepare_i2,D,,collaborative,prepare,2,B,0.913541146638276,0.913541146638276,0.18655586653415093,1.2682926393911553,0.005713985776106778,0.0,0.0,1.0,0.0,288.9359086439928,16.27072184750683,nan,16.27072184750683,nan,nan,0.6023759321955935,0.0,0.0,0.3111652144426824,87.65490856048422,0.0,0.0,201.28100008350856
D_short_window_none_i0,D,,short_window,none,0,M,3.899187486084737,3.899187486084737,5.256348695472725,5.338875616259094,0.6578940764885942,0.0,0.0,23.0,0.0,288.9507421990969,nan,nan,nan,nan,nan,1.6790602388898268,0.0,0.0,2.2201272471949114,92.23400473091866,0.0,0.0,196.71673746817825
D_short_window_none_i0,D,,short_window,none,0,R,8.590803385144996,8.590803385144996,2.5880816149082615,3.056693715884682,0.06336257848041772,0.0,0.0,6.0,0.0,279.8040714725371,12.984843523903688,12.984843523903688,14.733018082090876,nan,nan,5.696828865769622,0.0,0.0,2.8939745193753788,83.57716107848199,0.0,0.0,196.2269103940551
D_short_window_none_i0,D,,short_window,none,0,F,0.0,0.0,0.0,0.0,0.0,0.0,0.0,0.0,0.0,287.99999999999795,12.984843523903688,12.984843523903688,nan,nan,nan,0.0,0.0,0.0,0.0,89.10000000000056,0.0,0.0,198.8999999999974
D_short_window_none_i0,D,,short_window,none,0,B,4.785641804737328,4.785641804737328,0.7134931014821057,2.0840255882090464,0.014562844756416931,0.0,0.0,2.0,0.0,283.9094962607118,14.733018082090876,nan,14.733018082090876,nan,nan,1.6719938325053525,0.0,0.0,3.1136479722319748,87.64560425391375,0.0,0.0,196.26389200679807
D_short_window_none_i1,D,,short_window,none,1,M,1.5401017676265079,1.5401017676265079,3.579977634478762,5.67864929794613,0.7730430183849797,0.0,0.0,26.0,0.0,292.577445048848,nan,nan,nan,nan,nan,0.31766831877493845,0.0,0.0,1.22243344885157,95.78163607031317,0.0,0.0,196.79580897853484
D_short_window_none_i1,D,,short_window,none,1,R,8.728995874407538,8.728995874407538,3.0330124541564225,3.4027454269272024,0.13701054799712417,0.0,0.0,8.0,0.0,279.80403683225654,12.849065791276868,12.849065791276868,14.74214717117503,nan,nan,5.810262366722562,0.0,0.0,2.9187335076849794,84.49910188494601,0.0,0.0,195.30493494731053
D_short_window_none_i1,D,,short_window,none,1,F,0.0,0.0,0.0,0.0,0.0,0.0,0.0,0.0,0.0,287.99999999999795,12.849065791276868,12.849065791276868,nan,nan,nan,0.0,0.0,0.0,0.0,90.00000000000057,0.0,0.0,197.99999999999739
D_short_window_none_i1,D,,short_window,none,1,B,4.859855316206171,4.859855316206171,0.7686279426871314,2.203841818510748,0.01842156096333897,0.0,0.0,2.0,0.0,283.8898129677576,14.74214717117503,nan,14.74214717117503,nan,nan,1.708742232663041,0.0,0.0,3.1511130835431334,88.5601742656375,0.0,0.0,195.32963870212012
D_short_window_none_i2,D,,short_window,none,2,M,4.372512062466029,4.372512062466029,5.720333837614609,5.593656209508945,0.8170532410613025,0.0,0.0,24.0,0.0,288.82784356581845,nan,nan,nan,nan,nan,1.7720052373703183,0.0,0.0,2.6005068250957106,93.38727444164317,0.0,0.0,195.44056912417528
D_short_window_none_i2,D,,short_window,none,2,R,11.415096985137696,11.415096985137696,2.6708287932744876,3.3085409580631926,1.7347234759768072e-19,0.0,0.0,0.0,0.0,276.80400820067626,10.204875000000012,10.204875000000012,14.417383365087243,nan,nan,7.4005530758497,0.0,0.0,4.014543909287986,82.54818952917381,0.0,0.0,194.25581867150245
D_short_window_none_i2,D,,short_window,none,2,F,0.0,0.0,0.0,0.0,0.0,0.0,0.0,0.0,0.0,287.999999999998,10.204875000000012,10.204875000000012,nan,nan,nan,0.0,0.0,0.0,0.0,90.00000000000057,0.0,0.0,197.99999999999744
D_short_window_none_i2,D,,short_window,none,2,B,7.114048688186133,7.114048688186133,0.9041571437481147,2.2607871421164143,0.014317983593016493,0.0,0.0,2.0,0.0,281.31941568028634,14.417383365087243,nan,14.417383365087243,nan,nan,2.6850235410323493,0.0,0.0,4.429025147153786,87.28891569682864,0.0,0.0,194.0304999834577
D_short_window_prepare_i0,D,,short_window,prepare,0,M,5.517644032814705,5.517644032814705,6.772408895935908,6.081356458912702,0.7334015041556503,0.0,0.0,23.0,0.0,287.1484547530391,nan,nan,nan,nan,nan,2.7429090181018356,0.0,0.0,2.7747350147128755,92.77638862341627,0.0,0.0,194.37206612962285
D_short_window_prepare_i0,D,,short_window,prepare,0,R,9.948921863002278,9.948921863002278,4.11262897547562,3.9379889320231736,0.06336257848041772,0.0,0.0,6.0,0.0,278.5089380941853,12.984843523903688,12.984843523903688,14.367636401167896,nan,nan,7.185474865946174,0.0,0.0,2.763446997056105,83.88486412992614,0.0,0.0,194.62407396425914
D_short_window_prepare_i0,D,,short_window,prepare,0,F,1.2972109757490844,1.2972109757490844,1.2654641879659725,4.565420960203316,1.1492918068214655,0.0,0.0,29.0,0.0,286.70278894179614,12.984843523903688,12.984843523903688,nan,nan,nan,1.2447989694618093,0.0,0.0,0.05241200628727293,89.65408719295016,0.0,0.0,197.04870174884599
D_short_window_prepare_i0,D,,short_window,prepare,0,B,6.151381016168908,6.151381016168908,1.2473805491702779,2.817289856572515,0.014562844756416931,0.0,0.0,2.0,0.0,282.5820528194894,14.367636401167896,nan,14.367636401167896,nan,nan,2.564457391727359,0.0,0.0,3.5869236244415497,88.54269585303331,0.0,0.0,194.03935696645607
D_short_window_prepare_i1,D,,short_window,prepare,1,M,2.6095530465769494,2.6095530465769494,4.372956425633345,6.774546891888529,0.8389672497903508,0.0,0.0,26.0,0.0,290.85304948747137,nan,nan,nan,nan,nan,0.8157499116026663,0.0,0.0,1.793803134974284,95.51852664430746,0.0,0.0,195.3345228431639
D_short_window_prepare_i1,D,,short_window,prepare,1,R,10.084774801745658,10.084774801745658,4.579637726383382,4.13293549714488,0.13701054799712417,0.0,0.0,8.0,0.0,278.50888240097146,12.849065791276868,12.849065791276868,14.38494659956869,nan,nan,7.213829239993276,0.0,0.0,2.870945561752377,83.99128554699885,0.0,0.0,194.5175968539726
D_short_window_prepare_i1,D,,short_window,prepare,1,F,1.2972109757490844,1.2972109757490844,1.2654641879659725,4.565420960203316,1.1492918068214655,0.0,0.0,29.0,0.0,286.70278894179614,12.849065791276868,12.849065791276868,nan,nan,nan,1.2447989694618093,0.0,0.0,0.05241200628727293,89.65408719295016,0.0,0.0,197.04870174884599
D_short_window_prepare_i1,D,,short_window,prepare,1,B,6.222809477204755,6.222809477204755,1.3101246976349412,2.931961923983679,0.01842156096333897,0.0,0.0,2.0,0.0,282.5625778172926,14.38494659956869,nan,14.38494659956869,nan,nan,2.5474180658381345,0.0,0.0,3.6753914113666215,88.60999261366885,0.0,0.0,193.95258520362376
D_short_window_prepare_i2,D,,short_window,prepare,2,M,5.886461092456014,5.886461092456014,7.249654031118212,6.436556386702067,0.9102327384392292,0.0,0.0,25.0,0.0,287.0916860462819,nan,nan,nan,nan,nan,2.725175712419905,0.0,0.0,3.1612853800361047,93.10226932641925,0.0,0.0,193.98941671986265
D_short_window_prepare_i2,D,,short_window,prepare,2,R,12.75791072552013,12.75791072552013,4.186082864456638,4.323965887249123,1.7347234759768072e-19,0.0,0.0,0.0,0.0,275.50872203864367,10.204875000000012,10.204875000000012,14.087963756550618,nan,nan,8.808478404243873,0.0,0.0,3.9494323212762583,82.03617875580613,0.0,0.0,193.47254328283753
D_short_window_prepare_i2,D,,short_window,prepare,2,F,1.2972109757490844,1.2972109757490844,1.2654641879659725,4.565420960203316,1.1492918068214655,0.0,0.0,29.0,0.0,286.70278894179626,10.204875000000012,10.204875000000012,nan,nan,nan,1.2447989694618093,0.0,0.0,0.05241200628727293,89.65408719295016,0.0,0.0,197.0487017488461
D_short_window_prepare_i2,D,,short_window,prepare,2,B,8.480321780089564,8.480321780089564,1.4392633531012253,2.96162780151429,0.014317983593016493,0.0,0.0,2.0,0.0,279.9851148504804,14.087963756550618,nan,14.087963756550618,nan,nan,3.5360477280597298,0.0,0.0,4.944274052029835,87.3298202064446,0.0,0.0,192.6552946440358
E_ample_none_i0,E,,ample,none,0,M,0.0,0.0,2.62855379449033,7.012813913756282,3.376887040657254,0.0,0.0,39.0,0.0,301.22089813955256,8.570792255875826,nan,nan,8.584468948574408,8.570792255875826,0.0,0.0,0.0,0.0,26.941412941900225,60.90124328556813,213.3782419120842,0.0
E_ample_none_i0,E,,ample,none,0,R,0.07370716413856936,0.07370716413856936,0.09317853302510183,1.1190198458324843,0.03660874999999893,0.0,0.0,3.0,0.0,288.6050364073361,8.570792255875826,30.119785300417856,16.958689335925225,nan,8.570792255875826,0.0,0.0,0.07370716413856936,0.0,22.708682831361045,54.45607029812058,211.4402832778545,0.0
E_ample_none_i0,E,,ample,none,0,F,0.0,0.0,0.10382143997435297,0.7862495690905905,0.025187499999999908,0.0,0.0,3.0,0.0,288.60536708812697,8.584468948574408,30.119785300417856,nan,8.584468948574408,nan,0.0,0.0,0.0,0.0,22.900526214448462,54.18971471278769,211.51512616089082,0.0
E_ample_none_i0,E,,ample,none,0,B,0.0,0.0,0.10568992120017912,0.5725268967383365,0.007721330492195478,0.0,0.0,2.0,0.0,293.8463470714109,16.958689335925225,nan,16.958689335925225,nan,nan,0.0,0.0,0.0,0.0,22.686828818062324,55.379266994247686,215.78025125910088,0.0
E_ample_none_i1,E,,ample,none,1,M,0.0,0.0,1.7188164540288835,10.474088471351306,3.7566679937597973,0.0,0.0,60.0,0.0,301.69540793252736,nan,nan,nan,nan,nan,0.0,0.0,0.0,0.0,99.40392322734033,0.0,0.0,202.29148470518703
E_ample_none_i1,E,,ample,none,1,R,0.11918877726522706,0.11918877726522706,0.051703931175041164,0.8203052711503841,0.010948124999999798,0.0,0.0,2.0,0.0,288.6051429893068,16.96658360254504,30.064945544447976,16.96658360254504,nan,nan,0.008617911909575327,0.0,0.0,0.11057086535565175,88.91276299700519,0.0,0.0,199.6923799923016
E_ample_none_i1,E,,ample,none,1,F,0.0,0.0,0.10382143997435297,0.7862495690905905,0.025187499999999908,0.0,0.0,3.0,0.0,288.60536708812697,30.064945544447976,30.064945544447976,nan,nan,nan,0.0,0.0,0.0,0.0,88.79676664726426,0.0,0.0,199.8086004408627
E_ample_none_i1,E,,ample,none,1,B,0.0,0.0,0.11283299574215308,0.656460046249399,0.012090571663026777,0.0,0.0,2.0,0.0,293.83855938676174,16.96658360254504,nan,16.96658360254504,nan,nan,0.0,0.0,0.0,0.0,90.13194904462492,0.0,0.0,203.70661034213683
E_ample_none_i2,E,,ample,none,2,M,6.4595970486476615,6.4595970486476615,12.939020973055412,14.727736262628543,9.682998500867145,22.0,3.764969253519563,95.0,18.0,294.8149677396668,8.02613673511301,nan,nan,8.02613673511301,8.214918061796293,0.0,0.0,0.0,6.4595970486476615,41.730874154176604,55.44769646548204,0.0,197.63639712000818
E_ample_none_i2,E,,ample,none,2,R,0.9123142680833849,0.9123142680833849,1.3258611710350214,11.523752150441172,1.65172061147748,34.0,4.816787220324648,74.0,18.0,288.2153126064672,8.214918061796293,27.15898955512007,17.390739571808876,nan,8.214918061796293,0.312316708749284,0.0,0.0,0.5999975593341009,34.98715404830854,50.14307225515152,0.0,203.08508630300713
E_ample_none_i2,E,,ample,none,2,F,0.0,0.0,0.10382143997435297,0.7862495690905905,0.025187499999999908,0.0,0.0,3.0,18.0,288.60536708812697,8.02613673511301,27.15898955512007,nan,8.02613673511301,nan,0.0,0.0,0.0,0.0,35.59384559257637,49.60128927048561,0.0,203.410232225065
E_ample_none_i2,E,,ample,none,2,B,0.1820618899573571,0.1820618899573571,0.23840983178433894,1.3328818616393365,0.0073672113606861635,0.0,0.0,2.0,18.0,293.5245730346583,17.390739571808876,nan,17.390739571808876,nan,nan,0.1820618899573571,0.0,0.0,0.0,35.02475390321658,50.726403565472296,0.0,207.77341556596946
E_ample_prepare_i0,E,,ample,prepare,0,M,0.0013040224545335377,0.0013040224545335377,2.749425762031039,8.281962294584567,3.4147998262452837,6.0,0.6361723440753467,49.0,0.0,300.17781184013876,8.300286303979828,nan,nan,8.300286303979828,8.570792255875826,0.0,0.0,0.0013040224545335377,0.0,26.941412941900225,60.47090696308719,212.76549193515135,0.0
E_ample_prepare_i0,E,,ample,prepare,0,R,1.226335841052231,1.226335841052231,0.6165290299127114,2.77978526254448,0.03660874999999893,0.0,0.0,3.0,0.0,287.2800510374129,8.570792255875826,29.703391392859654,16.756261407235808,nan,8.570792255875826,0.0,0.8472891787597177,0.3790466622925132,0.0,22.708682831361045,53.301541982220414,211.26982622383142,0.0
E_ample_prepare_i0,E,,ample,prepare,0,F,1.1544896481720748,1.1544896481720748,1.4874506612792644,5.193971383454953,1.1736736003854564,0.0,0.0,32.0,0.0,287.2780981441186,8.300286303979828,29.703391392859654,nan,8.300286303979828,nan,0.0,1.058645102339929,0.09584454583214617,0.0,22.900526214448462,52.97137977890321,211.4061921507669,0.0
E_ample_prepare_i0,E,,ample,prepare,0,B,0.0,0.0,0.11190416443342778,0.9016540332945084,0.007721330492195478,0.0,0.0,2.0,0.0,292.72378963017707,16.756261407235808,nan,16.756261407235808,nan,nan,0.0,0.0,0.0,0.0,22.686828818062324,55.06877493664197,214.96818587547278,0.0
E_ample_prepare_i1,E,,ample,prepare,1,M,0.0,0.0,1.701458308935376,10.869539637229495,3.6185162761793146,0.0,0.0,66.0,0.0,300.24976126554685,nan,nan,nan,nan,nan,0.0,0.0,0.0,0.0,99.28454857425814,0.0,0.0,200.9652126912887
E_ample_prepare_i1,E,,ample,prepare,1,R,1.3657207023529965,1.3657207023529965,0.6299704982421919,2.4868419765251417,0.010948124999999798,0.0,0.0,2.0,0.0,287.2801576193839,16.76891202963385,29.595889525240164,16.76891202963385,nan,nan,1.1603265375023695,0.0,0.0,0.20539416485062656,88.44147963095293,0.0,0.0,198.83867798843096
E_ample_prepare_i1,E,,ample,prepare,1,F,1.1544896481720748,1.1544896481720748,1.4874506612792644,5.193971383454953,1.1736736003854564,0.0,0.0,32.0,0.0,287.2780981441186,29.595889525240164,29.595889525240164,nan,nan,nan,1.102310506346895,0.0,0.0,0.05217914182518016,88.42916847917985,0.0,0.0,198.84892966493874
E_ample_prepare_i1,E,,ample,prepare,1,B,0.0,0.0,0.12716581369563137,1.0253070552876673,0.012090571663026777,0.0,0.0,2.0,0.0,292.71124558975004,16.76891202963385,nan,16.76891202963385,nan,nan,0.0,0.0,0.0,0.0,90.55942228793467,0.0,0.0,202.15182330181537
E_ample_prepare_i2,E,,ample,prepare,2,M,6.23308294185248,6.23308294185248,12.535281619746597,14.821428028165982,9.591766300201808,21.0,3.9012778993009736,95.0,17.0,293.7393868189283,8.054755289985035,nan,nan,8.054755289985035,8.284526011733316,0.0,0.0,0.0,6.23308294185248,41.71764973313269,55.67853229823139,0.0,196.34320478756425
E_ample_prepare_i2,E,,ample,prepare,2,R,1.2036749186001923,1.2036749186001923,0.9457670716632134,15.479662850890863,0.6060549861719614,49.0,1.5605126992709324,64.0,17.0,287.1393513613047,8.284526011733316,27.06300154552134,17.157116906897283,nan,8.284526011733316,0.312316708749284,0.6734011847782794,0.0,0.21795702507262918,34.96345659548278,49.75179676612474,0.0,202.42409799969718
E_ample_prepare_i2,E,,ample,prepare,2,F,1.1544896481720748,1.1544896481720748,1.4874506612792644,5.193971383454953,1.1736736003854564,0.0,0.0,32.0,17.0,287.2780981441187,8.054755289985035,27.06300154552134,nan,8.054755289985035,nan,0.07671749866324032,1.0156928936909857,0.0,0.06207925581784899,35.44531234600947,49.39354586974076,0.0,202.43923992836847
E_ample_prepare_i2,E,,ample,prepare,2,B,0.1820618899573571,0.1820618899573571,0.1662528204401531,0.9470086508470267,0.0073672113606861635,0.0,0.0,2.0,17.0,292.6822344544074,17.157116906897283,nan,17.157116906897283,nan,nan,0.1820618899573571,0.0,0.0,0.0,35.02414642085475,51.27001631645484,0.0,206.38807171709783
E_collaborative_none_i0,E,,collaborative,none,0,M,0.0,0.0,2.029412037679925,3.3006686420731643,2.2688855837648183,0.0,0.0,16.0,0.0,298.96789787542485,nan,nan,nan,nan,nan,0.0,0.0,0.0,0.0,94.67358589325798,0.0,0.0,204.29431198216687
E_collaborative_none_i0,E,,collaborative,none,0,R,0.20542934249605999,0.20542934249605999,0.004015451619680523,0.21171721154175951,0.0,0.0,0.0,0.0,0.0,287.8000908946526,16.423752629612533,21.200110000000006,16.423752629612533,nan,nan,0.18978855487594615,0.0,0.0,0.015640787620113804,84.40979686865779,0.0,0.0,203.39029402599482
E_collaborative_none_i0,E,,collaborative,none,0,F,0.0,0.0,0.0,0.0,0.0,0.0,0.0,0.0,0.0,287.99999999999784,21.200110000000006,21.200110000000006,nan,nan,nan,0.0,0.0,0.0,0.0,84.60000000000053,0.0,0.0,203.3999999999973
E_collaborative_none_i0,E,,collaborative,none,0,B,0.0,0.0,0.053796973642401616,0.5129658304528911,0.006140323602705587,0.0,0.0,1.0,0.0,292.5763382650401,16.423752629612533,nan,16.423752629612533,nan,nan,0.0,0.0,0.0,0.0,85.87882390383763,0.0,0.0,206.69751436120245
E_collaborative_none_i1,E,,collaborative,none,1,M,0.0,0.0,1.2871149839828568,9.444479193147124,3.067928421289616,0.0,0.0,52.0,0.0,298.0289063422049,nan,nan,nan,nan,nan,0.0,0.0,0.0,0.0,97.41636694247049,0.0,0.0,200.6125393997344
E_collaborative_none_i1,E,,collaborative,none,1,R,0.29836670295073386,0.29836670295073386,0.05063083616934638,0.607256690237841,0.009954062499999859,0.0,0.0,2.0,0.0,287.8001898741764,16.429351085546056,21.109465073360266,16.429351085546056,nan,nan,0.2517048597342464,0.0,0.0,0.04666184321648733,88.93784320884788,0.0,0.0,198.86234666532852
E_collaborative_none_i1,E,,collaborative,none,1,F,0.0,0.0,0.0,0.0,0.0,0.0,0.0,0.0,0.0,287.99999999999784,21.109465073360266,21.109465073360266,nan,nan,nan,0.0,0.0,0.0,0.0,89.10000000000056,0.0,0.0,198.89999999999728
E_collaborative_none_i1,E,,collaborative,none,1,B,0.0,0.0,0.06097630211050437,0.5905442054085907,0.010617565247425402,0.0,0.0,2.0,0.0,292.57083878863034,16.429351085546056,nan,16.429351085546056,nan,nan,0.0,0.0,0.0,0.0,90.50541734742797,0.0,0.0,202.06542144120237
E_collaborative_none_i2,E,,collaborative,none,2,M,0.0,0.0,2.3489957131162233,2.862664529953132,0.3282028119986426,0.0,0.0,13.0,0.0,298.0907079935499,nan,nan,nan,nan,nan,0.0,0.0,0.0,0.0,95.86618909639253,0.0,0.0,202.2245188971574
E_collaborative_none_i2,E,,collaborative,none,2,R,3.304868564495967,3.304868564495967,0.3705242771680076,1.8784226950751806,0.0952281249999982,0.0,0.0,5.0,0.0,284.8012178829791,16.405288001526298,18.230156250000004,16.405288001526298,nan,nan,3.1637192009077846,0.0,0.0,0.1411493635881832,83.24677592032097,0.0,0.0,201.5544419626581
E_collaborative_none_i2,E,,collaborative,none,2,F,0.0,0.0,0.0,0.0,0.0,0.0,0.0,0.0,0.0,287.9999999999979,18.230156250000004,18.230156250000004,nan,nan,nan,0.0,0.0,0.0,0.0,86.40000000000055,0.0,0.0,201.59999999999735
E_collaborative_none_i2,E,,collaborative,none,2,B,0.6015893852111452,0.6015893852111452,0.05803603622984488,0.6805072884540114,0.005713985776106778,0.0,0.0,1.0,0.0,290.0959298814528,16.405288001526298,nan,16.405288001526298,nan,nan,0.6015893852111452,0.0,0.0,0.0,85.82679412318817,0.0,0.0,204.2691357582646
E_collaborative_prepare_i0,E,,collaborative,prepare,0,M,0.0,0.0,2.3480023397639798,3.05823861948573,2.2635703314536872,0.0,0.0,15.0,0.0,297.91389151017773,nan,nan,nan,nan,nan,0.0,0.0,0.0,0.0,94.01347003225192,0.0,0.0,203.90042147792582
E_collaborative_prepare_i0,E,,collaborative,prepare,0,R,1.688439531325929,1.688439531325929,0.4654006607429049,1.9701236341466264,6.938893903907229e-19,0.0,0.0,0.0,0.0,286.50510069704166,16.261843495884147,20.85657245228276,16.261843495884147,nan,nan,1.4662248851690338,0.0,0.0,0.22221464615689532,83.12653825585241,0.0,0.0,203.37856244118925
E_collaborative_prepare_i0,E,,collaborative,prepare,0,F,1.2972109757490844,1.2972109757490844,1.2654641879659725,4.565420960203316,1.1492918068214655,0.0,0.0,29.0,0.0,286.70278894179626,20.85657245228276,20.85657245228276,nan,nan,nan,1.2261767363868858,0.0,0.0,0.07103423936219616,83.37231370357222,0.0,0.0,203.33047523822404
E_collaborative_prepare_i0,E,,collaborative,prepare,0,B,0.0,0.0,0.08093907295878315,0.9680636922875671,0.006140323602705587,0.0,0.0,1.0,0.0,291.4432572011575,16.261843495884147,nan,16.261843495884147,nan,nan,0.0,0.0,0.0,0.0,85.4142694546871,0.0,0.0,206.02898774647042
E_collaborative_prepare_i1,E,,collaborative,prepare,1,M,0.0,0.0,0.9874794620727755,6.887193881046096,2.3992965403804676,0.0,0.0,38.0,0.0,295.48837408158613,nan,nan,nan,nan,nan,0.0,0.0,0.0,0.0,97.7969569278209,0.0,0.0,197.69141715376523
E_collaborative_prepare_i1,E,,collaborative,prepare,1,R,1.7745511691387212,1.7745511691387212,0.5618764122716816,2.236073518230995,0.009954062499999859,0.0,0.0,2.0,0.0,286.50519967656544,16.271892055441537,20.75256398720631,16.271892055441537,nan,nan,1.615529654125842,0.0,0.0,0.15902151501287937,89.36919998688003,0.0,0.0,197.1359996896854
E_collaborative_prepare_i1,E,,collaborative,prepare,1,F,1.2972109757490844,1.2972109757490844,1.2654641879659725,4.565420960203316,1.1492918068214655,0.0,0.0,29.0,0.0,286.70278894179626,20.75256398720631,20.75256398720631,nan,nan,nan,1.2447989694618093,0.0,0.0,0.05241200628727293,89.65408719295016,0.0,0.0,197.0487017488461
E_collaborative_prepare_i1,E,,collaborative,prepare,1,B,0.0,0.0,0.09745548938936956,1.0847500739222125,0.010617565247425402,0.0,0.0,2.0,0.0,291.4333076211239,16.271892055441537,nan,16.271892055441537,nan,nan,0.0,0.0,0.0,0.0,91.77866559615555,0.0,0.0,199.65464202496835
E_collaborative_prepare_i2,E,,collaborative,prepare,2,M,0.0,0.0,2.755090858921236,2.7357071509315047,0.33015872766051224,0.0,0.0,14.0,0.0,297.0095451843709,nan,nan,nan,nan,nan,0.0,0.0,0.0,0.0,95.17251748148774,0.0,0.0,201.83702770288315
E_collaborative_prepare_i2,E,,collaborative,prepare,2,R,4.7876893920171595,4.7876893920171595,0.7408839077534717,3.169556964972967,0.0952281249999982,0.0,0.0,5.0,0.0,283.5062276853676,16.272100545881425,18.230156250000004,16.272100545881425,nan,nan,4.46685225945447,0.0,0.0,0.32083713256268637,81.93740709519761,0.0,0.0,201.56882059017
E_collaborative_prepare_i2,E,,collaborative,prepare,2,F,1.2972109757490844,1.2972109757490844,1.2654641879659725,4.565420960203316,1.1492918068214655,0.0,0.0,29.0,0.0,286.70278894179614,18.230156250000004,18.230156250000004,nan,nan,nan,1.2320866639478665,0.0,0.0,0.06512431180121564,85.16652936197193,0.0,0.0,201.53625957982422
E_collaborative_prepare_i2,E,,collaborative,prepare,2,B,1.2418071132616058,1.2418071132616058,0.10828680520369863,1.080542442708115,0.005713985776106778,0.0,0.0,1.0,0.0,288.9341271394862,16.272100545881425,nan,16.272100545881425,nan,nan,1.096322739331661,0.0,0.0,0.14548437392994468,85.30592558467512,0.0,0.0,203.62820155481106
E_short_window_none_i0,E,,short_window,none,0,M,1.1247083154518722,1.1247083154518722,4.0889146662680576,6.052059625985405,1.9826542333257169,0.0,0.0,33.0,0.0,294.0290929504547,nan,nan,nan,nan,nan,0.29329145291272596,0.0,0.0,0.8314168625391469,92.34636353725361,0.0,0.0,201.6827294132011
E_short_window_none_i0,E,,short_window,none,0,R,8.626540053955308,8.626540053955308,6.697411663119074,6.84157003031673,2.5250368353749746,0.0,0.0,37.0,0.0,279.80509242841555,13.001562500000073,13.001562500000073,14.98824443326448,nan,nan,7.362628471153653,0.0,0.0,1.2639115828016552,78.30873089005973,0.0,0.0,201.4963615383558
E_short_window_none_i0,E,,short_window,none,0,F,0.0,0.0,0.0,0.0,0.0,0.0,0.0,0.0,0.0,287.99999999999795,13.001562500000073,13.001562500000073,nan,nan,nan,0.0,0.0,0.0,0.0,85.50000000000054,0.0,0.0,202.4999999999974
E_short_window_none_i0,E,,short_window,none,0,B,5.135098515716413,5.135098515716413,1.2763202560345503,3.0231635677315385,0.014562844756416931,0.0,0.0,2.0,0.0,283.76426635586466,14.98824443326448,nan,14.98824443326448,nan,nan,3.0905400440665596,0.0,0.0,2.044558471649851,82.52038620466169,0.0,0.0,201.24388015120297
E_short_window_none_i1,E,,short_window,none,1,M,3.925448023553829,3.925448023553829,4.34073693268647,12.506331759340018,3.530339462987158,0.0,0.0,71.0,0.0,287.8575952843154,nan,nan,nan,nan,nan,1.071254810688528,0.0,0.0,2.8541932128653014,95.37601385642094,0.0,0.0,192.48158142789444
E_short_window_none_i1,E,,short_window,none,1,R,8.766089706015983,8.766089706015983,7.562919370063872,7.154446213302422,2.8409308954686985,0.0,0.0,41.0,0.0,279.805306599408,12.868593750000098,12.868593750000098,14.996219561652634,nan,nan,7.828367248099757,0.0,0.0,0.9377224579162218,85.18163029852303,0.0,0.0,194.623676300885
E_short_window_none_i1,E,,short_window,none,1,F,0.0,0.0,0.0,0.0,0.0,0.0,0.0,0.0,0.0,287.99999999999795,12.868593750000098,12.868593750000098,nan,nan,nan,0.0,0.0,0.0,0.0,92.70000000000059,0.0,0.0,195.29999999999737
E_short_window_none_i1,E,,short_window,none,1,B,5.218520724728433,5.218520724728433,1.3952489492267042,3.2136678951302127,0.01842156096333897,0.0,0.0,2.0,0.0,283.7342437239886,14.996219561652634,nan,14.996219561652634,nan,nan,3.4900312877782964,0.0,0.0,1.7284894369501338,89.36745066871566,0.0,0.0,194.36679305527292
E_short_window_none_i2,E,,short_window,none,2,M,3.6447173136415576,3.6447173136415576,5.6644036460350815,8.094718565410476,0.8360094442665758,0.0,0.0,32.0,0.0,289.96428920452536,nan,nan,nan,nan,nan,1.5670848674697535,0.0,0.0,2.0776324461718034,93.10732866112289,0.0,0.0,196.85696054340247
E_short_window_none_i2,E,,short_window,none,2,R,11.51989358472082,11.51989358472082,9.00759767060083,7.845477957998514,3.4409733671874427,0.0,0.0,48.0,0.0,276.806511082158,10.205156250000012,10.205156250000012,14.650685361748284,nan,nan,10.361296313243267,0.0,0.0,1.158597271477557,78.71259981576188,0.0,0.0,198.09391126639613
E_short_window_none_i2,E,,short_window,none,2,F,0.0,0.0,0.0,0.0,0.0,0.0,0.0,0.0,0.0,287.999999999998,10.205156250000012,10.205156250000012,nan,nan,nan,0.0,0.0,0.0,0.0,89.10000000000056,0.0,0.0,198.89999999999745
E_short_window_none_i2,E,,short_window,none,2,B,7.883260267268139,7.883260267268139,2.0406374782250585,3.704637961007605,0.014176111252910885,0.0,0.0,2.0,0.0,281.0211205148055,14.650685361748284,nan,14.650685361748284,nan,nan,5.386717386096319,0.0,0.0,2.4965428811718167,83.68569066337426,0.0,0.0,197.33542985143123
E_short_window_prepare_i0,E,,short_window,prepare,0,M,2.4302807964193422,2.4302807964193422,5.371871632466227,7.540965547316596,2.2144944313579566,0.0,0.0,38.0,0.0,292.5358010391998,nan,nan,nan,nan,nan,0.7623712714220554,0.0,0.0,1.6679095249972862,92.57687705113707,0.0,0.0,199.9589239880627
E_short_window_prepare_i0,E,,short_window,prepare,0,R,10.07089209200904,10.07089209200904,8.077299362587597,7.435092142393043,2.4841411338280968,0.0,0.0,30.0,0.0,278.5101054382747,13.001562500000073,13.001562500000073,14.42809107544765,nan,nan,8.701644552987695,0.0,0.0,1.3692475390213428,77.86409255904493,0.0,0.0,200.64601287922977
E_short_window_prepare_i0,E,,short_window,prepare,0,F,1.2972109757490844,1.2972109757490844,1.2654641879659725,4.565420960203316,1.1492918068214655,0.0,0.0,29.0,0.0,286.70278894179614,13.001562500000073,13.001562500000073,nan,nan,nan,1.2320866639478665,0.0,0.0,0.06512431180121564,85.16652936197193,0.0,0.0,201.53625957982422
E_short_window_prepare_i0,E,,short_window,prepare,0,B,6.574184045989304,6.574184045989304,1.9181574230351814,3.34797404423208,0.014562844756416931,0.0,0.0,2.0,0.0,282.39089415988116,14.42809107544765,nan,14.42809107544765,nan,nan,3.876122420679715,0.0,0.0,2.698061625309589,82.62628087087512,0.0,0.0,199.76461328900604
E_short_window_prepare_i1,E,,short_window,prepare,1,M,3.9296663236493456,3.9296663236493456,4.000572394050666,11.604188655983636,2.090241476069925,0.0,0.0,67.0,0.0,288.0339217694878,nan,nan,nan,nan,nan,1.3856707437330014,0.0,0.0,2.543995579916344,95.24360538232156,0.0,0.0,192.79031638716623
E_short_window_prepare_i1,E,,short_window,prepare,1,R,10.204822782749265,10.204822782749265,8.995627920499158,7.731193495622574,2.758111431328081,0.0,0.0,32.0,0.0,278.51031656366945,12.868593750000098,12.868593750000098,14.446035931017132,nan,nan,9.173010938843753,0.0,0.0,1.0318118439055102,83.83220730037121,0.0,0.0,194.67810926329824
E_short_window_prepare_i1,E,,short_window,prepare,1,F,1.2972109757490844,1.2972109757490844,1.2654641879659725,4.565420960203316,1.1492918068214655,0.0,0.0,29.0,0.0,286.70278894179614,12.868593750000098,12.868593750000098,nan,nan,nan,1.2491596436199133,0.0,0.0,0.04805133212916905,91.44981918311791,0.0,0.0,195.25296975867823
E_short_window_prepare_i1,E,,short_window,prepare,1,B,6.658474425025852,6.658474425025852,2.0650996467824214,3.541010026095467,0.01842156096333897,0.0,0.0,2.0,0.0,282.3574928272583,14.446035931017132,nan,14.446035931017132,nan,nan,4.325427622191497,0.0,0.0,2.333046802834354,88.52392799833217,0.0,0.0,193.83356482892611
E_short_window_prepare_i2,E,,short_window,prepare,2,M,4.683855586493713,4.683855586493713,6.4658572438470525,8.525311440368291,1.1225665256783175,0.0,0.0,36.0,0.0,289.071820920987,nan,nan,nan,nan,nan,1.9023801068701713,0.0,0.0,2.781475479623544,93.81125567400923,0.0,0.0,195.2605652469778
E_short_window_prepare_i2,E,,short_window,prepare,2,R,12.948593522765472,12.948593522765472,9.966891827105991,8.321251784664597,3.1752200562887576,0.0,0.0,36.0,0.0,275.51146860540484,10.205156250000012,10.205156250000012,14.108267462691739,nan,nan,11.6386618511646,0.0,0.0,1.3099316716008689,78.32980063616048,0.0,0.0,197.18166796924436
E_short_window_prepare_i2,E,,short_window,prepare,2,F,1.2972109757490844,1.2972109757490844,1.2654641879659725,4.565420960203316,1.1492918068214655,0.0,0.0,29.0,0.0,286.70278894179626,10.205156250000012,10.205156250000012,nan,nan,nan,1.2424724157526148,0.0,0.0,0.05473855999646739,88.75636430739303,0.0,0.0,197.94642463440323
E_short_window_prepare_i2,E,,short_window,prepare,2,B,9.311492423838448,9.311492423838448,2.623157310709031,3.8756416096891706,0.014176111252910885,0.0,0.0,2.0,0.0,279.63135672960993,14.108267462691739,nan,14.108267462691739,nan,nan,6.150326714141288,0.0,0.0,3.1611657096971646,83.81425879816754,0.0,0.0,195.8170979314424
