run_id,t_s,event,details
A_ample_none_i0,0.0,startup_physical_check,"{'in_start_zone': True, 'slot_ok': False, 'necessary_bound_ok': True, 'remaining_distance_m': 96.0, 'min_forward_distance_m': 55.849300000000085, 'interval_width_m': 7.400000000000006, 'current_speed_forecast_min_slot_width_m': 7.399999999999999, 'current_speed_forecast_min_front_margin_m': 1.0, 'current_speed_forecast_min_rear_margin_m': -4.1000000000000005, 'physical_ok': False}"
A_ample_none_i0,1.2000000000000002,merge_started,
A_ample_none_i0,4.2,merge_completed,
A_ample_none_i1,0.0,startup_physical_check,"{'in_start_zone': True, 'slot_ok': False, 'necessary_bound_ok': True, 'remaining_distance_m': 99.0, 'min_forward_distance_m': 50.74930000000009, 'interval_width_m': 7.924999999999997, 'current_speed_forecast_min_slot_width_m': 7.925000000000001, 'current_speed_forecast_min_front_margin_m': 9.694999999999993, 'current_speed_forecast_min_rear_margin_m': -7.169999999999999, 'physical_ok': False}"
A_ample_none_i1,4.8500000000000005,missed_window,missed_window
A_ample_none_i2,0.0,startup_physical_check,"{'in_start_zone': True, 'slot_ok': False, 'necessary_bound_ok': True, 'remaining_distance_m': 97.0, 'min_forward_distance_m': 55.849300000000056, 'interval_width_m': 4.609999999999999, 'current_speed_forecast_min_slot_width_m': 4.609999999999999, 'current_speed_forecast_min_front_margin_m': 0.5, 'current_speed_forecast_min_rear_margin_m': -6.39, 'physical_ok': False}"
A_ample_none_i2,1.85,merge_started,
A_ample_none_i2,4.8,merge_exit_before_completion,started_but_failed
A_ample_prepare_i0,0.0,startup_physical_check,"{'in_start_zone': True, 'slot_ok': False, 'necessary_bound_ok': True, 'remaining_distance_m': 96.0, 'min_forward_distance_m': 55.849300000000085, 'interval_width_m': 7.400000000000006, 'current_speed_forecast_min_slot_width_m': 7.399999999999999, 'current_speed_forecast_min_front_margin_m': 1.0, 'current_speed_forecast_min_rear_margin_m': -4.1000000000000005, 'physical_ok': False}"
A_ample_prepare_i0,1.2000000000000002,merge_started,
A_ample_prepare_i0,4.2,merge_completed,
A_ample_prepare_i1,0.0,startup_physical_check,"{'in_start_zone': True, 'slot_ok': False, 'necessary_bound_ok': True, 'remaining_distance_m': 99.0, 'min_forward_distance_m': 50.74930000000009, 'interval_width_m': 7.924999999999997, 'current_speed_forecast_min_slot_width_m': 7.925000000000001, 'current_speed_forecast_min_front_margin_m': 9.694999999999993, 'current_speed_forecast_min_rear_margin_m': -7.169999999999999, 'physical_ok': False}"
A_ample_prepare_i1,4.9,missed_window,missed_window
A_ample_prepare_i2,0.0,startup_physical_check,"{'in_start_zone': True, 'slot_ok': False, 'necessary_bound_ok': True, 'remaining_distance_m': 97.0, 'min_forward_distance_m': 55.849300000000056, 'interval_width_m': 4.609999999999999, 'current_speed_forecast_min_slot_width_m': 4.609999999999999, 'current_speed_forecast_min_front_margin_m': 0.5, 'current_speed_forecast_min_rear_margin_m': -6.39, 'physical_ok': False}"
A_ample_prepare_i2,1.85,merge_started,
A_ample_prepare_i2,4.8500000000000005,merge_exit_before_completion,started_but_failed
A_collaborative_none_i0,0.0,startup_physical_check,"{'in_start_zone': True, 'slot_ok': False, 'necessary_bound_ok': True, 'remaining_distance_m': 94.0, 'min_forward_distance_m': 54.349300000000085, 'interval_width_m': -1.424999999999983, 'current_speed_forecast_min_slot_width_m': -1.425000000000015, 'current_speed_forecast_min_front_margin_m': -6.824999999999998, 'current_speed_forecast_min_rear_margin_m': -5.1000000000000005, 'physical_ok': False}"
A_collaborative_none_i0,4.9,missed_window,missed_window
A_collaborative_none_i1,0.0,startup_physical_check,"{'in_start_zone': True, 'slot_ok': False, 'necessary_bound_ok': True, 'remaining_distance_m': 97.0, 'min_forward_distance_m': 49.24930000000012, 'interval_width_m': -0.8999999999999915, 'current_speed_forecast_min_slot_width_m': -1.4999999999999947, 'current_speed_forecast_min_front_margin_m': 1.869999999999994, 'current_speed_forecast_min_rear_margin_m': -8.169999999999998, 'physical_ok': False}"
A_collaborative_none_i1,5.0,missed_window,missed_window
A_collaborative_none_i2,0.0,startup_physical_check,"{'in_start_zone': True, 'slot_ok': False, 'necessary_bound_ok': True, 'remaining_distance_m': 95.0, 'min_forward_distance_m': 54.349300000000056, 'interval_width_m': -4.214999999999989, 'current_speed_forecast_min_slot_width_m': -4.215, 'current_speed_forecast_min_front_margin_m': -7.324999999999998, 'current_speed_forecast_min_rear_margin_m': -7.39, 'physical_ok': False}"
A_collaborative_none_i2,1.8,merge_started,
A_collaborative_none_i2,4.8,merge_completed,
A_collaborative_prepare_i0,0.0,startup_physical_check,"{'in_start_zone': True, 'slot_ok': False, 'necessary_bound_ok': True, 'remaining_distance_m': 94.0, 'min_forward_distance_m': 54.349300000000085, 'interval_width_m': -1.424999999999983, 'current_speed_forecast_min_slot_width_m': -1.425000000000015, 'current_speed_forecast_min_front_margin_m': -6.824999999999998, 'current_speed_forecast_min_rear_margin_m': -5.1000000000000005, 'physical_ok': False}"
A_collaborative_prepare_i0,4.95,missed_window,missed_window
A_collaborative_prepare_i1,0.0,startup_physical_check,"{'in_start_zone': True, 'slot_ok': False, 'necessary_bound_ok': True, 'remaining_distance_m': 97.0, 'min_forward_distance_m': 49.24930000000012, 'interval_width_m': -0.8999999999999915, 'current_speed_forecast_min_slot_width_m': -1.4999999999999947, 'current_speed_forecast_min_front_margin_m': 1.869999999999994, 'current_speed_forecast_min_rear_margin_m': -8.169999999999998, 'physical_ok': False}"
A_collaborative_prepare_i1,5.1000000000000005,missed_window,missed_window
A_collaborative_prepare_i2,0.0,startup_physical_check,"{'in_start_zone': True, 'slot_ok': False, 'necessary_bound_ok': True, 'remaining_distance_m': 95.0, 'min_forward_distance_m': 54.349300000000056, 'interval_width_m': -4.214999999999989, 'current_speed_forecast_min_slot_width_m': -4.215, 'current_speed_forecast_min_front_margin_m': -7.324999999999998, 'current_speed_forecast_min_rear_margin_m': -7.39, 'physical_ok': False}"
A_collaborative_prepare_i2,1.8,merge_started,
A_collaborative_prepare_i2,2.0500000000000003,action_interval_infeasible,"{'one_step_feasible': 0, 'next_h_min': -0.0030717147427388528, 'next_h': {'FM': -0.0030717147427388528, 'MR': 0.8090103409716787, 'RB': 10.914413911800146}, 'action_intervals': {'M': (-1.02544940173782, -0.77544940173782), 'R': (0.75, 1.0), 'F': (-0.9062047977329635, -0.6562047977329635), 'B': (-0.47067699355362663, -0.22067699355362663)}}"
A_collaborative_prepare_i2,2.1,action_interval_infeasible,"{'one_step_feasible': 0, 'next_h_min': -0.0222206012786241, 'next_h': {'FM': -0.0222206012786241, 'MR': 0.9039663658890655, 'RB': 10.849004322706797}, 'action_intervals': {'M': (-1.15044940173782, -0.90044940173782), 'R': (0.875, 1.125), 'F': (-0.8730035938293123, -0.6230035938293123), 'B': (-0.4380149082582417, -0.1880149082582417)}}"
A_collaborative_prepare_i2,2.15,action_interval_infeasible,"{'one_step_feasible': 0, 'next_h_min': -0.037902099073864826, 'next_h': {'FM': -0.037902099073864826, 'MR': 0.9907337673021179, 'RB': 10.786569199566996}, 'action_intervals': {'M': (-1.27544940173782, -1.02544940173782), 'R': (1.0, 1.25), 'F': (-0.8412134410915654, -0.5912134410915654), 'B': (-0.4031865385951507, -0.1531865385951507)}}"
A_collaborative_prepare_i2,2.2,action_interval_infeasible,"{'one_step_feasible': 0, 'next_h_min': -0.04972922752598091, 'next_h': {'FM': -0.04972922752598091, 'MR': 1.0686875452108235, 'RB': 10.727296390859452}, 'action_intervals': {'M': (-1.40044940173782, -1.15044940173782), 'R': (1.125, 1.375), 'F': (-0.8107743698451749, -0.5607743698451749), 'B': (-0.36639985097150096, -0.11639985097150096)}}"
A_collaborative_prepare_i2,2.25,action_interval_infeasible,"{'one_step_feasible': 0, 'next_h_min': -0.057318171458119925, 'next_h': {'FM': -0.057318171458119925, 'MR': 1.1390659566760246, 'RB': 10.671249336847046}, 'action_intervals': {'M': (-1.52544940173782, -1.27544940173782), 'R': (1.25, 1.5), 'F': (-0.7816289591267543, -0.5316289591267543), 'B': (-0.3278699738952917, -0.07786997389529171)}}"
A_collaborative_prepare_i2,2.3000000000000003,action_interval_infeasible,"{'one_step_feasible': 0, 'next_h_min': -0.06028814658840746, 'next_h': {'FM': -0.06028814658840746, 'MR': 1.2033754513772825, 'RB': 10.618291104680523}, 'action_intervals': {'M': (-1.65044940173782, -1.40044940173782), 'R': (1.2756262900891857, 1.5256262900891857), 'F': (-0.753722228363868, -0.503722228363868), 'B': (-0.2878191417778532, -0.03781914177785323)}}"
A_collaborative_prepare_i2,2.35,action_interval_infeasible,"{'one_step_feasible': 0, 'next_h_min': -0.05813700204851464, 'next_h': {'FM': -0.05813700204851464, 'MR': 1.261436163904168, 'RB': 10.568213697119557}, 'action_intervals': {'M': (-1.77544940173782, -1.52544940173782), 'R': (1.2008250919213908, 1.4508250919213908), 'F': (-0.7270015336584024, -0.47700153365840237), 'B': (-0.2490836625198202, 0.0009163374801798019)}}"
A_collaborative_prepare_i2,2.4000000000000004,action_interval_infeasible,"{'one_step_feasible': 0, 'next_h_min': -0.050239737838416405, 'next_h': {'FM': -0.050239737838416405, 'MR': 1.3129684838051985, 'RB': 10.520825426527834}, 'action_intervals': {'M': (-1.90044940173782, -1.65044940173782), 'R': (1.1289235420680448, 1.3789235420680448), 'F': (-0.6020015336584024, -0.35200153365840237), 'B': (-0.21419991088178436, 0.03580008911821564)}}"
A_collaborative_prepare_i2,2.45,action_interval_infeasible,"{'one_step_feasible': 0, 'next_h_min': -0.035971353958117125, 'next_h': {'FM': -0.035971353958117125, 'MR': 1.357676581616042, 'RB': 10.475954350122299}, 'action_intervals': {'M': (-2.02544940173782, -1.77544940173782), 'R': (1.064854756271645, 1.314854756271645), 'F': (-0.47700153365840237, -0.22700153365840237), 'B': (-0.1828086745672547, 0.06719132543274531)}}"
A_collaborative_prepare_i2,2.5,action_interval_infeasible,"{'one_step_feasible': 0, 'next_h_min': -0.014706850407603132, 'next_h': {'FM': -0.014706850407603132, 'MR': 1.3952488488020043, 'RB': 10.433447619311954}, 'action_intervals': {'M': (-2.15044940173782, -1.90044940173782), 'R': (1.0084393800139515, 1.2584393800139515), 'F': (-0.35200153365840237, -0.10200153365840237), 'B': (-0.15446493213625695, 0.09553506786374305)}}"
A_collaborative_prepare_i2,4.4,action_interval_infeasible,"{'one_step_feasible': 0, 'next_h_min': -0.034255451010373104, 'next_h': {'FM': 1.6405836811470225, 'MR': -0.034255451010373104, 'RB': 10.077599796931489}, 'action_intervals': {'M': (0.5509593875384482, 0.8009593875384482), 'R': (0.3975922795796767, 0.6475922795796767), 'F': (-0.05544027924832361, 0.19455972075167638), 'B': (0.228679133339038, 0.478679133339038)}}"
A_collaborative_prepare_i2,4.45,action_interval_infeasible,"{'one_step_feasible': 0, 'next_h_min': -0.08082153853168748, 'next_h': {'FM': 1.6652970140748198, 'MR': -0.08082153853168748, 'RB': 10.089104735858701}, 'action_intervals': {'M': (0.5472384357920056, 0.7972384357920056), 'R': (0.2725922795796767, 0.5225922795796767), 'F': (-0.05839656738027017, 0.19160343261972984), 'B': (0.22779458927705992, 0.4777945892770599)}}"
A_collaborative_prepare_i2,4.5,action_interval_infeasible,"{'one_step_feasible': 0, 'next_h_min': -0.12410740035842499, 'next_h': {'FM': 1.688847843337182, 'MR': -0.12410740035842499, 'RB': 10.100335335798574}, 'action_intervals': {'M': (0.5307370914305736, 0.7807370914305736), 'R': (0.1475922795796767, 0.3975922795796767), 'F': (-0.06122721326660745, 0.18877278673339254), 'B': (0.22530028769005217, 0.47530028769005217)}}"
A_collaborative_prepare_i2,4.55,action_interval_infeasible,"{'one_step_feasible': 0, 'next_h_min': -0.16384567655228857, 'next_h': {'FM': 1.7113078206069325, 'MR': -0.16384567655228857, 'RB': 10.111018357297993}, 'action_intervals': {'M': (0.5136280233964342, 0.7636280233964342), 'R': (0.02259227957967669, 0.2725922795796767), 'F': (-0.06393755670277734, 0.18606244329722266), 'B': (0.22123729926786423, 0.47123729926786423)}}"
A_collaborative_prepare_i2,4.55,safety_recheck,MR_predicted_gap
A_collaborative_prepare_i2,4.6000000000000005,action_interval_infeasible,"{'one_step_feasible': 0, 'next_h_min': -0.19977353054369018, 'next_h': {'FM': 1.732750442976712, 'MR': -0.19977353054369018, 'RB': 10.12088457030058}, 'action_intervals': {'M': (0.4946250420674203, 0.7446250420674203), 'R': (-0.10240772042032331, 0.1475922795796767), 'F': (-0.06653271054290907, 0.18346728945709093), 'B': (0.2156221468002431, 0.4656221468002431)}}"
A_collaborative_prepare_i2,4.6000000000000005,safety_recheck,MR_predicted_gap
A_collaborative_prepare_i2,4.65,action_interval_infeasible,"{'one_step_feasible': 0, 'next_h_min': -0.23163242275271229, 'next_h': {'FM': 1.753253564901514, 'MR': -0.23163242275271229, 'RB': 10.12966918937963}, 'action_intervals': {'M': (0.4738972790634499, 0.7238972790634499), 'R': (-0.2274077204203233, 0.02259227957967669), 'F': (-0.06901757034483397, 0.18098242965516603), 'B': (0.208447951001696, 0.458447951001696)}}"
A_collaborative_prepare_i2,4.65,safety_recheck,MR_predicted_gap
A_collaborative_prepare_i2,4.7,action_interval_infeasible,"{'one_step_feasible': 0, 'next_h_min': -0.25916805921745145, 'next_h': {'FM': 1.7728990351598497, 'MR': -0.25916805921745145, 'RB': 10.137112344376463}, 'action_intervals': {'M': (0.45145670599063625, 0.7014567059906363), 'R': (-0.3524077204203233, -0.10240772042032331), 'F': (-0.07139682360517946, 0.17860317639482054), 'B': (0.19968553739993666, 0.44968553739993666)}}"
A_collaborative_prepare_i2,4.7,safety_recheck,MR_predicted_gap
A_collaborative_prepare_i2,4.75,action_interval_infeasible,"{'one_step_feasible': 0, 'next_h_min': -0.28213032092002366, 'next_h': {'FM': 1.7917726451625768, 'MR': -0.28213032092002366, 'RB': 10.142959583868123}, 'action_intervals': {'M': (0.4273324485899046, 0.6773324485899046), 'R': (-0.4774077204203233, -0.2274077204203233), 'F': (-0.07367495860195791, 0.1763250413980421), 'B': (0.1892845207422773, 0.4392845207422773)}}"
A_collaborative_prepare_i2,4.75,safety_recheck,MR_predicted_gap
A_collaborative_prepare_i2,4.8,merge_completed_outside_slot,started_but_failed
A_collaborative_prepare_i2,4.800000000000001,action_interval_infeasible,"{'one_step_feasible': 0, 'next_h_min': -0.30039518352075745, 'next_h': {'FM': 1.811793873921862, 'MR': -0.30039518352075745, 'RB': 10.14696240863546}, 'action_intervals': {'M': (0.40155192031433484, 0.6515519203143348), 'R': (-0.6024077204203233, -0.3524077204203233), 'F': (-0.0758562728613736, 0.17414372713862641), 'B': (0.1771743821963096, 0.4271743821963096)}}"
A_collaborative_prepare_i2,4.800000000000001,safety_recheck,MR_predicted_gap
A_collaborative_prepare_i2,4.8500000000000005,action_interval_infeasible,"{'one_step_feasible': 0, 'next_h_min': -0.31396264701964005, 'next_h': {'FM': 1.8332701108740026, 'MR': -0.31396264701964005, 'RB': 10.148878832022694}, 'action_intervals': {'M': (0.27655192031433484, 0.5265519203143348), 'R': (-0.7274077204203233, -0.4774077204203233), 'F': (-0.07794488126476526, 0.17205511873523474), 'B': (0.16326555381209368, 0.4132655538120937)}}"
A_collaborative_prepare_i2,4.8500000000000005,safety_recheck,MR_predicted_gap
A_collaborative_prepare_i2,4.9,action_interval_infeasible,"{'one_step_feasible': 0, 'next_h_min': -0.3228176758265768, 'next_h': {'FM': 1.8562834288024406, 'MR': -0.3228176758265768, 'RB': 10.148473963771975}, 'action_intervals': {'M': (0.15155192031433484, 0.40155192031433484), 'R': (-0.8524077204203233, -0.6024077204203233), 'F': (-0.07994472381101314, 0.17005527618898686), 'B': (0.14745052418534005, 0.39745052418534005)}}"
A_collaborative_prepare_i2,4.9,safety_recheck,MR_predicted_gap
A_collaborative_prepare_i2,4.95,action_interval_infeasible,"{'one_step_feasible': 0, 'next_h_min': -0.32679404949956325, 'next_h': {'FM': 1.8790693322036742, 'MR': -0.32679404949956325, 'RB': 10.145520613577286}, 'action_intervals': {'M': (0.038580392411261516, 0.28858039241126154), 'R': (-0.9774077204203233, -0.7274077204203233), 'F': (-0.08185957304904398, 0.16814042695095602), 'B': (0.1296049789308535, 0.3796049789308535)}}"
A_collaborative_prepare_i2,4.95,safety_recheck,MR_predicted_gap
A_collaborative_prepare_i2,5.0,action_interval_infeasible,"{'one_step_feasible': 0, 'next_h_min': -0.32558927615097505, 'next_h': {'FM': 1.9016316323494893, 'MR': -0.32558927615097505, 'RB': 10.139799910235372}, 'action_intervals': {'M': (0.034528273926137165, 0.28452827392613717), 'R': (-1.1024077204203233, -0.8524077204203233), 'F': (-0.08369304119445839, 0.1663069588055416), 'B': (0.10958898936050188, 0.3595889893605019)}}"
A_collaborative_prepare_i2,5.0,safety_recheck,MR_predicted_gap
A_collaborative_prepare_i2,5.050000000000001,action_interval_infeasible,"{'one_step_feasible': 0, 'next_h_min': -0.3189006207070393, 'next_h': {'FM': 1.923974104531489, 'MR': -0.3189006207070393, 'RB': 10.131101931872468}, 'action_intervals': {'M': (0.03057390248233488, 0.2805739024823349), 'R': (-1.2274077204203233, -0.9774077204203233), 'F': (-0.08544858694369424, 0.16455141305630577), 'B': (0.08724826257734508, 0.3372482625773451)}}"
A_collaborative_prepare_i2,5.050000000000001,safety_recheck,MR_predicted_gap
A_collaborative_prepare_i2,5.1000000000000005,action_interval_infeasible,"{'one_step_feasible': 0, 'next_h_min': -0.30642510740314594, 'next_h': {'FM': 1.9461004843093277, 'MR': -0.30642510740314594, 'RB': 10.119226342305478}, 'action_intervals': {'M': (0.02671633295922851, 0.2767163329592285), 'R': (-1.3524077204203233, -1.1024077204203233), 'F': (-0.08712952199858766, 0.16287047800141236), 'B': (0.062415465962936706, 0.3124154659629367)}}"
A_collaborative_prepare_i2,5.1000000000000005,safety_recheck,MR_predicted_gap
A_collaborative_prepare_i2,5.15,action_interval_infeasible,"{'one_step_feasible': 0, 'next_h_min': -0.2878595225316892, 'next_h': {'FM': 1.9680144641774822, 'MR': -0.2878595225316892, 'RB': 10.10398302815189}, 'action_intervals': {'M': (0.022954514164657935, 0.27295451416465794), 'R': (-1.4774077204203233, -1.2274077204203233), 'F': (-0.08873901731364633, 0.16126098268635367), 'B': (0.03491163866198668, 0.28491163866198665)}}"
A_collaborative_prepare_i2,5.15,safety_recheck,MR_predicted_gap
A_collaborative_prepare_i2,5.2,action_interval_infeasible,"{'one_step_feasible': 0, 'next_h_min': -0.26290041741754827, 'next_h': {'FM': 1.989719690619989, 'MR': -0.26290041741754827, 'RB': 10.085192730848178}, 'action_intervals': {'M': (0.019287299033600325, 0.2692872990336003), 'R': (-1.6024077204203233, -1.3524077204203233), 'F': (-0.09028010907781532, 0.1597198909221847), 'B': (0.004547702069468279, 0.2545477020694683)}}"
A_collaborative_prepare_i2,5.2,safety_recheck,MR_predicted_gap
A_collaborative_prepare_i2,5.25,action_interval_infeasible,"{'one_step_feasible': 0, 'next_h_min': -0.23124411159744954, 'next_h': {'FM': 2.0112197615250675, 'MR': -0.23124411159744954, 'RB': 10.062687667277617}, 'action_intervals': {'M': (0.015713454295855717, 0.2657134542958557), 'R': (-1.7274077204203233, -1.4774077204203233), 'F': (-0.0917557044420084, 0.1582442955579916), 'B': (-0.028873919588245645, 0.22112608041175436)}}"
A_collaborative_prepare_i2,5.25,safety_recheck,MR_predicted_gap
A_collaborative_prepare_i2,5.300000000000001,action_interval_infeasible,"{'one_step_feasible': 0, 'next_h_min': -0.19258669618144741, 'next_h': {'FM': 2.032518223932688, 'MR': -0.19258669618144741, 'RB': 10.036312132259473}, 'action_intervals': {'M': (0.012231669623060909, 0.2622316696230609), 'R': (-1.8524077204203233, -1.6024077204203233), 'F': (-0.09316858700322186, 0.15683141299677814), 'B': (-0.06555755880165234, 0.18444244119834766)}}"
A_collaborative_prepare_i2,5.300000000000001,safety_recheck,MR_predicted_gap
A_collaborative_prepare_i2,5.3500000000000005,action_interval_infeasible,"{'one_step_feasible': 0, 'next_h_min': -0.14662403737506347, 'next_h': {'FM': 2.0536185720900746, 'MR': -0.14662403737506347, 'RB': 10.005923075725752}, 'action_intervals': {'M': (0.008840566266627686, 0.25884056626662766), 'R': (-1.9774077204203233, -1.7274077204203233), 'F': (-0.09452142205558563, 0.1554785779444144), 'B': (-0.1057124364781451, 0.1442875635218549)}}"
A_collaborative_prepare_i2,5.3500000000000005,safety_recheck,MR_predicted_gap
A_collaborative_prepare_i2,5.4,action_interval_infeasible,"{'one_step_feasible': 0, 'next_h_min': -0.09305178014264559, 'next_h': {'FM': 2.0745242457913418, 'MR': -0.09305178014264559, 'RB': 9.971390647029592}, 'action_intervals': {'M': (0.005538705199257976, 0.255538705199258), 'R': (-2.1024077204203233, -1.8524077204203233), 'F': (-0.09581676161822354, 0.15418323838177644), 'B': (-0.14955066017331084, 0.10044933982668916)}}"
A_collaborative_prepare_i2,5.45,action_interval_infeasible,"{'one_step_feasible': 0, 'next_h_min': -0.031565351993324206, 'next_h': {'FM': 2.095238628979441, 'MR': -0.031565351993324206, 'RB': 9.932598698506705}, 'action_intervals': {'M': (0.0023245947737447203, 0.2523245947737447), 'R': (-2.2274077204203233, -1.9774077204203233), 'F': (-0.09705704924945024, 0.15294295075054976), 'B': (-0.19728508620976948, 0.05271491379023052)}}"
A_short_window_none_i0,0.0,startup_physical_check,"{'in_start_zone': True, 'slot_ok': False, 'necessary_bound_ok': True, 'remaining_distance_m': 92.0, 'min_forward_distance_m': 52.84930000000017, 'interval_width_m': -9.424999999999983, 'current_speed_forecast_min_slot_width_m': -10.925, 'current_speed_forecast_min_front_margin_m': -11.149999999999999, 'current_speed_forecast_min_rear_margin_m': -7.2749999999999995, 'physical_ok': False}"
A_short_window_none_i0,2.85,merge_started,
A_short_window_none_i0,5.6000000000000005,merge_exit_before_completion,started_but_failed
A_short_window_none_i0,6.0,action_interval_infeasible,"{'one_step_feasible': 0, 'next_h_min': -0.0020495334966670123, 'next_h': {'FM': 8.395356344431136, 'MR': -0.0020495334966670123, 'RB': 7.012274067589827}, 'action_intervals': {'M': (0.5291632301518134, 0.7791632301518134), 'R': (1.375, 1.625), 'F': (-0.125, 0.125), 'B': (0.6834185205406916, 0.9334185205406916)}}"
A_short_window_none_i0,6.050000000000001,action_interval_infeasible,"{'one_step_feasible': 0, 'next_h_min': -0.08717175475788833, 'next_h': {'FM': 8.427763541481173, 'MR': -0.08717175475788833, 'RB': 7.1306905699008105}, 'action_intervals': {'M': (0.4141271726418073, 0.6641271726418073), 'R': (1.25, 1.5), 'F': (-0.125, 0.125), 'B': (0.6783327423304758, 0.9283327423304758)}}"
A_short_window_none_i0,6.1000000000000005,action_interval_infeasible,"{'one_step_feasible': 0, 'next_h_min': -0.17176112628666246, 'next_h': {'FM': 8.459014290967085, 'MR': -0.17176112628666246, 'RB': 7.250175833273197}, 'action_intervals': {'M': (0.40514424063894183, 0.6551442406389418), 'R': (1.125, 1.375), 'F': (-0.125, 0.125), 'B': (0.6732399370472503, 0.9232399370472503)}}"
A_short_window_none_i0,6.1000000000000005,safety_recheck,MR_predicted_gap
A_short_window_none_i0,6.15,action_interval_infeasible,"{'one_step_feasible': 0, 'next_h_min': -0.25552769081717364, 'next_h': {'FM': 8.489131429564782, 'MR': -0.25552769081717364, 'RB': 7.370430215676407}, 'action_intervals': {'M': (0.3961355453071794, 0.6461355453071794), 'R': (1.0, 1.25), 'F': (-0.125, 0.125), 'B': (0.6681406888322706, 0.9181406888322706)}}"
A_short_window_none_i0,6.15,safety_recheck,MR_predicted_gap
A_short_window_none_i0,6.2,action_interval_infeasible,"{'one_step_feasible': 0, 'next_h_min': -0.3381815222782219, 'next_h': {'FM': 8.518137673985814, 'MR': -0.3381815222782219, 'RB': 7.491154078771439}, 'action_intervals': {'M': (0.3871100533038693, 0.6371100533038693), 'R': (0.875, 1.125), 'F': (-0.125, 0.125), 'B': (0.6630355820124296, 0.9130355820124296)}}"
A_short_window_none_i0,6.2,safety_recheck,MR_predicted_gap
A_short_window_none_i0,6.25,action_interval_infeasible,"{'one_step_feasible': 0, 'next_h_min': -0.4194327046096431, 'next_h': {'FM': 8.546055605542863, 'MR': -0.4194327046096431, 'RB': 7.612047786456407}, 'action_intervals': {'M': (0.37807640228694683, 0.6280764022869468), 'R': (0.75, 1.0), 'F': (-0.125, 0.125), 'B': (0.6579252008460882, 0.9079252008460882)}}"
A_short_window_none_i0,6.25,safety_recheck,MR_predicted_gap
A_short_window_none_i0,6.300000000000001,action_interval_infeasible,"{'one_step_feasible': 0, 'next_h_min': -0.4989913113990694, 'next_h': {'FM': 8.572907655518861, 'MR': -0.4989913113990694, 'RB': 7.732811703417341}, 'action_intervals': {'M': (0.3690429013931959, 0.619042901393196), 'R': (0.625, 0.875), 'F': (-0.125, 0.125), 'B': (0.6528101292700534, 0.9028101292700534)}}"
A_short_window_none_i0,6.300000000000001,safety_recheck,MR_predicted_gap
A_short_window_none_i0,6.3500000000000005,action_interval_infeasible,"{'one_step_feasible': 0, 'next_h_min': -0.5765673863355775, 'next_h': {'FM': 8.59871609132785, 'MR': -0.5765673863355775, 'RB': 7.853146193685276}, 'action_intervals': {'M': (0.36001753219695737, 0.6100175321969574), 'R': (0.5, 0.75), 'F': (-0.125, 0.125), 'B': (0.6476909506482018, 0.8976909506482018)}}"
A_short_window_none_i0,6.3500000000000005,safety_recheck,MR_predicted_gap
A_short_window_none_i0,6.4,action_interval_infeasible,"{'one_step_feasible': 0, 'next_h_min': -0.6518709244763613, 'next_h': {'FM': 8.623503003455587, 'MR': -0.6518709244763613, 'RB': 7.972751619199895}, 'action_intervals': {'M': (0.3510079501447574, 0.6010079501447574), 'R': (0.375, 0.625), 'F': (-0.125, 0.125), 'B': (0.642568247522168, 0.892568247522168)}}"
A_short_window_none_i0,6.4,safety_recheck,MR_predicted_gap
A_short_window_none_i0,6.45,action_interval_infeasible,"{'one_step_feasible': 0, 'next_h_min': -0.724611854320948, 'next_h': {'FM': 8.647290293166412, 'MR': -0.724611854320948, 'RB': 8.09132833838041}, 'action_intervals': {'M': (0.34202148645880914, 0.5920214864588091), 'R': (0.25, 0.5), 'F': (-0.125, 0.125), 'B': (0.6374426013644808, 0.8874426013644808)}}"
A_short_window_none_i0,6.45,safety_recheck,MR_predicted_gap
A_short_window_none_i0,6.5,action_interval_infeasible,"{'one_step_feasible': 0, 'next_h_min': -0.7945000206866599, 'next_h': {'FM': 8.670099660961995, 'MR': -0.7945000206866599, 'RB': 8.208576704704395}, 'action_intervals': {'M': (0.3330651504999827, 0.5830651504999826), 'R': (0.125, 0.375), 'F': (-0.125, 0.125), 'B': (0.6323145923344683, 0.8823145923344683)}}"
A_short_window_none_i0,6.5,safety_recheck,MR_predicted_gap
A_short_window_none_i0,6.550000000000001,action_interval_infeasible,"{'one_step_feasible': 0, 'next_h_min': -0.8612451683776466, 'next_h': {'FM': 8.691952595777007, 'MR': -0.8612451683776466, 'RB': 8.324197065294866}, 'action_intervals': {'M': (0.3241456325786115, 0.5741456325786115), 'R': (0.0, 0.25), 'F': (-0.125, 0.125), 'B': (0.6271847990372166, 0.8771847990372166)}}"
A_short_window_none_i0,6.550000000000001,safety_recheck,MR_predicted_gap
A_short_window_none_i0,6.6000000000000005,action_interval_infeasible,"{'one_step_feasible': 0, 'next_h_min': -0.9245569266387065, 'next_h': {'FM': 8.712870364895382, 'MR': -0.9245569266387065, 'RB': 8.437889759516215}, 'action_intervals': {'M': (0.31526930719949486, 0.5652693071994949), 'R': (-0.125, 0.125), 'F': (-0.125, 0.125), 'B': (0.6220537982858261, 0.8720537982858261)}}"
A_short_window_none_i0,6.6000000000000005,safety_recheck,MR_predicted_gap
A_short_window_none_i0,6.65,action_interval_infeasible,"{'one_step_feasible': 0, 'next_h_min': -0.984144794384566, 'next_h': {'FM': 8.732874004571004, 'MR': -0.984144794384566, 'RB': 8.549355117579589}, 'action_intervals': {'M': (0.3064422367255788, 0.5564422367255788), 'R': (-0.25, 0.0), 'F': (-0.125, 0.125), 'B': (0.6169221648671728, 0.8669221648671728)}}"
A_short_window_none_i0,6.65,safety_recheck,MR_predicted_gap
A_short_window_none_i0,6.7,action_interval_infeasible,"{'one_step_feasible': 0, 'next_h_min': -1.0397181261935793, 'next_h': {'FM': 8.751984311334871, 'MR': -1.0397181261935793, 'RB': 8.658293459158}, 'action_intervals': {'M': (0.2976701754431395, 0.5476701754431395), 'R': (-0.375, -0.125), 'F': (-0.125, 0.125), 'B': (0.6117904713113487, 0.8617904713113487)}}"
A_short_window_none_i0,6.7,safety_recheck,MR_predicted_gap
A_short_window_none_i0,6.75,action_interval_infeasible,"{'one_step_feasible': 0, 'next_h_min': -1.0909861190547663, 'next_h': {'FM': 8.770221833971425, 'MR': -1.0909861190547663, 'RB': 8.76440509201223}, 'action_intervals': {'M': (0.2889585740098034, 0.5389585740098034), 'R': (-0.5, -0.25), 'F': (-0.125, 0.125), 'B': (0.6066592876649323, 0.8566592876649323)}}"
A_short_window_none_i0,6.75,safety_recheck,MR_predicted_gap
A_short_window_none_i0,6.800000000000001,action_interval_infeasible,"{'one_step_feasible': 0, 'next_h_min': -1.1376577998551713, 'next_h': {'FM': 8.787606866145104, 'MR': -1.1376577998551713, 'RB': 8.867390310627021}, 'action_intervals': {'M': (0.2803125842654686, 0.5303125842654686), 'R': (-0.625, -0.375), 'F': (-0.125, 0.125), 'B': (0.6015291812682224, 0.8515291812682224)}}"
A_short_window_none_i0,6.800000000000001,safety_recheck,MR_predicted_gap
A_short_window_none_i0,6.8500000000000005,action_interval_infeasible,"{'one_step_feasible': 0, 'next_h_min': -1.1794420135946786, 'next_h': {'FM': 8.804159439658449, 'MR': -1.1794420135946786, 'RB': 8.966949394859062}, 'action_intervals': {'M': (0.27173706438505635, 0.5217370643850563), 'R': (-0.75, -0.5), 'F': (-0.125, 0.125), 'B': (0.5964007165365279, 0.8464007165365279)}}"
A_short_window_none_i0,6.8500000000000005,safety_recheck,MR_predicted_gap
A_short_window_none_i0,6.9,action_interval_infeasible,"{'one_step_feasible': 0, 'next_h_min': -1.2160474123140608, 'next_h': {'FM': 8.819899318322662, 'MR': -1.2160474123140608, 'RB': 9.06278260859655}, 'action_intervals': {'M': (0.26323658435112746, 0.5132365843511275), 'R': (-0.875, -0.625), 'F': (-0.125, 0.125), 'B': (0.5912744547456179, 0.8412744547456179)}}"
A_short_window_none_i0,6.9,safety_recheck,MR_predicted_gap
A_short_window_none_i0,6.95,action_interval_infeasible,"{'one_step_feasible': 0, 'next_h_min': -1.2471824447216557, 'next_h': {'FM': 8.834845992420801, 'MR': -1.2471824447216557, 'RB': 9.154590198431142}, 'action_intervals': {'M': (0.2548154317236607, 0.5048154317236607), 'R': (-1.0, -0.75), 'F': (-0.125, 0.125), 'B': (0.5861509538213856, 0.8361509538213856)}}"
A_short_window_none_i0,6.95,safety_recheck,MR_predicted_gap
A_short_window_none_i0,7.0,action_interval_infeasible,"{'one_step_feasible': 0, 'next_h_min': -1.2725553465030088, 'next_h': {'FM': 8.84901867374393, 'MR': -1.2725553465030088, 'RB': 9.242072392342362}, 'action_intervals': {'M': (0.246477617683725, 0.496477617683725), 'R': (-1.125, -0.875), 'F': (-0.125, 0.125), 'B': (0.5810307681338066, 0.8310307681338066)}}"
A_short_window_none_i0,7.0,safety_recheck,MR_predicted_gap
A_short_window_none_i0,7.050000000000001,action_interval_infeasible,"{'one_step_feasible': 0, 'next_h_min': -1.291874131297459, 'next_h': {'FM': 8.862436291180128, 'MR': -1.291874131297459, 'RB': 9.324929398395332}, 'action_intervals': {'M': (0.23822688332739006, 0.48822688332739006), 'R': (-1.25, -1.0), 'F': (-0.125, 0.125), 'B': (0.5759144482952163, 0.8259144482952163)}}"
A_short_window_none_i0,7.050000000000001,safety_recheck,MR_predicted_gap
A_short_window_none_i0,7.1000000000000005,action_interval_infeasible,"{'one_step_feasible': 0, 'next_h_min': -1.304846582325485, 'next_h': {'FM': 8.875117486836558, 'MR': -1.304846582325485, 'RB': 9.402861403451825}, 'action_intervals': {'M': (0.23006670618600905, 0.48006670618600905), 'R': (-1.375, -1.125), 'F': (-0.125, 0.125), 'B': (0.5708025409629556, 0.8208025409629556)}}"
A_short_window_none_i0,7.1000000000000005,safety_recheck,MR_predicted_gap
A_short_window_none_i0,7.15,action_interval_infeasible,"{'one_step_feasible': 0, 'next_h_min': -1.3111802446493752, 'next_h': {'FM': 8.887080612674097, 'MR': -1.3111802446493752, 'RB': 9.47556857189533}, 'action_intervals': {'M': (0.22200030694890793, 0.47200030694890793), 'R': (-1.5, -1.25), 'F': (-0.125, 0.125), 'B': (0.5656955886464032, 0.8156955886464032)}}"
A_short_window_none_i0,7.15,safety_recheck,MR_predicted_gap
A_short_window_none_i0,7.2,action_interval_infeasible,"{'one_step_feasible': 0, 'next_h_min': -1.3105824180499221, 'next_h': {'FM': 8.898343727634467, 'MR': -1.3105824180499221, 'RB': 9.542751044370416}, 'action_intervals': {'M': (0.21403065636461438, 0.4640306563646144), 'R': (-1.625, -1.375), 'F': (-0.125, 0.125), 'B': (0.5605941295184101, 0.8105941295184101)}}"
A_short_window_none_i0,7.2,safety_recheck,MR_predicted_gap
A_short_window_none_i0,7.25,action_interval_infeasible,"{'one_step_feasible': 0, 'next_h_min': -1.3027601505015018, 'next_h': {'FM': 8.908924595240068, 'MR': -1.3027601505015018, 'RB': 9.604116626872417}, 'action_intervals': {'M': (0.20616048229695116, 0.45616048229695116), 'R': (-1.75, -1.5), 'F': (-0.125, 0.125), 'B': (0.555498697231135, 0.805498697231135)}}"
A_short_window_none_i0,7.25,safety_recheck,MR_predicted_gap
A_short_window_none_i0,7.300000000000001,action_interval_infeasible,"{'one_step_feasible': 0, 'next_h_min': -1.2874202322269566, 'next_h': {'FM': 8.918840681645912, 'MR': -1.2874202322269566, 'RB': 9.659417857814871}, 'action_intervals': {'M': (0.1983922769126537, 0.4483922769126537), 'R': (-1.875, -1.625), 'F': (-0.125, 0.125), 'B': (0.5499996695001574, 0.7999996695001574)}}"
A_short_window_none_i0,7.300000000000001,safety_recheck,MR_predicted_gap
A_short_window_none_i0,7.3500000000000005,action_interval_infeasible,"{'one_step_feasible': 0, 'next_h_min': -1.2642691903146133, 'next_h': {'FM': 8.928109154124392, 'MR': -1.2642691903146133, 'RB': 9.70842517418434}, 'action_intervals': {'M': (0.19072830397762097, 0.44072830397762097), 'R': (-2.0, -1.75), 'F': (-0.125, 0.125), 'B': (0.5417651300758568, 0.7917651300758568)}}"
A_short_window_none_i0,7.3500000000000005,safety_recheck,MR_predicted_gap
A_short_window_none_i0,7.4,action_interval_infeasible,"{'one_step_feasible': 0, 'next_h_min': -1.2330132838784034, 'next_h': {'FM': 8.93674687996288, 'MR': -1.2330132838784034, 'RB': 9.750924695434483}, 'action_intervals': {'M': (0.18317060623945014, 0.43317060623945014), 'R': (-2.125, -1.875), 'F': (-0.125, 0.125), 'B': (0.530205223289149, 0.780205223289149)}}"
A_short_window_none_i0,7.4,safety_recheck,MR_predicted_gap
A_short_window_none_i0,7.45,action_interval_infeasible,"{'one_step_feasible': 0, 'next_h_min': -1.1933584997423736, 'next_h': {'FM': 8.944770425754728, 'MR': -1.1933584997423736, 'RB': 9.7867193352183}, 'action_intervals': {'M': (0.17572101287454778, 0.4257210128745478), 'R': (-2.25, -2.0), 'F': (-0.125, 0.125), 'B': (0.5149269332167123, 0.7649269332167123)}}"
A_short_window_none_i0,7.45,safety_recheck,MR_predicted_gap
A_short_window_none_i0,7.5,action_interval_infeasible,"{'one_step_feasible': 0, 'next_h_min': -1.1450105486312558, 'next_h': {'FM': 8.952196057064684, 'MR': -1.1450105486312558, 'RB': 9.815629893046355}, 'action_intervals': {'M': (0.1683811469788351, 0.4183811469788351), 'R': (-2.375, -2.125), 'F': (-0.125, 0.125), 'B': (0.4955303536576222, 0.7455303536576222)}}"
A_short_window_none_i0,7.5,safety_recheck,MR_predicted_gap
A_short_window_none_i0,7.550000000000001,action_interval_infeasible,"{'one_step_feasible': 0, 'next_h_min': -1.0876748618479324, 'next_h': {'FM': 8.959039738449745, 'MR': -1.0876748618479324, 'RB': 9.837496114139178}, 'action_intervals': {'M': (0.16115243308185562, 0.4111524330818556), 'R': (-2.5, -2.25), 'F': (-0.125, 0.125), 'B': (0.4716106774788421, 0.7216106774788421)}}"
A_short_window_none_i0,7.550000000000001,safety_recheck,MR_predicted_gap
A_short_window_none_i0,7.6000000000000005,action_interval_infeasible,"{'one_step_feasible': 0, 'next_h_min': -1.0210565884192173, 'next_h': {'FM': 8.965317133816905, 'MR': -1.0210565884192173, 'RB': 9.85217770415662}, 'action_intervals': {'M': (0.15403610466495632, 0.4040361046649563), 'R': (-2.625, -2.375), 'F': (-0.125, 0.125), 'B': (0.4427605463589015, 0.6927605463589015)}}"
A_short_window_none_i0,7.6000000000000005,safety_recheck,MR_predicted_gap
A_short_window_none_i0,7.65,action_interval_infeasible,"{'one_step_feasible': 0, 'next_h_min': -0.9448605926910095, 'next_h': {'FM': 8.97104360709961, 'MR': -0.9448605926910095, 'RB': 9.859555283935844}, 'action_intervals': {'M': (0.14703321166509048, 0.3970332116650905), 'R': (-2.75, -2.5), 'F': (-0.125, 0.125), 'B': (0.4085727975306055, 0.6585727975306055)}}"
A_short_window_none_i0,7.65,safety_recheck,MR_predicted_gap
A_short_window_none_i0,7.7,action_interval_infeasible,"{'one_step_feasible': 0, 'next_h_min': -0.8587914523544682, 'next_h': {'FM': 8.976234223235354, 'MR': -0.8587914523544682, 'RB': 9.85953126792519}, 'action_intervals': {'M': (0.14014462794677407, 0.39014462794677407), 'R': (-2.875, -2.625), 'F': (-0.125, 0.125), 'B': (0.36864363723426563, 0.6186436372342656)}}"
A_short_window_none_i0,7.7,safety_recheck,MR_predicted_gap
A_short_window_none_i0,7.75,action_interval_infeasible,"{'one_step_feasible': 0, 'next_h_min': -0.762553456884592, 'next_h': {'FM': 8.98090374942673, 'MR': -0.762553456884592, 'RB': 9.852030648738568}, 'action_intervals': {'M': (0.1333710587256881, 0.3833710587256881), 'R': (-3.0, -2.75), 'F': (-0.125, 0.125), 'B': (0.32257626106222825, 0.5725762610622283)}}"
A_short_window_none_i0,7.75,safety_recheck,MR_predicted_gap
A_short_window_none_i0,7.800000000000001,action_interval_infeasible,"{'one_step_feasible': 0, 'next_h_min': -0.6558506063729573, 'next_h': {'FM': 8.985066656669316, 'MR': -0.6558506063729573, 'RB': 9.837001669260024}, 'action_intervals': {'M': (0.12671304792840987, 0.37671304792840987), 'R': (-3.125, -2.875), 'F': (-0.125, 0.125), 'B': (0.26998492897287524, 0.5199849289728753)}}"
A_short_window_none_i0,7.800000000000001,safety_recheck,MR_predicted_gap
A_short_window_none_i0,7.8500000000000005,action_interval_infeasible,"{'one_step_feasible': 0, 'next_h_min': -0.5383866107364129, 'next_h': {'FM': 8.988737121529693, 'MR': -0.5383866107364129, 'RB': 9.814416363099992}, 'action_intervals': {'M': (0.12017098547379332, 0.37017098547379335), 'R': (-3.25, -3.0), 'F': (-0.125, 0.125), 'B': (0.21049948734524726, 0.46049948734524726)}}"
A_short_window_none_i0,7.8500000000000005,safety_recheck,MR_predicted_gap
A_short_window_none_i0,7.9,action_interval_infeasible,"{'one_step_feasible': 0, 'next_h_min': -0.4098648892839557, 'next_h': {'FM': 8.991929028157656, 'MR': -0.4098648892839557, 'RB': 9.784270944036919}, 'action_intervals': {'M': (0.11374511446254659, 0.3637451144625466), 'R': (-3.375, -3.125), 'F': (-0.125, 0.125), 'B': (0.14377031204382812, 0.3937703120438281)}}"
A_short_window_none_i0,7.9,safety_recheck,MR_predicted_gap
A_short_window_none_i0,7.95,action_interval_infeasible,"{'one_step_feasible': 0, 'next_h_min': -0.2699885706243179, 'next_h': {'FM': 8.99465597051717, 'MR': -0.2699885706243179, 'RB': 9.746586025470908}, 'action_intervals': {'M': (0.10743553826255339, 0.35743553826255337), 'R': (-3.5, -3.25), 'F': (-0.125, 0.125), 'B': (0.06947362526611156, 0.31947362526611156)}}"
A_short_window_none_i0,7.95,safety_recheck,MR_predicted_gap
A_short_window_none_i0,8.0,action_interval_infeasible,"{'one_step_feasible': 0, 'next_h_min': -0.118460492896859, 'next_h': {'FM': 8.996931254820803, 'MR': -0.118460492896859, 'RB': 9.701406651958434}, 'action_intervals': {'M': (0.10124222747854342, 0.3512422274785434), 'R': (-3.625, -3.375), 'F': (-0.125, 0.125), 'B': (-0.012682884611953674, 0.23731711538804634)}}"
A_short_window_none_i0,8.0,safety_recheck,MR_predicted_gap
A_short_window_none_i1,0.0,startup_physical_check,"{'in_start_zone': True, 'slot_ok': False, 'necessary_bound_ok': True, 'remaining_distance_m': 95.0, 'min_forward_distance_m': 47.74930000000005, 'interval_width_m': -8.899999999999991, 'current_speed_forecast_min_slot_width_m': -10.999999999999993, 'current_speed_forecast_min_front_margin_m': -2.4550000000000045, 'current_speed_forecast_min_rear_margin_m': -10.344999999999999, 'physical_ok': False}"
A_short_window_none_i1,5.7,missed_window,missed_window
A_short_window_none_i2,0.0,startup_physical_check,"{'in_start_zone': True, 'slot_ok': False, 'necessary_bound_ok': True, 'remaining_distance_m': 93.0, 'min_forward_distance_m': 52.84930000000011, 'interval_width_m': -12.21499999999999, 'current_speed_forecast_min_slot_width_m': -12.215, 'current_speed_forecast_min_front_margin_m': -11.649999999999999, 'current_speed_forecast_min_rear_margin_m': -9.564999999999998, 'physical_ok': False}"
A_short_window_none_i2,2.9,merge_started,
A_short_window_none_i2,5.8,merge_exit_before_completion,started_but_failed
A_short_window_none_i2,7.1000000000000005,action_interval_infeasible,"{'one_step_feasible': 0, 'next_h_min': -0.004671365889186124, 'next_h': {'FM': 10.659699050258606, 'MR': -0.004671365889186124, 'RB': 8.624243080291906}, 'action_intervals': {'M': (0.3384401462614364, 0.5884401462614364), 'R': (-0.875, -0.625), 'F': (-0.125, 0.125), 'B': (0.6653184432885605, 0.9153184432885605)}}"
A_short_window_none_i2,7.15,action_interval_infeasible,"{'one_step_feasible': 0, 'next_h_min': -0.011798853266954124, 'next_h': {'FM': 10.679186992184995, 'MR': -0.011798853266954124, 'RB': 8.71172036582395}, 'action_intervals': {'M': (0.33014825786990387, 0.5801482578699039), 'R': (-1.0, -0.75), 'F': (-0.125, 0.125), 'B': (0.6602098988752105, 0.9102098988752105)}}"
A_short_window_none_i2,7.2,action_interval_infeasible,"{'one_step_feasible': 0, 'next_h_min': -0.012975648876365865, 'next_h': {'FM': 10.697711898488562, 'MR': -0.012975648876365865, 'RB': 8.794687120690876}, 'action_intervals': {'M': (0.32188831150762326, 0.5718883115076232), 'R': (-1.125, -0.875), 'F': (-0.125, 0.125), 'B': (0.655096392253066, 0.905096392253066)}}"
A_short_window_none_i2,7.25,action_interval_infeasible,"{'one_step_feasible': 0, 'next_h_min': -0.007909759080239179, 'next_h': {'FM': 10.715293552320702, 'MR': -0.007909759080239179, 'RB': 8.872843710710434}, 'action_intervals': {'M': (0.3136651031908293, 0.5636651031908293), 'R': (-1.25, -1.0), 'F': (-0.125, 0.125), 'B': (0.6499785087579363, 0.8999785087579363)}}"
A_short_window_prepare_i0,0.0,startup_physical_check,"{'in_start_zone': True, 'slot_ok': False, 'necessary_bound_ok': True, 'remaining_distance_m': 92.0, 'min_forward_distance_m': 52.84930000000017, 'interval_width_m': -9.424999999999983, 'current_speed_forecast_min_slot_width_m': -10.925, 'current_speed_forecast_min_front_margin_m': -11.149999999999999, 'current_speed_forecast_min_rear_margin_m': -7.2749999999999995, 'physical_ok': False}"
A_short_window_prepare_i0,3.0,merge_started,
A_short_window_prepare_i0,5.550000000000001,action_interval_infeasible,"{'one_step_feasible': 0, 'next_h_min': -0.08898260672672764, 'next_h': {'FM': 7.910759435763243, 'MR': -0.08898260672672764, 'RB': 5.997841065118555}, 'action_intervals': {'M': (1.6827585117385113, 1.9327585117385113), 'R': (2.375, 2.5), 'F': (-0.09938172810845422, 0.15061827189154578), 'B': (0.732813220190033, 0.982813220190033)}}"
A_short_window_prepare_i0,5.6000000000000005,action_interval_infeasible,"{'one_step_feasible': 0, 'next_h_min': -0.1782723352613574, 'next_h': {'FM': 7.950218133719599, 'MR': -0.1782723352613574, 'RB': 6.0917234053063956}, 'action_intervals': {'M': (1.6836455530644998, 1.9336455530644998), 'R': (2.25, 2.5), 'F': (-0.10047050466384491, 0.1495294953361551), 'B': (0.727827160359637, 0.977827160359637)}}"
A_short_window_prepare_i0,5.65,action_interval_infeasible,"{'one_step_feasible': 0, 'next_h_min': -0.2663775813092799, 'next_h': {'FM': 7.985534510989727, 'MR': -0.2663775813092799, 'RB': 6.1890488787898335}, 'action_intervals': {'M': (1.6688913394853548, 1.9188913394853548), 'R': (2.125, 2.375), 'F': (-0.10151300821563022, 0.14848699178436978), 'B': (0.7228283979265127, 0.9728283979265127)}}"
A_short_window_prepare_i0,5.65,safety_recheck,MR_predicted_gap
A_short_window_prepare_i0,5.7,merge_exit_before_completion,started_but_failed
A_short_window_prepare_i0,5.7,action_interval_infeasible,"{'one_step_feasible': 0, 'next_h_min': -0.35316109073236723, 'next_h': {'FM': 8.018802928904424, 'MR': -0.35316109073236723, 'RB': 6.289517729574371}, 'action_intervals': {'M': (1.6536946499147547, 1.9036946499147547), 'R': (2.0, 2.25), 'F': (-0.1025112053664646, 0.1474887946335354), 'B': (0.7178175024386038, 0.9678175024386038)}}"
A_short_window_prepare_i0,5.7,safety_recheck,MR_predicted_gap
A_short_window_prepare_i0,5.75,action_interval_infeasible,"{'one_step_feasible': 0, 'next_h_min': -0.43862286353068364, 'next_h': {'FM': 8.050333548804755, 'MR': -0.43862286353068364, 'RB': 6.392830219795471}, 'action_intervals': {'M': (1.5286946499147547, 1.7786946499147547), 'R': (1.875, 2.125), 'F': (-0.10346697913838909, 0.1465330208616109), 'B': (0.7127950460522603, 0.9627950460522603)}}"
A_short_window_prepare_i0,5.75,safety_recheck,MR_predicted_gap
A_short_window_prepare_i0,5.800000000000001,action_interval_infeasible,"{'one_step_feasible': 0, 'next_h_min': -0.5227628997042292, 'next_h': {'FM': 8.08043663142478, 'MR': -0.5227628997042292, 'RB': 6.498686628241995}, 'action_intervals': {'M': (1.4036946499147547, 1.6536946499147547), 'R': (1.75, 2.0), 'F': (-0.10438213252500876, 0.14561786747499122), 'B': (0.7077616032968632, 0.9577616032968632)}}"
A_short_window_prepare_i0,5.800000000000001,safety_recheck,MR_predicted_gap
A_short_window_prepare_i0,5.8500000000000005,action_interval_infeasible,"{'one_step_feasible': 0, 'next_h_min': -0.605581199252979, 'next_h': {'FM': 8.109422532667368, 'MR': -0.605581199252979, 'RB': 6.606787248879374}, 'action_intervals': {'M': (1.2786946499147547, 1.5286946499147547), 'R': (1.625, 1.875), 'F': (-0.1052583918926949, 0.1447416081073051), 'B': (0.7027177508338456, 0.9527177508338456)}}"
A_short_window_prepare_i0,5.8500000000000005,safety_recheck,MR_predicted_gap
A_short_window_prepare_i0,5.9,action_interval_infeasible,"{'one_step_feasible': 0, 'next_h_min': -0.6870777621769579, 'next_h': {'FM': 8.137601699559498, 'MR': -0.6870777621769579, 'RB': 6.716832389372422}, 'action_intervals': {'M': (1.1536946499147547, 1.4036946499147547), 'R': (1.5, 1.75), 'F': (-0.10609741023725619, 0.1439025897627438), 'B': (0.6976640672110488, 0.9476640672110488)}}"
A_short_window_prepare_i0,5.9,safety_recheck,MR_predicted_gap
A_short_window_prepare_i0,5.95,action_interval_infeasible,"{'one_step_feasible': 0, 'next_h_min': -0.7672525884761412, 'next_h': {'FM': 8.165284666379478, 'MR': -0.7672525884761412, 'RB': 6.828522369608985}, 'action_intervals': {'M': (1.0286946499147547, 1.2786946499147547), 'R': (1.375, 1.625), 'F': (-0.10690077030217289, 0.14309922969782712), 'B': (0.69260113261334, 0.94260113261334)}}"
A_short_window_prepare_i0,5.95,safety_recheck,MR_predicted_gap
A_short_window_prepare_i0,6.0,action_interval_infeasible,"{'one_step_feasible': 0, 'next_h_min': -0.8461056781505536, 'next_h': {'FM': 8.192782050948853, 'MR': -0.8461056781505536, 'RB': 6.9415575202248325}, 'action_intervals': {'M': (0.9036946499147547, 1.1536946499147547), 'R': (1.25, 1.5), 'F': (-0.10766998756433104, 0.14233001243566895), 'B': (0.6875295286103664, 0.9375295286103664)}}"
A_short_window_prepare_i0,6.0,safety_recheck,MR_predicted_gap
A_short_window_prepare_i0,6.050000000000001,action_interval_infeasible,"{'one_step_feasible': 0, 'next_h_min': -0.9236370312001418, 'next_h': {'FM': 8.220404551081712, 'MR': -0.9236370312001418, 'RB': 7.055638181130358}, 'action_intervals': {'M': (0.7786946499147547, 1.0286946499147547), 'R': (1.125, 1.375), 'F': (-0.10840651309284617, 0.14159348690715384), 'B': (0.6824498379022772, 0.9324498379022772)}}"
A_short_window_prepare_i0,6.050000000000001,safety_recheck,MR_predicted_gap
A_short_window_prepare_i0,6.1000000000000005,action_interval_infeasible,"{'one_step_feasible': 0, 'next_h_min': -0.9998466476249308, 'next_h': {'FM': 8.248462941185073, 'MR': -0.9998466476249308, 'RB': 7.170464700040234}, 'action_intervals': {'M': (0.6536946499147547, 0.9036946499147547), 'R': (1.0, 1.25), 'F': (-0.10911173628640025, 0.14088826371359975), 'B': (0.6773626440641745, 0.9273626440641745)}}"
A_short_window_prepare_i0,6.1000000000000005,safety_recheck,MR_predicted_gap
A_short_window_prepare_i0,6.15,action_interval_infeasible,"{'one_step_feasible': 0, 'next_h_min': -1.0747345274249487, 'next_h': {'FM': 8.277268069003618, 'MR': -1.0747345274249487, 'RB': 7.285737431006018}, 'action_intervals': {'M': (0.5286946499147547, 0.7786946499147547), 'R': (0.875, 1.125), 'F': (-0.10978698749422851, 0.1402130125057715), 'B': (0.6722685312900032, 0.9222685312900032)}}"
A_short_window_prepare_i0,6.15,safety_recheck,MR_predicted_gap
A_short_window_prepare_i0,6.2,action_interval_infeasible,"{'one_step_feasible': 0, 'next_h_min': -1.1481852489712068, 'next_h': {'FM': 8.305399528068447, 'MR': -1.1481852489712068, 'RB': 7.40115673295277}, 'action_intervals': {'M': (0.4036946499147547, 0.6536946499147547), 'R': (0.75, 1.0), 'F': (-0.11043354052572366, 0.13956645947427634), 'B': (0.66716808413652, 0.91716808413652)}}"
A_short_window_prepare_i0,6.2,safety_recheck,MR_predicted_gap
A_short_window_prepare_i0,6.25,action_interval_infeasible,"{'one_step_feasible': 0, 'next_h_min': -1.2199383942683133, 'next_h': {'FM': 8.332493839261415, 'MR': -1.2199383942683133, 'RB': 7.516422968220102}, 'action_intervals': {'M': (0.3710319530862333, 0.6210319530862334), 'R': (0.625, 0.875), 'F': (-0.1110526150533806, 0.1389473849466194), 'B': (0.6620618872679117, 0.9120618872679117)}}"
A_short_window_prepare_i0,6.25,safety_recheck,MR_predicted_gap
A_short_window_prepare_i0,6.300000000000001,action_interval_infeasible,"{'one_step_feasible': 0, 'next_h_min': -1.2897039525713625, 'next_h': {'FM': 8.358571789250412, 'MR': -1.2897039525713625, 'RB': 7.631236501108381}, 'action_intervals': {'M': (0.3620290462412474, 0.6120290462412474), 'R': (0.5, 0.75), 'F': (-0.11164537891361129, 0.1383546210863887), 'B': (0.656950525201587, 0.906950525201587)}}"
A_short_window_prepare_i0,6.300000000000001,safety_recheck,MR_predicted_gap
A_short_window_prepare_i0,6.3500000000000005,action_interval_infeasible,"{'one_step_feasible': 0, 'next_h_min': -1.3571918681710917, 'next_h': {'FM': 8.383654056216805, 'MR': -1.3571918681710917, 'RB': 7.7452976964307645}, 'action_intervals': {'M': (0.35304054900767856, 0.6030405490076786), 'R': (0.375, 0.625), 'F': (-0.11221295030978418, 0.13778704969021582), 'B': (0.6518345820555878, 0.9018345820555878)}}"
A_short_window_prepare_i0,6.3500000000000005,safety_recheck,MR_predicted_gap
A_short_window_prepare_i0,6.4,action_interval_infeasible,"{'one_step_feasible': 0, 'next_h_min': -1.4221120228753337, 'next_h': {'FM': 8.40776119478789, 'MR': -1.4221120228753337, 'RB': 7.858306918071145}, 'action_intervals': {'M': (0.3440736136635761, 0.594073613663576), 'R': (0.25, 0.5), 'F': (-0.11275639992161963, 0.13724360007838038), 'B': (0.6467146412980259, 0.8967146412980259)}}"
A_short_window_prepare_i0,6.4,safety_recheck,MR_predicted_gap
A_short_window_prepare_i0,6.45,action_interval_infeasible,"{'one_step_feasible': 0, 'next_h_min': -1.4841742192149499, 'next_h': {'FM': 8.43091362180588, 'MR': -1.4841742192149499, 'RB': 7.9699645275492745}, 'action_intervals': {'M': (0.335135102734698, 0.585135102734698), 'R': (0.125, 0.375), 'F': (-0.11327675292495129, 0.1367232470750487), 'B': (0.6415912854988981, 0.8915912854988981)}}"
A_short_window_prepare_i0,6.45,safety_recheck,MR_predicted_gap
A_short_window_prepare_i0,6.5,action_interval_infeasible,"{'one_step_feasible': 0, 'next_h_min': -1.5430881643736591, 'next_h': {'FM': 8.453131602917384, 'MR': -1.5430881643736591, 'RB': 8.079970882593223}, 'action_intervals': {'M': (0.32623158894551185, 0.5762315889455119), 'R': (0.0, 0.25), 'F': (-0.11377499092564047, 0.13622500907435953), 'B': (0.6364650960845764, 0.8864650960845764)}}"
A_short_window_prepare_i0,6.5,safety_recheck,MR_predicted_gap
A_short_window_prepare_i0,6.550000000000001,action_interval_infeasible,"{'one_step_feasible': 0, 'next_h_min': -1.5985634548393586, 'next_h': {'FM': 8.474435239966553, 'MR': -1.5985634548393586, 'RB': 8.18802633571975}, 'action_intervals': {'M': (0.3173693557825737, 0.5673693557825736), 'R': (-0.125, 0.125), 'F': (-0.11425205381130041, 0.1357479461886996), 'B': (0.6313366530952464, 0.8813366530952464)}}"
A_short_window_prepare_i0,6.550000000000001,safety_recheck,MR_predicted_gap
A_short_window_prepare_i0,6.6000000000000005,action_interval_infeasible,"{'one_step_feasible': 0, 'next_h_min': -1.6503095617735277, 'next_h': {'FM': 8.494844459174002, 'MR': -1.6503095617735277, 'RB': 8.29383123282314}, 'action_intervals': {'M': (0.3085543986463611, 0.558554398646361), 'R': (-0.25, 0.0), 'F': (-0.11470884152432141, 0.13529115847567857), 'B': (0.6262065349455126, 0.8762065349455126)}}"
A_short_window_prepare_i0,6.6000000000000005,safety_recheck,MR_predicted_gap
A_short_window_prepare_i0,6.65,action_interval_infeasible,"{'one_step_feasible': 0, 'next_h_min': -1.6980358170938947, 'next_h': {'FM': 8.514379000082979, 'MR': -1.6980358170938947, 'RB': 8.397085911772999}, 'action_intervals': {'M': (0.2997924265663207, 0.5497924265663208), 'R': (-0.375, -0.125), 'F': (-0.11514621575953665, 0.13485378424046335), 'B': (0.6210753181883717, 0.8710753181883717)}}"
A_short_window_prepare_i0,6.65,safety_recheck,MR_predicted_gap
A_short_window_prepare_i0,6.7,action_interval_infeasible,"{'one_step_feasible': 0, 'next_h_min': -1.741451400263863, 'next_h': {'FM': 8.533058405253692, 'MR': -1.741451400263863, 'RB': 8.497490701021876}, 'action_intervals': {'M': (0.2910888644528376, 0.5410888644528375), 'R': (-0.5, -0.25), 'F': (-0.11556500158975691, 0.1344349984102431), 'B': (0.6159435772827142, 0.8659435772827142)}}"
A_short_window_prepare_i0,6.7,safety_recheck,MR_predicted_gap
A_short_window_prepare_i0,6.75,action_interval_infeasible,"{'one_step_feasible': 0, 'next_h_min': -1.780265325781228, 'next_h': {'FM': 8.550902010686068, 'MR': -1.780265325781228, 'RB': 8.59474591822251}, 'action_intervals': {'M': (0.28244885585880725, 0.5324488558588072), 'R': (-0.625, -0.375), 'F': (-0.11596598902219099, 0.134034010977809), 'B': (0.6108118843644996, 0.8608118843644996)}}"
A_short_window_prepare_i0,6.75,safety_recheck,MR_predicted_gap
A_short_window_prepare_i0,6.800000000000001,action_interval_infeasible,"{'one_step_feasible': 0, 'next_h_min': -1.8141864313576446, 'next_h': {'FM': 8.567928936950503, 'MR': -1.8141864313576446, 'RB': 8.688551868855896}, 'action_intervals': {'M': (0.2738772662227344, 0.5238772662227345), 'R': (-0.75, -0.5), 'F': (-0.11634993448874749, 0.13365006551125252), 'B': (0.6056808090217223, 0.8556808090217223)}}"
A_short_window_prepare_i0,6.800000000000001,safety_recheck,MR_predicted_gap
A_short_window_prepare_i0,6.8500000000000005,action_interval_infeasible,"{'one_step_feasible': 0, 'next_h_min': -1.8429233667788145, 'next_h': {'FM': 8.584158081006304, 'MR': -1.8429233667788145, 'RB': 8.778608844870124}, 'action_intervals': {'M': (0.26537868656462105, 0.515378686564621), 'R': (-0.875, -0.625), 'F': (-0.11671756227297489, 0.1332824377270251), 'B': (0.600550918073267, 0.850550918073267)}}"
A_short_window_prepare_i0,6.8500000000000005,safety_recheck,MR_predicted_gap
A_short_window_prepare_i0,6.9,action_interval_infeasible,"{'one_step_feasible': 0, 'next_h_min': -1.866184583435143, 'next_h': {'FM': 8.599608108686434, 'MR': -1.866184583435143, 'RB': 8.864617123330861}, 'action_intervals': {'M': (0.25695743760545303, 0.5069574376054531), 'R': (-1.0, -0.75), 'F': (-0.11706956587637318, 0.13293043412362682), 'B': (0.5954227753517385, 0.8454227753517385)}}"
A_short_window_prepare_i0,6.9,safety_recheck,MR_predicted_gap
A_short_window_prepare_i0,6.95,action_interval_infeasible,"{'one_step_feasible': 0, 'next_h_min': -1.8836783245103277, 'next_h': {'FM': 8.61429744782734, 'MR': -1.8836783245103277, 'RB': 8.946276965083685}, 'action_intervals': {'M': (0.24861757428073422, 0.4986175742807342), 'R': (-1.125, -0.875), 'F': (-0.11740660932662834, 0.13259339067337167), 'B': (0.5902969414903304, 0.8402969414903304)}}"
A_short_window_prepare_i0,6.95,safety_recheck,MR_predicted_gap
A_short_window_prepare_i0,7.0,action_interval_infeasible,"{'one_step_feasible': 0, 'next_h_min': -1.895112615816054, 'next_h': {'FM': 8.628244282022436, 'MR': -1.895112615816054, 'RB': 9.023288613428726}, 'action_intervals': {'M': (0.24036289061839455, 0.49036289061839455), 'R': (-1.25, -1.0), 'F': (-0.1177293284302463, 0.1322706715697537), 'B': (0.5851739737137925, 0.8351739737137925)}}"
A_short_window_prepare_i0,7.0,safety_recheck,MR_predicted_gap
A_short_window_prepare_i0,7.050000000000001,action_interval_infeasible,"{'one_step_feasible': 0, 'next_h_min': -1.9001952572587963, 'next_h': {'FM': 8.641466544977572, 'MR': -1.9001952572587963, 'RB': 9.095352292808165}, 'action_intervals': {'M': (0.23219692495135924, 0.48219692495135924), 'R': (-1.375, -1.125), 'F': (-0.11803833197195975, 0.13196166802804027), 'B': (0.5800544256335304, 0.8300544256335304)}}"
A_short_window_prepare_i0,7.050000000000001,safety_recheck,MR_predicted_gap
A_short_window_prepare_i0,7.1000000000000005,action_interval_infeasible,"{'one_step_feasible': 0, 'next_h_min': -1.8986338149249695, 'next_h': {'FM': 8.653981915446373, 'MR': -1.8986338149249695, 'RB': 9.162168207507003}, 'action_intervals': {'M': (0.22412296543520221, 0.4741229654352022), 'R': (-1.5, -1.25), 'F': (-0.11833420286315147, 0.13166579713684853), 'B': (0.5749388470468729, 0.8249388470468729)}}"
A_short_window_prepare_i0,7.1000000000000005,safety_recheck,MR_predicted_gap
A_short_window_prepare_i0,7.15,action_interval_infeasible,"{'one_step_feasible': 0, 'next_h_min': -1.8901356137693357, 'next_h': {'FM': 8.665807812724154, 'MR': -1.8901356137693357, 'RB': 9.22344502707477}, 'action_intervals': {'M': (0.21614405584154922, 0.4661440558415492), 'R': (-1.625, -1.375), 'F': (-0.11861749924146867, 0.13138250075853133), 'B': (0.5698277837405237, 0.8198277837405237)}}"
A_short_window_prepare_i0,7.15,safety_recheck,MR_predicted_gap
A_short_window_prepare_i0,7.2,action_interval_infeasible,"{'one_step_feasible': 0, 'next_h_min': -1.8744077308916274, 'next_h': {'FM': 8.676961392678296, 'MR': -1.8744077308916274, 'RB': 9.278933624867983}, 'action_intervals': {'M': (0.20826300159832456, 0.45826300159832456), 'R': (-1.75, -1.5), 'F': (-0.11888875552370574, 0.13111124447629424), 'B': (0.5642691529000304, 0.8142691529000304)}}"
A_short_window_prepare_i0,7.2,safety_recheck,MR_predicted_gap
A_short_window_prepare_i0,7.25,action_interval_infeasible,"{'one_step_feasible': 0, 'next_h_min': -1.8511569893852733, 'next_h': {'FM': 8.687459544293548, 'MR': -1.8511569893852733, 'RB': 9.328401244802828}, 'action_intervals': {'M': (0.20048237604842095, 0.45048237604842095), 'R': (-1.875, -1.625), 'F': (-0.11914848341394854, 0.13085151658605146), 'B': (0.5560717604897966, 0.8060717604897966)}}"
A_short_window_prepare_i0,7.25,safety_recheck,MR_predicted_gap
A_short_window_prepare_i0,7.300000000000001,action_interval_infeasible,"{'one_step_feasible': 0, 'next_h_min': -1.8200899527417547, 'next_h': {'FM': 8.697318886710411, 'MR': -1.8200899527417547, 'RB': 9.371630371417181}, 'action_intervals': {'M': (0.19280452689896665, 0.44280452689896665), 'R': (-2.0, -1.75), 'F': (-0.11939717286885561, 0.1306028271311444), 'B': (0.5447143448713742, 0.7947143448713742)}}"
A_short_window_prepare_i0,7.300000000000001,safety_recheck,MR_predicted_gap
A_short_window_prepare_i0,7.3500000000000005,action_interval_infeasible,"{'one_step_feasible': 0, 'next_h_min': -1.7809129197943283, 'next_h': {'FM': 8.706555766735756, 'MR': -1.7809129197943283, 'RB': 9.408419852490475}, 'action_intervals': {'M': (0.1852315828341286, 0.4352315828341286), 'R': (-2.125, -1.875), 'F': (-0.11963529302193035, 0.13036470697806965), 'B': (0.5298054093129079, 0.7798054093129079)}}"
A_short_window_prepare_i0,7.3500000000000005,safety_recheck,MR_predicted_gap
A_short_window_prepare_i0,7.4,action_interval_infeasible,"{'one_step_feasible': 0, 'next_h_min': -1.733331920183835, 'next_h': {'FM': 8.71518625680408, 'MR': -1.733331920183835, 'RB': 9.43858600363672}, 'action_intervals': {'M': (0.1777654602651606, 0.4277654602651606), 'R': (-2.25, -2.0), 'F': (-0.11986329306849956, 0.13013670693150042), 'B': (0.5109457835944783, 0.7609457835944783)}}"
A_short_window_prepare_i0,7.4,safety_recheck,MR_predicted_gap
A_short_window_prepare_i0,7.45,action_interval_infeasible,"{'one_step_feasible': 0, 'next_h_min': -1.6770527103291424, 'next_h': {'FM': 8.723226153368769, 'MR': -1.6770527103291424, 'RB': 9.461963683318167}, 'action_intervals': {'M': (0.17040787019231113, 0.42040787019231113), 'R': (-2.375, -2.125), 'F': (-0.12008160311308931, 0.1299183968869107), 'B': (0.48773060855750605, 0.737730608557506)}}"
A_short_window_prepare_i0,7.45,safety_recheck,MR_predicted_gap
A_short_window_prepare_i0,7.5,action_interval_infeasible,"{'one_step_feasible': 0, 'next_h_min': -1.6117807698852336, 'next_h': {'FM': 8.730690975702718, 'MR': -1.6117807698852336, 'RB': 9.478407325137404}, 'action_intervals': {'M': (0.16316032515413992, 0.4131603251541399), 'R': (-2.5, -2.25), 'F': (-0.12029063498078348, 0.12970936501921654), 'B': (0.4597516722051246, 0.7097516722051246)}}"
A_short_window_prepare_i0,7.5,safety_recheck,MR_predicted_gap
A_short_window_prepare_i0,7.550000000000001,action_interval_infeasible,"{'one_step_feasible': 0, 'next_h_min': -1.5372212986708125, 'next_h': {'FM': 8.737595965088143, 'MR': -1.5372212986708125, 'RB': 9.487791912702665}, 'action_intervals': {'M': (0.15602414624082606, 0.40602414624082606), 'R': (-2.625, -2.375), 'F': (-0.12049078299409928, 0.12950921700590073), 'B': (0.42660013523026596, 0.676600135230266)}}"
A_short_window_prepare_i0,7.550000000000001,safety_recheck,MR_predicted_gap
A_short_window_prepare_i0,7.6000000000000005,action_interval_infeasible,"{'one_step_feasible': 0, 'next_h_min': -1.4530792140484117, 'next_h': {'FM': 8.7439560843757, 'MR': -1.4530792140484117, 'RB': 9.490013880890404}, 'action_intervals': {'M': (0.149000470149102, 0.399000470149102), 'R': (-2.75, -2.5), 'F': (-0.12068242471685017, 0.12931757528314983), 'B': (0.38786967741042877, 0.6378696774104288)}}"
A_short_window_prepare_i0,7.6000000000000005,safety_recheck,MR_predicted_gap
A_short_window_prepare_i0,7.65,action_interval_infeasible,"{'one_step_feasible': 0, 'next_h_min': -1.3590591487385475, 'next_h': {'FM': 8.749786017893436, 'MR': -1.3590591487385475, 'RB': 9.484991926025517}, 'action_intervals': {'M': (0.1420902562575443, 0.3920902562575443), 'R': (-2.875, -2.625), 'F': (-0.12086592166638539, 0.12913407833361462), 'B': (0.3431600872244183, 0.5931600872244183)}}"
A_short_window_prepare_i0,7.65,safety_recheck,MR_predicted_gap
A_short_window_prepare_i0,7.7,action_interval_infeasible,"{'one_step_feasible': 0, 'next_h_min': -1.25486544905102, 'next_h': {'FM': 8.755100171686818, 'MR': -1.25486544905102, 'RB': 9.472667706453842}, 'action_intervals': {'M': (0.13529429370210766, 0.38529429370210766), 'R': (-3.0, -2.75), 'F': (-0.12104161999556488, 0.1289583800044351), 'B': (0.2920813050682475, 0.5420813050682475)}}"
A_short_window_prepare_i0,7.7,safety_recheck,MR_predicted_gap
A_short_window_prepare_i0,7.75,action_interval_infeasible,"{'one_step_feasible': 0, 'next_h_min': -1.1402021735151668, 'next_h': {'FM': 8.75991267407078, 'MR': -1.1402021735151668, 'RB': 9.453006414285097}, 'action_intervals': {'M': (0.1286132084329396, 0.3786132084329396), 'R': (-3.125, -2.875), 'F': (-0.12120985114575333, 0.12879014885424667), 'B': (0.23425791541990426, 0.48425791541990426)}}"
A_short_window_prepare_i0,7.75,safety_recheck,MR_predicted_gap
A_short_window_prepare_i0,7.800000000000001,action_interval_infeasible,"{'one_step_feasible': 0, 'next_h_min': -1.014773091891924, 'next_h': {'FM': 8.764237376476448, 'MR': -1.014773091891924, 'RB': 9.425997198838813}, 'action_intervals': {'M': (0.12204747023464149, 0.37204747023464146), 'R': (-3.25, -3.0), 'F': (-0.12137093247205896, 0.12862906752794104), 'B': (0.169334065208343, 0.419334065208343)}}"
A_short_window_prepare_i0,7.800000000000001,safety_recheck,MR_predicted_gap
A_short_window_prepare_i0,7.8500000000000005,action_interval_infeasible,"{'one_step_feasible': 0, 'next_h_min': -0.8782816845501765, 'next_h': {'FM': 8.768087854573977, 'MR': -0.8782816845501765, 'RB': 9.391653422630851}, 'action_intervals': {'M': (0.11559739969340338, 0.3655973996934034), 'R': (-3.375, -3.125), 'F': (-0.12152516784199516, 0.12847483215800484), 'B': (0.09697876464920202, 0.346978764649202)}}"
A_short_window_prepare_i0,7.8500000000000005,safety_recheck,MR_predicted_gap
A_short_window_prepare_i0,7.9,action_interval_infeasible,"{'one_step_feasible': 0, 'next_h_min': -0.7304311421904978, 'next_h': {'FM': 8.771477409655553, 'MR': -0.7304311421904978, 'RB': 9.350012731684238}, 'action_intervals': {'M': (0.10926317509551683, 0.35926317509551686), 'R': (-3.5, -3.25), 'F': (-0.12167284820870919, 0.1283271517912908), 'B': (0.016891503320097312, 0.2668915033200973)}}"
A_short_window_prepare_i0,7.9,safety_recheck,MR_predicted_gap
A_short_window_prepare_i0,7.95,action_interval_infeasible,"{'one_step_feasible': 0, 'next_h_min': -0.5709243658990367, 'next_h': {'FM': 8.774419070260853, 'MR': -0.5709243658990367, 'RB': 9.301136923617328}, 'action_intervals': {'M': (0.10304483924303118, 0.3530448392430312), 'R': (-3.625, -3.375), 'F': (-0.12181425215983807, 0.12818574784016193), 'B': (-0.07119191106111519, 0.1788080889388848)}}"
A_short_window_prepare_i0,7.95,safety_recheck,MR_predicted_gap
A_short_window_prepare_i0,8.0,action_interval_infeasible,"{'one_step_feasible': 0, 'next_h_min': -0.3994639675151612, 'next_h': {'FM': 8.776925594029612, 'MR': -0.3994639675151612, 'RB': 9.245111599408807}, 'action_intervals': {'M': (0.09694230617340674, 0.3469423061734067), 'R': (-3.75, -3.5), 'F': (-0.12194964644304562, 0.12805035355695438), 'B': (-0.1674934098387644, 0.0825065901612356)}}"
A_short_window_prepare_i0,8.0,safety_recheck,MR_predicted_gap
A_short_window_prepare_i0,8.05,action_interval_infeasible,"{'one_step_feasible': 0, 'next_h_min': -0.21575227029624727, 'next_h': {'FM': 8.779009469765688, 'MR': -0.21575227029624727, 'RB': 9.182045587990192}, 'action_intervals': {'M': (0.09095536777117091, 0.3409553677711709), 'R': (-3.875, -3.625), 'F': (-0.12207928646921573, 0.12792071353078427), 'B': (-0.27218676097494887, -0.0221867609749489)}}"
A_short_window_prepare_i0,8.05,safety_recheck,MR_predicted_gap
A_short_window_prepare_i0,8.1,action_interval_infeasible,"{'one_step_feasible': 0, 'next_h_min': -0.01949130986377158, 'next_h': {'FM': 8.780682919697306, 'MR': -0.01949130986377158, 'RB': 9.112070136858314}, 'action_intervals': {'M': (0.08508370026073733, 0.3350837002607373), 'R': (-4.0, -3.75), 'F': (-0.12220341679427467, 0.12779658320572534), 'B': (-0.3853918749714784, -0.13539187497147842)}}"
A_short_window_prepare_i1,0.0,startup_physical_check,"{'in_start_zone': True, 'slot_ok': False, 'necessary_bound_ok': True, 'remaining_distance_m': 95.0, 'min_forward_distance_m': 47.74930000000005, 'interval_width_m': -8.899999999999991, 'current_speed_forecast_min_slot_width_m': -10.999999999999993, 'current_speed_forecast_min_front_margin_m': -2.4550000000000045, 'current_speed_forecast_min_rear_margin_m': -10.344999999999999, 'physical_ok': False}"
A_short_window_prepare_i1,5.75,missed_window,missed_window
A_short_window_prepare_i2,0.0,startup_physical_check,"{'in_start_zone': True, 'slot_ok': False, 'necessary_bound_ok': True, 'remaining_distance_m': 93.0, 'min_forward_distance_m': 52.84930000000011, 'interval_width_m': -12.21499999999999, 'current_speed_forecast_min_slot_width_m': -12.215, 'current_speed_forecast_min_front_margin_m': -11.649999999999999, 'current_speed_forecast_min_rear_margin_m': -9.564999999999998, 'physical_ok': False}"
A_short_window_prepare_i2,3.05,merge_started,
A_short_window_prepare_i2,5.8500000000000005,merge_exit_before_completion,started_but_failed
A_short_window_prepare_i2,6.15,action_interval_infeasible,"{'one_step_feasible': 0, 'next_h_min': -0.031241032181299262, 'next_h': {'FM': 10.255555196148686, 'MR': -0.031241032181299262, 'RB': 6.370244351542179}, 'action_intervals': {'M': (1.0477651126707215, 1.2977651126707215), 'R': (1.625, 1.875), 'F': (-0.10978698749422851, 0.1402130125057715), 'B': (0.7715326729017717, 1.0215326729017717)}}"
A_short_window_prepare_i2,6.2,action_interval_infeasible,"{'one_step_feasible': 0, 'next_h_min': -0.09827648980677674, 'next_h': {'FM': 10.295639264125008, 'MR': -0.09827648980677674, 'RB': 6.486539553973335}, 'action_intervals': {'M': (0.9227651126707215, 1.1727651126707215), 'R': (1.5, 1.75), 'F': (-0.11043354052572366, 0.13956645947427634), 'B': (0.7666665551780659, 1.016666555178066)}}"
A_short_window_prepare_i2,6.25,action_interval_infeasible,"{'one_step_feasible': 0, 'next_h_min': -0.16456753465063265, 'next_h': {'FM': 10.335794296827194, 'MR': -0.16456753465063265, 'RB': 6.6043034211283835}, 'action_intervals': {'M': (0.7977651126707215, 1.0477651126707215), 'R': (1.375, 1.625), 'F': (-0.1110526150533806, 0.1389473849466194), 'B': (0.7617832786661717, 1.0117832786661718)}}"
A_short_window_prepare_i2,6.300000000000001,action_interval_infeasible,"{'one_step_feasible': 0, 'next_h_min': -0.23011416671277848, 'next_h': {'FM': 10.37633134383616, 'MR': -0.23011416671277848, 'RB': 6.723236003890957}, 'action_intervals': {'M': (0.6727651126707215, 0.9227651126707215), 'R': (1.25, 1.5), 'F': (-0.11164537891361129, 0.1383546210863887), 'B': (0.756883389571443, 1.0068833895714429)}}"
A_short_window_prepare_i2,6.300000000000001,safety_recheck,MR_predicted_gap
A_short_window_prepare_i2,6.3500000000000005,action_interval_infeasible,"{'one_step_feasible': 0, 'next_h_min': -0.29485283680682556, 'next_h': {'FM': 10.416608278579771, 'MR': -0.29485283680682556, 'RB': 6.8430373828956075}, 'action_intervals': {'M': (0.5477651126707215, 0.7977651126707215), 'R': (1.125, 1.375), 'F': (-0.11221295030978418, 0.13778704969021582), 'B': (0.7519674385609986, 1.0019674385609987)}}"
A_short_window_prepare_i2,6.3500000000000005,safety_recheck,MR_predicted_gap
A_short_window_prepare_i2,6.4,action_interval_infeasible,"{'one_step_feasible': 0, 'next_h_min': -0.3585735610510314, 'next_h': {'FM': 10.455565890296857, 'MR': -0.3585735610510314, 'RB': 6.9634076670666065}, 'action_intervals': {'M': (0.4736044617842735, 0.7236044617842735), 'R': (1.0, 1.25), 'F': (-0.11275639992161963, 0.13724360007838038), 'B': (0.747035980508268, 0.997035980508268)}}"
A_short_window_prepare_i2,6.4,safety_recheck,MR_predicted_gap
A_short_window_prepare_i2,6.45,action_interval_infeasible,"{'one_step_feasible': 0, 'next_h_min': -0.4209835588813281, 'next_h': {'FM': 10.493223868759335, 'MR': -0.4209835588813281, 'RB': 7.0840469921517215}, 'action_intervals': {'M': (0.46575221810430456, 0.7157522181043046), 'R': (0.875, 1.125), 'F': (-0.11327675292495129, 0.1367232470750487), 'B': (0.74208957423493, 0.99208957423493)}}"
A_short_window_prepare_i2,6.45,safety_recheck,MR_predicted_gap
A_short_window_prepare_i2,6.5,action_interval_infeasible,"{'one_step_feasible': 0, 'next_h_min': -0.4817902180402365, 'next_h': {'FM': 10.529601995300183, 'MR': -0.4817902180402365, 'RB': 7.2046555192516575}, 'action_intervals': {'M': (0.45782891301313366, 0.7078289130131337), 'R': (0.75, 1.0), 'F': (-0.11377499092564047, 0.13622500907435953), 'B': (0.7371287822509204, 0.9871287822509204)}}"
A_short_window_prepare_i2,6.5,safety_recheck,MR_predicted_gap
A_short_window_prepare_i2,6.550000000000001,action_interval_infeasible,"{'one_step_feasible': 0, 'next_h_min': -0.5407010760828754, 'next_h': {'FM': 10.564720124822264, 'MR': -0.5407010760828754, 'RB': 7.3249334333459135}, 'action_intervals': {'M': (0.44984202411786667, 0.6998420241178667), 'R': (0.625, 0.875), 'F': (-0.11425205381130041, 0.1357479461886996), 'B': (0.7321541704931143, 0.9821541704931143)}}"
A_short_window_prepare_i2,6.550000000000001,safety_recheck,MR_predicted_gap
A_short_window_prepare_i2,6.6000000000000005,action_interval_infeasible,"{'one_step_feasible': 0, 'next_h_min': -0.5974238022883093, 'next_h': {'FM': 10.598598168375396, 'MR': -0.5974238022883093, 'RB': 7.444580941815601}, 'action_intervals': {'M': (0.44179886887782394, 0.6917988688778239), 'R': (0.5, 0.75), 'F': (-0.11470884152432141, 0.13529115847567857), 'B': (0.7271663080631962, 0.9771663080631962)}}"
A_short_window_prepare_i2,6.6000000000000005,safety_recheck,MR_predicted_gap
A_short_window_prepare_i2,6.65,action_interval_infeasible,"{'one_step_feasible': 0, 'next_h_min': -0.6516661799846153, 'next_h': {'FM': 10.631256076300792, 'MR': -0.6516661799846153, 'RB': 7.563298272963942}, 'action_intervals': {'M': (0.4337066008860293, 0.6837066008860293), 'R': (0.375, 0.625), 'F': (-0.11514621575953665, 0.13485378424046335), 'B': (0.7221657669651832, 0.9721657669651832)}}"
A_short_window_prepare_i2,6.65,safety_recheck,MR_predicted_gap
A_short_window_prepare_i2,6.7,action_interval_infeasible,"{'one_step_feasible': 0, 'next_h_min': -0.7031360892962656, 'next_h': {'FM': 10.662713821942907, 'MR': -0.7031360892962656, 'RB': 7.680785674535}, 'action_intervals': {'M': (0.42557220642499405, 0.675572206424994), 'R': (0.25, 0.5), 'F': (-0.11556500158975691, 0.1344349984102431), 'B': (0.7171531218429831, 0.9671531218429831)}}"
A_short_window_prepare_i2,6.7,safety_recheck,MR_predicted_gap
A_short_window_prepare_i2,6.75,action_interval_infeasible,"{'one_step_feasible': 0, 'next_h_min': -0.7515414903213212, 'next_h': {'FM': 10.692991385927286, 'MR': -0.7515414903213212, 'RB': 7.796743412231539}, 'action_intervals': {'M': (0.4174025013028284, 0.6674025013028284), 'R': (0.125, 0.375), 'F': (-0.11596598902219099, 0.134034010977809), 'B': (0.7121289497183357, 0.9621289497183357)}}"
A_short_window_prepare_i2,6.75,safety_recheck,MR_predicted_gap
A_short_window_prepare_i2,6.800000000000001,action_interval_infeasible,"{'one_step_feasible': 0, 'next_h_min': -0.7965904067452059, 'next_h': {'FM': 10.722108741002375, 'MR': -0.7965904067452059, 'RB': 7.910871768232344}, 'action_intervals': {'M': (0.4092041279748412, 0.6592041279748412), 'R': (0.0, 0.25), 'F': (-0.11634993448874749, 0.13365006551125252), 'B': (0.707093829729427, 0.957093829729427)}}"
A_short_window_prepare_i2,6.800000000000001,safety_recheck,MR_predicted_gap
A_short_window_prepare_i2,6.8500000000000005,action_interval_infeasible,"{'one_step_feasible': 0, 'next_h_min': -0.8379909098972295, 'next_h': {'FM': 10.750085837443045, 'MR': -0.8379909098972295, 'RB': 8.022871039709829}, 'action_intervals': {'M': (0.4009835529548229, 0.6509835529548229), 'R': (-0.125, 0.125), 'F': (-0.11671756227297489, 0.1332824377270251), 'B': (0.7020483428704181, 0.9520483428704181)}}"
A_short_window_prepare_i2,6.8500000000000005,safety_recheck,MR_predicted_gap
A_short_window_prepare_i2,6.9,action_interval_infeasible,"{'one_step_feasible': 0, 'next_h_min': -0.8754511032552482, 'next_h': {'FM': 10.776942589012437, 'MR': -0.8754511032552482, 'RB': 8.132441537348397}, 'action_intervals': {'M': (0.39274706451924124, 0.6427470645192412), 'R': (-0.25, 0.0), 'F': (-0.11706956587637318, 0.13293043412362682), 'B': (0.6969930717321206, 0.9469930717321206)}}"
A_short_window_prepare_i2,6.9,safety_recheck,MR_predicted_gap
A_short_window_prepare_i2,6.95,action_interval_infeasible,"{'one_step_feasible': 0, 'next_h_min': -0.9086791074028465, 'next_h': {'FM': 10.802698859478367, 'MR': -0.9086791074028465, 'RB': 8.239283583864344}, 'action_intervals': {'M': (0.3845007707065514, 0.6345007707065514), 'R': (-0.375, -0.125), 'F': (-0.11740660932662834, 0.13259339067337167), 'B': (0.6919286002439881, 0.9419286002439881)}}"
A_short_window_prepare_i2,6.95,safety_recheck,MR_predicted_gap
A_short_window_prepare_i2,7.0,action_interval_infeasible,"{'one_step_feasible': 0, 'next_h_min': -0.9373830454434691, 'next_h': {'FM': 10.827374449680285, 'MR': -0.9373830454434691, 'RB': 8.343097512527844}, 'action_intervals': {'M': (0.37625059761282276, 0.6262505976128228), 'R': (-0.5, -0.25), 'F': (-0.1177293284302463, 0.1322706715697537), 'B': (0.6868555134175941, 0.9368555134175941)}}"
A_short_window_prepare_i2,7.0,safety_recheck,MR_predicted_gap
A_short_window_prepare_i2,7.050000000000001,action_interval_infeasible,"{'one_step_feasible': 0, 'next_h_min': -0.9612710288739735, 'next_h': {'FM': 10.850989085141515, 'MR': -0.9612710288739735, 'RB': 8.443583665687578}, 'action_intervals': {'M': (0.368002287983819, 0.618002287983819), 'R': (-0.625, -0.375), 'F': (-0.11803833197195975, 0.13196166802804027), 'B': (0.6817743970917362, 0.9317743970917362)}}"
A_short_window_prepare_i2,7.050000000000001,safety_recheck,MR_predicted_gap
A_short_window_prepare_i2,7.1000000000000005,action_interval_infeasible,"{'one_step_feasible': 0, 'next_h_min': -0.980051143920656, 'next_h': {'FM': 10.873562404221056, 'MR': -0.980051143920656, 'RB': 8.540442393298722}, 'action_intervals': {'M': (0.3597614001026804, 0.6097614001026803), 'R': (-0.75, -0.5), 'F': (-0.11833420286315147, 0.13166579713684853), 'B': (0.6766858376792818, 0.9266858376792818)}}"
A_short_window_prepare_i2,7.1000000000000005,safety_recheck,MR_predicted_gap
A_short_window_prepare_i2,7.15,action_interval_infeasible,"{'one_step_feasible': 0, 'next_h_min': -0.9934314383389107, 'next_h': {'FM': 10.895113946799487, 'MR': -0.9934314383389107, 'RB': 8.633374051454568}, 'action_intervals': {'M': (0.3515333069712914, 0.6015333069712914), 'R': (-0.875, -0.625), 'F': (-0.11861749924146867, 0.13138250075853133), 'B': (0.6715904219158778, 0.9215904219158778)}}"
A_short_window_prepare_i2,7.15,safety_recheck,MR_predicted_gap
A_short_window_prepare_i2,7.2,action_interval_infeasible,"{'one_step_feasible': 0, 'next_h_min': -1.0011199086778029, 'next_h': {'FM': 10.915663143491695, 'MR': -1.0011199086778029, 'RB': 8.722079000922848}, 'action_intervals': {'M': (0.3433231957824988, 0.5933231957824988), 'R': (-1.0, -0.75), 'F': (-0.11888875552370574, 0.13111124447629424), 'B': (0.6664887366106048, 0.9164887366106048)}}"
A_short_window_prepare_i2,7.2,safety_recheck,MR_predicted_gap
A_short_window_prepare_i2,7.25,action_interval_infeasible,"{'one_step_feasible': 0, 'next_h_min': -1.002824488009876, 'next_h': {'FM': 10.935229305379687, 'MR': -1.002824488009876, 'RB': 8.806257605687035}, 'action_intervals': {'M': (0.33513606767932236, 0.5851360676793224), 'R': (-1.125, -0.875), 'F': (-0.11914848341394854, 0.13085151658605146), 'B': (0.661381368398676, 0.911381368398676)}}"
A_short_window_prepare_i2,7.25,safety_recheck,MR_predicted_gap
A_short_window_prepare_i2,7.300000000000001,action_interval_infeasible,"{'one_step_feasible': 0, 'next_h_min': -0.9982530341252196, 'next_h': {'FM': 10.953831614257398, 'MR': -0.9982530341252196, 'RB': 8.885610231493217}, 'action_intervals': {'M': (0.3269767377964047, 0.5769767377964047), 'R': (-1.25, -1.0), 'F': (-0.11939717286885561, 0.1306028271311444), 'B': (0.6562689034962499, 0.9062689034962499)}}"
A_short_window_prepare_i2,7.300000000000001,safety_recheck,MR_predicted_gap
A_short_window_prepare_i2,7.3500000000000005,action_interval_infeasible,"{'one_step_feasible': 0, 'next_h_min': -0.9871133181893664, 'next_h': {'FM': 10.97148911338004, 'MR': -0.9871133181893664, 'RB': 8.959837244403102}, 'action_intervals': {'M': (0.3188498355780776, 0.5688498355780776), 'R': (-1.375, -1.125), 'F': (-0.11963529302193035, 0.13036470697806965), 'B': (0.6511519274574292, 0.9011519274574292)}}"
A_short_window_prepare_i2,7.3500000000000005,safety_recheck,MR_predicted_gap
A_short_window_prepare_i2,7.4,action_interval_infeasible,"{'one_step_feasible': 0, 'next_h_min': -0.9691130138627229, 'next_h': {'FM': 10.988220698708655, 'MR': -0.9691130138627229, 'RB': 9.028639009353713}, 'action_intervals': {'M': (0.31075980536656655, 0.5607598053665666), 'R': (-1.5, -1.25), 'F': (-0.11986329306849956, 0.13013670693150042), 'B': (0.646031024933509, 0.896031024933509)}}"
A_short_window_prepare_i2,7.4,safety_recheck,MR_predicted_gap
A_short_window_prepare_i2,7.45,action_interval_infeasible,"{'one_step_feasible': 0, 'next_h_min': -0.9439596868793103, 'next_h': {'FM': 11.0040451106416, 'MR': -0.9439596868793103, 'RB': 9.091715888724671}, 'action_intervals': {'M': (0.30271090725309596, 0.552710907253096), 'R': (-1.625, -1.375), 'F': (-0.12008160311308931, 0.1299183968869107), 'B': (0.6409067794345257, 0.8909067794345257)}}"
A_short_window_prepare_i2,7.45,safety_recheck,MR_predicted_gap
A_short_window_prepare_i2,7.5,action_interval_infeasible,"{'one_step_feasible': 0, 'next_h_min': -0.9113607850815361, 'next_h': {'FM': 11.018980926222914, 'MR': -0.9113607850815361, 'RB': 9.14880390637573}, 'action_intervals': {'M': (0.2947072181839344, 0.5447072181839344), 'R': (-1.75, -1.5), 'F': (-0.12029063498078348, 0.12970936501921654), 'B': (0.6357797730931576, 0.8857797730931576)}}"
A_short_window_prepare_i2,7.5,safety_recheck,MR_predicted_gap
A_short_window_prepare_i2,7.550000000000001,action_interval_infeasible,"{'one_step_feasible': 0, 'next_h_min': -0.8710236289076245, 'next_h': {'FM': 11.033046551818604, 'MR': -0.8710236289076245, 'RB': 9.199668877775235}, 'action_intervals': {'M': (0.2867526333127292, 0.5367526333127293), 'R': (-1.875, -1.625), 'F': (-0.12049078299409928, 0.12950921700590073), 'B': (0.6287484284085957, 0.8787484284085957)}}"
A_short_window_prepare_i2,7.550000000000001,safety_recheck,MR_predicted_gap
A_short_window_prepare_i2,7.6000000000000005,action_interval_infeasible,"{'one_step_feasible': 0, 'next_h_min': -0.8226554023272649, 'next_h': {'FM': 11.046260216250083, 'MR': -0.8226554023272649, 'RB': 9.244091956011248}, 'action_intervals': {'M': (0.2788508675899203, 0.5288508675899203), 'R': (-2.0, -1.75), 'F': (-0.12068242471685017, 0.12931757528314983), 'B': (0.6184777713711969, 0.8684777713711969)}}"
A_short_window_prepare_i2,7.6000000000000005,safety_recheck,MR_predicted_gap
A_short_window_prepare_i2,7.65,action_interval_infeasible,"{'one_step_feasible': 0, 'next_h_min': -0.7659631442205402, 'next_h': {'FM': 11.058639964374636, 'MR': -0.7659631442205402, 'RB': 9.281871011541936}, 'action_intervals': {'M': (0.27100545757944666, 0.5210054575794467), 'R': (-2.125, -1.875), 'F': (-0.12086592166638539, 0.12913407833361462), 'B': (0.6045817039052556, 0.8545817039052556)}}"
A_short_window_prepare_i2,7.65,safety_recheck,MR_predicted_gap
A_short_window_prepare_i2,7.7,action_interval_infeasible,"{'one_step_feasible': 0, 'next_h_min': -0.7006537401951843, 'next_h': {'FM': 11.070203651102773, 'MR': -0.7006537401951843, 'RB': 9.31282177992766}, 'action_intervals': {'M': (0.263219763492495, 0.513219763492495), 'R': (-2.25, -2.0), 'F': (-0.12104161999556488, 0.1289583800044351), 'B': (0.5866520210037814, 0.8366520210037814)}}"
A_short_window_prepare_i2,7.7,safety_recheck,MR_predicted_gap
A_short_window_prepare_i2,7.75,action_interval_infeasible,"{'one_step_feasible': 0, 'next_h_min': -0.6264339148357643, 'next_h': {'FM': 11.080968935840671, 'MR': -0.6264339148357643, 'RB': 9.336778984303725}, 'action_intervals': {'M': (0.2554969714276369, 0.5054969714276369), 'R': (-2.375, -2.125), 'F': (-0.12120985114575333, 0.12879014885424667), 'B': (0.5642737326016048, 0.8142737326016048)}}"
A_short_window_prepare_i2,7.75,safety_recheck,MR_predicted_gap
A_short_window_prepare_i2,7.800000000000001,action_interval_infeasible,"{'one_step_feasible': 0, 'next_h_min': -0.5430102243790931, 'next_h': {'FM': 11.0909532773477, 'MR': -0.5430102243790931, 'RB': 9.353597418970855}, 'action_intervals': {'M': (0.24784009580634175, 0.49784009580634175), 'R': (-2.5, -2.25), 'F': (-0.12137093247205896, 0.12862906752794104), 'B': (0.5370273154355651, 0.7870273154355651)}}"
A_short_window_prepare_i2,7.800000000000001,safety_recheck,MR_predicted_gap
A_short_window_prepare_i2,7.8500000000000005,action_interval_infeasible,"{'one_step_feasible': 0, 'next_h_min': -0.45008904980859366, 'next_h': {'FM': 11.100173928996675, 'MR': -0.45008904980859366, 'RB': 9.363152978692527}, 'action_intervals': {'M': (0.24025198199256353, 0.49025198199256353), 'R': (-2.625, -2.375), 'F': (-0.12152516784199516, 0.12847483215800484), 'B': (0.5044913911865294, 0.7544913911865294)}}"
A_short_window_prepare_i2,7.8500000000000005,safety_recheck,MR_predicted_gap
A_short_window_prepare_i2,7.9,action_interval_infeasible,"{'one_step_feasible': 0, 'next_h_min': -0.3473765903606525, 'next_h': {'FM': 11.108647934426523, 'MR': -0.3473765903606525, 'RB': 9.36534361657321}, 'action_intervals': {'M': (0.2327353090848911, 0.4827353090848911), 'R': (-2.75, -2.5), 'F': (-0.12167284820870919, 0.1283271517912908), 'B': (0.46624586945295854, 0.7162458694529585)}}"
A_short_window_prepare_i2,7.9,safety_recheck,MR_predicted_gap
A_short_window_prepare_i2,7.95,action_interval_infeasible,"{'one_step_feasible': 0, 'next_h_min': -0.2345788574354824, 'next_h': {'FM': 11.116392123574988, 'MR': -0.2345788574354824, 'RB': 9.360090211832976}, 'action_intervals': {'M': (0.22529259286957226, 0.47529259286957226), 'R': (-2.875, -2.625), 'F': (-0.12181425215983807, 0.12818574784016193), 'B': (0.42187558504577527, 0.6718755850457753)}}"
A_short_window_prepare_i2,7.95,safety_recheck,MR_predicted_gap
A_short_window_prepare_i2,8.0,action_interval_infeasible,"{'one_step_feasible': 0, 'next_h_min': -0.11140166890433356, 'next_h': {'FM': 11.12342310908008, 'MR': -0.11140166890433356, 'RB': 9.347337327487063}, 'action_intervals': {'M': (0.21792618892262272, 0.4679261889226227), 'R': (-3.0, -2.75), 'F': (-0.12194964644304562, 0.12805035355695438), 'B': (0.3709744468226967, 0.6209744468226968)}}"
A_short_window_prepare_i2,8.0,safety_recheck,MR_predicted_gap
B_ample_none_i0,0.0,startup_physical_check,"{'in_start_zone': True, 'slot_ok': False, 'necessary_bound_ok': True, 'remaining_distance_m': 96.0, 'min_forward_distance_m': 55.849300000000085, 'interval_width_m': 7.400000000000006, 'current_speed_forecast_min_slot_width_m': 7.399999999999999, 'current_speed_forecast_min_front_margin_m': 1.0, 'current_speed_forecast_min_rear_margin_m': -4.1000000000000005, 'physical_ok': False}"
B_ample_none_i0,1.2500000000000002,merge_started,
B_ample_none_i0,4.25,merge_completed,
B_ample_none_i1,0.0,startup_physical_check,"{'in_start_zone': True, 'slot_ok': False, 'necessary_bound_ok': True, 'remaining_distance_m': 99.0, 'min_forward_distance_m': 50.74930000000009, 'interval_width_m': 7.924999999999997, 'current_speed_forecast_min_slot_width_m': 7.925000000000001, 'current_speed_forecast_min_front_margin_m': 9.694999999999993, 'current_speed_forecast_min_rear_margin_m': -7.169999999999999, 'physical_ok': False}"
B_ample_none_i1,4.6,missed_window,missed_window
B_ample_none_i2,0.0,startup_physical_check,"{'in_start_zone': True, 'slot_ok': False, 'necessary_bound_ok': True, 'remaining_distance_m': 97.0, 'min_forward_distance_m': 55.849300000000056, 'interval_width_m': 4.609999999999999, 'current_speed_forecast_min_slot_width_m': 4.609999999999999, 'current_speed_forecast_min_front_margin_m': 0.5, 'current_speed_forecast_min_rear_margin_m': -6.39, 'physical_ok': False}"
B_ample_none_i2,1.7000000000000002,merge_started,
B_ample_none_i2,3.0500000000000003,action_interval_infeasible,"{'one_step_feasible': 0, 'next_h_min': -0.03041314712150691, 'next_h': {'FM': -0.03041314712150691, 'MR': 4.972522733163902, 'RB': 14.142669341599731}, 'action_intervals': {'M': (-1.7883762907477845, -1.5383762907477845), 'R': (-0.1985452553484734, 0.05145474465152659), 'F': (-0.15807053899919196, 0.09192946100080804), 'B': (0.017489474677371525, 0.2674894746773715)}}"
B_ample_none_i2,3.1,action_interval_infeasible,"{'one_step_feasible': 0, 'next_h_min': -0.15108284184087395, 'next_h': {'FM': -0.15108284184087395, 'MR': 5.116600447289434, 'RB': 14.131160728111379}, 'action_intervals': {'M': (-1.9133762907477845, -1.6633762907477845), 'R': (-0.20166606176126878, 0.048333938238731236), 'F': (-0.15666504109172727, 0.09333495890827273), 'B': (0.012950964487371458, 0.26295096448737143)}}"
B_ample_none_i2,3.1,safety_recheck,FM_predicted_gap
B_ample_none_i2,3.1500000000000004,action_interval_infeasible,"{'one_step_feasible': 0, 'next_h_min': -0.2646995333138941, 'next_h': {'FM': -0.2646995333138941, 'MR': 5.255985742227828, 'RB': 14.119200372419664}, 'action_intervals': {'M': (-2.0383762907477845, -1.7883762907477845), 'R': (-0.20451354130268753, 0.045486458697312465), 'F': (-0.15531927684532826, 0.09468072315467176), 'B': (0.008443269269946901, 0.2584432692699469)}}"
B_ample_none_i2,3.1500000000000004,safety_recheck,FM_predicted_gap
B_ample_none_i2,3.2,action_interval_infeasible,"{'one_step_feasible': 0, 'next_h_min': -0.3709475685726971, 'next_h': {'FM': -0.3709475685726971, 'MR': 5.3903678959976755, 'RB': 14.10679261264883}, 'action_intervals': {'M': (-2.1633762907477845, -1.9133762907477845), 'R': (-0.20709955124788848, 0.04290044875211152), 'F': (-0.1540307075794022, 0.09596929242059779), 'B': (0.003969544709405581, 0.2539695447094056)}}"
B_ample_none_i2,3.2,safety_recheck,FM_predicted_gap
B_ample_none_i2,3.25,action_interval_infeasible,"{'one_step_feasible': 0, 'next_h_min': -0.46951142865045303, 'next_h': {'FM': -0.46951142865045303, 'MR': 5.519435770604446, 'RB': 14.093942251249873}, 'action_intervals': {'M': (-2.2883762907477845, -2.0383762907477845), 'R': (-0.2094355875230673, 0.04056441247693271), 'F': (-0.15279690250727854, 0.09720309749272146), 'B': (-0.0004671862844301128, 0.2495328137155699)}}"
B_ample_none_i2,3.25,safety_recheck,FM_predicted_gap
B_ample_none_i2,3.3000000000000003,action_interval_infeasible,"{'one_step_feasible': 0, 'next_h_min': -0.5600757228864461, 'next_h': {'FM': -0.5600757228864461, 'MR': 5.6428778334150556, 'RB': 14.080654522828283}, 'action_intervals': {'M': (-2.4133762907477845, -2.1633762907477845), 'R': (-0.2115327925901107, 0.03846720740988929), 'F': (-0.15161553415071988, 0.09838446584928011), 'B': (-0.004864033286454697, 0.24513596671354532)}}"
B_ample_none_i2,3.3000000000000003,safety_recheck,FM_predicted_gap
B_ample_none_i2,3.35,action_interval_infeasible,"{'one_step_feasible': 0, 'next_h_min': -0.6423251834730693, 'next_h': {'FM': -0.6423251834730693, 'MR': 5.7603821778115805, 'RB': 14.06693506314961}, 'action_intervals': {'M': (-2.5383762907477845, -2.2883762907477845), 'R': (-0.21340196321708077, 0.03659803678291923), 'F': (-0.15048437394931363, 0.09951562605068638), 'B': (-0.009218238028072381, 0.24078176197192763)}}"
B_ample_none_i2,3.35,safety_recheck,FM_predicted_gap
B_ample_none_i2,3.4000000000000004,action_interval_infeasible,"{'one_step_feasible': 0, 'next_h_min': -0.7159446602345546, 'next_h': {'FM': -0.7159446602345546, 'MR': 5.871636543141374, 'RB': 14.052789879300995}, 'action_intervals': {'M': (-2.6633762907477845, -2.4133762907477845), 'R': (-0.21505355813638488, 0.03494644186361512), 'F': (-0.1494012880564691, 0.1005987119435309), 'B': (-0.013527174003492501, 0.23647282599650749)}}"
B_ample_none_i2,3.4000000000000004,safety_recheck,FM_predicted_gap
B_ample_none_i2,3.45,action_interval_infeasible,"{'one_step_feasible': 0, 'next_h_min': -0.7806191156275475, 'next_h': {'FM': -0.7806191156275475, 'MR': 5.976328333980563, 'RB': 14.038225320986724}, 'action_intervals': {'M': (-2.7883762907477845, -2.5383762907477845), 'R': (-0.21649770559244602, 0.03350229440755399), 'F': (-0.14836423331406987, 0.10163576668593013), 'B': (-0.017788345987715032, 0.23221165401228497)}}"
B_ample_none_i2,3.45,safety_recheck,FM_predicted_gap
B_ample_none_i2,3.5,action_interval_infeasible,"{'one_step_feasible': 0, 'next_h_min': -0.8360336199543226, 'next_h': {'FM': -0.8360336199543226, 'MR': 6.07414463872722, 'RB': 14.02324805293581}, 'action_intervals': {'M': (-2.9133762907477845, -2.6633762907477845), 'R': (-0.21774421078028097, 0.03225578921971903), 'F': (-0.14737125339822194, 0.10262874660177808), 'B': (-0.021999389447316192, 0.2280006105526838)}}"
B_ample_none_i2,3.5,safety_recheck,FM_predicted_gap
B_ample_none_i2,3.5500000000000003,action_interval_infeasible,"{'one_step_feasible': 0, 'next_h_min': -0.8818733467793, 'next_h': {'FM': -0.8818733467793, 'MR': 6.164772247540994, 'RB': 14.007865028398596}, 'action_intervals': {'M': (-3.0383762907477845, -2.7883762907477845), 'R': (-0.2188025631766375, 0.031197436823362498), 'F': (-0.14642047512879638, 0.10357952487120362), 'B': (-0.02615806982870343, 0.22384193017129655)}}"
B_ample_none_i2,3.5500000000000003,safety_recheck,FM_predicted_gap
B_ample_none_i2,3.6,action_interval_infeasible,"{'one_step_feasible': 0, 'next_h_min': -0.9178235685404623, 'next_h': {'FM': -0.9178235685404623, 'MR': 6.247897669644623, 'RB': 13.992083463710294}, 'action_intervals': {'M': (-3.1633762907477845, -2.9133762907477845), 'R': (-0.2196819437647035, 0.0303180562352965), 'F': (-0.14551010493582392, 0.10448989506417608), 'B': (-0.030262281711774877, 0.21973771828822514)}}"
B_ample_none_i2,3.6,safety_recheck,FM_predicted_gap
B_ample_none_i2,3.6500000000000004,action_interval_infeasible,"{'one_step_feasible': 0, 'next_h_min': -0.9435696523470543, 'next_h': {'FM': -0.9435696523470543, 'MR': 6.323207150003821, 'RB': 13.975910813897936}, 'action_intervals': {'M': (-3.2883762907477845, -3.0383762907477845), 'R': (-0.22039123215394468, 0.029608767846055317), 'F': (-0.14463842547605205, 0.10536157452394797), 'B': (-0.03431004781983625, 0.21568995218016374)}}"
B_ample_none_i2,3.6500000000000004,safety_recheck,FM_predicted_gap
B_ample_none_i2,3.7,action_interval_infeasible,"{'one_step_feasible': 0, 'next_h_min': -0.958797055956281, 'next_h': {'FM': -0.958797055956281, 'MR': 6.390386685400757, 'RB': 13.95935474930803}, 'action_intervals': {'M': (-3.4133762907477845, -3.1633762907477845), 'R': (-0.22093901359568108, 0.029060986404318923), 'F': (-0.1438037923933207, 0.10619620760667932), 'B': (-0.038299517879348585, 0.2117004821206514)}}"
B_ample_none_i2,3.7,safety_recheck,FM_predicted_gap
B_ample_none_i2,3.75,action_interval_infeasible,"{'one_step_feasible': 0, 'next_h_min': -0.9631913239206751, 'next_h': {'FM': -0.9631913239206751, 'MR': 6.449122039916759, 'RB': 13.942423133231145}, 'action_intervals': {'M': (-3.5383762907477845, -3.2883762907477845), 'R': (-0.22133358589586394, 0.028666414104136062), 'F': (-0.14300463121660484, 0.10699536878339515), 'B': (-0.04222896732543377, 0.20777103267456623)}}"
B_ample_none_i2,3.75,safety_recheck,FM_predicted_gap
B_ample_none_i2,3.8000000000000003,action_interval_infeasible,"{'one_step_feasible': 0, 'next_h_min': -0.9564380838992291, 'next_h': {'FM': -0.9564380838992291, 'MR': 6.499098759839009, 'RB': 13.925124000500405}, 'action_intervals': {'M': (-3.6633762907477845, -3.4133762907477845), 'R': (-0.22158296622546772, 0.02841703377453228), 'F': (-0.1422394343898988, 0.1077605656101012), 'B': (-0.04609679585126039, 0.2039032041487396)}}"
B_ample_none_i2,3.8000000000000003,safety_recheck,FM_predicted_gap
B_ample_none_i2,3.85,action_interval_infeasible,"{'one_step_feasible': 0, 'next_h_min': -0.9382230431254126, 'next_h': {'FM': -0.9382230431254126, 'MR': 6.540002188006592, 'RB': 13.907465537039995}, 'action_intervals': {'M': (-3.7883762907477845, -3.5383762907477845), 'R': (-0.2216948978296915, 0.028305102170308488), 'F': (-0.14150675842832836, 0.10849324157167164), 'B': (-0.04990152580131088, 0.20009847419868912)}}"
B_ample_none_i2,3.85,safety_recheck,FM_predicted_gap
B_ample_none_i2,3.9000000000000004,action_interval_infeasible,"{'one_step_feasible': 0, 'next_h_min': -0.9082319850253406, 'next_h': {'FM': -0.9082319850253406, 'MR': 6.571517477610049, 'RB': 13.889456060340361}, 'action_intervals': {'M': (-3.9133762907477845, -3.6633762907477845), 'R': (-0.22167685663642617, 0.028323143363573847), 'F': (-0.14080522119512473, 0.10919477880487527), 'B': (-0.05364180041028001, 0.19635819958972)}}"
B_ample_none_i2,3.9000000000000004,safety_recheck,FM_predicted_gap
B_ample_none_i2,3.95,action_interval_infeasible,"{'one_step_feasible': 0, 'next_h_min': -0.866870321431014, 'next_h': {'FM': -0.866870321431014, 'MR': 6.593377575822667, 'RB': 13.871104000836171}, 'action_intervals': {'M': (-4.0, -3.7883762907477845), 'R': (-0.22153605776500795, 0.028463942234992032), 'F': (-0.1401334992943326, 0.10986650070566739), 'B': (-0.05731638189077706, 0.19268361810922294)}}"
B_ample_none_i2,3.95,safety_recheck,FM_predicted_gap
B_ample_none_i2,4.0,action_interval_infeasible,"{'one_step_feasible': 0, 'next_h_min': -0.8155441138520949, 'next_h': {'FM': -0.8155441138520949, 'MR': 6.605471516187244, 'RB': 13.852417884163327}, 'action_intervals': {'M': (-4.0, -3.875), 'R': (-0.22127946193547787, 0.02872053806452214), 'F': (-0.13949032557432392, 0.11050967442567608), 'B': (-0.060924149374392944, 0.18907585062560706)}}"
B_ample_none_i2,4.0,safety_recheck,FM_predicted_gap
B_ample_none_i2,4.05,action_interval_infeasible,"{'one_step_feasible': 0, 'next_h_min': -0.7542518554079134, 'next_h': {'FM': -0.7542518554079134, 'MR': 6.607796460498838, 'RB': 13.833406314271738}, 'action_intervals': {'M': (-4.0, -3.875), 'R': (-0.22091378177925308, 0.02908621822074693), 'F': (-0.13887448673741556, 0.11112551326258444), 'B': (-0.06446409671176202, 0.185535903288238)}}"
B_ample_none_i2,4.05,safety_recheck,FM_predicted_gap
B_ample_none_i2,4.1000000000000005,action_interval_infeasible,"{'one_step_feasible': 0, 'next_h_min': -0.6829921032602324, 'next_h': {'FM': -0.6829921032602324, 'MR': 6.600349430924871, 'RB': 13.814077957369621}, 'action_intervals': {'M': (-4.0, -3.875), 'R': (-0.22044548805174413, 0.029554511948255854), 'F': (-0.13828482105107637, 0.11171517894892365), 'B': (-0.0679353301381912, 0.1820646698618088)}}"
B_ample_none_i2,4.1000000000000005,safety_recheck,FM_predicted_gap
B_ample_none_i2,4.15,action_interval_infeasible,"{'one_step_feasible': 0, 'next_h_min': -0.6017634758914809, 'next_h': {'FM': -0.6017634758914809, 'MR': 6.583127321284708, 'RB': 13.794441526676387}, 'action_intervals': {'M': (-4.0, -3.875), 'R': (-0.2198808157471555, 0.03011918425284449), 'F': (-0.13772021615640515, 0.11227978384359485), 'B': (-0.0713370658123133, 0.1786629341876867)}}"
B_ample_none_i2,4.15,safety_recheck,FM_predicted_gap
B_ample_none_i2,4.2,action_interval_infeasible,"{'one_step_feasible': 0, 'next_h_min': -0.5105646504985047, 'next_h': {'FM': -0.5105646504985047, 'MR': 6.556126907866172, 'RB': 13.774505767960239}, 'action_intervals': {'M': (-4.0, -3.875), 'R': (-0.21922577011644123, 0.030774229883558768), 'F': (-0.13717960696975773, 0.11282039303024227), 'B': (-0.07466862723578878, 0.17533137276421124)}}"
B_ample_none_i2,4.2,safety_recheck,FM_predicted_gap
B_ample_none_i2,4.25,action_interval_infeasible,"{'one_step_feasible': 0, 'next_h_min': -0.4093943604973527, 'next_h': {'FM': -0.4093943604973527, 'MR': 6.51934485979174, 'RB': 13.75427944583737}, 'action_intervals': {'M': (-4.0, -3.875), 'R': (-0.21848613258841781, 0.0315138674115822), 'F': (-0.13666197367354266, 0.11333802632645736), 'B': (-0.07792944256269328, 0.1720705574373067)}}"
B_ample_none_i2,4.25,safety_recheck,FM_predicted_gap
B_ample_none_i2,4.3,action_interval_infeasible,"{'one_step_feasible': 0, 'next_h_min': -0.29825139313391796, 'next_h': {'FM': -0.29825139313391796, 'MR': 6.472777748947016, 'RB': 13.733771330809525}, 'action_intervals': {'M': (-4.0, -3.875), 'R': (-0.21766746659484099, 0.032332533405159014), 'F': (-0.13616633979241718, 0.11383366020758282), 'B': (-0.08111904180758822, 0.16888095819241178)}}"
B_ample_none_i2,4.3,safety_recheck,FM_predicted_gap
B_ample_none_i2,4.3500000000000005,action_interval_infeasible,"{'one_step_feasible': 0, 'next_h_min': -0.17713458719602598, 'next_h': {'FM': -0.17713458719602598, 'MR': 6.416422059484258, 'RB': 13.712990187017164}, 'action_intervals': {'M': (-4.0, -3.875), 'R': (-0.21677512329975798, 0.03322487670024202), 'F': (-0.13569177035123853, 0.11430822964876146), 'B': (-0.08423705396160051, 0.16576294603839947)}}"
B_ample_none_i2,4.3500000000000005,safety_recheck,FM_predicted_gap
B_ample_none_i2,4.4,action_interval_infeasible,"{'one_step_feasible': 0, 'next_h_min': -0.04604283082313734, 'next_h': {'FM': -0.04604283082313734, 'MR': 6.35027419691333, 'RB': 13.691944760685029}, 'action_intervals': {'M': (-4.0, -3.875), 'R': (-0.2158142472335122, 0.034185752766487804), 'F': (-0.13523737011130949, 0.11476262988869053), 'B': (-0.08728320402604092, 0.16271679597395908)}}"
B_ample_none_i2,4.7,merge_exit_before_completion,started_but_failed
B_ample_prepare_i0,0.0,startup_physical_check,"{'in_start_zone': True, 'slot_ok': False, 'necessary_bound_ok': True, 'remaining_distance_m': 96.0, 'min_forward_distance_m': 55.849300000000085, 'interval_width_m': 7.400000000000006, 'current_speed_forecast_min_slot_width_m': 7.399999999999999, 'current_speed_forecast_min_front_margin_m': 1.0, 'current_speed_forecast_min_rear_margin_m': -4.1000000000000005, 'physical_ok': False}"
B_ample_prepare_i0,1.2500000000000002,merge_started,
B_ample_prepare_i0,3.6,action_interval_infeasible,"{'one_step_feasible': 0, 'next_h_min': -0.02729182672224574, 'next_h': {'FM': -0.02729182672224574, 'MR': 8.248610441500087, 'RB': 12.475655370505809}, 'action_intervals': {'M': (-1.9451150600042566, -1.6951150600042566), 'R': (0.08239291920477215, 0.33239291920477215), 'F': (0.0021974326760942076, 0.2521974326760942), 'B': (-0.23112607284977246, 0.018873927150227537)}}"
B_ample_prepare_i0,3.6500000000000004,action_interval_infeasible,"{'one_step_feasible': 0, 'next_h_min': -0.055142393890963516, 'next_h': {'FM': -0.055142393890963516, 'MR': 8.326893879803745, 'RB': 12.437725436980438}, 'action_intervals': {'M': (-2.0701150600042566, -1.8201150600042566), 'R': (0.08648619676270569, 0.3364861967627057), 'F': (-0.0032084582126399724, 0.24679154178736), 'B': (-0.22528437045352956, 0.024715629546470455)}}"
B_ample_prepare_i0,3.7,action_interval_infeasible,"{'one_step_feasible': 0, 'next_h_min': -0.07518858009967572, 'next_h': {'FM': -0.07518858009967572, 'MR': 8.399252258162727, 'RB': 12.400466721009092}, 'action_intervals': {'M': (-2.1951150600042566, -1.9451150600042566), 'R': (0.09001107632046695, 0.34001107632046695), 'F': (-0.008384598738603977, 0.24161540126139602), 'B': (-0.21952285239439537, 0.030477147605604632)}}"
B_ample_prepare_i0,3.75,action_interval_infeasible,"{'one_step_feasible': 0, 'next_h_min': -0.08713001243912746, 'next_h': {'FM': -0.08713001243912746, 'MR': 8.465375168073146, 'RB': 12.363873705968608}, 'action_intervals': {'M': (-2.3201150600042566, -2.0701150600042566), 'R': (0.09299745519253177, 0.3429974551925318), 'F': (-0.013340753292214028, 0.236659246707786), 'B': (-0.21385083952186235, 0.036149160478137654)}}"
B_ample_prepare_i0,3.8000000000000003,action_interval_infeasible,"{'one_step_feasible': 0, 'next_h_min': -0.09066580259858753, 'next_h': {'FM': -0.09066580259858753, 'MR': 8.524952956398849, 'RB': 12.327940019297325}, 'action_intervals': {'M': (-2.4451150600042566, -2.1951150600042566), 'R': (0.09547410375735083, 0.3454741037573508), 'F': (-0.01808627127729441, 0.2319137287227056), 'B': (-0.20827667330175378, 0.041723326698246216)}}"
B_ample_prepare_i0,3.85,action_interval_infeasible,"{'one_step_feasible': 0, 'next_h_min': -0.08549456877058055, 'next_h': {'FM': -0.08549456877058055, 'MR': 8.577676676037706, 'RB': 12.292658502785303}, 'action_intervals': {'M': (-2.5701150600042566, -2.3201150600042566), 'R': (0.09746869977375211, 0.3474686997737521), 'F': (-0.022630104748010457, 0.22736989525198953), 'B': (-0.20280777631815622, 0.04719222368184378)}}"
B_ample_prepare_i0,3.9000000000000004,action_interval_infeasible,"{'one_step_feasible': 0, 'next_h_min': -0.07131445662447966, 'next_h': {'FM': -0.07131445662447966, 'MR': 8.62323803862692, 'RB': 12.258021279154134}, 'action_intervals': {'M': (-2.6951150600042566, -2.4451150600042566), 'R': (0.0990078617670268, 0.3490078617670268), 'F': (-0.026980825296219105, 0.2230191747037809), 'B': (-0.19745071053175373, 0.05254928946824629)}}"
B_ample_prepare_i0,3.95,action_interval_infeasible,"{'one_step_feasible': 0, 'next_h_min': -0.047823159388635114, 'next_h': {'FM': -0.047823159388635114, 'MR': 8.661329369222354, 'RB': 12.224019815102652}, 'action_intervals': {'M': (-2.8201150600042566, -2.5701150600042566), 'R': (0.10011718151285479, 0.35011718151285476), 'F': (-0.031146640221129118, 0.21885335977887088), 'B': (-0.19221123322169575, 0.05778876677830426)}}"
B_ample_prepare_i0,4.0,action_interval_infeasible,"{'one_step_feasible': 0, 'next_h_min': -0.014717937079242412, 'next_h': {'FM': -0.014717937079242412, 'MR': 8.691643562889244, 'RB': 12.190644980985248}, 'action_intervals': {'M': (-2.9451150600042566, -2.6951150600042566), 'R': (0.10082125564532249, 0.3508212556453225), 'F': (-0.03513540801173197, 0.21486459198826802), 'B': (-0.1870943505656639, 0.0629056494343361)}}"
B_ample_prepare_i0,4.25,merge_completed,
B_ample_prepare_i1,0.0,startup_physical_check,"{'in_start_zone': True, 'slot_ok': False, 'necessary_bound_ok': True, 'remaining_distance_m': 99.0, 'min_forward_distance_m': 50.74930000000009, 'interval_width_m': 7.924999999999997, 'current_speed_forecast_min_slot_width_m': 7.925000000000001, 'current_speed_forecast_min_front_margin_m': 9.694999999999993, 'current_speed_forecast_min_rear_margin_m': -7.169999999999999, 'physical_ok': False}"
B_ample_prepare_i1,4.65,missed_window,missed_window
B_ample_prepare_i2,0.0,startup_physical_check,"{'in_start_zone': True, 'slot_ok': False, 'necessary_bound_ok': True, 'remaining_distance_m': 97.0, 'min_forward_distance_m': 55.849300000000056, 'interval_width_m': 4.609999999999999, 'current_speed_forecast_min_slot_width_m': 4.609999999999999, 'current_speed_forecast_min_front_margin_m': 0.5, 'current_speed_forecast_min_rear_margin_m': -6.39, 'physical_ok': False}"
B_ample_prepare_i2,1.7000000000000002,merge_started,
B_ample_prepare_i2,2.85,action_interval_infeasible,"{'one_step_feasible': 0, 'next_h_min': -0.04294915104634503, 'next_h': {'FM': -0.04294915104634503, 'MR': 4.76934818208344, 'RB': 13.864176927807286}, 'action_intervals': {'M': (-1.622308172461865, -1.372308172461865), 'R': (-0.5956966386361484, -0.34569663863614836), 'F': (0.4675504218262828, 0.7175504218262828), 'B': (-0.10475552880026251, 0.1452444711997375)}}"
B_ample_prepare_i2,2.9000000000000004,action_interval_infeasible,"{'one_step_feasible': 0, 'next_h_min': -0.20026725765728245, 'next_h': {'FM': -0.20026725765728245, 'MR': 4.948548337862893, 'RB': 13.830056532478343}, 'action_intervals': {'M': (-1.747308172461865, -1.497308172461865), 'R': (-0.5517826128443668, -0.30178261284436686), 'F': (0.5925504218262828, 0.8425504218262828), 'B': (-0.11427816152355638, 0.13572183847644362)}}"
B_ample_prepare_i2,2.9000000000000004,safety_recheck,FM_predicted_gap
B_ample_prepare_i2,2.95,action_interval_infeasible,"{'one_step_feasible': 0, 'next_h_min': -0.3486107177825152, 'next_h': {'FM': -0.3486107177825152, 'MR': 5.123150339106103, 'RB': 13.795199944345033}, 'action_intervals': {'M': (-1.872308172461865, -1.622308172461865), 'R': (-0.502600119289859, -0.25260011928985904), 'F': (0.7175504218262828, 0.9675504218262828), 'B': (-0.12295996614033572, 0.12704003385966428)}}"
B_ample_prepare_i2,2.95,safety_recheck,FM_predicted_gap
B_ample_prepare_i2,3.0,action_interval_infeasible,"{'one_step_feasible': 0, 'next_h_min': -0.48735453142202567, 'next_h': {'FM': -0.48735453142202567, 'MR': 5.292613800477628, 'RB': 13.759748759230515}, 'action_intervals': {'M': (-1.997308172461865, -1.747308172461865), 'R': (-0.4483262844464005, -0.1983262844464005), 'F': (0.8425504218262828, 1.092550421826283), 'B': (-0.13069678133808021, 0.11930321866191979)}}"
B_ample_prepare_i2,3.0,safety_recheck,FM_predicted_gap
B_ample_prepare_i2,3.0500000000000003,action_interval_infeasible,"{'one_step_feasible': 0, 'next_h_min': -0.615890809068195, 'next_h': {'FM': -0.615890809068195, 'MR': 5.4563892452296265, 'RB': 13.723852297706932}, 'action_intervals': {'M': (-2.122308172461865, -1.872308172461865), 'R': (-0.3891350763590512, -0.1391350763590512), 'F': (0.9675504218262829, 1.217550421826283), 'B': (-0.1373894622149654, 0.11261053778503459)}}"
B_ample_prepare_i2,3.0500000000000003,safety_recheck,FM_predicted_gap
B_ample_prepare_i2,3.1,action_interval_infeasible,"{'one_step_feasible': 0, 'next_h_min': -0.7338318663836664, 'next_h': {'FM': -0.7338318663836664, 'MR': 5.613931445727373, 'RB': 13.687666218224834}, 'action_intervals': {'M': (-2.247308172461865, -1.997308172461865), 'R': (-0.3251972694636024, -0.07519726946360236), 'F': (1.0788620279120238, 1.3288620279120238), 'B': (-0.14294494849274528, 0.10705505150725471)}}"
B_ample_prepare_i2,3.1,safety_recheck,FM_predicted_gap
B_ample_prepare_i2,3.1500000000000004,action_interval_infeasible,"{'one_step_feasible': 0, 'next_h_min': -0.8409903956141435, 'next_h': {'FM': -0.8409903956141435, 'MR': 5.76484216028366, 'RB': 13.651341165910313}, 'action_intervals': {'M': (-2.372308172461865, -2.122308172461865), 'R': (-0.25737236297109145, -0.007372362971091478), 'F': (1.0276978917257629, 1.2776978917257629), 'B': (-0.14727730640088926, 0.10272269359911074)}}"
B_ample_prepare_i2,3.1500000000000004,safety_recheck,FM_predicted_gap
B_ample_prepare_i2,3.2,action_interval_infeasible,"{'one_step_feasible': 0, 'next_h_min': -0.9372713838351343, 'next_h': {'FM': -0.9372713838351343, 'MR': 5.908730479311868, 'RB': 13.615015350459734}, 'action_intervals': {'M': (-2.497308172461865, -2.247308172461865), 'R': (-0.19401788735887165, 0.055982112641128345), 'F': (0.9787082313274165, 1.2287082313274165), 'B': (-0.15032113117390225, 0.09967886882609775)}}"
B_ample_prepare_i2,3.2,safety_recheck,FM_predicted_gap
B_ample_prepare_i2,3.25,action_interval_infeasible,"{'one_step_feasible': 0, 'next_h_min': -1.0226748310466967, 'next_h': {'FM': -1.0226748310466967, 'MR': 6.045286474602945, 'RB': 13.578810359768127}, 'action_intervals': {'M': (-2.622308172461865, -2.372308172461865), 'R': (-0.13492883054181945, 0.11507116945818055), 'F': (0.8537082313274165, 1.1037082313274165), 'B': (-0.1521673942874685, 0.09783260571253148)}}"
B_ample_prepare_i2,3.25,safety_recheck,FM_predicted_gap
B_ample_prepare_i2,3.3000000000000003,action_interval_infeasible,"{'one_step_feasible': 0, 'next_h_min': -1.0972007372487727, 'next_h': {'FM': -1.0972007372487727, 'MR': 6.174216456658732, 'RB': 13.542828288315135}, 'action_intervals': {'M': (-2.747308172461865, -2.497308172461865), 'R': (-0.08385547681631678, 0.16614452318368322), 'F': (0.7287082313274165, 0.9787082313274165), 'B': (-0.1529080160172639, 0.0970919839827361)}}"
B_ample_prepare_i2,3.3000000000000003,safety_recheck,FM_predicted_gap
B_ample_prepare_i2,3.35,action_interval_infeasible,"{'one_step_feasible': 0, 'next_h_min': -1.1608491024413876, 'next_h': {'FM': -1.1608491024413876, 'MR': 6.295242494746225, 'RB': 13.50715259220502}, 'action_intervals': {'M': (-2.872308172461865, -2.622308172461865), 'R': (-0.040595130353581504, 0.2094048696464185), 'F': (0.6037082313274165, 0.8537082313274165), 'B': (-0.15270601375259457, 0.09729398624740543)}}"
B_ample_prepare_i2,3.35,safety_recheck,FM_predicted_gap
B_ample_prepare_i2,3.4000000000000004,action_interval_infeasible,"{'one_step_feasible': 0, 'next_h_min': -1.213619926624516, 'next_h': {'FM': -1.213619926624516, 'MR': 6.40810194335039, 'RB': 13.471848904230683}, 'action_intervals': {'M': (-2.997308172461865, -2.747308172461865), 'R': (-0.004946524325583679, 0.24505347567441632), 'F': (0.47870823132741647, 0.7287082313274165), 'B': (-0.1517213405192365, 0.0982786594807635)}}"
B_ample_prepare_i2,3.4000000000000004,safety_recheck,FM_predicted_gap
B_ample_prepare_i2,3.45,action_interval_infeasible,"{'one_step_feasible': 0, 'next_h_min': -1.2555132097981603, 'next_h': {'FM': -1.2555132097981603, 'MR': 6.512546975230286, 'RB': 13.436965811839132}, 'action_intervals': {'M': (-3.122308172461865, -2.872308172461865), 'R': (0.023290028365543947, 0.27329002836554395), 'F': (0.35370823132741647, 0.6037082313274165), 'B': (-0.15010936208737738, 0.09989063791262262)}}"
B_ample_prepare_i2,3.45,safety_recheck,FM_predicted_gap
B_ample_prepare_i2,3.5,action_interval_infeasible,"{'one_step_feasible': 0, 'next_h_min': -1.2865289519623437, 'next_h': {'FM': -1.2865289519623437, 'MR': 6.608344121265335, 'RB': 13.402535601086052}, 'action_intervals': {'M': (-3.247308172461865, -2.997308172461865), 'R': (0.044312493549353044, 0.29431249354935307), 'F': (0.22870823132741647, 0.47870823132741647), 'B': (-0.14801971009667825, 0.10198028990332175)}}"
B_ample_prepare_i2,3.5,safety_recheck,FM_predicted_gap
B_ample_prepare_i2,3.5500000000000003,action_interval_infeasible,"{'one_step_feasible': 0, 'next_h_min': -1.3066377916153282, 'next_h': {'FM': -1.3066377916153282, 'MR': 6.695273817262205, 'RB': 13.368574969813636}, 'action_intervals': {'M': (-3.372308172461865, -3.122308172461865), 'R': (0.05831698314139147, 0.30831698314139144), 'F': (0.10370823132741647, 0.35370823132741647), 'B': (-0.14559547102396597, 0.10440452897603403)}}"
B_ample_prepare_i2,3.5500000000000003,safety_recheck,FM_predicted_gap
B_ample_prepare_i2,3.6,action_interval_infeasible,"{'one_step_feasible': 0, 'next_h_min': -1.3156608746191032, 'next_h': {'FM': -1.3156608746191032, 'MR': 6.773107694518266, 'RB': 13.335087197605507}, 'action_intervals': {'M': (-3.497308172461865, -3.247308172461865), 'R': (0.0654976310961122, 0.3154976310961122), 'F': (0.0021974326760942076, 0.2521974326760942), 'B': (-0.14297267290678403, 0.10702732709321597)}}"
B_ample_prepare_i2,3.6,safety_recheck,FM_predicted_gap
B_ample_prepare_i2,3.6500000000000004,action_interval_infeasible,"{'one_step_feasible': 0, 'next_h_min': -1.313298928512927, 'next_h': {'FM': -1.313298928512927, 'MR': 6.841536987423254, 'RB': 13.302069921577438}, 'action_intervals': {'M': (-3.622308172461865, -3.372308172461865), 'R': (0.06723385679789146, 0.31723385679789146), 'F': (-0.0032084582126399724, 0.24679154178736), 'B': (-0.14028003408819967, 0.10971996591180033)}}"
B_ample_prepare_i2,3.6500000000000004,safety_recheck,FM_predicted_gap
B_ample_prepare_i2,3.7,action_interval_infeasible,"{'one_step_feasible': 0, 'next_h_min': -1.2992521186656338, 'next_h': {'FM': -1.2992521186656338, 'MR': 6.900253528384389, 'RB': 13.269519941269769}, 'action_intervals': {'M': (-3.747308172461865, -3.497308172461865), 'R': (0.06853941828776086, 0.3185394182877609), 'F': (-0.008384598738603977, 0.24161540126139602), 'B': (-0.13761760747411397, 0.11238239252588604)}}"
B_ample_prepare_i2,3.7,safety_recheck,FM_predicted_gap
B_ample_prepare_i2,3.75,action_interval_infeasible,"{'one_step_feasible': 0, 'next_h_min': -1.2732200721679081, 'next_h': {'FM': -1.2732200721679081, 'MR': 6.948949703836461, 'RB': 13.237433286045809}, 'action_intervals': {'M': (-3.872308172461865, -3.622308172461865), 'R': (0.06943984319422242, 0.3194398431942224), 'F': (-0.013340753292214028, 0.236659246707786), 'B': (-0.1349924141318936, 0.11500758586810639)}}"
B_ample_prepare_i2,3.75,safety_recheck,FM_predicted_gap
B_ample_prepare_i2,3.8000000000000003,action_interval_infeasible,"{'one_step_feasible': 0, 'next_h_min': -1.234901900709049, 'next_h': {'FM': -1.234901900709049, 'MR': 6.987318412228023, 'RB': 13.205805278942593}, 'action_intervals': {'M': (-3.997308172461865, -3.747308172461865), 'R': (0.06995960159024223, 0.3199596015902422), 'F': (-0.01808627127729441, 0.2319137287227056), 'B': (-0.13241080039464298, 0.117589199605357)}}"
B_ample_prepare_i2,3.8000000000000003,safety_recheck,FM_predicted_gap
B_ample_prepare_i2,3.85,action_interval_infeasible,"{'one_step_feasible': 0, 'next_h_min': -1.1862895007152408, 'next_h': {'FM': -1.1862895007152408, 'MR': 7.015205909130395, 'RB': 13.174630597134772}, 'action_intervals': {'M': (-4.0, -3.872308172461865), 'R': (0.07012214160905969, 0.3201221416090597), 'F': (-0.022630104748010457, 0.22736989525198953), 'B': (-0.12987847723472762, 0.12012152276527238)}}"
B_ample_prepare_i2,3.85,safety_recheck,FM_predicted_gap
B_ample_prepare_i2,3.9000000000000004,action_interval_infeasible,"{'one_step_feasible': 0, 'next_h_min': -1.1274372600533589, 'next_h': {'FM': -1.1274372600533589, 'MR': 7.03261513375558, 'RB': 13.14390332916636}, 'action_intervals': {'M': (-4.0, -3.875), 'R': (0.06994992398783226, 0.3199499239878323), 'F': (-0.026980825296219105, 0.2230191747037809), 'B': (-0.12740055831776223, 0.12259944168223777)}}"
B_ample_prepare_i2,3.9000000000000004,safety_recheck,FM_predicted_gap
B_ample_prepare_i2,3.95,action_interval_infeasible,"{'one_step_feasible': 0, 'next_h_min': -1.0583553719517649, 'next_h': {'FM': -1.0583553719517649, 'MR': 7.0395527872497565, 'RB': 13.113617029097561}, 'action_intervals': {'M': (-4.0, -3.875), 'R': (0.06946445557264042, 0.3194644555726404), 'F': (-0.031146640221129118, 0.21885335977887088), 'B': (-0.12498159667315849, 0.1250184033268415)}}"
B_ample_prepare_i2,3.95,safety_recheck,FM_predicted_gap
B_ample_prepare_i2,4.0,action_interval_infeasible,"{'one_step_feasible': 0, 'next_h_min': -0.9790535964266025, 'next_h': {'FM': -0.9790535964266025, 'MR': 7.036025933130205, 'RB': 13.083764767707489}, 'action_intervals': {'M': (-4.0, -3.875), 'R': (0.06868632181717685, 0.3186863218171768), 'F': (-0.03513540801173197, 0.21486459198826802), 'B': (-0.12262561993650074, 0.12737438006349924)}}"
B_ample_prepare_i2,4.0,safety_recheck,FM_predicted_gap
B_ample_prepare_i2,4.05,action_interval_infeasible,"{'one_step_feasible': 0, 'next_h_min': -0.8895412786934497, 'next_h': {'FM': -0.8895412786934497, 'MR': 7.022041964158166, 'RB': 13.054339180887379}, 'action_intervals': {'M': (-4.0, -3.875), 'R': (0.06763521830587763, 0.3176352183058776), 'F': (-0.03895465317123481, 0.2110453468287652), 'B': (-0.12033616413555871, 0.1296638358644413)}}"
B_ample_prepare_i2,4.05,safety_recheck,FM_predicted_gap
B_ample_prepare_i2,4.1000000000000005,action_interval_infeasible,"{'one_step_feasible': 0, 'next_h_min': -0.7898273667961394, 'next_h': {'FM': -0.7898273667961394, 'MR': 6.997608570803597, 'RB': 13.025332515352712}, 'action_intervals': {'M': (-4.0, -3.875), 'R': (0.06632998133143303, 0.31632998133143303), 'F': (-0.04261158041145628, 0.2073884195885437), 'B': (-0.11811630600609119, 0.1318836939939088)}}"
B_ample_prepare_i2,4.1000000000000005,safety_recheck,FM_predicted_gap
B_ample_prepare_i2,4.15,action_interval_infeasible,"{'one_step_feasible': 0, 'next_h_min': -0.67992042848659, 'next_h': {'FM': -0.67992042848659, 'MR': 6.962733711244684, 'RB': 12.99673667179698}, 'action_intervals': {'M': (-4.0, -3.875), 'R': (0.06478861755542012, 0.3147886175554201), 'F': (-0.046113088243970424, 0.20388691175602958), 'B': (-0.11596869383582199, 0.13403130616417802)}}"
B_ample_prepare_i2,4.15,safety_recheck,FM_predicted_gap
B_ample_prepare_i2,4.2,action_interval_infeasible,"{'one_step_feasible': 0, 'next_h_min': -0.5598286673873631, 'next_h': {'FM': -0.5598286673873631, 'MR': 6.917425582846178, 'RB': 12.968543245604373}, 'action_intervals': {'M': (-4.0, -3.875), 'R': (0.06302833277944628, 0.3130283327794463), 'F': (-0.04946578199360108, 0.20053421800639892), 'B': (-0.11389557684536779, 0.13610442315463223)}}"
B_ample_prepare_i2,4.2,safety_recheck,FM_predicted_gap
B_ample_prepare_i2,4.25,action_interval_infeasible,"{'one_step_feasible': 0, 'next_h_min': -0.4295599384670163, 'next_h': {'FM': -0.4295599384670163, 'MR': 6.861692595062552, 'RB': 12.9407435652332}, 'action_intervals': {'M': (-4.0, -3.875), 'R': (0.06106555985346859, 0.3110655598534686), 'F': (-0.05267598625887171, 0.1973240137411283), 'B': (-0.11189883312375132, 0.13810116687624868)}}"
B_ample_prepare_i2,4.25,safety_recheck,FM_predicted_gap
B_ample_prepare_i2,4.3,action_interval_infeasible,"{'one_step_feasible': 0, 'next_h_min': -0.28912176285792796, 'next_h': {'FM': -0.28912176285792796, 'MR': 6.795543343713396, 'RB': 12.913328728376996}, 'action_intervals': {'M': (-4.0, -3.875), 'R': (0.058915985747044736, 0.3089159857470447), 'F': (-0.05574975684286887, 0.19425024315713113), 'B': (-0.10997999614343623, 0.14002000385656377)}}"
B_ample_prepare_i2,4.3,safety_recheck,FM_predicted_gap
B_ample_prepare_i2,4.3500000000000005,action_interval_infeasible,"{'one_step_feasible': 0, 'next_h_min': -0.13852134204440458, 'next_h': {'FM': -0.13852134204440458, 'MR': 6.7189865865805265, 'RB': 12.886289636005436}, 'action_intervals': {'M': (-4.0, -3.875), 'R': (0.05659457780795804, 0.30659457780795807), 'F': (-0.05869289217704683, 0.19130710782295318), 'B': (-0.10814027988595046, 0.14185972011404954)}}"
B_ample_prepare_i2,4.3500000000000005,safety_recheck,FM_predicted_gap
B_ample_prepare_i2,4.7,merge_completed,
B_collaborative_none_i0,0.0,startup_physical_check,"{'in_start_zone': True, 'slot_ok': False, 'necessary_bound_ok': True, 'remaining_distance_m': 94.0, 'min_forward_distance_m': 54.349300000000085, 'interval_width_m': -1.424999999999983, 'current_speed_forecast_min_slot_width_m': -1.425000000000015, 'current_speed_forecast_min_front_margin_m': -6.824999999999998, 'current_speed_forecast_min_rear_margin_m': -5.1000000000000005, 'physical_ok': False}"
B_collaborative_none_i0,4.8500000000000005,missed_window,missed_window
B_collaborative_none_i1,0.0,startup_physical_check,"{'in_start_zone': True, 'slot_ok': False, 'necessary_bound_ok': True, 'remaining_distance_m': 97.0, 'min_forward_distance_m': 49.24930000000012, 'interval_width_m': -0.8999999999999915, 'current_speed_forecast_min_slot_width_m': -1.4999999999999947, 'current_speed_forecast_min_front_margin_m': 1.869999999999994, 'current_speed_forecast_min_rear_margin_m': -8.169999999999998, 'physical_ok': False}"
B_collaborative_none_i1,4.9,missed_window,missed_window
B_collaborative_none_i2,0.0,startup_physical_check,"{'in_start_zone': True, 'slot_ok': False, 'necessary_bound_ok': True, 'remaining_distance_m': 95.0, 'min_forward_distance_m': 54.349300000000056, 'interval_width_m': -4.214999999999989, 'current_speed_forecast_min_slot_width_m': -4.215, 'current_speed_forecast_min_front_margin_m': -7.324999999999998, 'current_speed_forecast_min_rear_margin_m': -7.39, 'physical_ok': False}"
B_collaborative_none_i2,5.0,missed_window,missed_window
B_collaborative_prepare_i0,0.0,startup_physical_check,"{'in_start_zone': True, 'slot_ok': False, 'necessary_bound_ok': True, 'remaining_distance_m': 94.0, 'min_forward_distance_m': 54.349300000000085, 'interval_width_m': -1.424999999999983, 'current_speed_forecast_min_slot_width_m': -1.425000000000015, 'current_speed_forecast_min_front_margin_m': -6.824999999999998, 'current_speed_forecast_min_rear_margin_m': -5.1000000000000005, 'physical_ok': False}"
B_collaborative_prepare_i0,4.9,missed_window,missed_window
B_collaborative_prepare_i1,0.0,startup_physical_check,"{'in_start_zone': True, 'slot_ok': False, 'necessary_bound_ok': True, 'remaining_distance_m': 97.0, 'min_forward_distance_m': 49.24930000000012, 'interval_width_m': -0.8999999999999915, 'current_speed_forecast_min_slot_width_m': -1.4999999999999947, 'current_speed_forecast_min_front_margin_m': 1.869999999999994, 'current_speed_forecast_min_rear_margin_m': -8.169999999999998, 'physical_ok': False}"
B_collaborative_prepare_i1,4.95,missed_window,missed_window
B_collaborative_prepare_i2,0.0,startup_physical_check,"{'in_start_zone': True, 'slot_ok': False, 'necessary_bound_ok': True, 'remaining_distance_m': 95.0, 'min_forward_distance_m': 54.349300000000056, 'interval_width_m': -4.214999999999989, 'current_speed_forecast_min_slot_width_m': -4.215, 'current_speed_forecast_min_front_margin_m': -7.324999999999998, 'current_speed_forecast_min_rear_margin_m': -7.39, 'physical_ok': False}"
B_collaborative_prepare_i2,5.05,missed_window,missed_window
B_short_window_none_i0,0.0,startup_physical_check,"{'in_start_zone': True, 'slot_ok': False, 'necessary_bound_ok': True, 'remaining_distance_m': 92.0, 'min_forward_distance_m': 52.84930000000017, 'interval_width_m': -9.424999999999983, 'current_speed_forecast_min_slot_width_m': -10.925, 'current_speed_forecast_min_front_margin_m': -11.149999999999999, 'current_speed_forecast_min_rear_margin_m': -7.2749999999999995, 'physical_ok': False}"
B_short_window_none_i0,3.05,merge_started,
B_short_window_none_i0,3.3000000000000003,action_interval_infeasible,"{'one_step_feasible': 0, 'next_h_min': -0.005266054949546451, 'next_h': {'FM': 1.0278337685871501, 'MR': -0.005266054949546451, 'RB': 6.832560713054455}, 'action_intervals': {'M': (-0.06963867506045762, 0.18036132493954238), 'R': (1.3308940613180573, 1.5808940613180573), 'F': (-0.125, 0.125), 'B': (-0.5392738334865249, -0.2892738334865249)}}"
B_short_window_none_i0,3.35,action_interval_infeasible,"{'one_step_feasible': 0, 'next_h_min': -0.029379036641979564, 'next_h': {'FM': 1.1865979824259336, 'MR': -0.029379036641979564, 'RB': 6.781357841156699}, 'action_intervals': {'M': (0.05536132493954238, 0.3053613249395424), 'R': (1.2058940613180573, 1.4558940613180573), 'F': (-0.125, 0.125), 'B': (-0.4697717306715601, -0.21977173067156008)}}"
B_short_window_none_i0,3.4000000000000004,action_interval_infeasible,"{'one_step_feasible': 0, 'next_h_min': -0.0532433501753436, 'next_h': {'FM': 1.342255042952359, 'MR': -0.0532433501753436, 'RB': 6.732750375574984}, 'action_intervals': {'M': (0.18036132493954238, 0.4303613249395424), 'R': (1.0808940613180573, 1.3308940613180573), 'F': (-0.125, 0.125), 'B': (-0.4094768996007184, -0.15947689960071842)}}"
B_short_window_none_i0,3.45,action_interval_infeasible,"{'one_step_feasible': 0, 'next_h_min': -0.07623399554966843, 'next_h': {'FM': 1.494492450166447, 'MR': -0.07623399554966843, 'RB': 6.686438095363401}, 'action_intervals': {'M': (0.3053613249395424, 0.5553613249395424), 'R': (0.9558940613180573, 1.2058940613180573), 'F': (-0.125, 0.125), 'B': (-0.3575157750004404, -0.1075157750004404)}}"
B_short_window_none_i0,3.5,action_interval_infeasible,"{'one_step_feasible': 0, 'next_h_min': -0.0977259727649376, 'next_h': {'FM': 1.6429977040681891, 'MR': -0.0977259727649376, 'RB': 6.642127659281822}, 'action_intervals': {'M': (0.4303613249395424, 0.6803613249395424), 'R': (0.8308940613180573, 1.0808940613180573), 'F': (-0.125, 0.125), 'B': (-0.3131376832322672, -0.06313768323226723)}}"
B_short_window_none_i0,3.5500000000000003,action_interval_infeasible,"{'one_step_feasible': 0, 'next_h_min': -0.11709428182116868, 'next_h': {'FM': 1.787458304657582, 'MR': -0.11709428182116868, 'RB': 6.599532740367096}, 'action_intervals': {'M': (0.5553613249395424, 0.8053613249395424), 'R': (0.7058940613180573, 0.9558940613180573), 'F': (-0.125, 0.125), 'B': (-0.27569847089224897, -0.025698470892248942)}}"
B_short_window_none_i0,3.6,action_interval_infeasible,"{'one_step_feasible': 0, 'next_h_min': -0.13371392271836052, 'next_h': {'FM': 1.9275617519346455, 'MR': -0.13371392271836052, 'RB': 6.558374183792077}, 'action_intervals': {'M': (0.6803613249395424, 0.9303613249395424), 'R': (0.5808940613180573, 0.8308940613180573), 'F': (-0.125, 0.125), 'B': (-0.24464704882851712, 0.005352951171482892)}}"
B_short_window_none_i0,3.6500000000000004,action_interval_infeasible,"{'one_step_feasible': 0, 'next_h_min': -0.1469598954564861, 'next_h': {'FM': 2.062995545899344, 'MR': -0.1469598954564861, 'RB': 6.518380193935773}, 'action_intervals': {'M': (0.8053613249395424, 1.0553613249395424), 'R': (0.4558940613180573, 0.7058940613180573), 'F': (-0.125, 0.125), 'B': (-0.21951422559435402, 0.030485774405645996)}}"
B_short_window_none_i0,3.7,action_interval_infeasible,"{'one_step_feasible': 0, 'next_h_min': -0.15623776192176952, 'next_h': {'FM': 2.19390561484484, 'MR': -0.15623776192176952, 'RB': 6.479286554001344}, 'action_intervals': {'M': (0.9303613249395424, 1.1803613249395424), 'R': (0.3308940613180573, 0.5808940613180573), 'F': (-0.125, 0.125), 'B': (-0.19990334567050605, 0.05009665432949395)}}"
B_short_window_none_i0,3.7,safety_recheck,MR_predicted_gap
B_short_window_none_i0,3.75,action_interval_infeasible,"{'one_step_feasible': 0, 'next_h_min': -0.1611541755668921, 'next_h': {'FM': 2.32259852774774, 'MR': -0.1611541755668921, 'RB': 6.44083687949386}, 'action_intervals': {'M': (1.0309118159721122, 1.2809118159721122), 'R': (0.20589406131805732, 0.4558940613180573), 'F': (-0.125, 0.125), 'B': (-0.18548235390515633, 0.06451764609484366)}}"
B_short_window_none_i0,3.75,safety_recheck,MR_predicted_gap
B_short_window_none_i0,3.8000000000000003,action_interval_infeasible,"{'one_step_feasible': 0, 'next_h_min': -0.1614704403190455, 'next_h': {'FM': 2.4489257796541954, 'MR': -0.1614704403190455, 'RB': 6.402782905248633}, 'action_intervals': {'M': (0.9950385627806413, 1.2450385627806413), 'R': (0.08089406131805732, 0.3308940613180573), 'F': (-0.125, 0.125), 'B': (-0.17597698797924927, 0.07402301202075073)}}"
B_short_window_none_i0,3.8000000000000003,safety_recheck,MR_predicted_gap
B_short_window_none_i0,3.85,action_interval_infeasible,"{'one_step_feasible': 0, 'next_h_min': -0.15693621150321044, 'next_h': {'FM': 2.573008754339312, 'MR': -0.15693621150321044, 'RB': 6.364884804374084}, 'action_intervals': {'M': (0.9718686742205995, 1.2218686742205995), 'R': (-0.04410593868194268, 0.20589406131805732), 'F': (-0.125, 0.125), 'B': (-0.17116486206098155, 0.07883513793901845)}}"
B_short_window_none_i0,3.85,safety_recheck,MR_predicted_gap
B_short_window_none_i0,3.9000000000000004,action_interval_infeasible,"{'one_step_feasible': 0, 'next_h_min': -0.14730738735361876, 'next_h': {'FM': 2.69494402231614, 'MR': -0.14730738735361876, 'RB': 6.326911536359674}, 'action_intervals': {'M': (0.94531430279488, 1.19531430279488), 'R': (-0.16910593868194268, 0.08089406131805732), 'F': (-0.125, 0.125), 'B': (-0.17087025204725018, 0.07912974795274982)}}"
B_short_window_none_i0,3.9000000000000004,safety_recheck,MR_predicted_gap
B_short_window_none_i0,3.95,action_interval_infeasible,"{'one_step_feasible': 0, 'next_h_min': -0.13234408631959152, 'next_h': {'FM': 2.8148351127671085, 'MR': -0.13234408631959152, 'RB': 6.28864122064308}, 'action_intervals': {'M': (0.9171500868641664, 1.1671500868641664), 'R': (-0.2941059386819427, -0.04410593868194268), 'F': (-0.125, 0.125), 'B': (-0.17495942947052717, 0.07504057052947281)}}"
B_short_window_none_i0,4.0,action_interval_infeasible,"{'one_step_feasible': 0, 'next_h_min': -0.11181077719883466, 'next_h': {'FM': 2.9327889886340985, 'MR': -0.11181077719883466, 'RB': 6.249861531092796}, 'action_intervals': {'M': (0.8872195433291501, 1.13721954332915), 'R': (-0.4191059386819427, -0.16910593868194268), 'F': (-0.125, 0.125), 'B': (-0.18333641991612193, 0.06666358008387806)}}"
B_short_window_none_i0,4.05,action_interval_infeasible,"{'one_step_feasible': 0, 'next_h_min': -0.08547617635683946, 'next_h': {'FM': 3.048916338087376, 'MR': -0.08547617635683946, 'RB': 6.210370106113939}, 'action_intervals': {'M': (0.855575048697333, 1.105575048697333), 'R': (-0.5441059386819427, -0.2941059386819427), 'F': (-0.125, 0.125), 'B': (-0.19593908462107013, 0.05406091537892989)}}"
B_short_window_none_i0,4.1000000000000005,action_interval_infeasible,"{'one_step_feasible': 0, 'next_h_min': -0.053113170023601636, 'next_h': {'FM': 3.1633314536558164, 'MR': -0.053113170023601636, 'RB': 6.169974968414013}, 'action_intervals': {'M': (0.8222464509358101, 1.07224645093581), 'R': (-0.6691059386819427, -0.4191059386819427), 'F': (-0.125, 0.125), 'B': (-0.21273544230584462, 0.03726455769415539)}}"
B_short_window_none_i0,4.15,action_interval_infeasible,"{'one_step_feasible': 0, 'next_h_min': -0.014498733828019469, 'next_h': {'FM': 3.2761521562527354, 'MR': -0.014498733828019469, 'RB': 6.128494947860368}, 'action_intervals': {'M': (0.787266064668868, 1.0372660646688678), 'R': (-0.7941059386819427, -0.5441059386819427), 'F': (-0.125, 0.125), 'B': (-0.23372016336633877, 0.016279836633661227)}}"
B_short_window_none_i0,5.45,merge_exit_before_completion,started_but_failed
B_short_window_none_i1,0.0,startup_physical_check,"{'in_start_zone': True, 'slot_ok': False, 'necessary_bound_ok': True, 'remaining_distance_m': 95.0, 'min_forward_distance_m': 47.74930000000005, 'interval_width_m': -8.899999999999991, 'current_speed_forecast_min_slot_width_m': -10.999999999999993, 'current_speed_forecast_min_front_margin_m': -2.4550000000000045, 'current_speed_forecast_min_rear_margin_m': -10.344999999999999, 'physical_ok': False}"
B_short_window_none_i1,5.5,missed_window,missed_window
B_short_window_none_i2,0.0,startup_physical_check,"{'in_start_zone': True, 'slot_ok': False, 'necessary_bound_ok': True, 'remaining_distance_m': 93.0, 'min_forward_distance_m': 52.84930000000011, 'interval_width_m': -12.21499999999999, 'current_speed_forecast_min_slot_width_m': -12.215, 'current_speed_forecast_min_front_margin_m': -11.649999999999999, 'current_speed_forecast_min_rear_margin_m': -9.564999999999998, 'physical_ok': False}"
B_short_window_none_i2,5.6000000000000005,missed_window,missed_window
B_short_window_prepare_i0,0.0,startup_physical_check,"{'in_start_zone': True, 'slot_ok': False, 'necessary_bound_ok': True, 'remaining_distance_m': 92.0, 'min_forward_distance_m': 52.84930000000017, 'interval_width_m': -9.424999999999983, 'current_speed_forecast_min_slot_width_m': -10.925, 'current_speed_forecast_min_front_margin_m': -11.149999999999999, 'current_speed_forecast_min_rear_margin_m': -7.2749999999999995, 'physical_ok': False}"
B_short_window_prepare_i0,3.2,merge_started,
B_short_window_prepare_i0,4.1000000000000005,action_interval_infeasible,"{'one_step_feasible': 0, 'next_h_min': -0.0023441343064699027, 'next_h': {'FM': 3.1845583943090436, 'MR': -0.0023441343064699027, 'RB': 5.838639430187993}, 'action_intervals': {'M': (1.4634573544822003, 1.7134573544822003), 'R': (2.375, 2.5), 'F': (-0.03473380541085405, 0.21526619458914595), 'B': (0.20981869998337932, 0.4598186999833793)}}"
B_short_window_prepare_i0,4.15,action_interval_infeasible,"{'one_step_feasible': 0, 'next_h_min': -0.07194106679412676, 'next_h': {'FM': 3.3113778073891607, 'MR': -0.07194106679412676, 'RB': 5.832869149491134}, 'action_intervals': {'M': (1.47129455823878, 1.72129455823878), 'R': (2.25, 2.5), 'F': (-0.03857011868089284, 0.21142988131910717), 'B': (0.26555953363218554, 0.5155595336321855)}}"
B_short_window_prepare_i0,4.2,action_interval_infeasible,"{'one_step_feasible': 0, 'next_h_min': -0.14082997986217033, 'next_h': {'FM': 3.4344365549634936, 'MR': -0.14082997986217033, 'RB': 5.830704666833709}, 'action_intervals': {'M': (1.4714537344127818, 1.7214537344127818), 'R': (2.125, 2.375), 'F': (-0.04224338863695483, 0.20775661136304518), 'B': (0.31342524344002076, 0.5634252434400208)}}"
B_short_window_prepare_i0,4.25,action_interval_infeasible,"{'one_step_feasible': 0, 'next_h_min': -0.20870493861668163, 'next_h': {'FM': 3.553772289920459, 'MR': -0.20870493861668163, 'RB': 5.831846809404264}, 'action_intervals': {'M': (1.469961801248541, 1.719961801248541), 'R': (2.0, 2.25), 'F': (-0.04576054461988335, 0.20423945538011665), 'B': (0.3543259822100489, 0.6043259822100489)}}"
B_short_window_prepare_i0,4.25,safety_recheck,MR_predicted_gap
B_short_window_prepare_i0,4.3,action_interval_infeasible,"{'one_step_feasible': 0, 'next_h_min': -0.27526555177237855, 'next_h': {'FM': 3.6694267973896992, 'MR': -0.27526555177237855, 'RB': 5.8359986059853615}, 'action_intervals': {'M': (1.4662016496043364, 1.7162016496043364), 'R': (1.875, 2.125), 'F': (-0.04912822147353779, 0.2008717785264622), 'B': (0.3890625057571394, 0.6390625057571394)}}"
B_short_window_prepare_i0,4.3,safety_recheck,MR_predicted_gap
B_short_window_prepare_i0,4.3500000000000005,action_interval_infeasible,"{'one_step_feasible': 0, 'next_h_min': -0.34021681451733127, 'next_h': {'FM': 3.7814471764137716, 'MR': -0.34021681451733127, 'RB': 5.84286513009282}, 'action_intervals': {'M': (1.460274829430667, 1.710274829430667), 'R': (1.75, 2.0), 'F': (-0.05235277206091364, 0.19764722793908635), 'B': (0.418339291093589, 0.668339291093589)}}"
B_short_window_prepare_i0,4.3500000000000005,safety_recheck,MR_predicted_gap
B_short_window_prepare_i0,4.4,action_interval_infeasible,"{'one_step_feasible': 0, 'next_h_min': -0.4032690373071949, 'next_h': {'FM': 3.8898856025241253, 'MR': -0.4032690373071949, 'RB': 5.852153391668592}, 'action_intervals': {'M': (1.452205499163195, 1.702205499163195), 'R': (1.625, 1.875), 'F': (-0.05544027924832361, 0.19455972075167638), 'B': (0.44277525087509784, 0.6927752508750978)}}"
B_short_window_prepare_i0,4.4,safety_recheck,MR_predicted_gap
B_short_window_prepare_i0,4.45,action_interval_infeasible,"{'one_step_feasible': 0, 'next_h_min': -0.46413776470073614, 'next_h': {'FM': 3.9947992442354137, 'MR': -0.46413776470073614, 'RB': 5.863572283442817}, 'action_intervals': {'M': (1.4420264648987864, 1.6920264648987864), 'R': (1.5, 1.75), 'F': (-0.05839656738027017, 0.19160343261972984), 'B': (0.46291255244744367, 0.7129125524474437)}}"
B_short_window_prepare_i0,4.45,safety_recheck,MR_predicted_gap
B_short_window_prepare_i0,4.5,action_interval_infeasible,"{'one_step_feasible': 0, 'next_h_min': -0.522543694668059, 'next_h': {'FM': 4.096250163415499, 'MR': -0.522543694668059, 'RB': 5.876832586083097}, 'action_intervals': {'M': (1.4297698521514035, 1.6797698521514035), 'R': (1.375, 1.625), 'F': (-0.06122721326660745, 0.18877278673339254), 'B': (0.47922393487037096, 0.729223934870371)}}"
B_short_window_prepare_i0,4.5,safety_recheck,MR_predicted_gap
B_short_window_prepare_i0,4.55,action_interval_infeasible,"{'one_step_feasible': 0, 'next_h_min': -0.5782125973066311, 'next_h': {'FM': 4.194305217940522, 'MR': -0.5782125973066311, 'RB': 5.891647034717342}, 'action_intervals': {'M': (1.4154680888644495, 1.6654680888644495), 'R': (1.25, 1.5), 'F': (-0.06393755670277734, 0.18606244329722266), 'B': (0.49211883069961704, 0.742118830699617)}}"
B_short_window_prepare_i0,4.55,safety_recheck,MR_predicted_gap
B_short_window_prepare_i0,4.6000000000000005,action_interval_infeasible,"{'one_step_feasible': 0, 'next_h_min': -0.6308752331425913, 'next_h': {'FM': 4.289035964670164, 'MR': -0.6308752331425913, 'RB': 5.9077304482232025}, 'action_intervals': {'M': (1.3991537741365256, 1.6491537741365256), 'R': (1.125, 1.375), 'F': (-0.06653271054290907, 0.18346728945709093), 'B': (0.5019485335950467, 0.7519485335950467)}}"
B_short_window_prepare_i0,4.6000000000000005,safety_recheck,MR_predicted_gap
B_short_window_prepare_i0,4.65,action_interval_infeasible,"{'one_step_feasible': 0, 'next_h_min': -0.6802672710582088, 'next_h': {'FM': 4.380518562980409, 'MR': -0.6802672710582088, 'RB': 5.924799921729015}, 'action_intervals': {'M': (1.38085966794617, 1.63085966794617), 'R': (1.0, 1.25), 'F': (-0.06901757034483397, 0.18098242965516603), 'B': (0.5090106026288578, 0.7590106026288578)}}"
B_short_window_prepare_i0,4.65,safety_recheck,MR_predicted_gap
B_short_window_prepare_i0,4.7,action_interval_infeasible,"{'one_step_feasible': 0, 'next_h_min': -0.7261292059004056, 'next_h': {'FM': 4.468833678852999, 'MR': -0.7261292059004056, 'RB': 5.942575082000446}, 'action_intervals': {'M': (1.3606186683233013, 1.6106186683233013), 'R': (0.875, 1.125), 'F': (-0.07139682360517946, 0.17860317639482054), 'B': (0.5135526556142049, 0.7635526556142049)}}"
B_short_window_prepare_i0,4.7,safety_recheck,MR_predicted_gap
B_short_window_prepare_i0,4.75,action_interval_infeasible,"{'one_step_feasible': 0, 'next_h_min': -0.7682062758223125, 'next_h': {'FM': 4.554066389545972, 'MR': -0.7682062758223125, 'RB': 5.9607784047412995}, 'action_intervals': {'M': (1.33846379040816, 1.58846379040816), 'R': (0.75, 1.0), 'F': (-0.07367495860195791, 0.1763250413980421), 'B': (0.5157756740323578, 0.7657756740323578)}}"
B_short_window_prepare_i0,4.75,safety_recheck,MR_predicted_gap
B_short_window_prepare_i0,4.800000000000001,action_interval_infeasible,"{'one_step_feasible': 0, 'next_h_min': -0.806248379408605, 'next_h': {'FM': 4.636306088866901, 'MR': -0.806248379408605, 'RB': 5.979135592276102}, 'action_intervals': {'M': (1.3144281458373261, 1.5644281458373261), 'R': (0.625, 0.875), 'F': (-0.0758562728613736, 0.17414372713862641), 'B': (0.5158369191253407, 0.7658369191253407)}}"
B_short_window_prepare_i0,4.800000000000001,safety_recheck,MR_predicted_gap
B_short_window_prepare_i0,4.8500000000000005,action_interval_infeasible,"{'one_step_feasible': 0, 'next_h_min': -0.8400099926347206, 'next_h': {'FM': 4.715646393070479, 'MR': -0.8400099926347206, 'RB': 5.997376009575857}, 'action_intervals': {'M': (1.2885449226260786, 1.5385449226260786), 'R': (0.5, 0.75), 'F': (-0.07794488126476526, 0.17205511873523474), 'B': (0.5138525408977498, 0.7638525408977498)}}"
B_short_window_prepare_i0,4.8500000000000005,safety_recheck,MR_predicted_gap
B_short_window_prepare_i0,4.9,action_interval_infeasible,"{'one_step_feasible': 0, 'next_h_min': -0.8692500857078367, 'next_h': {'FM': 4.792185047401302, 'MR': -0.8692500857078367, 'RB': 6.015233176111309}, 'action_intervals': {'M': (1.2608473655289107, 1.5108473655289107), 'R': (0.375, 0.625), 'F': (-0.07994472381101314, 0.17005527618898686), 'B': (0.5098999479810494, 0.7598999479810494)}}"
B_short_window_prepare_i0,4.9,safety_recheck,MR_predicted_gap
B_short_window_prepare_i0,4.95,action_interval_infeasible,"{'one_step_feasible': 0, 'next_h_min': -0.8937320398374744, 'next_h': {'FM': 4.8660238333027985, 'MR': -0.8937320398374744, 'RB': 6.032445310550556}, 'action_intervals': {'M': (1.231368756879783, 1.481368756879783), 'R': (0.25, 0.5), 'F': (-0.08185957304904398, 0.16814042695095602), 'B': (0.5040199956816659, 0.7540199956816659)}}"
B_short_window_prepare_i0,4.95,safety_recheck,MR_predicted_gap
B_short_window_prepare_i0,5.0,action_interval_infeasible,"{'one_step_feasible': 0, 'next_h_min': -0.9132235639815259, 'next_h': {'FM': 4.937268476312371, 'MR': -0.9132235639815259, 'RB': 6.048755924843589}, 'action_intervals': {'M': (1.2001423979113084, 1.4501423979113084), 'R': (0.125, 0.375), 'F': (-0.08369304119445839, 0.1663069588055416), 'B': (0.4962190413888009, 0.7462190413888009)}}"
B_short_window_prepare_i0,5.0,safety_recheck,MR_predicted_gap
B_short_window_prepare_i0,5.050000000000001,action_interval_infeasible,"{'one_step_feasible': 0, 'next_h_min': -0.9274966116127255, 'next_h': {'FM': 5.006028554662855, 'MR': -0.9274966116127255, 'RB': 6.063914463741202}, 'action_intervals': {'M': (1.1672015905516389, 1.4172015905516389), 'R': (0.0, 0.25), 'F': (-0.08544858694369424, 0.16455141305630577), 'B': (0.4864709103334688, 0.7364709103334688)}}"
B_short_window_prepare_i0,5.050000000000001,safety_recheck,MR_predicted_gap
B_short_window_prepare_i0,5.1000000000000005,action_interval_infeasible,"{'one_step_feasible': 0, 'next_h_min': -0.9363272975493828, 'next_h': {'FM': 5.072417408609976, 'MR': -0.9363272975493828, 'RB': 6.077676985269712}, 'action_intervals': {'M': (1.1325796196978906, 1.3825796196978906), 'R': (-0.125, 0.125), 'F': (-0.08712952199858766, 0.16287047800141236), 'B': (0.4747188100443863, 0.7247188100443863)}}"
B_short_window_prepare_i0,5.1000000000000005,safety_recheck,MR_predicted_gap
B_short_window_prepare_i0,5.15,action_interval_infeasible,"{'one_step_feasible': 0, 'next_h_min': -0.9394958148924468, 'next_h': {'FM': 5.136552050504105, 'MR': -0.9394958148924468, 'RB': 6.089806877118545}, 'action_intervals': {'M': (1.096309735964335, 1.346309735964335), 'R': (-0.25, 0.0), 'F': (-0.08873901731364633, 0.16126098268635367), 'B': (0.46087722838922396, 0.710877228389224)}}"
B_short_window_prepare_i0,5.15,safety_recheck,MR_predicted_gap
B_short_window_prepare_i0,5.2,action_interval_infeasible,"{'one_step_feasible': 0, 'next_h_min': -0.936786352110986, 'next_h': {'FM': 5.198553075625437, 'MR': -0.936786352110986, 'RB': 6.1000756032878956}, 'action_intervals': {'M': (1.0584251389031962, 1.3084251389031962), 'R': (-0.375, -0.125), 'F': (-0.09028010907781532, 0.1597198909221847), 'B': (0.4448338475200876, 0.6948338475200876)}}"
B_short_window_prepare_i0,5.2,safety_recheck,MR_predicted_gap
B_short_window_prepare_i0,5.25,action_interval_infeasible,"{'one_step_feasible': 0, 'next_h_min': -0.9279870103157867, 'next_h': {'FM': 5.25854457380041, 'MR': -0.9279870103157867, 'RB': 6.108263474688943}, 'action_intervals': {'M': (1.018958960695997, 1.268958960695997), 'R': (-0.5, -0.25), 'F': (-0.0917557044420084, 0.1582442955579916), 'B': (0.42645150408999377, 0.6764515040899938)}}"
B_short_window_prepare_i0,5.25,safety_recheck,MR_predicted_gap
B_short_window_prepare_i0,5.300000000000001,action_interval_infeasible,"{'one_step_feasible': 0, 'next_h_min': -0.9128897207600499, 'next_h': {'FM': 5.316654041816622, 'MR': -0.9128897207600499, 'RB': 6.114160436688825}, 'action_intervals': {'M': (0.9779442503127314, 1.2279442503127314), 'R': (-0.625, -0.375), 'F': (-0.09316858700322186, 0.15683141299677814), 'B': (0.40557022452138025, 0.6555702245213803)}}"
B_short_window_prepare_i0,5.300000000000001,safety_recheck,MR_predicted_gap
B_short_window_prepare_i0,5.3500000000000005,action_interval_infeasible,"{'one_step_feasible': 0, 'next_h_min': -0.8912901626053422, 'next_h': {'FM': 5.3730122966533065, 'MR': -0.8912901626053422, 'RB': 6.117566865854166}, 'action_intervals': {'M': (0.9354139581360266, 1.1854139581360266), 'R': (-0.75, -0.5), 'F': (-0.09452142205558563, 0.1554785779444144), 'B': (0.38200936264702834, 0.6320093626470283)}}"
B_short_window_prepare_i0,5.3500000000000005,safety_recheck,MR_predicted_gap
B_short_window_prepare_i0,5.4,action_interval_infeasible,"{'one_step_feasible': 0, 'next_h_min': -0.862987680989352, 'next_h': {'FM': 5.427753389543955, 'MR': -0.862987680989352, 'RB': 6.118294367379326}, 'action_intervals': {'M': (0.8914009210472202, 1.1414009210472202), 'R': (-0.875, -0.625), 'F': (-0.09581676161822354, 0.15418323838177644), 'B': (0.3555698654715541, 0.6055698654715541)}}"
B_short_window_prepare_i0,5.4,safety_recheck,MR_predicted_gap
B_short_window_prepare_i0,5.45,action_interval_infeasible,"{'one_step_feasible': 0, 'next_h_min': -0.8277852054310281, 'next_h': {'FM': 5.481014520886602, 'MR': -0.8277852054310281, 'RB': 6.116166563906488}, 'action_intervals': {'M': (0.8459378479710985, 1.0959378479710984), 'R': (-1.0, -0.75), 'F': (-0.09705704924945024, 0.15294295075054976), 'B': (0.3260366908841029, 0.5760366908841029)}}"
B_short_window_prepare_i0,5.45,safety_recheck,MR_predicted_gap
B_short_window_prepare_i0,5.5,action_interval_infeasible,"{'one_step_feasible': 0, 'next_h_min': -0.7854891686075962, 'next_h': {'FM': 5.532935956017094, 'MR': -0.7854891686075962, 'RB': 6.11101986567187}, 'action_intervals': {'M': (0.7990573058755501, 1.0490573058755501), 'R': (-1.125, -0.875), 'F': (-0.09824462465634891, 0.15175537534365108), 'B': (0.29318139865999593, 0.5431813986599959)}}"
B_short_window_prepare_i0,5.5,safety_recheck,MR_predicted_gap
B_short_window_prepare_i0,5.55,merge_exit_before_completion,started_but_failed
B_short_window_prepare_i0,5.550000000000001,action_interval_infeasible,"{'one_step_feasible': 0, 'next_h_min': -0.7360036525185994, 'next_h': {'FM': 5.585074346591031, 'MR': -0.7360036525185994, 'RB': 6.102704211177263}, 'action_intervals': {'M': (0.7507917062225118, 1.0007917062225118), 'R': (-1.25, -1.0), 'F': (-0.09938172810845422, 0.15061827189154578), 'B': (0.25676493279926677, 0.5067649327992667)}}"
B_short_window_prepare_i0,5.550000000000001,safety_recheck,MR_predicted_gap
B_short_window_prepare_i0,5.6000000000000005,action_interval_infeasible,"{'one_step_feasible': 0, 'next_h_min': -0.6792929995753749, 'next_h': {'FM': 5.637204664678294, 'MR': -0.6792929995753749, 'RB': 6.091083766917246}, 'action_intervals': {'M': (0.6257917062225118, 0.8757917062225118), 'R': (-1.375, -1.125), 'F': (-0.10047050466384491, 0.1495294953361551), 'B': (0.21654060895774796, 0.46654060895774796)}}"
B_short_window_prepare_i0,5.6000000000000005,safety_recheck,MR_predicted_gap
B_short_window_prepare_i0,5.65,action_interval_infeasible,"{'one_step_feasible': 0, 'next_h_min': -0.6151756402663426, 'next_h': {'FM': 5.687911729212233, 'MR': -0.6151756402663426, 'RB': 6.076037574131324}, 'action_intervals': {'M': (0.5293177771587576, 0.7793177771587576), 'R': (-1.5, -1.25), 'F': (-0.10151300821563022, 0.14848699178436978), 'B': (0.17225731525287458, 0.4222573152528746)}}"
B_short_window_prepare_i0,5.65,safety_recheck,MR_predicted_gap
B_short_window_prepare_i0,5.7,action_interval_infeasible,"{'one_step_feasible': 0, 'next_h_min': -0.5433600232225989, 'next_h': {'FM': 5.7372178610363065, 'MR': -0.5433600232225989, 'RB': 6.05746013013895}, 'action_intervals': {'M': (0.5210473154752258, 0.7710473154752258), 'R': (-1.625, -1.375), 'F': (-0.1025112053664646, 0.1474887946335354), 'B': (0.12366292793447822, 0.3736629279344782)}}"
B_short_window_prepare_i0,5.7,safety_recheck,MR_predicted_gap
B_short_window_prepare_i0,5.75,action_interval_infeasible,"{'one_step_feasible': 0, 'next_h_min': -0.463555120106399, 'next_h': {'FM': 5.785145700914624, 'MR': -0.463555120106399, 'RB': 6.035261891599997}, 'action_intervals': {'M': (0.5125588723055337, 0.7625588723055337), 'R': (-1.75, -1.5), 'F': (-0.10346697913838909, 0.1465330208616109), 'B': (0.07050793522084561, 0.32050793522084564)}}"
B_short_window_prepare_i0,5.75,safety_recheck,MR_predicted_gap
B_short_window_prepare_i0,5.800000000000001,action_interval_infeasible,"{'one_step_feasible': 0, 'next_h_min': -0.37547038220193335, 'next_h': {'FM': 5.831718167811451, 'MR': -0.37547038220193335, 'RB': 6.009369687073539}, 'action_intervals': {'M': (0.5038699856584223, 0.7538699856584223), 'R': (-1.875, -1.625), 'F': (-0.10438213252500876, 0.14561786747499122), 'B': (0.012549253009547762, 0.2625492530095478)}}"
B_short_window_prepare_i0,5.800000000000001,safety_recheck,MR_predicted_gap
B_short_window_prepare_i0,5.8500000000000005,action_interval_infeasible,"{'one_step_feasible': 0, 'next_h_min': -0.2788156979033328, 'next_h': {'FM': 5.8769584186170265, 'MR': -0.2788156979033328, 'RB': 5.97972702657095}, 'action_intervals': {'M': (0.49499784495632637, 0.7449978449563264), 'R': (-2.0, -1.75), 'F': (-0.1052583918926949, 0.1447416081073051), 'B': (-0.05044579472538145, 0.19955420527461853)}}"
B_short_window_prepare_i0,5.8500000000000005,safety_recheck,MR_predicted_gap
B_short_window_prepare_i0,5.9,action_interval_infeasible,"{'one_step_feasible': 0, 'next_h_min': -0.17330135114974055, 'next_h': {'FM': 5.920889809334281, 'MR': -0.17330135114974055, 'RB': 5.946294296459274}, 'action_intervals': {'M': (0.48595927035500697, 0.735959270355007), 'R': (-2.125, -1.875), 'F': (-0.10609741023725619, 0.1439025897627438), 'B': (-0.11869537003572657, 0.13130462996427344)}}"
B_short_window_prepare_i0,5.9,safety_recheck,MR_predicted_gap
B_short_window_prepare_i0,5.95,action_interval_infeasible,"{'one_step_feasible': 0, 'next_h_min': -0.058637980853103976, 'next_h': {'FM': 5.963535857736618, 'MR': -0.058637980853103976, 'RB': 5.909048829105559}, 'action_intervals': {'M': (0.4767706936486986, 0.7267706936486986), 'R': (-2.25, -2.0), 'F': (-0.10690077030217289, 0.14309922969782712), 'B': (-0.1923989415455234, 0.057601058454476606)}}"
B_short_window_prepare_i1,0.0,startup_physical_check,"{'in_start_zone': True, 'slot_ok': False, 'necessary_bound_ok': True, 'remaining_distance_m': 95.0, 'min_forward_distance_m': 47.74930000000005, 'interval_width_m': -8.899999999999991, 'current_speed_forecast_min_slot_width_m': -10.999999999999993, 'current_speed_forecast_min_front_margin_m': -2.4550000000000045, 'current_speed_forecast_min_rear_margin_m': -10.344999999999999, 'physical_ok': False}"
B_short_window_prepare_i1,5.6000000000000005,missed_window,missed_window
B_short_window_prepare_i2,0.0,startup_physical_check,"{'in_start_zone': True, 'slot_ok': False, 'necessary_bound_ok': True, 'remaining_distance_m': 93.0, 'min_forward_distance_m': 52.84930000000011, 'interval_width_m': -12.21499999999999, 'current_speed_forecast_min_slot_width_m': -12.215, 'current_speed_forecast_min_front_margin_m': -11.649999999999999, 'current_speed_forecast_min_rear_margin_m': -9.564999999999998, 'physical_ok': False}"
B_short_window_prepare_i2,3.25,merge_started,
B_short_window_prepare_i2,4.05,action_interval_infeasible,"{'one_step_feasible': 0, 'next_h_min': -0.03916661801191572, 'next_h': {'FM': 3.8481066879377055, 'MR': -0.03916661801191572, 'RB': 5.445902595727448}, 'action_intervals': {'M': (0.5620312143800872, 0.8120312143800872), 'R': (2.0950894456851494, 2.3450894456851494), 'F': (-0.03072721191734029, 0.2192727880826597), 'B': (-0.13347172068371016, 0.11652827931628985)}}"
B_short_window_prepare_i2,4.1000000000000005,action_interval_infeasible,"{'one_step_feasible': 0, 'next_h_min': -0.09988708942235297, 'next_h': {'FM': 4.052448330736832, 'MR': -0.09988708942235297, 'RB': 5.414337479298042}, 'action_intervals': {'M': (0.6870312143800872, 0.9370312143800872), 'R': (1.9700894456851494, 2.2200894456851494), 'F': (-0.03473380541085405, 0.21526619458914595), 'B': (-0.056468396117616934, 0.19353160388238305)}}"
B_short_window_prepare_i2,4.15,action_interval_infeasible,"{'one_step_feasible': 0, 'next_h_min': -0.16069020641108359, 'next_h': {'FM': 4.252315128615841, 'MR': -0.16069020641108359, 'RB': 5.386111109232807}, 'action_intervals': {'M': (0.8120312143800872, 1.0620312143800872), 'R': (1.8450894456851494, 2.0950894456851494), 'F': (-0.03857011868089284, 0.21142988131910717), 'B': (0.010599660835256125, 0.2605996608352561)}}"
B_short_window_prepare_i2,4.2,action_interval_infeasible,"{'one_step_feasible': 0, 'next_h_min': -0.22095096897806443, 'next_h': {'FM': 4.447385593542338, 'MR': -0.22095096897806443, 'RB': 5.360914453245021}, 'action_intervals': {'M': (0.9370312143800872, 1.1870312143800872), 'R': (1.7200894456851494, 1.9700894456851494), 'F': (-0.04224338863695483, 0.20775661136304518), 'B': (0.06879849272752722, 0.31879849272752725)}}"
B_short_window_prepare_i2,4.2,safety_recheck,MR_predicted_gap
B_short_window_prepare_i2,4.25,action_interval_infeasible,"{'one_step_feasible': 0, 'next_h_min': -0.28004437712331126, 'next_h': {'FM': 4.637338619475269, 'MR': -0.28004437712331126, 'RB': 5.338443301409769}, 'action_intervals': {'M': (1.0620312143800872, 1.3120312143800872), 'R': (1.5950894456851494, 1.8450894456851494), 'F': (-0.04576054461988335, 0.20423945538011665), 'B': (0.11905253565732729, 0.3690525356573273)}}"
B_short_window_prepare_i2,4.25,safety_recheck,MR_predicted_gap
B_short_window_prepare_i2,4.3,action_interval_infeasible,"{'one_step_feasible': 0, 'next_h_min': -0.3373454308467811, 'next_h': {'FM': 4.821853466130283, 'MR': -0.3373454308467811, 'RB': 5.318398262177997}, 'action_intervals': {'M': (1.1870312143800872, 1.4370312143800872), 'R': (1.4700894456851494, 1.7200894456851494), 'F': (-0.04912822147353779, 0.2008717785264622), 'B': (0.16216390219449617, 0.41216390219449617)}}"
B_short_window_prepare_i2,4.3,safety_recheck,MR_predicted_gap
B_short_window_prepare_i2,4.3500000000000005,action_interval_infeasible,"{'one_step_feasible': 0, 'next_h_min': -0.3922291301485191, 'next_h': {'FM': 5.000609743435237, 'MR': -0.3922291301485191, 'RB': 5.300484786889489}, 'action_intervals': {'M': (1.3120312143800872, 1.5620312143800872), 'R': (1.3450894456851494, 1.5950894456851494), 'F': (-0.05235277206091364, 0.19764722793908635), 'B': (0.19882796913952056, 0.44882796913952056)}}"
B_short_window_prepare_i2,4.3500000000000005,safety_recheck,MR_predicted_gap
B_short_window_prepare_i2,4.4,action_interval_infeasible,"{'one_step_feasible': 0, 'next_h_min': -0.44407047502853897, 'next_h': {'FM': 5.173287396645996, 'MR': -0.44407047502853897, 'RB': 5.2844132332109455}, 'action_intervals': {'M': (1.4370312143800872, 1.6870312143800872), 'R': (1.2200894456851494, 1.4700894456851494), 'F': (-0.05544027924832361, 0.19455972075167638), 'B': (0.22964608903796413, 0.47964608903796413)}}"
B_short_window_prepare_i2,4.4,safety_recheck,MR_predicted_gap
B_short_window_prepare_i2,4.45,action_interval_infeasible,"{'one_step_feasible': 0, 'next_h_min': -0.4922444654868253, 'next_h': {'FM': 5.339566692094982, 'MR': -0.4922444654868253, 'RB': 5.269898974521566}, 'action_intervals': {'M': (1.5620312143800872, 1.8120312143800872), 'R': (1.0950894456851494, 1.3450894456851494), 'F': (-0.05839656738027017, 0.19160343261972984), 'B': (0.25513605072556067, 0.5051360507255607)}}"
B_short_window_prepare_i2,4.45,safety_recheck,MR_predicted_gap
B_short_window_prepare_i2,4.5,action_interval_infeasible,"{'one_step_feasible': 0, 'next_h_min': -0.536126101523367, 'next_h': {'FM': 5.499128203545551, 'MR': -0.536126101523367, 'RB': 5.256662559670386}, 'action_intervals': {'M': (1.6870312143800872, 1.9370312143800872), 'R': (0.9700894456851494, 1.2200894456851494), 'F': (-0.06122721326660745, 0.18877278673339254), 'B': (0.2757407706316055, 0.5257407706316055)}}"
B_short_window_prepare_i2,4.5,safety_recheck,MR_predicted_gap
B_short_window_prepare_i2,4.55,action_interval_infeasible,"{'one_step_feasible': 0, 'next_h_min': -0.5752257423511435, 'next_h': {'FM': 5.653683187320566, 'MR': -0.5752257423511435, 'RB': 5.24442992551177}, 'action_intervals': {'M': (1.8120312143800872, 2.062031214380087), 'R': (0.8450894456851494, 1.0950894456851494), 'F': (-0.06393755670277734, 0.18606244329722266), 'B': (0.2918355892673245, 0.5418355892673246)}}"
B_short_window_prepare_i2,4.55,safety_recheck,MR_predicted_gap
B_short_window_prepare_i2,4.6000000000000005,action_interval_infeasible,"{'one_step_feasible': 0, 'next_h_min': -0.6092546621360266, 'next_h': {'FM': 5.804166847928121, 'MR': -0.6092546621360266, 'RB': 5.232932663020815}, 'action_intervals': {'M': (1.8287438440079853, 2.0787438440079855), 'R': (0.7200894456851494, 0.9700894456851494), 'F': (-0.06653271054290907, 0.18346728945709093), 'B': (0.3037344665214575, 0.5537344665214575)}}"
B_short_window_prepare_i2,4.6000000000000005,safety_recheck,MR_predicted_gap
B_short_window_prepare_i2,4.65,action_interval_infeasible,"{'one_step_feasible': 0, 'next_h_min': -0.6379852862681016, 'next_h': {'FM': 5.950596367396408, 'MR': -0.6379852862681016, 'RB': 5.2219083364820325}, 'action_intervals': {'M': (1.7930118816793061, 2.0430118816793064), 'R': (0.5950894456851494, 0.8450894456851494), 'F': (-0.06901757034483397, 0.18098242965516603), 'B': (0.31169530813445984, 0.5616953081344598)}}"
B_short_window_prepare_i2,4.65,safety_recheck,MR_predicted_gap
B_short_window_prepare_i2,4.7,action_interval_infeasible,"{'one_step_feasible': 0, 'next_h_min': -0.6611887399619337, 'next_h': {'FM': 6.093093009968743, 'MR': -0.6611887399619337, 'RB': 5.211100854141008}, 'action_intervals': {'M': (1.7608035319525968, 2.0108035319525968), 'R': (0.47008944568514943, 0.7200894456851494), 'F': (-0.07139682360517946, 0.17860317639482054), 'B': (0.31592460902589614, 0.5659246090258961)}}"
B_short_window_prepare_i2,4.7,safety_recheck,MR_predicted_gap
B_short_window_prepare_i2,4.75,action_interval_infeasible,"{'one_step_feasible': 0, 'next_h_min': -0.6786414904708221, 'next_h': {'FM': 6.231771496364058, 'MR': -0.6786414904708221, 'RB': 5.200260887749041}, 'action_intervals': {'M': (1.7261117099965662, 1.9761117099965662), 'R': (0.34508944568514943, 0.5950894456851494), 'F': (-0.07367495860195791, 0.1763250413980421), 'B': (0.3165815633656074, 0.5665815633656074)}}"
B_short_window_prepare_i2,4.75,safety_recheck,MR_predicted_gap
B_short_window_prepare_i2,4.800000000000001,action_interval_infeasible,"{'one_step_feasible': 0, 'next_h_min': -0.6901245194976656, 'next_h': {'FM': 6.366751845400337, 'MR': -0.6901245194976656, 'RB': 5.189146337563286}, 'action_intervals': {'M': (1.6896297293415783, 1.9396297293415783), 'R': (0.22008944568514943, 0.47008944568514943), 'F': (-0.0758562728613736, 0.17414372713862641), 'B': (0.3137817637253771, 0.563781763725377)}}"
B_short_window_prepare_i2,4.800000000000001,safety_recheck,MR_predicted_gap
B_short_window_prepare_i2,4.8500000000000005,action_interval_infeasible,"{'one_step_feasible': 0, 'next_h_min': -0.695423303575426, 'next_h': {'FM': 6.498157976147919, 'MR': -0.695423303575426, 'RB': 5.177522838557906}, 'action_intervals': {'M': (1.6513263476354751, 1.9013263476354751), 'R': (0.09508944568514943, 0.34508944568514943), 'F': (-0.07794488126476526, 0.17205511873523474), 'B': (0.30760059032200027, 0.5576005903220003)}}"
B_short_window_prepare_i2,4.8500000000000005,safety_recheck,MR_predicted_gap
B_short_window_prepare_i2,4.9,action_interval_infeasible,"{'one_step_feasible': 0, 'next_h_min': -0.694327707505157, 'next_h': {'FM': 6.62611774269607, 'MR': -0.694327707505157, 'RB': 5.165164302827633}, 'action_intervals': {'M': (1.6112485030097474, 1.8612485030097474), 'R': (-0.029910554314850568, 0.22008944568514943), 'F': (-0.07994472381101314, 0.17005527618898686), 'B': (0.2980763747499566, 0.5480763747499566)}}"
B_short_window_prepare_i2,4.9,safety_recheck,MR_predicted_gap
B_short_window_prepare_i2,4.95,action_interval_infeasible,"{'one_step_feasible': 0, 'next_h_min': -0.6866318876523984, 'next_h': {'FM': 6.750762815263201, 'MR': -0.6866318876523984, 'RB': 5.1518534924086925}, 'action_intervals': {'M': (1.569434506786441, 1.819434506786441), 'R': (-0.15491055431485057, 0.09508944568514943), 'F': (-0.08185957304904398, 0.16814042695095602), 'B': (0.2852134095364864, 0.5352134095364864)}}"
B_short_window_prepare_i2,4.95,safety_recheck,MR_predicted_gap
B_short_window_prepare_i2,5.0,action_interval_infeasible,"{'one_step_feasible': 0, 'next_h_min': -0.672134194680611, 'next_h': {'FM': 6.872228579166748, 'MR': -0.672134194680611, 'RB': 5.137382615993379}, 'action_intervals': {'M': (1.5259234105855728, 1.7759234105855728), 'R': (-0.27991055431485057, -0.029910554314850568), 'F': (-0.08369304119445839, 0.1663069588055416), 'B': (0.26898486442041836, 0.5189848644204184)}}"
B_short_window_prepare_i2,5.0,safety_recheck,MR_predicted_gap
B_short_window_prepare_i2,5.050000000000001,action_interval_infeasible,"{'one_step_feasible': 0, 'next_h_min': -0.650637076891587, 'next_h': {'FM': 6.990654033123488, 'MR': -0.650637076891587, 'RB': 5.121553942270514}, 'action_intervals': {'M': (1.4807539760257589, 1.7307539760257589), 'R': (-0.40491055431485057, -0.15491055431485057), 'F': (-0.08544858694369424, 0.16455141305630577), 'B': (0.24933566172749128, 0.4993356617274913)}}"
B_short_window_prepare_i2,5.050000000000001,safety_recheck,MR_predicted_gap
B_short_window_prepare_i2,5.1000000000000005,action_interval_infeasible,"{'one_step_feasible': 0, 'next_h_min': -0.6219469840883006, 'next_h': {'FM': 7.106181688898382, 'MR': -0.6219469840883006, 'RB': 5.104180421886374}, 'action_intervals': {'M': (1.4339647691213524, 1.6839647691213524), 'R': (-0.5299105543148506, -0.27991055431485057), 'F': (-0.08712952199858766, 0.16287047800141236), 'B': (0.22618535599123774, 0.47618535599123774)}}"
B_short_window_prepare_i2,5.1000000000000005,safety_recheck,MR_predicted_gap
B_short_window_prepare_i2,5.15,action_interval_infeasible,"{'one_step_feasible': 0, 'next_h_min': -0.585874272009457, 'next_h': {'FM': 7.218957472096567, 'MR': -0.585874272009457, 'RB': 5.085086309301199}, 'action_intervals': {'M': (1.3855941336489344, 1.6355941336489344), 'R': (-0.6549105543148506, -0.40491055431485057), 'F': (-0.08873901731364633, 0.16126098268635367), 'B': (0.19943105655086735, 0.44943105655086735)}}"
B_short_window_prepare_i2,5.15,safety_recheck,MR_predicted_gap
B_short_window_prepare_i2,5.2,action_interval_infeasible,"{'one_step_feasible': 0, 'next_h_min': -0.5422331073695166, 'next_h': {'FM': 7.32913062413393, 'MR': -0.5422331073695166, 'RB': 5.064107775126136}, 'action_intervals': {'M': (1.3356801781610925, 1.5856801781610925), 'R': (-0.7799105543148506, -0.5299105543148506), 'F': (-0.09028010907781532, 0.1597198909221847), 'B': (0.1689504258231715, 0.4189504258231715)}}"
B_short_window_prepare_i2,5.2,safety_recheck,MR_predicted_gap
B_short_window_prepare_i2,5.25,action_interval_infeasible,"{'one_step_feasible': 0, 'next_h_min': -0.4908413735381169, 'next_h': {'FM': 7.436853605394853, 'MR': -0.4908413735381169, 'RB': 5.041093498887374}, 'action_intervals': {'M': (1.2842607620815154, 1.5342607620815154), 'R': (-0.9049105543148506, -0.6549105543148506), 'F': (-0.0917557044420084, 0.1582442955579916), 'B': (0.13460477993336772, 0.3846047799333677)}}"
B_short_window_prepare_i2,5.25,safety_recheck,MR_predicted_gap
B_short_window_prepare_i2,5.300000000000001,action_interval_infeasible,"{'one_step_feasible': 0, 'next_h_min': -0.4315205768914608, 'next_h': {'FM': 7.5422819995877886, 'MR': -0.4315205768914608, 'RB': 5.015905231603728}, 'action_intervals': {'M': (1.2313734824507407, 1.4813734824507407), 'R': (-1.0299105543148506, -0.7799105543148506), 'F': (-0.09316858700322186, 0.15683141299677814), 'B': (0.09624231209512163, 0.34624231209512163)}}"
B_short_window_prepare_i2,5.300000000000001,safety_recheck,MR_predicted_gap
B_short_window_prepare_i2,5.3500000000000005,action_interval_infeasible,"{'one_step_feasible': 0, 'next_h_min': -0.3640957538667905, 'next_h': {'FM': 7.64557441930856, 'MR': -0.3640957538667905, 'RB': 4.988418317108932}, 'action_intervals': {'M': (1.1770556611473808, 1.4270556611473808), 'R': (-1.1549105543148506, -0.9049105543148506), 'F': (-0.09452142205558563, 0.1554785779444144), 'B': (0.05370145230271858, 0.3037014523027186)}}"
B_short_window_prepare_i2,5.3500000000000005,safety_recheck,MR_predicted_gap
B_short_window_prepare_i2,5.4,action_interval_infeasible,"{'one_step_feasible': 0, 'next_h_min': -0.28839537875068166, 'next_h': {'FM': 7.746892412821121, 'MR': -0.28839537875068166, 'RB': 4.958522160740679}, 'action_intervals': {'M': (1.1213443325975316, 1.3713443325975316), 'R': (-1.2799105543148506, -1.0299105543148506), 'F': (-0.09581676161822354, 0.15418323838177644), 'B': (0.006814369347867805, 0.25681436934786783)}}"
B_short_window_prepare_i2,5.4,safety_recheck,MR_predicted_gap
B_short_window_prepare_i2,5.45,action_interval_infeasible,"{'one_step_feasible': 0, 'next_h_min': -0.2042512722290887, 'next_h': {'FM': 7.846400372064173, 'MR': -0.2042512722290887, 'RB': 4.926120633885655}, 'action_intervals': {'M': (1.064276231965365, 1.314276231965365), 'R': (-1.4049105543148506, -1.1549105543148506), 'F': (-0.09705704924945024, 0.15294295075054976), 'B': (-0.04458938722202928, 0.20541061277797074)}}"
B_short_window_prepare_i2,5.45,safety_recheck,MR_predicted_gap
B_short_window_prepare_i2,5.5,action_interval_infeasible,"{'one_step_feasible': 0, 'next_h_min': -0.11149851072781276, 'next_h': {'FM': 7.944265441892062, 'MR': -0.11149851072781276, 'RB': 4.891132402958806}, 'action_intervals': {'M': (1.0058877838188856, 1.2558877838188856), 'R': (-1.5299105543148506, -1.2799105543148506), 'F': (-0.09824462465634891, 0.15175537534365108), 'B': (-0.10067911687215977, 0.14932088312784023)}}"
B_short_window_prepare_i2,5.550000000000001,action_interval_infeasible,"{'one_step_feasible': 0, 'next_h_min': -0.009975336569724214, 'next_h': {'FM': 8.040657430557946, 'MR': -0.009975336569724214, 'RB': 4.853491171740063}, 'action_intervals': {'M': (0.9462150912653009, 1.196215091265301), 'R': (-1.6549105543148506, -1.4049105543148506), 'F': (-0.09938172810845422, 0.15061827189154578), 'B': (-0.16161909136836253, 0.08838090863163747)}}"
B_short_window_prepare_i2,5.75,merge_exit_before_completion,started_but_failed
C_ample_none_i0,0.0,startup_physical_check,"{'in_start_zone': True, 'slot_ok': False, 'necessary_bound_ok': True, 'remaining_distance_m': 96.0, 'min_forward_distance_m': 55.849300000000085, 'interval_width_m': 7.400000000000006, 'current_speed_forecast_min_slot_width_m': 7.399999999999999, 'current_speed_forecast_min_front_margin_m': 1.0, 'current_speed_forecast_min_rear_margin_m': -4.1000000000000005, 'physical_ok': False}"
C_ample_none_i0,1.2500000000000002,merge_started,
C_ample_none_i0,4.25,merge_completed,
C_ample_none_i1,0.0,startup_physical_check,"{'in_start_zone': True, 'slot_ok': False, 'necessary_bound_ok': True, 'remaining_distance_m': 99.0, 'min_forward_distance_m': 50.74930000000009, 'interval_width_m': 7.924999999999997, 'current_speed_forecast_min_slot_width_m': 7.925000000000001, 'current_speed_forecast_min_front_margin_m': 9.694999999999993, 'current_speed_forecast_min_rear_margin_m': -7.169999999999999, 'physical_ok': False}"
C_ample_none_i1,4.65,missed_window,missed_window
C_ample_none_i2,0.0,startup_physical_check,"{'in_start_zone': True, 'slot_ok': False, 'necessary_bound_ok': True, 'remaining_distance_m': 97.0, 'min_forward_distance_m': 55.849300000000056, 'interval_width_m': 4.609999999999999, 'current_speed_forecast_min_slot_width_m': 4.609999999999999, 'current_speed_forecast_min_front_margin_m': 0.5, 'current_speed_forecast_min_rear_margin_m': -6.39, 'physical_ok': False}"
C_ample_none_i2,1.7000000000000002,merge_started,
C_ample_none_i2,3.1,action_interval_infeasible,"{'one_step_feasible': 0, 'next_h_min': -0.09624606963852425, 'next_h': {'FM': -0.09624606963852425, 'MR': 5.075015671301562, 'RB': 14.131160728111379}, 'action_intervals': {'M': (-1.9317468393464252, -1.6817468393464252), 'R': (-0.20166606176126878, 0.048333938238731236), 'F': (-0.15666504109172727, 0.09333495890827273), 'B': (0.012950964487371458, 0.26295096448737143)}}"
C_ample_none_i2,3.1500000000000004,action_interval_infeasible,"{'one_step_feasible': 0, 'next_h_min': -0.20762517100896374, 'next_h': {'FM': -0.20762517100896374, 'MR': 5.212484860737854, 'RB': 14.119200372419664}, 'action_intervals': {'M': (-2.056746839346425, -1.8067468393464252), 'R': (-0.20451354130268753, 0.045486458697312465), 'F': (-0.15531927684532826, 0.09468072315467176), 'B': (0.008443269269946901, 0.2584432692699469)}}"
C_ample_none_i2,3.1500000000000004,safety_recheck,FM_predicted_gap
C_ample_none_i2,3.2,action_interval_infeasible,"{'one_step_feasible': 0, 'next_h_min': -0.31158968979367646, 'next_h': {'FM': -0.31158968979367646, 'MR': 5.344904982634086, 'RB': 14.10679261264883}, 'action_intervals': {'M': (-2.181746839346425, -1.9317468393464252), 'R': (-0.20709955124788848, 0.04290044875211152), 'F': (-0.1540307075794022, 0.09596929242059779), 'B': (0.003969544709405581, 0.2539695447094056)}}"
C_ample_none_i2,3.2,safety_recheck,FM_predicted_gap
C_ample_none_i2,3.25,action_interval_infeasible,"{'one_step_feasible': 0, 'next_h_min': -0.40782410702585425, 'next_h': {'FM': -0.40782410702585425, 'MR': 5.471964898995756, 'RB': 14.093942251249873}, 'action_intervals': {'M': (-2.306746839346425, -2.056746839346425), 'R': (-0.2094355875230673, 0.04056441247693271), 'F': (-0.15279690250727854, 0.09720309749272146), 'B': (-0.0004671862844301128, 0.2495328137155699)}}"
C_ample_none_i2,3.25,safety_recheck,FM_predicted_gap
C_ample_none_i2,3.3000000000000003,action_interval_infeasible,"{'one_step_feasible': 0, 'next_h_min': -0.4960130320447882, 'next_h': {'FM': -0.4960130320447882, 'MR': 5.593353077189782, 'RB': 14.080654522828283}, 'action_intervals': {'M': (-2.431746839346425, -2.181746839346425), 'R': (-0.2115327925901107, 0.03846720740988929), 'F': (-0.15161553415071988, 0.09838446584928011), 'B': (-0.004864033286454697, 0.24513596671354532)}}"
C_ample_none_i2,3.3000000000000003,safety_recheck,FM_predicted_gap
C_ample_none_i2,3.35,action_interval_infeasible,"{'one_step_feasible': 0, 'next_h_min': -0.5758411970428375, 'next_h': {'FM': -0.5758411970428375, 'MR': 5.708757610598211, 'RB': 14.06693506314961}, 'action_intervals': {'M': (-2.556746839346425, -2.306746839346425), 'R': (-0.21340196321708077, 0.03659803678291923), 'F': (-0.15048437394931363, 0.09951562605068638), 'B': (-0.009218238028072381, 0.24078176197192763)}}"
C_ample_none_i2,3.35,safety_recheck,FM_predicted_gap
C_ample_none_i2,3.4000000000000004,action_interval_infeasible,"{'one_step_feasible': 0, 'next_h_min': -0.6469934518442648, 'next_h': {'FM': -0.6469934518442648, 'MR': 5.8178662385684214, 'RB': 14.052789879300995}, 'action_intervals': {'M': (-2.681746839346425, -2.431746839346425), 'R': (-0.21505355813638488, 0.03494644186361512), 'F': (-0.1494012880564691, 0.1005987119435309), 'B': (-0.013527174003492501, 0.23647282599650749)}}"
C_ample_none_i2,3.4000000000000004,safety_recheck,FM_predicted_gap
C_ample_none_i2,3.45,action_interval_infeasible,"{'one_step_feasible': 0, 'next_h_min': -0.7091547589056865, 'next_h': {'FM': -0.7091547589056865, 'MR': 5.920366365676515, 'RB': 14.038225320986724}, 'action_intervals': {'M': (-2.806746839346425, -2.556746839346425), 'R': (-0.21649770559244602, 0.03350229440755399), 'F': (-0.14836423331406987, 0.10163576668593013), 'B': (-0.017788345987715032, 0.23221165401228497)}}"
C_ample_none_i2,3.45,safety_recheck,FM_predicted_gap
C_ample_none_i2,3.5,action_interval_infeasible,"{'one_step_feasible': 0, 'next_h_min': -0.7620101885294341, 'next_h': {'FM': -0.7620101885294341, 'MR': 6.0159450803206225, 'RB': 14.02324805293581}, 'action_intervals': {'M': (-2.931746839346425, -2.681746839346425), 'R': (-0.21774421078028097, 0.03225578921971903), 'F': (-0.14737125339822194, 0.10262874660177808), 'B': (-0.021999389447316192, 0.2280006105526838)}}"
C_ample_none_i2,3.5,safety_recheck,FM_predicted_gap
C_ample_none_i2,3.5500000000000003,action_interval_infeasible,"{'one_step_feasible': 0, 'next_h_min': -0.8052449142798713, 'next_h': {'FM': -0.8052449142798713, 'MR': 6.104289172660334, 'RB': 14.007865028398596}, 'action_intervals': {'M': (-3.056746839346425, -2.806746839346425), 'R': (-0.2188025631766375, 0.031197436823362498), 'F': (-0.14642047512879638, 0.10357952487120362), 'B': (-0.02615806982870343, 0.22384193017129655)}}"
C_ample_none_i2,3.5500000000000003,safety_recheck,FM_predicted_gap
C_ample_none_i2,3.6,action_interval_infeasible,"{'one_step_feasible': 0, 'next_h_min': -0.8385442085949825, 'next_h': {'FM': -0.8385442085949825, 'MR': 6.185085151918386, 'RB': 13.992083463710294}, 'action_intervals': {'M': (-3.181746839346425, -2.931746839346425), 'R': (-0.2196819437647035, 0.0303180562352965), 'F': (-0.14551010493582392, 0.10448989506417608), 'B': (-0.030262281711774877, 0.21973771828822514)}}"
C_ample_none_i2,3.6,safety_recheck,FM_predicted_gap
C_ample_none_i2,3.6500000000000004,action_interval_infeasible,"{'one_step_feasible': 0, 'next_h_min': -0.8615934385840369, 'next_h': {'FM': -0.8615934385840369, 'MR': 6.2580192630605245, 'RB': 13.975910813897936}, 'action_intervals': {'M': (-3.306746839346425, -3.056746839346425), 'R': (-0.22039123215394468, 0.029608767846055317), 'F': (-0.14463842547605205, 0.10536157452394797), 'B': (-0.03431004781983625, 0.21568995218016374)}}"
C_ample_none_i2,3.6500000000000004,safety_recheck,FM_predicted_gap
C_ample_none_i2,3.7,action_interval_infeasible,"{'one_step_feasible': 0, 'next_h_min': -0.8740780620042131, 'next_h': {'FM': -0.8740780620042131, 'MR': 6.3227775028688855, 'RB': 13.95935474930803}, 'action_intervals': {'M': (-3.431746839346425, -3.181746839346425), 'R': (-0.22093901359568108, 0.029060986404318923), 'F': (-0.1438037923933207, 0.10619620760667932), 'B': (-0.038299517879348585, 0.2117004821206514)}}"
C_ample_none_i2,3.7,safety_recheck,FM_predicted_gap
C_ample_none_i2,3.75,action_interval_infeasible,"{'one_step_feasible': 0, 'next_h_min': -0.8756836234080707, 'next_h': {'FM': -0.8756836234080707, 'MR': 6.379045635424829, 'RB': 13.942423133231145}, 'action_intervals': {'M': (-3.556746839346425, -3.306746839346425), 'R': (-0.22133358589586394, 0.028666414104136062), 'F': (-0.14300463121660484, 0.10699536878339515), 'B': (-0.04222896732543377, 0.20777103267456623)}}"
C_ample_none_i2,3.75,safety_recheck,FM_predicted_gap
C_ample_none_i2,3.8000000000000003,action_interval_infeasible,"{'one_step_feasible': 0, 'next_h_min': -0.8660957504545767, 'next_h': {'FM': -0.8660957504545767, 'MR': 6.426509207015507, 'RB': 13.925124000500405}, 'action_intervals': {'M': (-3.681746839346425, -3.431746839346425), 'R': (-0.22158296622546772, 0.02841703377453228), 'F': (-0.1422394343898988, 0.1077605656101012), 'B': (-0.04609679585126039, 0.2039032041487396)}}"
C_ample_none_i2,3.8000000000000003,safety_recheck,FM_predicted_gap
C_ample_none_i2,3.85,action_interval_infeasible,"{'one_step_feasible': 0, 'next_h_min': -0.8450001503772299, 'next_h': {'FM': -0.8450001503772299, 'MR': 6.4648535604800355, 'RB': 13.907465537039995}, 'action_intervals': {'M': (-3.806746839346425, -3.556746839346425), 'R': (-0.2216948978296915, 0.028305102170308488), 'F': (-0.14150675842832836, 0.10849324157167164), 'B': (-0.04990152580131088, 0.20009847419868912)}}"
C_ample_none_i2,3.85,safety_recheck,FM_predicted_gap
C_ample_none_i2,3.9000000000000004,action_interval_infeasible,"{'one_step_feasible': 0, 'next_h_min': -0.8120826066021697, 'next_h': {'FM': -0.8120826066021697, 'MR': 6.493763849008981, 'RB': 13.889456060340361}, 'action_intervals': {'M': (-3.931746839346425, -3.681746839346425), 'R': (-0.22167685663642617, 0.028323143363573847), 'F': (-0.14080522119512473, 0.10919477880487527), 'B': (-0.05364180041028001, 0.19635819958972)}}"
C_ample_none_i2,3.9000000000000004,safety_recheck,FM_predicted_gap
C_ample_none_i2,3.95,action_interval_infeasible,"{'one_step_feasible': 0, 'next_h_min': -0.7680929787475642, 'next_h': {'FM': -0.7680929787475642, 'MR': 6.512995982961322, 'RB': 13.871104000836171}, 'action_intervals': {'M': (-4.0, -3.806746839346425), 'R': (-0.22153605776500795, 0.028463942234992032), 'F': (-0.1401334992943326, 0.10986650070566739), 'B': (-0.05731638189077706, 0.19268361810922294)}}"
C_ample_none_i2,3.95,safety_recheck,FM_predicted_gap
C_ample_none_i2,4.0,action_interval_infeasible,"{'one_step_feasible': 0, 'next_h_min': -0.7141388069083341, 'next_h': {'FM': -0.7141388069083341, 'MR': 6.522461959065586, 'RB': 13.852417884163327}, 'action_intervals': {'M': (-4.0, -3.875), 'R': (-0.22127946193547787, 0.02872053806452214), 'F': (-0.13949032557432392, 0.11050967442567608), 'B': (-0.060924149374392944, 0.18907585062560706)}}"
C_ample_none_i2,4.0,safety_recheck,FM_predicted_gap
C_ample_none_i2,4.05,action_interval_infeasible,"{'one_step_feasible': 0, 'next_h_min': -0.6502185842038699, 'next_h': {'FM': -0.6502185842038699, 'MR': 6.5221589391168955, 'RB': 13.833406314271738}, 'action_intervals': {'M': (-4.0, -3.875), 'R': (-0.22091378177925308, 0.02908621822074693), 'F': (-0.13887448673741556, 0.11112551326258444), 'B': (-0.06446409671176202, 0.185535903288238)}}"
C_ample_none_i2,4.05,safety_recheck,FM_predicted_gap
C_ample_none_i2,4.1000000000000005,action_interval_infeasible,"{'one_step_feasible': 0, 'next_h_min': -0.5763308677958761, 'next_h': {'FM': -0.5763308677958761, 'MR': 6.512083945282616, 'RB': 13.814077957369621}, 'action_intervals': {'M': (-4.0, -3.875), 'R': (-0.22044548805174413, 0.029554511948255854), 'F': (-0.13828482105107637, 0.11171517894892365), 'B': (-0.0679353301381912, 0.1820646698618088)}}"
C_ample_none_i2,4.1000000000000005,safety_recheck,FM_predicted_gap
C_ample_none_i2,4.15,action_interval_infeasible,"{'one_step_feasible': 0, 'next_h_min': -0.4924742761668099, 'next_h': {'FM': -0.4924742761668099, 'MR': 6.49223387138214, 'RB': 13.794441526676387}, 'action_intervals': {'M': (-4.0, -3.875), 'R': (-0.2198808157471555, 0.03011918425284449), 'F': (-0.13772021615640515, 0.11227978384359485), 'B': (-0.0713370658123133, 0.1786629341876867)}}"
C_ample_none_i2,4.15,safety_recheck,FM_predicted_gap
C_ample_none_i2,4.2,action_interval_infeasible,"{'one_step_feasible': 0, 'next_h_min': -0.3986474865135493, 'next_h': {'FM': -0.3986474865135493, 'MR': 6.46260549370332, 'RB': 13.774505767960239}, 'action_intervals': {'M': (-4.0, -3.875), 'R': (-0.21922577011644123, 0.030774229883558768), 'F': (-0.13717960696975773, 0.11282039303024227), 'B': (-0.07466862723578878, 0.17533137276421124)}}"
C_ample_none_i2,4.2,safety_recheck,FM_predicted_gap
C_ample_none_i2,4.25,action_interval_infeasible,"{'one_step_feasible': 0, 'next_h_min': -0.29484923225208265, 'next_h': {'FM': -0.29484923225208265, 'MR': 6.423195481368575, 'RB': 13.75427944583737}, 'action_intervals': {'M': (-4.0, -3.875), 'R': (-0.21848613258841781, 0.0315138674115822), 'F': (-0.13666197367354266, 0.11333802632645736), 'B': (-0.07792944256269328, 0.1720705574373067)}}"
C_ample_none_i2,4.25,safety_recheck,FM_predicted_gap
C_ample_none_i2,4.3,action_interval_infeasible,"{'one_step_feasible': 0, 'next_h_min': -0.1810783006283368, 'next_h': {'FM': -0.1810783006283368, 'MR': 6.374000406263538, 'RB': 13.733771330809525}, 'action_intervals': {'M': (-4.0, -3.875), 'R': (-0.21766746659484099, 0.032332533405159014), 'F': (-0.13616633979241718, 0.11383366020758282), 'B': (-0.08111904180758822, 0.16888095819241178)}}"
C_ample_none_i2,4.3,safety_recheck,FM_predicted_gap
C_ample_none_i2,4.3500000000000005,action_interval_infeasible,"{'one_step_feasible': 0, 'next_h_min': -0.05733353043016036, 'next_h': {'FM': -0.05733353043016036, 'MR': 6.315016752540496, 'RB': 13.712990187017164}, 'action_intervals': {'M': (-4.0, -3.875), 'R': (-0.21677512329975798, 0.03322487670024202), 'F': (-0.13569177035123853, 0.11430822964876146), 'B': (-0.08423705396160051, 0.16576294603839947)}}"
C_ample_none_i2,4.7,merge_exit_before_completion,started_but_failed
C_ample_prepare_i0,0.0,startup_physical_check,"{'in_start_zone': True, 'slot_ok': False, 'necessary_bound_ok': True, 'remaining_distance_m': 96.0, 'min_forward_distance_m': 55.849300000000085, 'interval_width_m': 7.400000000000006, 'current_speed_forecast_min_slot_width_m': 7.399999999999999, 'current_speed_forecast_min_front_margin_m': 1.0, 'current_speed_forecast_min_rear_margin_m': -4.1000000000000005, 'physical_ok': False}"
C_ample_prepare_i0,1.2500000000000002,merge_started,
C_ample_prepare_i0,3.6,action_interval_infeasible,"{'one_step_feasible': 0, 'next_h_min': -0.020151898204218296, 'next_h': {'FM': -0.020151898204218296, 'MR': 8.242107816780033, 'RB': 12.475655370505809}, 'action_intervals': {'M': (-1.9424788069426704, -1.6924788069426704), 'R': (0.08239291920477215, 0.33239291920477215), 'F': (0.0021974326760942076, 0.2521974326760942), 'B': (-0.23112607284977246, 0.018873927150227537)}}"
C_ample_prepare_i0,3.6500000000000004,action_interval_infeasible,"{'one_step_feasible': 0, 'next_h_min': -0.047960851718114476, 'next_h': {'FM': -0.047960851718114476, 'MR': 8.32030350700029, 'RB': 12.437725436980438}, 'action_intervals': {'M': (-2.0674788069426704, -1.8174788069426704), 'R': (0.08648619676270569, 0.3364861967627057), 'F': (-0.0032084582126399724, 0.24679154178736), 'B': (-0.22528437045352956, 0.024715629546470455)}}"
C_ample_prepare_i0,3.7,action_interval_infeasible,"{'one_step_feasible': 0, 'next_h_min': -0.06797201490467068, 'next_h': {'FM': -0.06797201490467068, 'MR': 8.39258072790854, 'RB': 12.400466721009092}, 'action_intervals': {'M': (-2.1924788069426704, -1.9424788069426704), 'R': (0.09001107632046695, 0.34001107632046695), 'F': (-0.008384598738603977, 0.24161540126139602), 'B': (-0.21952285239439537, 0.030477147605604632)}}"
C_ample_prepare_i0,3.75,action_interval_infeasible,"{'one_step_feasible': 0, 'next_h_min': -0.07988501485463168, 'next_h': {'FM': -0.07988501485463168, 'MR': 8.45862907100089, 'RB': 12.363873705968608}, 'action_intervals': {'M': (-2.3174788069426704, -2.0674788069426704), 'R': (0.09299745519253177, 0.3429974551925318), 'F': (-0.013340753292214028, 0.236659246707786), 'B': (-0.21385083952186235, 0.036149160478137654)}}"
C_ample_prepare_i0,3.8000000000000003,action_interval_infeasible,"{'one_step_feasible': 0, 'next_h_min': -0.08339896325726649, 'next_h': {'FM': -0.08339896325726649, 'MR': 8.51813888314119, 'RB': 12.327940019297325}, 'action_intervals': {'M': (-2.4424788069426704, -2.1924788069426704), 'R': (0.09547410375735083, 0.3454741037573508), 'F': (-0.01808627127729441, 0.2319137287227056), 'B': (-0.20827667330175378, 0.041723326698246216)}}"
C_ample_prepare_i0,3.85,action_interval_infeasible,"{'one_step_feasible': 0, 'next_h_min': -0.07821247830507125, 'next_h': {'FM': -0.07821247830507125, 'MR': 8.570801217227281, 'RB': 12.292658502785303}, 'action_intervals': {'M': (-2.5674788069426704, -2.3174788069426704), 'R': (0.09746869977375211, 0.3474686997737521), 'F': (-0.022630104748010457, 0.22736989525198953), 'B': (-0.20280777631815622, 0.04719222368184378)}}"
C_ample_prepare_i0,3.9000000000000004,action_interval_infeasible,"{'one_step_feasible': 0, 'next_h_min': -0.06402370566744553, 'next_h': {'FM': -0.06402370566744553, 'MR': 8.616307784896392, 'RB': 12.258021279154134}, 'action_intervals': {'M': (-2.6924788069426704, -2.4424788069426704), 'R': (0.0990078617670268, 0.3490078617670268), 'F': (-0.026980825296219105, 0.2230191747037809), 'B': (-0.19745071053175373, 0.05254928946824629)}}"
C_ample_prepare_i0,3.95,action_interval_infeasible,"{'one_step_feasible': 0, 'next_h_min': -0.04053033857274528, 'next_h': {'FM': -0.04053033857274528, 'MR': 8.654350911204393, 'RB': 12.224019815102652}, 'action_intervals': {'M': (-2.8174788069426704, -2.5674788069426704), 'R': (0.10011718151285479, 0.35011718151285476), 'F': (-0.031146640221129118, 0.21885335977887088), 'B': (-0.19221123322169575, 0.05778876677830426)}}"
C_ample_prepare_i0,4.0,action_interval_infeasible,"{'one_step_feasible': 0, 'next_h_min': -0.007429637037130142, 'next_h': {'FM': -0.007429637037130142, 'MR': 8.684623491216485, 'RB': 12.190644980985248}, 'action_intervals': {'M': (-2.9424788069426704, -2.6924788069426704), 'R': (0.10082125564532249, 0.3508212556453225), 'F': (-0.03513540801173197, 0.21486459198826802), 'B': (-0.1870943505656639, 0.0629056494343361)}}"
C_ample_prepare_i0,4.25,merge_completed,
C_ample_prepare_i1,0.0,startup_physical_check,"{'in_start_zone': True, 'slot_ok': False, 'necessary_bound_ok': True, 'remaining_distance_m': 99.0, 'min_forward_distance_m': 50.74930000000009, 'interval_width_m': 7.924999999999997, 'current_speed_forecast_min_slot_width_m': 7.925000000000001, 'current_speed_forecast_min_front_margin_m': 9.694999999999993, 'current_speed_forecast_min_rear_margin_m': -7.169999999999999, 'physical_ok': False}"
C_ample_prepare_i1,4.7,missed_window,missed_window
C_ample_prepare_i2,0.0,startup_physical_check,"{'in_start_zone': True, 'slot_ok': False, 'necessary_bound_ok': True, 'remaining_distance_m': 97.0, 'min_forward_distance_m': 55.849300000000056, 'interval_width_m': 4.609999999999999, 'current_speed_forecast_min_slot_width_m': 4.609999999999999, 'current_speed_forecast_min_front_margin_m': 0.5, 'current_speed_forecast_min_rear_margin_m': -6.39, 'physical_ok': False}"
C_ample_prepare_i2,1.7000000000000002,merge_started,
C_ample_prepare_i2,2.85,action_interval_infeasible,"{'one_step_feasible': 0, 'next_h_min': -0.007483720420592838, 'next_h': {'FM': -0.007483720420592838, 'MR': 4.741722234525717, 'RB': 13.864176927807286}, 'action_intervals': {'M': (-1.6281761280668037, -1.3781761280668037), 'R': (-0.5956966386361484, -0.34569663863614836), 'F': (0.4675504218262828, 0.7175504218262828), 'B': (-0.10475552880026251, 0.1452444711997375)}}"
C_ample_prepare_i2,2.9000000000000004,action_interval_infeasible,"{'one_step_feasible': 0, 'next_h_min': -0.16357187671134985, 'next_h': {'FM': -0.16357187671134985, 'MR': 4.919795129208074, 'RB': 13.830056532478343}, 'action_intervals': {'M': (-1.7531761280668037, -1.5031761280668037), 'R': (-0.5517826128443668, -0.30178261284436686), 'F': (0.5925504218262828, 0.8425504218262828), 'B': (-0.11427816152355638, 0.13572183847644362)}}"
C_ample_prepare_i2,2.9000000000000004,safety_recheck,FM_predicted_gap
C_ample_prepare_i2,2.95,action_interval_infeasible,"{'one_step_feasible': 0, 'next_h_min': -0.31067071662740064, 'next_h': {'FM': -0.31067071662740064, 'MR': 5.093255199465189, 'RB': 13.795199944345033}, 'action_intervals': {'M': (-1.8781761280668037, -1.6281761280668037), 'R': (-0.502600119289859, -0.25260011928985904), 'F': (0.7175504218262828, 0.9675504218262828), 'B': (-0.12295996614033572, 0.12704003385966428)}}"
C_ample_prepare_i2,2.95,safety_recheck,FM_predicted_gap
C_ample_prepare_i2,3.0,action_interval_infeasible,"{'one_step_feasible': 0, 'next_h_min': -0.4481552401687047, 'next_h': {'FM': -0.4481552401687047, 'MR': 5.261562059961594, 'RB': 13.759748759230515}, 'action_intervals': {'M': (-2.0031761280668037, -1.7531761280668037), 'R': (-0.4483262844464005, -0.1983262844464005), 'F': (0.8425504218262828, 1.092550421826283), 'B': (-0.13069678133808021, 0.11930321866191979)}}"
C_ample_prepare_i2,3.0,safety_recheck,FM_predicted_gap
C_ample_prepare_i2,3.0500000000000003,action_interval_infeasible,"{'one_step_feasible': 0, 'next_h_min': -0.5754175578276433, 'next_h': {'FM': -0.5754175578276433, 'MR': 5.424166233949445, 'RB': 13.723852297706932}, 'action_intervals': {'M': (-2.1281761280668037, -1.8781761280668037), 'R': (-0.3891350763590512, -0.1391350763590512), 'F': (0.9675504218262829, 1.217550421826283), 'B': (-0.1373894622149654, 0.11261053778503459)}}"
C_ample_prepare_i2,3.0500000000000003,safety_recheck,FM_predicted_gap
C_ample_prepare_i2,3.1,action_interval_infeasible,"{'one_step_feasible': 0, 'next_h_min': -0.6920699852668806, 'next_h': {'FM': -0.6920699852668806, 'MR': 5.5805224937940485, 'RB': 13.687666218224834}, 'action_intervals': {'M': (-2.2531761280668037, -2.0031761280668037), 'R': (-0.3251972694636024, -0.07519726946360236), 'F': (1.0788620279120238, 1.3288620279120238), 'B': (-0.14294494849274528, 0.10705505150725471)}}"
C_ample_prepare_i2,3.1,safety_recheck,FM_predicted_gap
C_ample_prepare_i2,3.1500000000000004,action_interval_infeasible,"{'one_step_feasible': 0, 'next_h_min': -0.7979252147321582, 'next_h': {'FM': -0.7979252147321582, 'MR': 5.730232597808221, 'RB': 13.651341165910313}, 'action_intervals': {'M': (-2.3781761280668037, -2.1281761280668037), 'R': (-0.25737236297109145, -0.007372362971091478), 'F': (1.0276978917257629, 1.2776978917257629), 'B': (-0.14727730640088926, 0.10272269359911074)}}"
C_ample_prepare_i2,3.1500000000000004,safety_recheck,FM_predicted_gap
C_ample_prepare_i2,3.2,action_interval_infeasible,"{'one_step_feasible': 0, 'next_h_min': -0.892888233298925, 'next_h': {'FM': -0.892888233298925, 'MR': 5.872905636405289, 'RB': 13.615015350459734}, 'action_intervals': {'M': (-2.5031761280668037, -2.2531761280668037), 'R': (-0.19401788735887165, 0.055982112641128345), 'F': (0.9787082313274165, 1.2287082313274165), 'B': (-0.15032113117390225, 0.09967886882609775)}}"
C_ample_prepare_i2,3.2,safety_recheck,FM_predicted_gap
C_ample_prepare_i2,3.25,action_interval_infeasible,"{'one_step_feasible': 0, 'next_h_min': -0.976959040967205, 'next_h': {'FM': -0.976959040967205, 'MR': 6.00823168137617, 'RB': 13.578810359768127}, 'action_intervals': {'M': (-2.6281761280668037, -2.3781761280668037), 'R': (-0.13492883054181945, 0.11507116945818055), 'F': (0.8537082313274165, 1.1037082313274165), 'B': (-0.1521673942874685, 0.09783260571253148)}}"
C_ample_prepare_i2,3.25,safety_recheck,FM_predicted_gap
C_ample_prepare_i2,3.3000000000000003,action_interval_infeasible,"{'one_step_feasible': 0, 'next_h_min': -1.0501376377370026, 'next_h': {'FM': -1.0501376377370026, 'MR': 6.135917043222763, 'RB': 13.542828288315135}, 'action_intervals': {'M': (-2.7531761280668037, -2.5031761280668037), 'R': (-0.08385547681631678, 0.16614452318368322), 'F': (0.7287082313274165, 0.9787082313274165), 'B': (-0.1529080160172639, 0.0970919839827361)}}"
C_ample_prepare_i2,3.3000000000000003,safety_recheck,FM_predicted_gap
C_ample_prepare_i2,3.35,action_interval_infeasible,"{'one_step_feasible': 0, 'next_h_min': -1.1124240236083411, 'next_h': {'FM': -1.1124240236083411, 'MR': 6.255683791212068, 'RB': 13.50715259220502}, 'action_intervals': {'M': (-2.8781761280668037, -2.6281761280668037), 'R': (-0.040595130353581504, 0.2094048696464185), 'F': (0.6037082313274165, 0.8537082313274165), 'B': (-0.15270601375259457, 0.09729398624740543)}}"
C_ample_prepare_i2,3.35,safety_recheck,FM_predicted_gap
C_ample_prepare_i2,3.4000000000000004,action_interval_infeasible,"{'one_step_feasible': 0, 'next_h_min': -1.1638181985811962, 'next_h': {'FM': -1.1638181985811962, 'MR': 6.367269279829046, 'RB': 13.471848904230683}, 'action_intervals': {'M': (-3.0031761280668037, -2.7531761280668037), 'R': (-0.004946524325583679, 0.24505347567441632), 'F': (0.47870823132741647, 0.7287082313274165), 'B': (-0.1517213405192365, 0.0982786594807635)}}"
C_ample_prepare_i2,3.4000000000000004,safety_recheck,FM_predicted_gap
C_ample_prepare_i2,3.45,action_interval_infeasible,"{'one_step_feasible': 0, 'next_h_min': -1.2043201626555382, 'next_h': {'FM': -1.2043201626555382, 'MR': 6.470425681832726, 'RB': 13.436965811839132}, 'action_intervals': {'M': (-3.1281761280668037, -2.8781761280668037), 'R': (0.023290028365543947, 0.27329002836554395), 'F': (0.35370823132741647, 0.6037082313274165), 'B': (-0.15010936208737738, 0.09989063791262262)}}"
C_ample_prepare_i2,3.45,safety_recheck,FM_predicted_gap
C_ample_prepare_i2,3.5,action_interval_infeasible,"{'one_step_feasible': 0, 'next_h_min': -1.2339299158313954, 'next_h': {'FM': -1.2339299158313954, 'MR': 6.564919528102536, 'RB': 13.402535601086052}, 'action_intervals': {'M': (-3.2531761280668037, -3.0031761280668037), 'R': (0.044312493549353044, 0.29431249354935307), 'F': (0.22870823132741647, 0.47870823132741647), 'B': (-0.14801971009667825, 0.10198028990332175)}}"
C_ample_prepare_i2,3.5,safety_recheck,FM_predicted_gap
C_ample_prepare_i2,3.5500000000000003,action_interval_infeasible,"{'one_step_feasible': 0, 'next_h_min': -1.2526180966070541, 'next_h': {'FM': -1.2526180966070541, 'MR': 6.650531254445166, 'RB': 13.368574969813636}, 'action_intervals': {'M': (-3.3781761280668037, -3.1281761280668037), 'R': (0.05831698314139147, 0.30831698314139144), 'F': (0.10370823132741647, 0.35370823132741647), 'B': (-0.14559547102396597, 0.10440452897603403)}}"
C_ample_prepare_i2,3.5500000000000003,safety_recheck,FM_predicted_gap
C_ample_prepare_i2,3.6,action_interval_infeasible,"{'one_step_feasible': 0, 'next_h_min': -1.260205850844505, 'next_h': {'FM': -1.260205850844505, 'MR': 6.727032492157991, 'RB': 13.335087197605507}, 'action_intervals': {'M': (-3.5031761280668037, -3.2531761280668037), 'R': (0.0654976310961122, 0.3154976310961122), 'F': (0.0021974326760942076, 0.2521974326760942), 'B': (-0.14297267290678403, 0.10702732709321597)}}"
C_ample_prepare_i2,3.6,safety_recheck,FM_predicted_gap
C_ample_prepare_i2,3.6500000000000004,action_interval_infeasible,"{'one_step_feasible': 0, 'next_h_min': -1.256393906082983, 'next_h': {'FM': -1.256393906082983, 'MR': 6.794114475630717, 'RB': 13.302069921577438}, 'action_intervals': {'M': (-3.6281761280668037, -3.3781761280668037), 'R': (0.06723385679789146, 0.31723385679789146), 'F': (-0.0032084582126399724, 0.24679154178736), 'B': (-0.14028003408819967, 0.10971996591180033)}}"
C_ample_prepare_i2,3.6500000000000004,safety_recheck,FM_predicted_gap
C_ample_prepare_i2,3.7,action_interval_infeasible,"{'one_step_feasible': 0, 'next_h_min': -1.2408824276913135, 'next_h': {'FM': -1.2408824276913135, 'MR': 6.851469037270563, 'RB': 13.269519941269769}, 'action_intervals': {'M': (-3.7531761280668037, -3.5031761280668037), 'R': (0.06853941828776086, 0.3185394182877609), 'F': (-0.008384598738603977, 0.24161540126139602), 'B': (-0.13761760747411397, 0.11238239252588604)}}"
C_ample_prepare_i2,3.7,safety_recheck,FM_predicted_gap
C_ample_prepare_i2,3.75,action_interval_infeasible,"{'one_step_feasible': 0, 'next_h_min': -1.2133710427601871, 'next_h': {'FM': -1.2133710427601871, 'MR': 6.898788563512321, 'RB': 13.237433286045809}, 'action_intervals': {'M': (-3.8781761280668037, -3.6281761280668037), 'R': (0.06943984319422242, 0.3194398431942224), 'F': (-0.013340753292214028, 0.236659246707786), 'B': (-0.1349924141318936, 0.11500758586810639)}}"
C_ample_prepare_i2,3.75,safety_recheck,FM_predicted_gap
C_ample_prepare_i2,3.8000000000000003,action_interval_infeasible,"{'one_step_feasible': 0, 'next_h_min': -1.173618415380182, 'next_h': {'FM': -1.173618415380182, 'MR': 6.935769922964654, 'RB': 13.205805278942593}, 'action_intervals': {'M': (-4.0, -3.7531761280668037), 'R': (0.06995960159024223, 0.3199596015902422), 'F': (-0.01808627127729441, 0.2319137287227056), 'B': (-0.13241080039464298, 0.117589199605357)}}"
C_ample_prepare_i2,3.8000000000000003,safety_recheck,FM_predicted_gap
C_ample_prepare_i2,3.85,action_interval_infeasible,"{'one_step_feasible': 0, 'next_h_min': -1.123615301662748, 'next_h': {'FM': -1.123615301662748, 'MR': 6.962266706143399, 'RB': 13.174630597134772}, 'action_intervals': {'M': (-4.0, -3.875), 'R': (0.07012214160905969, 0.3201221416090597), 'F': (-0.022630104748010457, 0.22736989525198953), 'B': (-0.12987847723472762, 0.12012152276527238)}}"
C_ample_prepare_i2,3.85,safety_recheck,FM_predicted_gap
C_ample_prepare_i2,3.9000000000000004,action_interval_infeasible,"{'one_step_feasible': 0, 'next_h_min': -1.0633723472772143, 'next_h': {'FM': -1.0633723472772143, 'MR': 6.978285217044932, 'RB': 13.14390332916636}, 'action_intervals': {'M': (-4.0, -3.875), 'R': (0.06994992398783226, 0.3199499239878323), 'F': (-0.026980825296219105, 0.2230191747037809), 'B': (-0.12740055831776223, 0.12259944168223777)}}"
C_ample_prepare_i2,3.9000000000000004,safety_recheck,FM_predicted_gap
C_ample_prepare_i2,3.95,action_interval_infeasible,"{'one_step_feasible': 0, 'next_h_min': -0.9928997454519688, 'next_h': {'FM': -0.9928997454519688, 'MR': 6.983832156815457, 'RB': 13.113617029097561}, 'action_intervals': {'M': (-4.0, -3.875), 'R': (0.06946445557264042, 0.3194644555726404), 'F': (-0.031146640221129118, 0.21885335977887088), 'B': (-0.12498159667315849, 0.1250184033268415)}}"
C_ample_prepare_i2,3.95,safety_recheck,FM_predicted_gap
C_ample_prepare_i2,4.0,action_interval_infeasible,"{'one_step_feasible': 0, 'next_h_min': -0.9122072562031819, 'next_h': {'FM': -0.9122072562031819, 'MR': 6.978914588972283, 'RB': 13.083764767707489}, 'action_intervals': {'M': (-4.0, -3.875), 'R': (0.06868632181717685, 0.3186863218171768), 'F': (-0.03513540801173197, 0.21486459198826802), 'B': (-0.12262561993650074, 0.12737438006349924)}}"
C_ample_prepare_i2,4.0,safety_recheck,FM_predicted_gap
C_ample_prepare_i2,4.05,action_interval_infeasible,"{'one_step_feasible': 0, 'next_h_min': -0.8213042247463792, 'next_h': {'FM': -0.8213042247463792, 'MR': 6.963539906276592, 'RB': 13.054339180887379}, 'action_intervals': {'M': (-4.0, -3.875), 'R': (0.06763521830587763, 0.3176352183058776), 'F': (-0.03895465317123481, 0.2110453468287652), 'B': (-0.12033616413555871, 0.1296638358644413)}}"
C_ample_prepare_i2,4.05,safety_recheck,FM_predicted_gap
C_ample_prepare_i2,4.1000000000000005,action_interval_infeasible,"{'one_step_feasible': 0, 'next_h_min': -0.7201995991254155, 'next_h': {'FM': -0.7201995991254155, 'MR': 6.937715799198371, 'RB': 13.025332515352712}, 'action_intervals': {'M': (-4.0, -3.875), 'R': (0.06632998133143303, 0.31632998133143303), 'F': (-0.04261158041145628, 0.2073884195885437), 'B': (-0.11811630600609119, 0.1318836939939088)}}"
C_ample_prepare_i2,4.1000000000000005,safety_recheck,FM_predicted_gap
C_ample_prepare_i2,4.15,action_interval_infeasible,"{'one_step_feasible': 0, 'next_h_min': -0.6089019470922449, 'next_h': {'FM': -0.6089019470922449, 'MR': 6.901450225915835, 'RB': 12.99673667179698}, 'action_intervals': {'M': (-4.0, -3.875), 'R': (0.06478861755542012, 0.3147886175554201), 'F': (-0.046113088243970424, 0.20388691175602958), 'B': (-0.11596869383582199, 0.13403130616417802)}}"
C_ample_prepare_i2,4.15,safety_recheck,FM_predicted_gap
C_ample_prepare_i2,4.2,action_interval_infeasible,"{'one_step_feasible': 0, 'next_h_min': -0.4874194722693664, 'next_h': {'FM': -0.4874194722693664, 'MR': 6.854751383793679, 'RB': 12.968543245604373}, 'action_intervals': {'M': (-4.0, -3.875), 'R': (0.06302833277944628, 0.3130283327794463), 'F': (-0.04946578199360108, 0.20053421800639892), 'B': (-0.11389557684536779, 0.13610442315463223)}}"
C_ample_prepare_i2,4.2,safety_recheck,FM_predicted_gap
C_ample_prepare_i2,4.25,action_interval_infeasible,"{'one_step_feasible': 0, 'next_h_min': -0.3557600296253672, 'next_h': {'FM': -0.3557600296253672, 'MR': 6.7976276822864, 'RB': 12.9407435652332}, 'action_intervals': {'M': (-4.0, -3.875), 'R': (0.06106555985346859, 0.3110655598534686), 'F': (-0.05267598625887171, 0.1973240137411283), 'B': (-0.11189883312375132, 0.13810116687624868)}}"
C_ample_prepare_i2,4.25,safety_recheck,FM_predicted_gap
C_ample_prepare_i2,4.3,action_interval_infeasible,"{'one_step_feasible': 0, 'next_h_min': -0.2139311402926567, 'next_h': {'FM': -0.2139311402926567, 'MR': 6.730087717213621, 'RB': 12.913328728376996}, 'action_intervals': {'M': (-4.0, -3.875), 'R': (0.058915985747044736, 0.3089159857470447), 'F': (-0.05574975684286887, 0.19425024315713113), 'B': (-0.10997999614343623, 0.14002000385656377)}}"
C_ample_prepare_i2,4.3,safety_recheck,FM_predicted_gap
C_ample_prepare_i2,4.3500000000000005,action_interval_infeasible,"{'one_step_feasible': 0, 'next_h_min': -0.061940005755480906, 'next_h': {'FM': -0.061940005755480906, 'MR': 6.6521402463571, 'RB': 12.886289636005436}, 'action_intervals': {'M': (-4.0, -3.875), 'R': (0.05659457780795804, 0.30659457780795807), 'F': (-0.05869289217704683, 0.19130710782295318), 'B': (-0.10814027988595046, 0.14185972011404954)}}"
C_ample_prepare_i2,4.7,merge_completed,
C_collaborative_none_i0,0.0,startup_physical_check,"{'in_start_zone': True, 'slot_ok': False, 'necessary_bound_ok': True, 'remaining_distance_m': 94.0, 'min_forward_distance_m': 54.349300000000085, 'interval_width_m': -1.424999999999983, 'current_speed_forecast_min_slot_width_m': -1.425000000000015, 'current_speed_forecast_min_front_margin_m': -6.824999999999998, 'current_speed_forecast_min_rear_margin_m': -5.1000000000000005, 'physical_ok': False}"
C_collaborative_none_i0,4.8500000000000005,missed_window,missed_window
C_collaborative_none_i1,0.0,startup_physical_check,"{'in_start_zone': True, 'slot_ok': False, 'necessary_bound_ok': True, 'remaining_distance_m': 97.0, 'min_forward_distance_m': 49.24930000000012, 'interval_width_m': -0.8999999999999915, 'current_speed_forecast_min_slot_width_m': -1.4999999999999947, 'current_speed_forecast_min_front_margin_m': 1.869999999999994, 'current_speed_forecast_min_rear_margin_m': -8.169999999999998, 'physical_ok': False}"
C_collaborative_none_i1,4.9,missed_window,missed_window
C_collaborative_none_i2,0.0,startup_physical_check,"{'in_start_zone': True, 'slot_ok': False, 'necessary_bound_ok': True, 'remaining_distance_m': 95.0, 'min_forward_distance_m': 54.349300000000056, 'interval_width_m': -4.214999999999989, 'current_speed_forecast_min_slot_width_m': -4.215, 'current_speed_forecast_min_front_margin_m': -7.324999999999998, 'current_speed_forecast_min_rear_margin_m': -7.39, 'physical_ok': False}"
C_collaborative_none_i2,5.0,missed_window,missed_window
C_collaborative_prepare_i0,0.0,startup_physical_check,"{'in_start_zone': True, 'slot_ok': False, 'necessary_bound_ok': True, 'remaining_distance_m': 94.0, 'min_forward_distance_m': 54.349300000000085, 'interval_width_m': -1.424999999999983, 'current_speed_forecast_min_slot_width_m': -1.425000000000015, 'current_speed_forecast_min_front_margin_m': -6.824999999999998, 'current_speed_forecast_min_rear_margin_m': -5.1000000000000005, 'physical_ok': False}"
C_collaborative_prepare_i0,4.9,missed_window,missed_window
C_collaborative_prepare_i1,0.0,startup_physical_check,"{'in_start_zone': True, 'slot_ok': False, 'necessary_bound_ok': True, 'remaining_distance_m': 97.0, 'min_forward_distance_m': 49.24930000000012, 'interval_width_m': -0.8999999999999915, 'current_speed_forecast_min_slot_width_m': -1.4999999999999947, 'current_speed_forecast_min_front_margin_m': 1.869999999999994, 'current_speed_forecast_min_rear_margin_m': -8.169999999999998, 'physical_ok': False}"
C_collaborative_prepare_i1,4.95,missed_window,missed_window
C_collaborative_prepare_i2,0.0,startup_physical_check,"{'in_start_zone': True, 'slot_ok': False, 'necessary_bound_ok': True, 'remaining_distance_m': 95.0, 'min_forward_distance_m': 54.349300000000056, 'interval_width_m': -4.214999999999989, 'current_speed_forecast_min_slot_width_m': -4.215, 'current_speed_forecast_min_front_margin_m': -7.324999999999998, 'current_speed_forecast_min_rear_margin_m': -7.39, 'physical_ok': False}"
C_collaborative_prepare_i2,5.05,missed_window,missed_window
C_short_window_none_i0,0.0,startup_physical_check,"{'in_start_zone': True, 'slot_ok': False, 'necessary_bound_ok': True, 'remaining_distance_m': 92.0, 'min_forward_distance_m': 52.84930000000017, 'interval_width_m': -9.424999999999983, 'current_speed_forecast_min_slot_width_m': -10.925, 'current_speed_forecast_min_front_margin_m': -11.149999999999999, 'current_speed_forecast_min_rear_margin_m': -7.2749999999999995, 'physical_ok': False}"
C_short_window_none_i0,5.4,missed_window,missed_window
C_short_window_none_i1,0.0,startup_physical_check,"{'in_start_zone': True, 'slot_ok': False, 'necessary_bound_ok': True, 'remaining_distance_m': 95.0, 'min_forward_distance_m': 47.74930000000005, 'interval_width_m': -8.899999999999991, 'current_speed_forecast_min_slot_width_m': -10.999999999999993, 'current_speed_forecast_min_front_margin_m': -2.4550000000000045, 'current_speed_forecast_min_rear_margin_m': -10.344999999999999, 'physical_ok': False}"
C_short_window_none_i1,5.5,missed_window,missed_window
C_short_window_none_i2,0.0,startup_physical_check,"{'in_start_zone': True, 'slot_ok': False, 'necessary_bound_ok': True, 'remaining_distance_m': 93.0, 'min_forward_distance_m': 52.84930000000011, 'interval_width_m': -12.21499999999999, 'current_speed_forecast_min_slot_width_m': -12.215, 'current_speed_forecast_min_front_margin_m': -11.649999999999999, 'current_speed_forecast_min_rear_margin_m': -9.564999999999998, 'physical_ok': False}"
C_short_window_none_i2,5.6000000000000005,missed_window,missed_window
C_short_window_prepare_i0,0.0,startup_physical_check,"{'in_start_zone': True, 'slot_ok': False, 'necessary_bound_ok': True, 'remaining_distance_m': 92.0, 'min_forward_distance_m': 52.84930000000017, 'interval_width_m': -9.424999999999983, 'current_speed_forecast_min_slot_width_m': -10.925, 'current_speed_forecast_min_front_margin_m': -11.149999999999999, 'current_speed_forecast_min_rear_margin_m': -7.2749999999999995, 'physical_ok': False}"
C_short_window_prepare_i0,3.25,merge_started,
C_short_window_prepare_i0,3.25,action_interval_infeasible,"{'one_step_feasible': 0, 'next_h_min': -0.008743154216955507, 'next_h': {'FM': 0.31658078648677995, 'MR': -0.008743154216955507, 'RB': 6.790952781978632}, 'action_intervals': {'M': (-0.6237303398286218, -0.3737303398286218), 'R': (0.7687122242018947, 1.0187122242018947), 'F': (0.8721359600661203, 1.1221359600661203), 'B': (-0.848753328201819, -0.598753328201819)}}"
C_short_window_prepare_i0,3.3000000000000003,action_interval_infeasible,"{'one_step_feasible': 0, 'next_h_min': -0.02341220690612719, 'next_h': {'FM': 0.4983266851420106, 'MR': -0.02341220690612719, 'RB': 6.724838183114258}, 'action_intervals': {'M': (-0.4987303398286218, -0.2487303398286218), 'R': (0.6437122242018947, 0.8937122242018947), 'F': (0.7471359600661203, 0.9971359600661203), 'B': (-0.7826025306670458, -0.5326025306670458)}}"
C_short_window_prepare_i0,3.35,action_interval_infeasible,"{'one_step_feasible': 0, 'next_h_min': -0.037812366005370704, 'next_h': {'FM': 0.680062249546969, 'MR': -0.037812366005370704, 'RB': 6.6607799673110915}, 'action_intervals': {'M': (-0.3737303398286218, -0.1237303398286218), 'R': (0.5187122242018947, 0.7687122242018947), 'F': (0.6221359600661203, 0.8721359600661203), 'B': (-0.7259617358094286, -0.4759617358094286)}}"
C_short_window_prepare_i0,3.4000000000000004,action_interval_infeasible,"{'one_step_feasible': 0, 'next_h_min': -0.05131863151467339, 'next_h': {'FM': 0.861162479701641, 'MR': -0.05131863151467339, 'RB': 6.598495653627541}, 'action_intervals': {'M': (-0.2487303398286218, 0.0012696601713781952), 'R': (0.39371222420189467, 0.6437122242018947), 'F': (0.49713596006612026, 0.7471359600661203), 'B': (-0.6780123044060817, -0.42801230440608173)}}"
C_short_window_prepare_i0,3.45,action_interval_infeasible,"{'one_step_feasible': 0, 'next_h_min': -0.06330600343407666, 'next_h': {'FM': 1.0410023756060702, 'MR': -0.06330600343407666, 'RB': 6.537711640514245}, 'action_intervals': {'M': (-0.1237303398286218, 0.1262696601713782), 'R': (0.26871222420189467, 0.5187122242018947), 'F': (0.37213596006612026, 0.6221359600661203), 'B': (-0.638057146971157, -0.388057146971157)}}"
C_short_window_prepare_i0,3.5,action_interval_infeasible,"{'one_step_feasible': 0, 'next_h_min': -0.07314948176353936, 'next_h': {'FM': 1.218956937260214, 'MR': -0.07314948176353936, 'RB': 6.4781634284096805}, 'action_intervals': {'M': (0.0012696601713781952, 0.2512696601713782), 'R': (0.14371222420189467, 0.39371222420189467), 'F': (0.24713596006612026, 0.49713596006612026), 'B': (-0.605503927894739, -0.35550392789473895)}}"
C_short_window_prepare_i0,3.5500000000000003,action_interval_infeasible,"{'one_step_feasible': 0, 'next_h_min': -0.08022406650307529, 'next_h': {'FM': 1.3944226943810607, 'MR': -0.08022406650307529, 'RB': 6.419595851268362}, 'action_intervals': {'M': (0.1262696601713782, 0.3762696601713782), 'R': (0.018712224201894667, 0.26871222420189467), 'F': (0.12213596006612026, 0.37213596006612026), 'B': (-0.5798511614148194, -0.3298511614148194)}}"
C_short_window_prepare_i0,3.6,action_interval_infeasible,"{'one_step_feasible': 0, 'next_h_min': -0.0839047576527001, 'next_h': {'FM': 1.5669450231997482, 'MR': -0.0839047576527001, 'RB': 6.361763321367698}, 'action_intervals': {'M': (0.2512696601713782, 0.5012696601713782), 'R': (-0.10628777579810533, 0.14371222420189467), 'F': (0.014359733643640904, 0.2643597336436409), 'B': (-0.5606765747047042, -0.3106765747047043)}}"
C_short_window_prepare_i0,3.6500000000000004,action_interval_infeasible,"{'one_step_feasible': 0, 'next_h_min': -0.08356655521241446, 'next_h': {'FM': 1.7361969313927723, 'MR': -0.08356655521241446, 'RB': 6.304430089119284}, 'action_intervals': {'M': (0.3762696601713782, 0.6262696601713782), 'R': (-0.23128777579810533, 0.018712224201894667), 'F': (0.008436944963787246, 0.2584369449637872), 'B': (-0.547627254352036, -0.29762725435203596)}}"
C_short_window_prepare_i0,3.7,action_interval_infeasible,"{'one_step_feasible': 0, 'next_h_min': -0.07858445918220469, 'next_h': {'FM': 1.9018520425602485, 'MR': -0.07858445918220469, 'RB': 6.247370517558907}, 'action_intervals': {'M': (0.5012696601713782, 0.7512696601713782), 'R': (-0.35628777579810533, -0.10628777579810533), 'F': (0.002765874802826751, 0.25276587480282675), 'B': (-0.5404111986655926, -0.2904111986655926)}}"
C_short_window_prepare_i0,3.75,action_interval_infeasible,"{'one_step_feasible': 0, 'next_h_min': -0.0683334695620572, 'next_h': {'FM': 2.063584570049413, 'MR': -0.0683334695620572, 'RB': 6.190369369559618}, 'action_intervals': {'M': (0.6262696601713782, 0.8762696601713782), 'R': (-0.48128777579810533, -0.23128777579810533), 'F': (-0.0026641748762930434, 0.24733582512370694), 'B': (-0.5387899789782362, -0.2887899789782363)}}"
C_short_window_prepare_i0,3.8000000000000003,action_interval_infeasible,"{'one_step_feasible': 0, 'next_h_min': -0.052188586351957375, 'next_h': {'FM': 2.2210692918901427, 'MR': -0.052188586351957375, 'RB': 6.133222104499216}, 'action_intervals': {'M': (0.7512696601713782, 1.0012696601713782), 'R': (-0.6062877757981053, -0.35628777579810533), 'F': (-0.007863447444051458, 0.24213655255594854), 'B': (-0.5425722751461546, -0.2925722751461545)}}"
C_short_window_prepare_i0,3.85,action_interval_infeasible,"{'one_step_feasible': 0, 'next_h_min': -0.029540807564399408, 'next_h': {'FM': 2.37422149698289, 'MR': -0.029540807564399408, 'RB': 6.075735180044164}, 'action_intervals': {'M': (0.8762696601713782, 1.1262696601713782), 'R': (-0.7312877757981053, -0.48128777579810533), 'F': (-0.01284175092768046, 0.23715824907231953), 'B': (-0.5516080986408869, -0.30160809864088695)}}"
C_short_window_prepare_i0,5.55,merge_exit_before_completion,started_but_failed
C_short_window_prepare_i0,6.3500000000000005,action_interval_infeasible,"{'one_step_feasible': 0, 'next_h_min': -0.02162357032216068, 'next_h': {'FM': 7.091921365256354, 'MR': -0.02162357032216068, 'RB': 5.65962199273733}, 'action_intervals': {'M': (0.5080904812762166, 0.7580904812762166), 'R': (0.375, 0.625), 'F': (-0.11221295030978418, 0.13778704969021582), 'B': (0.6219063594176376, 0.8719063594176376)}}"
C_short_window_prepare_i0,6.4,action_interval_infeasible,"{'one_step_feasible': 0, 'next_h_min': -0.041325778879422, 'next_h': {'FM': 7.1372350935200375, 'MR': -0.041325778879422, 'RB': 5.704062560217209}, 'action_intervals': {'M': (0.4997841822635991, 0.7497841822635991), 'R': (0.25, 0.5), 'F': (-0.11275639992161963, 0.13724360007838038), 'B': (0.6154984615865774, 0.8654984615865774)}}"
C_short_window_prepare_i0,6.45,action_interval_infeasible,"{'one_step_feasible': 0, 'next_h_min': -0.05777917800624398, 'next_h': {'FM': 7.181197955423635, 'MR': -0.05777917800624398, 'RB': 5.747294363548837}, 'action_intervals': {'M': (0.4913239935985775, 0.7413239935985775), 'R': (0.125, 0.375), 'F': (-0.11327675292495129, 0.1367232470750487), 'B': (0.6081883498241452, 0.8581883498241452)}}"
C_short_window_prepare_i0,6.5,action_interval_infeasible,"{'one_step_feasible': 0, 'next_h_min': -0.07069292747372616, 'next_h': {'FM': 7.223832612906442, 'MR': -0.07069292747372616, 'RB': 5.789046089423912}, 'action_intervals': {'M': (0.48272355073404594, 0.7327235507340459), 'R': (0.0, 0.25), 'F': (-0.11377499092564047, 0.13622500907435953), 'B': (0.5998973244200966, 0.8498973244200966)}}"
C_short_window_prepare_i0,6.550000000000001,action_interval_infeasible,"{'one_step_feasible': 0, 'next_h_min': -0.07977648812917759, 'next_h': {'FM': 7.265161853277075, 'MR': -0.07977648812917759, 'RB': 5.829051779392667}, 'action_intervals': {'M': (0.47399617676388517, 0.7239961767638852), 'R': (-0.125, 0.125), 'F': (-0.11425205381130041, 0.1357479461886996), 'B': (0.5905151455142, 0.8405151455142)}}"
C_short_window_prepare_i0,6.6000000000000005,action_interval_infeasible,"{'one_step_feasible': 0, 'next_h_min': -0.08473958980706522, 'next_h': {'FM': 7.305208560710994, 'MR': -0.08473958980706522, 'RB': 5.867051708201034}, 'action_intervals': {'M': (0.4651548728187167, 0.7151548728187167), 'R': (-0.25, 0.0), 'F': (-0.11470884152432141, 0.13529115847567857), 'B': (0.5799017077804659, 0.8299017077804659)}}"
C_short_window_prepare_i0,6.65,action_interval_infeasible,"{'one_step_feasible': 0, 'next_h_min': -0.08529220007638814, 'next_h': {'FM': 7.343995688818184, 'MR': -0.08529220007638814, 'RB': 5.902793299615801}, 'action_intervals': {'M': (0.4562123092507442, 0.7062123092507442), 'R': (-0.375, -0.125), 'F': (-0.11514621575953665, 0.13485378424046335), 'B': (0.5678887419642886, 0.8178887419642886)}}"
C_short_window_prepare_i0,6.7,action_interval_infeasible,"{'one_step_feasible': 0, 'next_h_min': -0.08114449384425784, 'next_h': {'FM': 7.381546234282805, 'MR': -0.08114449384425784, 'RB': 5.93603207380836}, 'action_intervals': {'M': (0.4471808176208263, 0.6971808176208263), 'R': (-0.5, -0.25), 'F': (-0.11556500158975691, 0.1344349984102431), 'B': (0.5542815706962091, 0.8042815706962091)}}"
C_short_window_prepare_i0,6.75,action_interval_infeasible,"{'one_step_feasible': 0, 'next_h_min': -0.07200682383268413, 'next_h': {'FM': 7.417883211573392, 'MR': -0.07200682383268413, 'RB': 5.966532619627544}, 'action_intervals': {'M': (0.43807238349846656, 0.6880723834984666), 'R': (-0.625, -0.375), 'F': (-0.11596598902219099, 0.134034010977809), 'B': (0.5388609464524681, 0.7888609464524681)}}"
C_short_window_prepare_i0,6.800000000000001,action_interval_infeasible,"{'one_step_feasible': 0, 'next_h_min': -0.057589691942712386, 'next_h': {'FM': 7.453029628719665, 'MR': -0.057589691942712386, 'RB': 5.9940695842687886}, 'action_intervals': {'M': (0.42889864008269984, 0.6788986400826998), 'R': (-0.75, -0.5), 'F': (-0.11634993448874749, 0.13365006551125252), 'B': (0.5213850001734894, 0.7713850001734894)}}"
C_short_window_prepare_i0,6.8500000000000005,action_interval_infeasible,"{'one_step_feasible': 0, 'next_h_min': -0.03760372151963905, 'next_h': {'FM': 7.487008464152113, 'MR': -0.03760372151963905, 'RB': 6.018428671947874}, 'action_intervals': {'M': (0.4196708626488641, 0.6696708626488641), 'R': (-0.875, -0.625), 'F': (-0.11671756227297489, 0.1332824377270251), 'B': (0.5015913296424513, 0.7515913296424513)}}"
C_short_window_prepare_i0,6.9,action_interval_infeasible,"{'one_step_feasible': 0, 'next_h_min': -0.011759630529669857, 'next_h': {'FM': 7.519842644596128, 'MR': -0.011759630529669857, 'RB': 6.039407642219026}, 'action_intervals': {'M': (0.4103999638231367, 0.6603999638231367), 'R': (-1.0, -0.75), 'F': (-0.11706956587637318, 0.13293043412362682), 'B': (0.4791992570043543, 0.7291992570043543)}}"
C_short_window_prepare_i1,0.0,startup_physical_check,"{'in_start_zone': True, 'slot_ok': False, 'necessary_bound_ok': True, 'remaining_distance_m': 95.0, 'min_forward_distance_m': 47.74930000000005, 'interval_width_m': -8.899999999999991, 'current_speed_forecast_min_slot_width_m': -10.999999999999993, 'current_speed_forecast_min_front_margin_m': -2.4550000000000045, 'current_speed_forecast_min_rear_margin_m': -10.344999999999999, 'physical_ok': False}"
C_short_window_prepare_i1,5.6000000000000005,missed_window,missed_window
C_short_window_prepare_i2,0.0,startup_physical_check,"{'in_start_zone': True, 'slot_ok': False, 'necessary_bound_ok': True, 'remaining_distance_m': 93.0, 'min_forward_distance_m': 52.84930000000011, 'interval_width_m': -12.21499999999999, 'current_speed_forecast_min_slot_width_m': -12.215, 'current_speed_forecast_min_front_margin_m': -11.649999999999999, 'current_speed_forecast_min_rear_margin_m': -9.564999999999998, 'physical_ok': False}"
C_short_window_prepare_i2,5.7,missed_window,missed_window
D_ample_none_i0,0.0,startup_physical_check,"{'in_start_zone': True, 'slot_ok': False, 'necessary_bound_ok': True, 'remaining_distance_m': 96.0, 'min_forward_distance_m': 55.849300000000085, 'interval_width_m': 7.400000000000006, 'current_speed_forecast_min_slot_width_m': 7.399999999999999, 'current_speed_forecast_min_front_margin_m': 1.0, 'current_speed_forecast_min_rear_margin_m': -4.1000000000000005, 'physical_ok': False}"
D_ample_none_i0,1.2500000000000002,merge_started,
D_ample_none_i0,4.25,merge_completed,
D_ample_none_i1,0.0,startup_physical_check,"{'in_start_zone': True, 'slot_ok': False, 'necessary_bound_ok': True, 'remaining_distance_m': 99.0, 'min_forward_distance_m': 50.74930000000009, 'interval_width_m': 7.924999999999997, 'current_speed_forecast_min_slot_width_m': 7.925000000000001, 'current_speed_forecast_min_front_margin_m': 9.694999999999993, 'current_speed_forecast_min_rear_margin_m': -7.169999999999999, 'physical_ok': False}"
D_ample_none_i1,4.65,missed_window,missed_window
D_ample_none_i2,0.0,startup_physical_check,"{'in_start_zone': True, 'slot_ok': False, 'necessary_bound_ok': True, 'remaining_distance_m': 97.0, 'min_forward_distance_m': 55.849300000000056, 'interval_width_m': 4.609999999999999, 'current_speed_forecast_min_slot_width_m': 4.609999999999999, 'current_speed_forecast_min_front_margin_m': 0.5, 'current_speed_forecast_min_rear_margin_m': -6.39, 'physical_ok': False}"
D_ample_none_i2,1.7000000000000002,merge_started,
D_ample_none_i2,3.1,action_interval_infeasible,"{'one_step_feasible': 0, 'next_h_min': -0.1007983980122552, 'next_h': {'FM': -0.1007983980122552, 'MR': 5.078299770082901, 'RB': 14.131160728111379}, 'action_intervals': {'M': (-1.929534784886186, -1.679534784886186), 'R': (-0.20166606176126878, 0.048333938238731236), 'F': (-0.15666504109172727, 0.09333495890827273), 'B': (0.012950964487371458, 0.26295096448737143)}}"
D_ample_none_i2,3.1500000000000004,action_interval_infeasible,"{'one_step_feasible': 0, 'next_h_min': -0.21240015105990617, 'next_h': {'FM': -0.21240015105990617, 'MR': 5.215952900243351, 'RB': 14.119200372419664}, 'action_intervals': {'M': (-2.0545347848861857, -1.804534784886186), 'R': (-0.20451354130268753, 0.045486458697312465), 'F': (-0.15531927684532826, 0.09468072315467176), 'B': (0.008443269269946901, 0.2584432692699469)}}"
D_ample_none_i2,3.1500000000000004,safety_recheck,FM_predicted_gap
D_ample_none_i2,3.2,action_interval_infeasible,"{'one_step_feasible': 0, 'next_h_min': -0.31659285165795015, 'next_h': {'FM': -0.31659285165795015, 'MR': 5.348562492999859, 'RB': 14.10679261264883}, 'action_intervals': {'M': (-2.1795347848861857, -1.9295347848861857), 'R': (-0.20709955124788848, 0.04290044875211152), 'F': (-0.1540307075794022, 0.09596929242059779), 'B': (0.003969544709405581, 0.2539695447094056)}}"
D_ample_none_i2,3.2,safety_recheck,FM_predicted_gap
D_ample_none_i2,3.25,action_interval_infeasible,"{'one_step_feasible': 0, 'next_h_min': -0.4130609808396108, 'next_h': {'FM': -0.4130609808396108, 'MR': 5.4758174103579575, 'RB': 14.093942251249873}, 'action_intervals': {'M': (-2.3045347848861857, -2.0545347848861857), 'R': (-0.2094355875230673, 0.04056441247693271), 'F': (-0.15279690250727854, 0.09720309749272146), 'B': (-0.0004671862844301128, 0.2495328137155699)}}"
D_ample_none_i2,3.25,safety_recheck,FM_predicted_gap
D_ample_none_i2,3.3000000000000003,action_interval_infeasible,"{'one_step_feasible': 0, 'next_h_min': -0.5014891479441775, 'next_h': {'FM': -0.5014891479441775, 'MR': 5.597406119684562, 'RB': 14.080654522828283}, 'action_intervals': {'M': (-2.4295347848861857, -2.1795347848861857), 'R': (-0.2115327925901107, 0.03846720740988929), 'F': (-0.15161553415071988, 0.09838446584928011), 'B': (-0.004864033286454697, 0.24513596671354532)}}"
D_ample_none_i2,3.3000000000000003,safety_recheck,FM_predicted_gap
D_ample_none_i2,3.35,action_interval_infeasible,"{'one_step_feasible': 0, 'next_h_min': -0.5815620851640096, 'next_h': {'FM': -0.5815620851640096, 'MR': 5.713016714361719, 'RB': 14.06693506314961}, 'action_intervals': {'M': (-2.5545347848861857, -2.3045347848861857), 'R': (-0.21340196321708077, 0.03659803678291923), 'F': (-0.15048437394931363, 0.09951562605068638), 'B': (-0.009218238028072381, 0.24078176197192763)}}"
D_ample_none_i2,3.35,safety_recheck,FM_predicted_gap
D_ample_none_i2,3.4000000000000004,action_interval_infeasible,"{'one_step_feasible': 0, 'next_h_min': -0.6529646423233677, 'next_h': {'FM': -0.6529646423233677, 'MR': 5.822336933736809, 'RB': 14.052789879300995}, 'action_intervals': {'M': (-2.6795347848861857, -2.4295347848861857), 'R': (-0.21505355813638488, 0.03494644186361512), 'F': (-0.1494012880564691, 0.1005987119435309), 'B': (-0.013527174003492501, 0.23647282599650749)}}"
D_ample_none_i2,3.4000000000000004,safety_recheck,FM_predicted_gap
D_ample_none_i2,3.45,action_interval_infeasible,"{'one_step_feasible': 0, 'next_h_min': -0.7153817818788718, 'next_h': {'FM': -0.7153817818788718, 'MR': 5.925054182385931, 'RB': 14.038225320986724}, 'action_intervals': {'M': (-2.8045347848861857, -2.5545347848861857), 'R': (-0.21649770559244602, 0.03350229440755399), 'F': (-0.14836423331406987, 0.10163576668593013), 'B': (-0.017788345987715032, 0.23221165401228497)}}"
D_ample_none_i2,3.45,safety_recheck,FM_predicted_gap
D_ample_none_i2,3.5,action_interval_infeasible,"{'one_step_feasible': 0, 'next_h_min': -0.768498574132852, 'next_h': {'FM': -0.768498574132852, 'MR': 6.020855548707215, 'RB': 14.02324805293581}, 'action_intervals': {'M': (-2.9295347848861857, -2.6795347848861857), 'R': (-0.21774421078028097, 0.03225578921971903), 'F': (-0.14737125339822194, 0.10262874660177808), 'B': (-0.021999389447316192, 0.2280006105526838)}}"
D_ample_none_i2,3.5,safety_recheck,FM_predicted_gap
D_ample_none_i2,3.5500000000000003,action_interval_infeasible,"{'one_step_feasible': 0, 'next_h_min': -0.8120001926496998, 'next_h': {'FM': -0.8120001926496998, 'MR': 6.109427822860281, 'RB': 14.007865028398596}, 'action_intervals': {'M': (-3.0545347848861857, -2.8045347848861857), 'R': (-0.2188025631766375, 0.031197436823362498), 'F': (-0.14642047512879638, 0.10357952487120362), 'B': (-0.02615806982870343, 0.22384193017129655)}}"
D_ample_none_i2,3.5500000000000003,safety_recheck,FM_predicted_gap
D_ample_none_i2,3.6,action_interval_infeasible,"{'one_step_feasible': 0, 'next_h_min': -0.8455719098673413, 'next_h': {'FM': -0.8455719098673413, 'MR': 6.190457514067811, 'RB': 13.992083463710294}, 'action_intervals': {'M': (-3.1795347848861857, -2.9295347848861857), 'R': (-0.2196819437647035, 0.0303180562352965), 'F': (-0.14551010493582392, 0.10448989506417608), 'B': (-0.030262281711774877, 0.21973771828822514)}}"
D_ample_none_i2,3.6,safety_recheck,FM_predicted_gap
D_ample_none_i2,3.6500000000000004,action_interval_infeasible,"{'one_step_feasible': 0, 'next_h_min': -0.8688990928950797, 'next_h': {'FM': -0.8688990928950797, 'MR': 6.263630867295577, 'RB': 13.975910813897936}, 'action_intervals': {'M': (-3.3045347848861857, -3.0545347848861857), 'R': (-0.22039123215394468, 0.029608767846055317), 'F': (-0.14463842547605205, 0.10536157452394797), 'B': (-0.03431004781983625, 0.21568995218016374)}}"
D_ample_none_i2,3.6500000000000004,safety_recheck,FM_predicted_gap
D_ample_none_i2,3.7,action_interval_infeasible,"{'one_step_feasible': 0, 'next_h_min': -0.8816671994901145, 'next_h': {'FM': -0.8816671994901145, 'MR': 6.328633879325745, 'RB': 13.95935474930803}, 'action_intervals': {'M': (-3.4295347848861857, -3.1795347848861857), 'R': (-0.22093901359568108, 0.029060986404318923), 'F': (-0.1438037923933207, 0.10619620760667932), 'B': (-0.038299517879348585, 0.2117004821206514)}}"
D_ample_none_i2,3.7,safety_recheck,FM_predicted_gap
D_ample_none_i2,3.75,action_interval_infeasible,"{'one_step_feasible': 0, 'next_h_min': -0.883561774204956, 'next_h': {'FM': -0.883561774204956, 'MR': 6.385152314239615, 'RB': 13.942423133231145}, 'action_intervals': {'M': (-3.5545347848861857, -3.3045347848861857), 'R': (-0.22133358589586394, 0.028666414104136062), 'F': (-0.14300463121660484, 0.10699536878339515), 'B': (-0.04222896732543377, 0.20777103267456623)}}"
D_ample_none_i2,3.75,safety_recheck,FM_predicted_gap
D_ample_none_i2,3.8000000000000003,action_interval_infeasible,"{'one_step_feasible': 0, 'next_h_min': -0.8742684446985935, 'next_h': {'FM': -0.8742684446985935, 'MR': 6.432871718324371, 'RB': 13.925124000500405}, 'action_intervals': {'M': (-3.6795347848861857, -3.4295347848861857), 'R': (-0.22158296622546772, 0.02841703377453228), 'F': (-0.1422394343898988, 0.1077605656101012), 'B': (-0.04609679585126039, 0.2039032041487396)}}"
D_ample_none_i2,3.8000000000000003,safety_recheck,FM_predicted_gap
D_ample_none_i2,3.85,action_interval_infeasible,"{'one_step_feasible': 0, 'next_h_min': -0.8534729182045266, 'next_h': {'FM': -0.8534729182045266, 'MR': 6.471477434419126, 'RB': 13.907465537039995}, 'action_intervals': {'M': (-3.8045347848861857, -3.5545347848861857), 'R': (-0.2216948978296915, 0.028305102170308488), 'F': (-0.14150675842832836, 0.10849324157167164), 'B': (-0.04990152580131088, 0.20009847419868912)}}"
D_ample_none_i2,3.85,safety_recheck,FM_predicted_gap
D_ample_none_i2,3.9000000000000004,action_interval_infeasible,"{'one_step_feasible': 0, 'next_h_min': -0.8208609781488962, 'next_h': {'FM': -0.8208609781488962, 'MR': 6.500654615714447, 'RB': 13.889456060340361}, 'action_intervals': {'M': (-3.9295347848861857, -3.6795347848861857), 'R': (-0.22167685663642617, 0.028323143363573847), 'F': (-0.14080522119512473, 0.10919477880487527), 'B': (-0.05364180041028001, 0.19635819958972)}}"
D_ample_none_i2,3.9000000000000004,safety_recheck,FM_predicted_gap
D_ample_none_i2,3.95,action_interval_infeasible,"{'one_step_feasible': 0, 'next_h_min': -0.7771410081287446, 'next_h': {'FM': -0.7771410081287446, 'MR': 6.520156407501241, 'RB': 13.871104000836171}, 'action_intervals': {'M': (-4.0, -3.8045347848861857), 'R': (-0.22153605776500795, 0.028463942234992032), 'F': (-0.1401334992943326, 0.10986650070566739), 'B': (-0.05731638189077706, 0.19268361810922294)}}"
D_ample_none_i2,3.95,safety_recheck,FM_predicted_gap
D_ample_none_i2,4.0,action_interval_infeasible,"{'one_step_feasible': 0, 'next_h_min': -0.7234564941239924, 'next_h': {'FM': -0.7234564941239924, 'MR': 6.529892041439984, 'RB': 13.852417884163327}, 'action_intervals': {'M': (-4.0, -3.875), 'R': (-0.22127946193547787, 0.02872053806452214), 'F': (-0.13949032557432392, 0.11050967442567608), 'B': (-0.060924149374392944, 0.18907585062560706)}}"
D_ample_none_i2,4.0,safety_recheck,FM_predicted_gap
D_ample_none_i2,4.05,action_interval_infeasible,"{'one_step_feasible': 0, 'next_h_min': -0.6598059292539776, 'next_h': {'FM': -0.6598059292539776, 'MR': 6.529858679325745, 'RB': 13.833406314271738}, 'action_intervals': {'M': (-4.0, -3.875), 'R': (-0.22091378177925308, 0.02908621822074693), 'F': (-0.13887448673741556, 0.11112551326258444), 'B': (-0.06446409671176202, 0.185535903288238)}}"
D_ample_none_i2,4.05,safety_recheck,FM_predicted_gap
D_ample_none_i2,4.1000000000000005,action_interval_infeasible,"{'one_step_feasible': 0, 'next_h_min': -0.5861878706804652, 'next_h': {'FM': -0.5861878706804652, 'MR': 6.520053343325945, 'RB': 13.814077957369621}, 'action_intervals': {'M': (-4.0, -3.875), 'R': (-0.22044548805174413, 0.029554511948255854), 'F': (-0.13828482105107637, 0.11171517894892365), 'B': (-0.0679353301381912, 0.1820646698618088)}}"
D_ample_none_i2,4.1000000000000005,safety_recheck,FM_predicted_gap
D_ample_none_i2,4.15,action_interval_infeasible,"{'one_step_feasible': 0, 'next_h_min': -0.5026009368858805, 'next_h': {'FM': -0.5026009368858805, 'MR': 6.500472927259949, 'RB': 13.794441526676387}, 'action_intervals': {'M': (-4.0, -3.875), 'R': (-0.2198808157471555, 0.03011918425284449), 'F': (-0.13772021615640515, 0.11227978384359485), 'B': (-0.0713370658123133, 0.1786629341876867)}}"
D_ample_none_i2,4.15,safety_recheck,FM_predicted_gap
D_ample_none_i2,4.2,action_interval_infeasible,"{'one_step_feasible': 0, 'next_h_min': -0.4090438050670711, 'next_h': {'FM': -0.4090438050670711, 'MR': 6.47111420741558, 'RB': 13.774505767960239}, 'action_intervals': {'M': (-4.0, -3.875), 'R': (-0.21922577011644123, 0.030774229883558768), 'F': (-0.13717960696975773, 0.11282039303024227), 'B': (-0.07466862723578878, 0.17533137276421124)}}"
D_ample_none_i2,4.2,safety_recheck,FM_predicted_gap
D_ample_none_i2,4.25,action_interval_infeasible,"{'one_step_feasible': 0, 'next_h_min': -0.305515208640084, 'next_h': {'FM': -0.305515208640084, 'MR': 6.4319738529153145, 'RB': 13.75427944583737}, 'action_intervals': {'M': (-4.0, -3.875), 'R': (-0.21848613258841781, 0.0315138674115822), 'F': (-0.13666197367354266, 0.11333802632645736), 'B': (-0.07792944256269328, 0.1720705574373067)}}"
D_ample_none_i2,4.25,safety_recheck,FM_predicted_gap
D_ample_none_i2,4.3,action_interval_infeasible,"{'one_step_feasible': 0, 'next_h_min': -0.19201393485081603, 'next_h': {'FM': -0.19201393485081603, 'MR': 6.383048435644757, 'RB': 13.733771330809525}, 'action_intervals': {'M': (-4.0, -3.875), 'R': (-0.21766746659484099, 0.032332533405159014), 'F': (-0.13616633979241718, 0.11383366020758282), 'B': (-0.08111904180758822, 0.16888095819241178)}}"
D_ample_none_i2,4.3,safety_recheck,FM_predicted_gap
D_ample_none_i2,4.3500000000000005,action_interval_infeasible,"{'one_step_feasible': 0, 'next_h_min': -0.06853882248709169, 'next_h': {'FM': -0.06853882248709169, 'MR': 6.324334439756166, 'RB': 13.712990187017164}, 'action_intervals': {'M': (-4.0, -3.875), 'R': (-0.21677512329975798, 0.03322487670024202), 'F': (-0.13569177035123853, 0.11430822964876146), 'B': (-0.08423705396160051, 0.16576294603839947)}}"
D_ample_none_i2,4.7,merge_exit_before_completion,started_but_failed
D_ample_prepare_i0,0.0,startup_physical_check,"{'in_start_zone': True, 'slot_ok': False, 'necessary_bound_ok': True, 'remaining_distance_m': 96.0, 'min_forward_distance_m': 55.849300000000085, 'interval_width_m': 7.400000000000006, 'current_speed_forecast_min_slot_width_m': 7.399999999999999, 'current_speed_forecast_min_front_margin_m': 1.0, 'current_speed_forecast_min_rear_margin_m': -4.1000000000000005, 'physical_ok': False}"
D_ample_prepare_i0,1.2500000000000002,merge_started,
D_ample_prepare_i0,3.6,action_interval_infeasible,"{'one_step_feasible': 0, 'next_h_min': -0.02480143583498059, 'next_h': {'FM': -0.02480143583498059, 'MR': 8.246090318842755, 'RB': 12.475655370505809}, 'action_intervals': {'M': (-1.9445624877977385, -1.6945624877977385), 'R': (0.08239291920477215, 0.33239291920477215), 'F': (0.0021974326760942076, 0.2521974326760942), 'B': (-0.23112607284977246, 0.018873927150227537)}}"
D_ample_prepare_i0,3.6500000000000004,action_interval_infeasible,"{'one_step_feasible': 0, 'next_h_min': -0.052666611128297756, 'next_h': {'FM': -0.052666611128297756, 'MR': 8.324378695257398, 'RB': 12.437725436980438}, 'action_intervals': {'M': (-2.0695624877977385, -1.8195624877977385), 'R': (0.08648619676270569, 0.3364861967627057), 'F': (-0.0032084582126399724, 0.24679154178736), 'B': (-0.22528437045352956, 0.024715629546470455)}}"
D_ample_prepare_i0,3.7,action_interval_infeasible,"{'one_step_feasible': 0, 'next_h_min': -0.07272878689211712, 'next_h': {'FM': -0.07272878689211712, 'MR': 8.396743393157873, 'RB': 12.400466721009092}, 'action_intervals': {'M': (-2.1945624877977385, -1.9445624877977385), 'R': (0.09001107632046695, 0.34001107632046695), 'F': (-0.008384598738603977, 0.24161540126139602), 'B': (-0.21952285239439537, 0.030477147605604632)}}"
D_ample_prepare_i0,3.75,action_interval_infeasible,"{'one_step_feasible': 0, 'next_h_min': -0.08468759021715538, 'next_h': {'FM': -0.08468759021715538, 'MR': 8.462874004040264, 'RB': 12.363873705968608}, 'action_intervals': {'M': (-2.3195624877977385, -2.0695624877977385), 'R': (0.09299745519253177, 0.3429974551925318), 'F': (-0.013340753292214028, 0.236659246707786), 'B': (-0.21385083952186235, 0.036149160478137654)}}"
D_ample_prepare_i0,3.8000000000000003,action_interval_infeasible,"{'one_step_feasible': 0, 'next_h_min': -0.088242132792763, 'next_h': {'FM': -0.088242132792763, 'MR': 8.522460874768502, 'RB': 12.327940019297325}, 'action_intervals': {'M': (-2.4445624877977385, -2.1945624877977385), 'R': (0.09547410375735083, 0.3454741037573508), 'F': (-0.01808627127729441, 0.2319137287227056), 'B': (-0.20827667330175378, 0.041723326698246216)}}"
D_ample_prepare_i0,3.85,action_interval_infeasible,"{'one_step_feasible': 0, 'next_h_min': -0.08309103281141486, 'next_h': {'FM': -0.08309103281141486, 'MR': 8.575195058240402, 'RB': 12.292658502785303}, 'action_intervals': {'M': (-2.5695624877977385, -2.3195624877977385), 'R': (0.09746869977375211, 0.3474686997737521), 'F': (-0.022630104748010457, 0.22736989525198953), 'B': (-0.20280777631815622, 0.04719222368184378)}}"
D_ample_prepare_i0,3.9000000000000004,action_interval_infeasible,"{'one_step_feasible': 0, 'next_h_min': -0.06893243594250723, 'next_h': {'FM': -0.06893243594250723, 'MR': 8.620768266093195, 'RB': 12.258021279154134}, 'action_intervals': {'M': (-2.6945624877977385, -2.4445624877977385), 'R': (0.0990078617670268, 0.3490078617670268), 'F': (-0.026980825296219105, 0.2230191747037809), 'B': (-0.19745071053175373, 0.05254928946824629)}}"
D_ample_prepare_i0,3.95,action_interval_infeasible,"{'one_step_feasible': 0, 'next_h_min': -0.0454640354143655, 'next_h': {'FM': -0.0454640354143655, 'MR': 8.658872823382719, 'RB': 12.224019815102652}, 'action_intervals': {'M': (-2.8195624877977385, -2.5695624877977385), 'R': (0.10011718151285479, 0.35011718151285476), 'F': (-0.031146640221129118, 0.21885335977887088), 'B': (-0.19221123322169575, 0.05778876677830426)}}"
D_ample_prepare_i0,4.0,action_interval_infeasible,"{'one_step_feasible': 0, 'next_h_min': -0.012383091243183382, 'next_h': {'FM': -0.012383091243183382, 'MR': 8.689201625174205, 'RB': 12.190644980985248}, 'action_intervals': {'M': (-2.9445624877977385, -2.6945624877977385), 'R': (0.10082125564532249, 0.3508212556453225), 'F': (-0.03513540801173197, 0.21486459198826802), 'B': (-0.1870943505656639, 0.0629056494343361)}}"
D_ample_prepare_i0,4.25,merge_completed,
D_ample_prepare_i1,0.0,startup_physical_check,"{'in_start_zone': True, 'slot_ok': False, 'necessary_bound_ok': True, 'remaining_distance_m': 99.0, 'min_forward_distance_m': 50.74930000000009, 'interval_width_m': 7.924999999999997, 'current_speed_forecast_min_slot_width_m': 7.925000000000001, 'current_speed_forecast_min_front_margin_m': 9.694999999999993, 'current_speed_forecast_min_rear_margin_m': -7.169999999999999, 'physical_ok': False}"
D_ample_prepare_i1,4.7,missed_window,missed_window
D_ample_prepare_i2,0.0,startup_physical_check,"{'in_start_zone': True, 'slot_ok': False, 'necessary_bound_ok': True, 'remaining_distance_m': 97.0, 'min_forward_distance_m': 55.849300000000056, 'interval_width_m': 4.609999999999999, 'current_speed_forecast_min_slot_width_m': 4.609999999999999, 'current_speed_forecast_min_front_margin_m': 0.5, 'current_speed_forecast_min_rear_margin_m': -6.39, 'physical_ok': False}"
D_ample_prepare_i2,1.7000000000000002,merge_started,
D_ample_prepare_i2,2.85,action_interval_infeasible,"{'one_step_feasible': 0, 'next_h_min': -0.010527101571187046, 'next_h': {'FM': -0.010527101571187046, 'MR': 4.743909305858439, 'RB': 13.864176927807286}, 'action_intervals': {'M': (-1.626738769896032, -1.376738769896032), 'R': (-0.5956966386361484, -0.34569663863614836), 'F': (0.4675504218262828, 0.7175504218262828), 'B': (-0.10475552880026251, 0.1452444711997375)}}"
D_ample_prepare_i2,2.9000000000000004,action_interval_infeasible,"{'one_step_feasible': 0, 'next_h_min': -0.16676453830164648, 'next_h': {'FM': -0.16676453830164648, 'MR': 4.922106327212511, 'RB': 13.830056532478343}, 'action_intervals': {'M': (-1.751738769896032, -1.501738769896032), 'R': (-0.5517826128443668, -0.30178261284436686), 'F': (0.5925504218262828, 0.8425504218262828), 'B': (-0.11427816152355638, 0.13572183847644362)}}"
D_ample_prepare_i2,2.9000000000000004,safety_recheck,FM_predicted_gap
D_ample_prepare_i2,2.95,action_interval_infeasible,"{'one_step_feasible': 0, 'next_h_min': -0.3140162520528049, 'next_h': {'FM': -0.3140162520528049, 'MR': 5.0956941175367465, 'RB': 13.795199944345033}, 'action_intervals': {'M': (-1.876738769896032, -1.626738769896032), 'R': (-0.502600119289859, -0.25260011928985904), 'F': (0.7175504218262828, 0.9675504218262828), 'B': (-0.12295996614033572, 0.12704003385966428)}}"
D_ample_prepare_i2,2.95,safety_recheck,FM_predicted_gap
D_ample_prepare_i2,3.0,action_interval_infeasible,"{'one_step_feasible': 0, 'next_h_min': -0.45165724282465214, 'next_h': {'FM': -0.45165724282465214, 'MR': 5.264132291495705, 'RB': 13.759748759230515}, 'action_intervals': {'M': (-2.001738769896032, -1.751738769896032), 'R': (-0.4483262844464005, -0.1983262844464005), 'F': (0.8425504218262828, 1.092550421826283), 'B': (-0.13069678133808021, 0.11930321866191979)}}"
D_ample_prepare_i2,3.0,safety_recheck,FM_predicted_gap
D_ample_prepare_i2,3.0500000000000003,action_interval_infeasible,"{'one_step_feasible': 0, 'next_h_min': -0.5790796211095639, 'next_h': {'FM': -0.5790796211095639, 'MR': 5.426871372341543, 'RB': 13.723852297706932}, 'action_intervals': {'M': (-2.126738769896032, -1.8767387698960318), 'R': (-0.3891350763590512, -0.1391350763590512), 'F': (0.9675504218262829, 1.217550421826283), 'B': (-0.1373894622149654, 0.11261053778503459)}}"
D_ample_prepare_i2,3.0500000000000003,safety_recheck,FM_predicted_gap
D_ample_prepare_i2,3.1,action_interval_infeasible,"{'one_step_feasible': 0, 'next_h_min': -0.6958957025702116, 'next_h': {'FM': -0.6958957025702116, 'MR': 5.583366132439567, 'RB': 13.687666218224834}, 'action_intervals': {'M': (-2.251738769896032, -2.001738769896032), 'R': (-0.3251972694636024, -0.07519726946360236), 'F': (1.0788620279120238, 1.3288620279120238), 'B': (-0.14294494849274528, 0.10705505150725471)}}"
D_ample_prepare_i2,3.1,safety_recheck,FM_predicted_gap
D_ample_prepare_i2,3.1500000000000004,action_interval_infeasible,"{'one_step_feasible': 0, 'next_h_min': -0.8019181794522764, 'next_h': {'FM': -0.8019181794522764, 'MR': 5.733218330102537, 'RB': 13.651341165910313}, 'action_intervals': {'M': (-2.376738769896032, -2.126738769896032), 'R': (-0.25737236297109145, -0.007372362971091478), 'F': (1.0276978917257629, 1.2776978917257629), 'B': (-0.14727730640088926, 0.10272269359911074)}}"
D_ample_prepare_i2,3.1500000000000004,safety_recheck,FM_predicted_gap
D_ample_prepare_i2,3.2,action_interval_infeasible,"{'one_step_feasible': 0, 'next_h_min': -0.8970520388312889, 'next_h': {'FM': -0.8970520388312889, 'MR': 5.876037055743865, 'RB': 13.615015350459734}, 'action_intervals': {'M': (-2.501738769896032, -2.251738769896032), 'R': (-0.19401788735887165, 0.055982112641128345), 'F': (0.9787082313274165, 1.2287082313274165), 'B': (-0.15032113117390225, 0.09967886882609775)}}"
D_ample_prepare_i2,3.2,safety_recheck,FM_predicted_gap
D_ample_prepare_i2,3.25,action_interval_infeasible,"{'one_step_feasible': 0, 'next_h_min': -0.9812972807072518, 'next_h': {'FM': -0.9812972807072518, 'MR': 6.011512381154441, 'RB': 13.578810359768127}, 'action_intervals': {'M': (-2.626738769896032, -2.376738769896032), 'R': (-0.13492883054181945, 0.11507116945818055), 'F': (0.8537082313274165, 1.1037082313274165), 'B': (-0.1521673942874685, 0.09783260571253148)}}"
D_ample_prepare_i2,3.25,safety_recheck,FM_predicted_gap
D_ample_prepare_i2,3.3000000000000003,action_interval_infeasible,"{'one_step_feasible': 0, 'next_h_min': -1.054653905080136, 'next_h': {'FM': -1.054653905080136, 'MR': 6.139350616836133, 'RB': 13.542828288315135}, 'action_intervals': {'M': (-2.751738769896032, -2.501738769896032), 'R': (-0.08385547681631678, 0.16614452318368322), 'F': (0.7287082313274165, 0.9787082313274165), 'B': (-0.1529080160172639, 0.0970919839827361)}}"
D_ample_prepare_i2,3.3000000000000003,safety_recheck,FM_predicted_gap
D_ample_prepare_i2,3.35,action_interval_infeasible,"{'one_step_feasible': 0, 'next_h_min': -1.1171219119499947, 'next_h': {'FM': -1.1171219119499947, 'MR': 6.259273832055968, 'RB': 13.50715259220502}, 'action_intervals': {'M': (-2.876738769896032, -2.626738769896032), 'R': (-0.040595130353581504, 0.2094048696464185), 'F': (0.6037082313274165, 0.8537082313274165), 'B': (-0.15270601375259457, 0.09729398624740543)}}"
D_ample_prepare_i2,3.35,safety_recheck,FM_predicted_gap
D_ample_prepare_i2,3.4000000000000004,action_interval_infeasible,"{'one_step_feasible': 0, 'next_h_min': -1.1687013013168048, 'next_h': {'FM': -1.1687013013168048, 'MR': 6.371019381298912, 'RB': 13.471848904230683}, 'action_intervals': {'M': (-3.001738769896032, -2.751738769896032), 'R': (-0.004946524325583679, 0.24505347567441632), 'F': (0.47870823132741647, 0.7287082313274165), 'B': (-0.1517213405192365, 0.0982786594807635)}}"
D_ample_prepare_i2,3.4000000000000004,safety_recheck,FM_predicted_gap
D_ample_prepare_i2,3.45,action_interval_infeasible,"{'one_step_feasible': 0, 'next_h_min': -1.2093920731805345, 'next_h': {'FM': -1.2093920731805345, 'MR': 6.4743394373239935, 'RB': 13.436965811839132}, 'action_intervals': {'M': (-3.126738769896032, -2.876738769896032), 'R': (0.023290028365543947, 0.27329002836554395), 'F': (0.35370823132741647, 0.6037082313274165), 'B': (-0.15010936208737738, 0.09989063791262262)}}"
D_ample_prepare_i2,3.45,safety_recheck,FM_predicted_gap
D_ample_prepare_i2,3.5,action_interval_infeasible,"{'one_step_feasible': 0, 'next_h_min': -1.2391942275412127, 'next_h': {'FM': -1.2391942275412127, 'MR': 6.569000531010635, 'RB': 13.402535601086052}, 'action_intervals': {'M': (-3.251738769896032, -3.001738769896032), 'R': (0.044312493549353044, 0.29431249354935307), 'F': (0.22870823132741647, 0.47870823132741647), 'B': (-0.14801971009667825, 0.10198028990332175)}}"
D_ample_prepare_i2,3.5,safety_recheck,FM_predicted_gap
D_ample_prepare_i2,3.5500000000000003,action_interval_infeasible,"{'one_step_feasible': 0, 'next_h_min': -1.2580784028970995, 'next_h': {'FM': -1.2580784028970995, 'MR': 6.654783098165505, 'RB': 13.368574969813636}, 'action_intervals': {'M': (-3.376738769896032, -3.126738769896032), 'R': (0.05831698314139147, 0.30831698314139144), 'F': (0.10370823132741647, 0.35370823132741647), 'B': (-0.14559547102396597, 0.10440452897603403)}}"
D_ample_prepare_i2,3.5500000000000003,safety_recheck,FM_predicted_gap
D_ample_prepare_i2,3.6,action_interval_infeasible,"{'one_step_feasible': 0, 'next_h_min': -1.2658657451101838, 'next_h': {'FM': -1.2658657451101838, 'MR': 6.7314587700859745, 'RB': 13.335087197605507}, 'action_intervals': {'M': (-3.501738769896032, -3.251738769896032), 'R': (0.0654976310961122, 0.3154976310961122), 'F': (0.0021974326760942076, 0.2521974326760942), 'B': (-0.14297267290678403, 0.10702732709321597)}}"
D_ample_prepare_i2,3.6,safety_recheck,FM_predicted_gap
D_ample_prepare_i2,3.6500000000000004,action_interval_infeasible,"{'one_step_feasible': 0, 'next_h_min': -1.2622569817197549, 'next_h': {'FM': -1.2622569817197549, 'MR': 6.7987187811618055, 'RB': 13.302069921577438}, 'action_intervals': {'M': (-3.626738769896032, -3.376738769896032), 'R': (0.06723385679789146, 0.31723385679789146), 'F': (-0.0032084582126399724, 0.24679154178736), 'B': (-0.14028003408819967, 0.10971996591180033)}}"
D_ample_prepare_i2,3.6500000000000004,safety_recheck,FM_predicted_gap
D_ample_prepare_i2,3.7,action_interval_infeasible,"{'one_step_feasible': 0, 'next_h_min': -1.2469522780945863, 'next_h': {'FM': -1.2469522780945863, 'MR': 6.856254963800163, 'RB': 13.269519941269769}, 'action_intervals': {'M': (-3.751738769896032, -3.501738769896032), 'R': (0.06853941828776086, 0.3185394182877609), 'F': (-0.008384598738603977, 0.24161540126139602), 'B': (-0.13761760747411397, 0.11238239252588604)}}"
D_ample_prepare_i2,3.7,safety_recheck,FM_predicted_gap
D_ample_prepare_i2,3.75,action_interval_infeasible,"{'one_step_feasible': 0, 'next_h_min': -1.219651261325421, 'next_h': {'FM': -1.219651261325421, 'MR': 6.903759704435894, 'RB': 13.237433286045809}, 'action_intervals': {'M': (-3.876738769896032, -3.626738769896032), 'R': (0.06943984319422242, 0.3194398431942224), 'F': (-0.013340753292214028, 0.236659246707786), 'B': (-0.1349924141318936, 0.11500758586810639)}}"
D_ample_prepare_i2,3.75,safety_recheck,FM_predicted_gap
D_ample_prepare_i2,3.8000000000000003,action_interval_infeasible,"{'one_step_feasible': 0, 'next_h_min': -1.1800856450371082, 'next_h': {'FM': -1.1800856450371082, 'MR': 6.9409280749799205, 'RB': 13.205805278942593}, 'action_intervals': {'M': (-4.0, -3.751738769896032), 'R': (0.06995960159024223, 0.3199596015902422), 'F': (-0.01808627127729441, 0.2319137287227056), 'B': (-0.13241080039464298, 0.117589199605357)}}"
D_ample_prepare_i2,3.8000000000000003,safety_recheck,FM_predicted_gap
D_ample_prepare_i2,3.85,action_interval_infeasible,"{'one_step_feasible': 0, 'next_h_min': -1.130269542411314, 'next_h': {'FM': -1.130269542411314, 'MR': 6.967611869250306, 'RB': 13.174630597134772}, 'action_intervals': {'M': (-4.0, -3.875), 'R': (0.07012214160905969, 0.3201221416090597), 'F': (-0.022630104748010457, 0.22736989525198953), 'B': (-0.12987847723472762, 0.12012152276527238)}}"
D_ample_prepare_i2,3.85,safety_recheck,FM_predicted_gap
D_ample_prepare_i2,3.9000000000000004,action_interval_infeasible,"{'one_step_feasible': 0, 'next_h_min': -1.0702135991174506, 'next_h': {'FM': -1.0702135991174506, 'MR': 6.983817391243507, 'RB': 13.14390332916636}, 'action_intervals': {'M': (-4.0, -3.875), 'R': (0.06994992398783226, 0.3199499239878323), 'F': (-0.026980825296219105, 0.2230191747037809), 'B': (-0.12740055831776223, 0.12259944168223777)}}"
D_ample_prepare_i2,3.9000000000000004,safety_recheck,FM_predicted_gap
D_ample_prepare_i2,3.95,action_interval_infeasible,"{'one_step_feasible': 0, 'next_h_min': -0.9999280083838735, 'next_h': {'FM': -0.9999280083838735, 'MR': 6.989551342105701, 'RB': 13.113617029097561}, 'action_intervals': {'M': (-4.0, -3.875), 'R': (0.06946445557264042, 0.3194644555726404), 'F': (-0.031146640221129118, 0.21885335977887088), 'B': (-0.12498159667315849, 0.1250184033268415)}}"
D_ample_prepare_i2,3.95,safety_recheck,FM_predicted_gap
D_ample_prepare_i2,4.0,action_interval_infeasible,"{'one_step_feasible': 0, 'next_h_min': -0.919422530226755, 'next_h': {'FM': -0.919422530226755, 'MR': 6.984820785354195, 'RB': 13.083764767707489}, 'action_intervals': {'M': (-4.0, -3.875), 'R': (0.06868632181717685, 0.3186863218171768), 'F': (-0.03513540801173197, 0.21486459198826802), 'B': (-0.12262561993650074, 0.12737438006349924)}}"
D_ample_prepare_i2,4.0,safety_recheck,FM_predicted_gap
D_ample_prepare_i2,4.05,action_interval_infeasible,"{'one_step_feasible': 0, 'next_h_min': -0.828706509861619, 'next_h': {'FM': -0.828706509861619, 'MR': 6.969633113750173, 'RB': 13.054339180887379}, 'action_intervals': {'M': (-4.0, -3.875), 'R': (0.06763521830587763, 0.3176352183058776), 'F': (-0.03895465317123481, 0.2110453468287652), 'B': (-0.12033616413555871, 0.1296638358644413)}}"
D_ample_prepare_i2,4.05,safety_recheck,FM_predicted_gap
D_ample_prepare_i2,4.1000000000000005,action_interval_infeasible,"{'one_step_feasible': 0, 'next_h_min': -0.7277888953323237, 'next_h': {'FM': -0.7277888953323237, 'MR': 6.94399601776362, 'RB': 13.025332515352712}, 'action_intervals': {'M': (-4.0, -3.875), 'R': (0.06632998133143303, 0.31632998133143303), 'F': (-0.04261158041145628, 0.2073884195885437), 'B': (-0.11811630600609119, 0.1318836939939088)}}"
D_ample_prepare_i2,4.1000000000000005,safety_recheck,FM_predicted_gap
D_ample_prepare_i2,4.15,action_interval_infeasible,"{'one_step_feasible': 0, 'next_h_min': -0.6166782543908215, 'next_h': {'FM': -0.6166782543908215, 'MR': 6.907917455572752, 'RB': 12.99673667179698}, 'action_intervals': {'M': (-4.0, -3.875), 'R': (0.06478861755542012, 0.3147886175554201), 'F': (-0.046113088243970424, 0.20388691175602958), 'B': (-0.11596869383582199, 0.13403130616417802)}}"
D_ample_prepare_i2,4.15,safety_recheck,FM_predicted_gap
D_ample_prepare_i2,4.2,action_interval_infeasible,"{'one_step_feasible': 0, 'next_h_min': -0.49538279065961227, 'next_h': {'FM': -0.49538279065961227, 'MR': 6.8614056245422645, 'RB': 12.968543245604373}, 'action_intervals': {'M': (-4.0, -3.875), 'R': (0.06302833277944628, 0.3130283327794463), 'F': (-0.04946578199360108, 0.20053421800639892), 'B': (-0.11389557684536779, 0.13610442315463223)}}"
D_ample_prepare_i2,4.2,safety_recheck,FM_predicted_gap
D_ample_prepare_i2,4.25,action_interval_infeasible,"{'one_step_feasible': 0, 'next_h_min': -0.3639103591072815, 'next_h': {'FM': -0.3639103591072815, 'MR': 6.804468934126654, 'RB': 12.9407435652332}, 'action_intervals': {'M': (-4.0, -3.875), 'R': (0.06106555985346859, 0.3110655598534686), 'F': (-0.05267598625887171, 0.1973240137411283), 'B': (-0.11189883312375132, 0.13810116687624868)}}"
D_ample_prepare_i2,4.25,safety_recheck,FM_predicted_gap
D_ample_prepare_i2,4.3,action_interval_infeasible,"{'one_step_feasible': 0, 'next_h_min': -0.2222684808662394, 'next_h': {'FM': -0.2222684808662394, 'MR': 6.737115980145544, 'RB': 12.913328728376996}, 'action_intervals': {'M': (-4.0, -3.875), 'R': (0.058915985747044736, 0.3089159857470447), 'F': (-0.05574975684286887, 0.19425024315713113), 'B': (-0.10997999614343623, 0.14002000385656377)}}"
D_ample_prepare_i2,4.3,safety_recheck,FM_predicted_gap
D_ample_prepare_i2,4.3500000000000005,action_interval_infeasible,"{'one_step_feasible': 0, 'next_h_min': -0.07046435742073202, 'next_h': {'FM': -0.07046435742073202, 'MR': 6.659355520380691, 'RB': 12.886289636005436}, 'action_intervals': {'M': (-4.0, -3.875), 'R': (0.05659457780795804, 0.30659457780795807), 'F': (-0.05869289217704683, 0.19130710782295318), 'B': (-0.10814027988595046, 0.14185972011404954)}}"
D_ample_prepare_i2,4.7,merge_completed,
D_collaborative_none_i0,0.0,startup_physical_check,"{'in_start_zone': True, 'slot_ok': False, 'necessary_bound_ok': True, 'remaining_distance_m': 94.0, 'min_forward_distance_m': 54.349300000000085, 'interval_width_m': -1.424999999999983, 'current_speed_forecast_min_slot_width_m': -1.425000000000015, 'current_speed_forecast_min_front_margin_m': -6.824999999999998, 'current_speed_forecast_min_rear_margin_m': -5.1000000000000005, 'physical_ok': False}"
D_collaborative_none_i0,4.8500000000000005,missed_window,missed_window
D_collaborative_none_i1,0.0,startup_physical_check,"{'in_start_zone': True, 'slot_ok': False, 'necessary_bound_ok': True, 'remaining_distance_m': 97.0, 'min_forward_distance_m': 49.24930000000012, 'interval_width_m': -0.8999999999999915, 'current_speed_forecast_min_slot_width_m': -1.4999999999999947, 'current_speed_forecast_min_front_margin_m': 1.869999999999994, 'current_speed_forecast_min_rear_margin_m': -8.169999999999998, 'physical_ok': False}"
D_collaborative_none_i1,4.9,missed_window,missed_window
D_collaborative_none_i2,0.0,startup_physical_check,"{'in_start_zone': True, 'slot_ok': False, 'necessary_bound_ok': True, 'remaining_distance_m': 95.0, 'min_forward_distance_m': 54.349300000000056, 'interval_width_m': -4.214999999999989, 'current_speed_forecast_min_slot_width_m': -4.215, 'current_speed_forecast_min_front_margin_m': -7.324999999999998, 'current_speed_forecast_min_rear_margin_m': -7.39, 'physical_ok': False}"
D_collaborative_none_i2,5.0,missed_window,missed_window
D_collaborative_prepare_i0,0.0,startup_physical_check,"{'in_start_zone': True, 'slot_ok': False, 'necessary_bound_ok': True, 'remaining_distance_m': 94.0, 'min_forward_distance_m': 54.349300000000085, 'interval_width_m': -1.424999999999983, 'current_speed_forecast_min_slot_width_m': -1.425000000000015, 'current_speed_forecast_min_front_margin_m': -6.824999999999998, 'current_speed_forecast_min_rear_margin_m': -5.1000000000000005, 'physical_ok': False}"
D_collaborative_prepare_i0,4.9,missed_window,missed_window
D_collaborative_prepare_i1,0.0,startup_physical_check,"{'in_start_zone': True, 'slot_ok': False, 'necessary_bound_ok': True, 'remaining_distance_m': 97.0, 'min_forward_distance_m': 49.24930000000012, 'interval_width_m': -0.8999999999999915, 'current_speed_forecast_min_slot_width_m': -1.4999999999999947, 'current_speed_forecast_min_front_margin_m': 1.869999999999994, 'current_speed_forecast_min_rear_margin_m': -8.169999999999998, 'physical_ok': False}"
D_collaborative_prepare_i1,4.95,missed_window,missed_window
D_collaborative_prepare_i2,0.0,startup_physical_check,"{'in_start_zone': True, 'slot_ok': False, 'necessary_bound_ok': True, 'remaining_distance_m': 95.0, 'min_forward_distance_m': 54.349300000000056, 'interval_width_m': -4.214999999999989, 'current_speed_forecast_min_slot_width_m': -4.215, 'current_speed_forecast_min_front_margin_m': -7.324999999999998, 'current_speed_forecast_min_rear_margin_m': -7.39, 'physical_ok': False}"
D_collaborative_prepare_i2,5.05,missed_window,missed_window
D_short_window_none_i0,0.0,startup_physical_check,"{'in_start_zone': True, 'slot_ok': False, 'necessary_bound_ok': True, 'remaining_distance_m': 92.0, 'min_forward_distance_m': 52.84930000000017, 'interval_width_m': -9.424999999999983, 'current_speed_forecast_min_slot_width_m': -10.925, 'current_speed_forecast_min_front_margin_m': -11.149999999999999, 'current_speed_forecast_min_rear_margin_m': -7.2749999999999995, 'physical_ok': False}"
D_short_window_none_i0,5.4,missed_window,missed_window
D_short_window_none_i1,0.0,startup_physical_check,"{'in_start_zone': True, 'slot_ok': False, 'necessary_bound_ok': True, 'remaining_distance_m': 95.0, 'min_forward_distance_m': 47.74930000000005, 'interval_width_m': -8.899999999999991, 'current_speed_forecast_min_slot_width_m': -10.999999999999993, 'current_speed_forecast_min_front_margin_m': -2.4550000000000045, 'current_speed_forecast_min_rear_margin_m': -10.344999999999999, 'physical_ok': False}"
D_short_window_none_i1,5.5,missed_window,missed_window
D_short_window_none_i2,0.0,startup_physical_check,"{'in_start_zone': True, 'slot_ok': False, 'necessary_bound_ok': True, 'remaining_distance_m': 93.0, 'min_forward_distance_m': 52.84930000000011, 'interval_width_m': -12.21499999999999, 'current_speed_forecast_min_slot_width_m': -12.215, 'current_speed_forecast_min_front_margin_m': -11.649999999999999, 'current_speed_forecast_min_rear_margin_m': -9.564999999999998, 'physical_ok': False}"
D_short_window_none_i2,5.6000000000000005,missed_window,missed_window
D_short_window_prepare_i0,0.0,startup_physical_check,"{'in_start_zone': True, 'slot_ok': False, 'necessary_bound_ok': True, 'remaining_distance_m': 92.0, 'min_forward_distance_m': 52.84930000000017, 'interval_width_m': -9.424999999999983, 'current_speed_forecast_min_slot_width_m': -10.925, 'current_speed_forecast_min_front_margin_m': -11.149999999999999, 'current_speed_forecast_min_rear_margin_m': -7.2749999999999995, 'physical_ok': False}"
D_short_window_prepare_i0,3.25,merge_started,
D_short_window_prepare_i0,3.3000000000000003,action_interval_infeasible,"{'one_step_feasible': 0, 'next_h_min': -0.009755558591754, 'next_h': {'FM': 0.4867827021244263, 'MR': -0.009755558591754, 'RB': 6.7211838530672345}, 'action_intervals': {'M': (-0.4942748224337996, -0.2442748224337996), 'R': (0.8855419995773948, 1.1355419995773948), 'F': (0.7471359600661203, 0.9971359600661203), 'B': (-0.7881295897705337, -0.5381295897705337)}}"
D_short_window_prepare_i0,3.35,action_interval_infeasible,"{'one_step_feasible': 0, 'next_h_min': -0.02885040978263744, 'next_h': {'FM': 0.6679976073408364, 'MR': -0.02885040978263744, 'RB': 6.658013660960357}, 'action_intervals': {'M': (-0.3692748224337996, -0.11927482243379961), 'R': (0.7605419995773948, 1.0105419995773948), 'F': (0.6221359600661203, 0.8721359600661203), 'B': (-0.7204597201374165, -0.47045972013741655)}}"
D_short_window_prepare_i0,3.4000000000000004,action_interval_infeasible,"{'one_step_feasible': 0, 'next_h_min': -0.0476448030285369, 'next_h': {'FM': 0.8485660395134919, 'MR': -0.0476448030285369, 'RB': 6.597005010829849}, 'action_intervals': {'M': (-0.2442748224337996, 0.00572517756620039), 'R': (0.6355419995773948, 0.8855419995773948), 'F': (0.49713596006612026, 0.7471359600661203), 'B': (-0.6623280405341493, -0.4123280405341493)}}"
D_short_window_prepare_i0,3.45,action_interval_infeasible,"{'one_step_feasible': 0, 'next_h_min': -0.06551373832945383, 'next_h': {'FM': 1.0278629986423797, 'MR': -0.06551373832945383, 'RB': 6.537871471546734}, 'action_intervals': {'M': (-0.11927482243379961, 0.1307251775662004), 'R': (0.5105419995773948, 0.7605419995773948), 'F': (0.37213596006612026, 0.6221359600661203), 'B': (-0.6128942739258815, -0.36289427392588147)}}"
D_short_window_prepare_i0,3.5,action_interval_infeasible,"{'one_step_feasible': 0, 'next_h_min': -0.08183221568540387, 'next_h': {'FM': 1.205263484727516, 'MR': -0.08183221568540387, 'RB': 6.480335135831128}, 'action_intervals': {'M': (0.00572517756620039, 0.2557251775662004), 'R': (0.38554199957739477, 0.6355419995773948), 'F': (0.24713596006612026, 0.49713596006612026), 'B': (-0.5714420159855677, -0.32144201598556765)}}"
D_short_window_prepare_i0,3.5500000000000003,action_interval_infeasible,"{'one_step_feasible': 0, 'next_h_min': -0.09597523509637167, 'next_h': {'FM': 1.3801640274858846, 'MR': -0.09597523509637167, 'RB': 6.424126834666365}, 'action_intervals': {'M': (0.1307251775662004, 0.3807251775662004), 'R': (0.26054199957739477, 0.5105419995773948), 'F': (0.12213596006612026, 0.37213596006612026), 'B': (-0.537361670845296, -0.287361670845296)}}"
D_short_window_prepare_i0,3.6,action_interval_infeasible,"{'one_step_feasible': 0, 'next_h_min': -0.10731779656237175, 'next_h': {'FM': 1.552110003148598, 'MR': -0.10731779656237175, 'RB': 6.368986362887644}, 'action_intervals': {'M': (0.2557251775662004, 0.5057251775662004), 'R': (0.13554199957739477, 0.38554199957739477), 'F': (0.014359733643640904, 0.2643597336436409), 'B': (-0.5101363575017288, -0.2601363575017288)}}"
D_short_window_prepare_i0,3.6500000000000004,action_interval_infeasible,"{'one_step_feasible': 0, 'next_h_min': -0.11523490008336315, 'next_h': {'FM': 1.7207744193921237, 'MR': -0.11523490008336315, 'RB': 6.314662720844538}, 'action_intervals': {'M': (0.3807251775662004, 0.6307251775662004), 'R': (0.010541999577394767, 0.26054199957739477), 'F': (0.008436944963787246, 0.2584369449637872), 'B': (-0.4893301438126623, -0.23933014381266232)}}"
D_short_window_prepare_i0,3.7,action_interval_infeasible,"{'one_step_feasible': 0, 'next_h_min': -0.11910154565941751, 'next_h': {'FM': 1.8858308998166329, 'MR': -0.11910154565941751, 'RB': 6.260914374335823}, 'action_intervals': {'M': (0.5057251775662004, 0.7557251775662004), 'R': (-0.11445800042260523, 0.13554199957739477), 'F': (0.002765874802826751, 0.25276587480282675), 'B': (-0.4745781105938121, -0.2245781105938121)}}"
D_short_window_prepare_i0,3.75,action_interval_infeasible,"{'one_step_feasible': 0, 'next_h_min': -0.11829273329054958, 'next_h': {'FM': 2.0469536577693628, 'MR': -0.11829273329054958, 'RB': 6.207509532900013}, 'action_intervals': {'M': (0.6307251775662004, 0.8807251775662004), 'R': (-0.23945800042260523, 0.010541999577394767), 'F': (-0.0026641748762930434, 0.24733582512370694), 'B': (-0.46557785773797833, -0.21557785773797833)}}"
D_short_window_prepare_i0,3.8000000000000003,action_interval_infeasible,"{'one_step_feasible': 0, 'next_h_min': -0.11218346297668891, 'next_h': {'FM': 2.203817471280191, 'MR': -0.11218346297668891, 'RB': 6.154226444861812}, 'action_intervals': {'M': (0.7557251775662004, 1.0057251775662004), 'R': (-0.36445800042260523, -0.11445800042260523), 'F': (-0.007863447444051458, 0.24213655255594854), 'B': (-0.4620821473162126, -0.2120821473162126)}}"
D_short_window_prepare_i0,3.85,action_interval_infeasible,"{'one_step_feasible': 0, 'next_h_min': -0.10014873471784914, 'next_h': {'FM': 2.3560976590627862, 'MR': -0.10014873471784914, 'RB': 6.10085370617223}, 'action_intervals': {'M': (0.8807251775662004, 1.1307251775662004), 'R': (-0.48945800042260523, -0.23945800042260523), 'F': (-0.01284175092768046, 0.23715824907231953), 'B': (-0.4638924422703784, -0.2138924422703784)}}"
D_short_window_prepare_i0,3.9000000000000004,action_interval_infeasible,"{'one_step_feasible': 0, 'next_h_min': -0.08172235851081991, 'next_h': {'FM': 2.505852207487507, 'MR': -0.08172235851081991, 'RB': 6.047190578961718}, 'action_intervals': {'M': (1.0057251775662004, 1.2557251775662004), 'R': (-0.6144580004226052, -0.36445800042260523), 'F': (-0.017608476513254173, 0.23239152348674583), 'B': (-0.4708531486171515, -0.2208531486171515)}}"
D_short_window_prepare_i0,3.95,action_interval_infeasible,"{'one_step_feasible': 0, 'next_h_min': -0.056641930244164834, 'next_h': {'FM': 2.653749707092675, 'MR': -0.056641930244164834, 'RB': 5.993047314800784}, 'action_intervals': {'M': (1.0036771801244884, 1.2536771801244884), 'R': (-0.7394580004226052, -0.48945800042260523), 'F': (-0.022172616261441833, 0.22782738373855815), 'B': (-0.4828464077409745, -0.23284640774097448)}}"
D_short_window_prepare_i0,4.0,action_interval_infeasible,"{'one_step_feasible': 0, 'next_h_min': -0.024687628705735643, 'next_h': {'FM': 2.7998386414826504, 'MR': -0.024687628705735643, 'RB': 5.938245476895512}, 'action_intervals': {'M': (0.9656484667290932, 1.2156484667290932), 'R': (-0.8644580004226052, -0.6144580004226052), 'F': (-0.026542780070329286, 0.22345721992967071), 'B': (-0.4997873160764711, -0.2497873160764711)}}"
D_short_window_prepare_i0,5.55,merge_exit_before_completion,started_but_failed
D_short_window_prepare_i1,0.0,startup_physical_check,"{'in_start_zone': True, 'slot_ok': False, 'necessary_bound_ok': True, 'remaining_distance_m': 95.0, 'min_forward_distance_m': 47.74930000000005, 'interval_width_m': -8.899999999999991, 'current_speed_forecast_min_slot_width_m': -10.999999999999993, 'current_speed_forecast_min_front_margin_m': -2.4550000000000045, 'current_speed_forecast_min_rear_margin_m': -10.344999999999999, 'physical_ok': False}"
D_short_window_prepare_i1,5.6000000000000005,missed_window,missed_window
D_short_window_prepare_i2,0.0,startup_physical_check,"{'in_start_zone': True, 'slot_ok': False, 'necessary_bound_ok': True, 'remaining_distance_m': 93.0, 'min_forward_distance_m': 52.84930000000011, 'interval_width_m': -12.21499999999999, 'current_speed_forecast_min_slot_width_m': -12.215, 'current_speed_forecast_min_front_margin_m': -11.649999999999999, 'current_speed_forecast_min_rear_margin_m': -9.564999999999998, 'physical_ok': False}"
D_short_window_prepare_i2,5.7,missed_window,missed_window
E_ample_none_i0,0.0,startup_physical_check,"{'in_start_zone': True, 'slot_ok': False, 'necessary_bound_ok': True, 'remaining_distance_m': 96.0, 'min_forward_distance_m': 55.849300000000085, 'interval_width_m': 7.400000000000006, 'current_speed_forecast_min_slot_width_m': 7.399999999999999, 'current_speed_forecast_min_front_margin_m': 1.0, 'current_speed_forecast_min_rear_margin_m': -4.1000000000000005, 'physical_ok': False}"
E_ample_none_i0,1.2000000000000002,merge_started,
E_ample_none_i0,4.2,merge_completed,
E_ample_none_i1,0.0,startup_physical_check,"{'in_start_zone': True, 'slot_ok': False, 'necessary_bound_ok': True, 'remaining_distance_m': 99.0, 'min_forward_distance_m': 50.74930000000009, 'interval_width_m': 7.924999999999997, 'current_speed_forecast_min_slot_width_m': 7.925000000000001, 'current_speed_forecast_min_front_margin_m': 9.694999999999993, 'current_speed_forecast_min_rear_margin_m': -7.169999999999999, 'physical_ok': False}"
E_ample_none_i1,4.9,missed_window,missed_window
E_ample_none_i2,0.0,startup_physical_check,"{'in_start_zone': True, 'slot_ok': False, 'necessary_bound_ok': True, 'remaining_distance_m': 97.0, 'min_forward_distance_m': 55.849300000000056, 'interval_width_m': 4.609999999999999, 'current_speed_forecast_min_slot_width_m': 4.609999999999999, 'current_speed_forecast_min_front_margin_m': 0.5, 'current_speed_forecast_min_rear_margin_m': -6.39, 'physical_ok': False}"
E_ample_none_i2,1.85,merge_started,
E_ample_none_i2,4.75,merge_exit_before_completion,started_but_failed
E_ample_prepare_i0,0.0,startup_physical_check,"{'in_start_zone': True, 'slot_ok': False, 'necessary_bound_ok': True, 'remaining_distance_m': 96.0, 'min_forward_distance_m': 55.849300000000085, 'interval_width_m': 7.400000000000006, 'current_speed_forecast_min_slot_width_m': 7.399999999999999, 'current_speed_forecast_min_front_margin_m': 1.0, 'current_speed_forecast_min_rear_margin_m': -4.1000000000000005, 'physical_ok': False}"
E_ample_prepare_i0,1.2000000000000002,merge_started,
E_ample_prepare_i0,4.2,merge_completed,
E_ample_prepare_i1,0.0,startup_physical_check,"{'in_start_zone': True, 'slot_ok': False, 'necessary_bound_ok': True, 'remaining_distance_m': 99.0, 'min_forward_distance_m': 50.74930000000009, 'interval_width_m': 7.924999999999997, 'current_speed_forecast_min_slot_width_m': 7.925000000000001, 'current_speed_forecast_min_front_margin_m': 9.694999999999993, 'current_speed_forecast_min_rear_margin_m': -7.169999999999999, 'physical_ok': False}"
E_ample_prepare_i1,4.95,missed_window,missed_window
E_ample_prepare_i2,0.0,startup_physical_check,"{'in_start_zone': True, 'slot_ok': False, 'necessary_bound_ok': True, 'remaining_distance_m': 97.0, 'min_forward_distance_m': 55.849300000000056, 'interval_width_m': 4.609999999999999, 'current_speed_forecast_min_slot_width_m': 4.609999999999999, 'current_speed_forecast_min_front_margin_m': 0.5, 'current_speed_forecast_min_rear_margin_m': -6.39, 'physical_ok': False}"
E_ample_prepare_i2,1.85,merge_started,
E_ample_prepare_i2,4.8,merge_exit_before_completion,started_but_failed
E_collaborative_none_i0,0.0,startup_physical_check,"{'in_start_zone': True, 'slot_ok': False, 'necessary_bound_ok': True, 'remaining_distance_m': 94.0, 'min_forward_distance_m': 54.349300000000085, 'interval_width_m': -1.424999999999983, 'current_speed_forecast_min_slot_width_m': -1.425000000000015, 'current_speed_forecast_min_front_margin_m': -6.824999999999998, 'current_speed_forecast_min_rear_margin_m': -5.1000000000000005, 'physical_ok': False}"
E_collaborative_none_i0,4.8500000000000005,missed_window,missed_window
E_collaborative_none_i1,0.0,startup_physical_check,"{'in_start_zone': True, 'slot_ok': False, 'necessary_bound_ok': True, 'remaining_distance_m': 97.0, 'min_forward_distance_m': 49.24930000000012, 'interval_width_m': -0.8999999999999915, 'current_speed_forecast_min_slot_width_m': -1.4999999999999947, 'current_speed_forecast_min_front_margin_m': 1.869999999999994, 'current_speed_forecast_min_rear_margin_m': -8.169999999999998, 'physical_ok': False}"
E_collaborative_none_i1,5.05,missed_window,missed_window
E_collaborative_none_i2,0.0,startup_physical_check,"{'in_start_zone': True, 'slot_ok': False, 'necessary_bound_ok': True, 'remaining_distance_m': 95.0, 'min_forward_distance_m': 54.349300000000056, 'interval_width_m': -4.214999999999989, 'current_speed_forecast_min_slot_width_m': -4.215, 'current_speed_forecast_min_front_margin_m': -7.324999999999998, 'current_speed_forecast_min_rear_margin_m': -7.39, 'physical_ok': False}"
E_collaborative_none_i2,1.8,merge_started,
E_collaborative_none_i2,4.8,merge_completed,
E_collaborative_prepare_i0,0.0,startup_physical_check,"{'in_start_zone': True, 'slot_ok': False, 'necessary_bound_ok': True, 'remaining_distance_m': 94.0, 'min_forward_distance_m': 54.349300000000085, 'interval_width_m': -1.424999999999983, 'current_speed_forecast_min_slot_width_m': -1.425000000000015, 'current_speed_forecast_min_front_margin_m': -6.824999999999998, 'current_speed_forecast_min_rear_margin_m': -5.1000000000000005, 'physical_ok': False}"
E_collaborative_prepare_i0,4.9,missed_window,missed_window
E_collaborative_prepare_i1,0.0,startup_physical_check,"{'in_start_zone': True, 'slot_ok': False, 'necessary_bound_ok': True, 'remaining_distance_m': 97.0, 'min_forward_distance_m': 49.24930000000012, 'interval_width_m': -0.8999999999999915, 'current_speed_forecast_min_slot_width_m': -1.4999999999999947, 'current_speed_forecast_min_front_margin_m': 1.869999999999994, 'current_speed_forecast_min_rear_margin_m': -8.169999999999998, 'physical_ok': False}"
E_collaborative_prepare_i1,5.1000000000000005,missed_window,missed_window
E_collaborative_prepare_i2,0.0,startup_physical_check,"{'in_start_zone': True, 'slot_ok': False, 'necessary_bound_ok': True, 'remaining_distance_m': 95.0, 'min_forward_distance_m': 54.349300000000056, 'interval_width_m': -4.214999999999989, 'current_speed_forecast_min_slot_width_m': -4.215, 'current_speed_forecast_min_front_margin_m': -7.324999999999998, 'current_speed_forecast_min_rear_margin_m': -7.39, 'physical_ok': False}"
E_collaborative_prepare_i2,1.8,merge_started,
E_collaborative_prepare_i2,2.0500000000000003,action_interval_infeasible,"{'one_step_feasible': 0, 'next_h_min': -0.0033174168906834195, 'next_h': {'FM': -0.0033174168906834195, 'MR': 0.8130353653081348, 'RB': 10.914413911800146}, 'action_intervals': {'M': (-1.1271520914986846, -0.8771520914986846), 'R': (0.75, 1.0), 'F': (-0.9062047977329635, -0.6562047977329635), 'B': (-0.47067699355362663, -0.22067699355362663)}}"
E_collaborative_prepare_i2,2.1,action_interval_infeasible,"{'one_step_feasible': 0, 'next_h_min': -0.020019474823777358, 'next_h': {'FM': -0.020019474823777358, 'MR': 0.9073243586935478, 'RB': 10.849004322706797}, 'action_intervals': {'M': (-1.2521520914986846, -1.0021520914986846), 'R': (0.875, 1.125), 'F': (-0.8730035938293123, -0.6230035938293123), 'B': (-0.4380149082582417, -0.1880149082582417)}}"
E_collaborative_prepare_i2,2.15,action_interval_infeasible,"{'one_step_feasible': 0, 'next_h_min': -0.032999887291810845, 'next_h': {'FM': -0.032999887291810845, 'MR': 0.9931704718502086, 'RB': 10.786569199566996}, 'action_intervals': {'M': (-1.3771520914986846, -1.1271520914986846), 'R': (1.0, 1.25), 'F': (-0.8412134410915654, -0.5912134410915654), 'B': (-0.4031865385951507, -0.1531865385951507)}}"
E_collaborative_prepare_i2,2.2,action_interval_infeasible,"{'one_step_feasible': 0, 'next_h_min': -0.041871673692302186, 'next_h': {'FM': -0.041871673692302186, 'MR': 1.0699487047781049, 'RB': 10.727296390859452}, 'action_intervals': {'M': (-1.5021520914986846, -1.2521520914986846), 'R': (1.125, 1.375), 'F': (-0.8107743698451749, -0.5607743698451749), 'B': (-0.36639985097150096, -0.11639985097150096)}}"
E_collaborative_prepare_i2,2.25,action_interval_infeasible,"{'one_step_feasible': 0, 'next_h_min': -0.04625101884842699, 'next_h': {'FM': -0.04625101884842699, 'MR': 1.1388973145381074, 'RB': 10.671249336847046}, 'action_intervals': {'M': (-1.6271520914986846, -1.3771520914986846), 'R': (1.25, 1.5), 'F': (-0.7816289591267543, -0.5316289591267543), 'B': (-0.3278699738952917, -0.07786997389529171)}}"
E_collaborative_prepare_i2,2.3000000000000003,action_interval_infeasible,"{'one_step_feasible': 0, 'next_h_min': -0.045757138478314766, 'next_h': {'FM': -0.045757138478314766, 'MR': 1.2015227508097774, 'RB': 10.618291104680523}, 'action_intervals': {'M': (-1.7521520914986846, -1.5021520914986846), 'R': (1.2756262900891857, 1.5256262900891857), 'F': (-0.753722228363868, -0.503722228363868), 'B': (-0.2878191417778532, -0.03781914177785323)}}"
E_collaborative_prepare_i2,2.35,action_interval_infeasible,"{'one_step_feasible': 0, 'next_h_min': -0.03988788171359896, 'next_h': {'FM': -0.03988788171359896, 'MR': 1.2576451481826572, 'RB': 10.568213697119557}, 'action_intervals': {'M': (-1.8771520914986846, -1.6271520914986846), 'R': (1.2008250919213908, 1.4508250919213908), 'F': (-0.7270015336584024, -0.47700153365840237), 'B': (-0.2490836625198202, 0.0009163374801798019)}}"
E_collaborative_prepare_i2,2.4000000000000004,action_interval_infeasible,"{'one_step_feasible': 0, 'next_h_min': -0.028018248554276058, 'next_h': {'FM': -0.028018248554276058, 'MR': 1.3069848962052786, 'RB': 10.520825426527834}, 'action_intervals': {'M': (-2.002152091498685, -1.7521520914986846), 'R': (1.1289235420680448, 1.3789235420680448), 'F': (-0.6020015336584024, -0.35200153365840237), 'B': (-0.21419991088178436, 0.03580008911821564)}}"
E_collaborative_prepare_i2,2.45,action_interval_infeasible,"{'one_step_feasible': 0, 'next_h_min': -0.009523239000364773, 'next_h': {'FM': -0.009523239000364773, 'MR': 1.3492461654133239, 'RB': 10.475954350122299}, 'action_intervals': {'M': (-2.127152091498685, -1.8771520914986848), 'R': (1.064854756271645, 1.314854756271645), 'F': (-0.47700153365840237, -0.22700153365840237), 'B': (-0.1828086745672547, 0.06719132543274531)}}"
E_collaborative_prepare_i2,4.5,action_interval_infeasible,"{'one_step_feasible': 0, 'next_h_min': -0.04618749926226987, 'next_h': {'FM': 1.6016578732749012, 'MR': -0.04618749926226987, 'RB': 10.101873043203597}, 'action_intervals': {'M': (0.3678791249532548, 0.6178791249532548), 'R': (0.34939625320939416, 0.5993962532093942), 'F': (-0.06122721326660745, 0.18877278673339254), 'B': (0.22659752454719612, 0.4765975245471961)}}"
E_collaborative_prepare_i2,4.55,action_interval_infeasible,"{'one_step_feasible': 0, 'next_h_min': -0.09130731237786974, 'next_h': {'FM': 1.626792259589784, 'MR': -0.09130731237786974, 'RB': 10.113935592147229}, 'action_intervals': {'M': (0.36509912864750416, 0.6150991286475042), 'R': (0.22439625320939416, 0.47439625320939416), 'F': (-0.06393755670277734, 0.18606244329722266), 'B': (0.2251068963808982, 0.4751068963808982)}}"
E_collaborative_prepare_i2,4.6000000000000005,action_interval_infeasible,"{'one_step_feasible': 0, 'next_h_min': -0.13343592318730518, 'next_h': {'FM': 1.6509554604316221, 'MR': -0.13343592318730518, 'RB': 10.12562170450294}, 'action_intervals': {'M': (0.36106847043995705, 0.611068470439957), 'R': (0.09939625320939416, 0.34939625320939416), 'F': (-0.06653271054290907, 0.18346728945709093), 'B': (0.22204101679540006, 0.47204101679540006)}}"
E_collaborative_prepare_i2,4.65,action_interval_infeasible,"{'one_step_feasible': 0, 'next_h_min': -0.17227606655436406, 'next_h': {'FM': 1.6741815279807462, 'MR': -0.17227606655436406, 'RB': 10.136659200195043}, 'action_intervals': {'M': (0.3556858808830152, 0.6056858808830152), 'R': (-0.02560374679060584, 0.22439625320939416), 'F': (-0.06901757034483397, 0.18098242965516603), 'B': (0.21743166633941352, 0.4674316663394135)}}"
E_collaborative_prepare_i2,4.65,safety_recheck,MR_predicted_gap
E_collaborative_prepare_i2,4.7,action_interval_infeasible,"{'one_step_feasible': 0, 'next_h_min': -0.20753409365450448, 'next_h': {'FM': 1.6965092225829266, 'MR': -0.20753409365450448, 'RB': 10.146780026345988}, 'action_intervals': {'M': (0.3488805794466405, 0.5988805794466405), 'R': (-0.15060374679060584, 0.09939625320939416), 'F': (-0.07139682360517946, 0.17860317639482054), 'B': (0.21128649998161392, 0.4612864999816139)}}"
E_collaborative_prepare_i2,4.7,safety_recheck,MR_predicted_gap
E_collaborative_prepare_i2,4.75,action_interval_infeasible,"{'one_step_feasible': 0, 'next_h_min': -0.2389200689659075, 'next_h': {'FM': 1.7179817897388219, 'MR': -0.2389200689659075, 'RB': 10.155720706273826}, 'action_intervals': {'M': (0.34060494054533913, 0.5906049405453391), 'R': (-0.27560374679060584, -0.02560374679060584), 'F': (-0.07367495860195791, 0.1763250413980421), 'B': (0.20359017594133866, 0.45359017594133866)}}"
E_collaborative_prepare_i2,4.75,safety_recheck,MR_predicted_gap
E_collaborative_prepare_i2,4.8,merge_completed_outside_slot,started_but_failed
E_collaborative_prepare_i2,4.800000000000001,action_interval_infeasible,"{'one_step_feasible': 0, 'next_h_min': -0.2662899624182251, 'next_h': {'FM': 1.7407787829599801, 'MR': -0.2662899624182251, 'RB': 10.163222823017499}, 'action_intervals': {'M': (0.3308289968429706, 0.5808289968429706), 'R': (-0.40060374679060584, -0.15060374679060584), 'F': (-0.0758562728613736, 0.17414372713862641), 'B': (0.19430545147575073, 0.44430545147575073)}}"
E_collaborative_prepare_i2,4.800000000000001,safety_recheck,MR_predicted_gap
E_collaborative_prepare_i2,4.8500000000000005,action_interval_infeasible,"{'one_step_feasible': 0, 'next_h_min': -0.2896437740114847, 'next_h': {'FM': 1.7652075916826862, 'MR': -0.2896437740114847, 'RB': 10.1690335347356}, 'action_intervals': {'M': (0.20582899684297062, 0.4558289968429706), 'R': (-0.5256037467906058, -0.27560374679060584), 'F': (-0.07794488126476526, 0.17205511873523474), 'B': (0.1833742615287673, 0.4333742615287673)}}"
E_collaborative_prepare_i2,4.8500000000000005,safety_recheck,MR_predicted_gap
E_collaborative_prepare_i2,4.9,action_interval_infeasible,"{'one_step_feasible': 0, 'next_h_min': -0.30884397889250503, 'next_h': {'FM': 1.789512949744908, 'MR': -0.30884397889250503, 'RB': 10.172906119064319}, 'action_intervals': {'M': (0.08082899684297062, 0.3308289968429706), 'R': (-0.6506037467906058, -0.40060374679060584), 'F': (-0.07994472381101314, 0.17005527618898686), 'B': (0.1707187951164551, 0.4207187951164551)}}"
E_collaborative_prepare_i2,4.9,safety_recheck,MR_predicted_gap
E_collaborative_prepare_i2,4.95,action_interval_infeasible,"{'one_step_feasible': 0, 'next_h_min': -0.32360323384474404, 'next_h': {'FM': 1.8135432193901764, 'MR': -0.32360323384474404, 'RB': 10.17460054323253}, 'action_intervals': {'M': (0.06584887936491565, 0.3158488793649157), 'R': (-0.7756037467906058, -0.5256037467906058), 'F': (-0.08185957304904398, 0.16814042695095602), 'B': (0.1562425836305243, 0.4062425836305243)}}"
E_collaborative_prepare_i2,4.95,safety_recheck,MR_predicted_gap
E_collaborative_prepare_i2,5.0,action_interval_infeasible,"{'one_step_feasible': 0, 'next_h_min': -0.3336217300142628, 'next_h': {'FM': 1.8373041957172676, 'MR': -0.3336217300142628, 'RB': 10.1738840564158}, 'action_intervals': {'M': (0.06070357007096008, 0.31070357007096006), 'R': (-0.9006037467906058, -0.6506037467906058), 'F': (-0.08369304119445839, 0.1663069588055416), 'B': (0.13983161480065548, 0.3898316148006555)}}"
E_collaborative_prepare_i2,5.0,safety_recheck,MR_predicted_gap
E_collaborative_prepare_i2,5.050000000000001,action_interval_infeasible,"{'one_step_feasible': 0, 'next_h_min': -0.33859931684049976, 'next_h': {'FM': 1.8608015584503435, 'MR': -0.33859931684049976, 'RB': 10.170531800463472}, 'action_intervals': {'M': (0.05569596248826986, 0.30569596248826986), 'R': (-1.0256037467906058, -0.7756037467906058), 'F': (-0.08544858694369424, 0.16455141305630577), 'B': (0.12135548578503222, 0.3713554857850322)}}"
E_collaborative_prepare_i2,5.050000000000001,safety_recheck,MR_predicted_gap
E_collaborative_prepare_i2,5.1000000000000005,action_interval_infeasible,"{'one_step_feasible': 0, 'next_h_min': -0.33823550728303087, 'next_h': {'FM': 1.8840408709081828, 'MR': -0.33823550728303087, 'RB': 10.164327434756698}, 'action_intervals': {'M': (0.050824018574129715, 0.3008240185741297), 'R': (-1.1506037467906058, -0.9006037467906058), 'F': (-0.08712952199858766, 0.16287047800141236), 'B': (0.10066860867466629, 0.3506686086746663)}}"
E_collaborative_prepare_i2,5.1000000000000005,safety_recheck,MR_predicted_gap
E_collaborative_prepare_i2,5.15,action_interval_infeasible,"{'one_step_feasible': 0, 'next_h_min': -0.33222948329622637, 'next_h': {'FM': 1.9070275793412303, 'MR': -0.33222948329622637, 'RB': 10.155063770550463}, 'action_intervals': {'M': (0.0460855948213226, 0.2960855948213226), 'R': (-1.2756037467906058, -1.0256037467906058), 'F': (-0.08873901731364633, 0.16126098268635367), 'B': (0.07761148151809533, 0.3276114815180953)}}"
E_collaborative_prepare_i2,5.15,safety_recheck,MR_predicted_gap
E_collaborative_prepare_i2,5.2,action_interval_infeasible,"{'one_step_feasible': 0, 'next_h_min': -0.32028010152028336, 'next_h': {'FM': 1.9297670126026787, 'MR': -0.32028010152028336, 'RB': 10.142543409723963}, 'action_intervals': {'M': (0.04147845507639844, 0.29147845507639847), 'R': (-1.4006037467906058, -1.1506037467906058), 'F': (-0.09028010907781532, 0.1597198909221847), 'B': (0.05201203771394303, 0.302012037713943)}}"
E_collaborative_prepare_i2,5.2,safety_recheck,MR_predicted_gap
E_collaborative_prepare_i2,5.25,action_interval_infeasible,"{'one_step_feasible': 0, 'next_h_min': -0.3020858991593832, 'next_h': {'FM': 1.952264382122982, 'MR': -0.3020858991593832, 'RB': 10.12657938241614}, 'action_intervals': {'M': (0.03700028265006952, 0.2870002826500695), 'R': (-1.5256037467906058, -1.2756037467906058), 'F': (-0.0917557044420084, 0.1582442955579916), 'B': (0.023687086193209167, 0.27368708619320914)}}"
E_collaborative_prepare_i2,5.25,safety_recheck,MR_predicted_gap
E_collaborative_prepare_i2,5.300000000000001,action_interval_infeasible,"{'one_step_feasible': 0, 'next_h_min': -0.27734510001922724, 'next_h': {'FM': 1.9745247821584513, 'MR': -0.27734510001922724, 'RB': 10.106995777566256}, 'action_intervals': {'M': (0.03264869172684692, 0.2826486917268469), 'R': (-1.6506037467906058, -1.4006037467906058), 'F': (-0.09316858700322186, 0.15683141299677814), 'B': (-0.007556145867295402, 0.24244385413270458)}}"
E_collaborative_prepare_i2,5.300000000000001,safety_recheck,MR_predicted_gap
E_collaborative_prepare_i2,5.3500000000000005,action_interval_infeasible,"{'one_step_feasible': 0, 'next_h_min': -0.24575562067806728, 'next_h': {'FM': 1.9965531902868705, 'MR': -0.24575562067806728, 'RB': 10.083628359922622}, 'action_intervals': {'M': (0.02842123808469288, 0.2784212380846929), 'R': (-1.7756037467906058, -1.5256037467906058), 'F': (-0.09452142205558563, 0.1554785779444144), 'B': (-0.04191835708194687, 0.20808164291805314)}}"
E_collaborative_prepare_i2,5.3500000000000005,safety_recheck,MR_predicted_gap
E_collaborative_prepare_i2,5.4,action_interval_infeasible,"{'one_step_feasible': 0, 'next_h_min': -0.20701507676685915, 'next_h': {'FM': 2.0183544681253403, 'MR': -0.20701507676685915, 'RB': 10.056325166638818}, 'action_intervals': {'M': (0.024315429138645844, 0.2743154291386458), 'R': (-1.9006037467906058, -1.6506037467906058), 'F': (-0.09581676161822354, 0.15418323838177644), 'B': (-0.07960639337678438, 0.17039360662321562)}}"
E_collaborative_prepare_i2,5.4,safety_recheck,MR_predicted_gap
E_collaborative_prepare_i2,5.45,action_interval_infeasible,"{'one_step_feasible': 0, 'next_h_min': -0.1608207893359241, 'next_h': {'FM': 2.039933362247124, 'MR': -0.1608207893359241, 'RB': 10.024947076163029}, 'action_intervals': {'M': (0.02032873332503915, 0.27032873332503915), 'R': (-2.0256037467906056, -1.7756037467906058), 'F': (-0.09705704924945024, 0.15294295075054976), 'B': (-0.12083133968677878, 0.12916866031322122)}}"
E_collaborative_prepare_i2,5.45,safety_recheck,MR_predicted_gap
E_collaborative_prepare_i2,5.5,action_interval_infeasible,"{'one_step_feasible': 0, 'next_h_min': -0.1068697912872562, 'next_h': {'FM': 2.0612945052756566, 'MR': -0.1068697912872562, 'RB': 9.989368341760409}, 'action_intervals': {'M': (0.016458588845192385, 0.26645858884519236), 'R': (-2.1506037467906056, -1.9006037467906056), 'F': (-0.09824462465634891, 0.15175537534365108), 'B': (-0.16580647706271306, 0.08419352293728694)}}"
E_collaborative_prepare_i2,5.550000000000001,action_interval_infeasible,"{'one_step_feasible': 0, 'next_h_min': -0.04485883385231534, 'next_h': {'FM': 2.0824424171361, 'MR': -0.04485883385231534, 'RB': 9.949477081708892}, 'action_intervals': {'M': (0.012702411789211887, 0.2627024117892119), 'R': (-2.2756037467906056, -2.0256037467906056), 'F': (-0.09938172810845422, 0.15061827189154578), 'B': (-0.2147451035956287, 0.03525489640437131)}}"
E_short_window_none_i0,0.0,startup_physical_check,"{'in_start_zone': True, 'slot_ok': False, 'necessary_bound_ok': True, 'remaining_distance_m': 92.0, 'min_forward_distance_m': 52.84930000000017, 'interval_width_m': -9.424999999999983, 'current_speed_forecast_min_slot_width_m': -10.925, 'current_speed_forecast_min_front_margin_m': -11.149999999999999, 'current_speed_forecast_min_rear_margin_m': -7.2749999999999995, 'physical_ok': False}"
E_short_window_none_i0,2.85,merge_started,
E_short_window_none_i0,5.6000000000000005,action_interval_infeasible,"{'one_step_feasible': 0, 'next_h_min': -0.038641026692654894, 'next_h': {'FM': 9.001469213003283, 'MR': -0.038641026692654894, 'RB': 6.139376868660897}, 'action_intervals': {'M': (0.9427840627242616, 1.1927840627242616), 'R': (2.375, 2.5), 'F': (-0.125, 0.125), 'B': (0.7237819371097456, 0.9737819371097456)}}"
E_short_window_none_i0,5.65,merge_exit_before_completion,started_but_failed
E_short_window_none_i0,5.65,action_interval_infeasible,"{'one_step_feasible': 0, 'next_h_min': -0.1469142897897742, 'next_h': {'FM': 9.06834928683966, 'MR': -0.1469142897897742, 'RB': 6.238455243037813}, 'action_intervals': {'M': (0.8831822434707348, 1.1331822434707348), 'R': (2.25, 2.5), 'F': (-0.125, 0.125), 'B': (0.7187732985544977, 0.9687732985544977)}}"
E_short_window_none_i0,5.7,action_interval_infeasible,"{'one_step_feasible': 0, 'next_h_min': -0.25641709727820994, 'next_h': {'FM': 9.135365155067364, 'MR': -0.25641709727820994, 'RB': 6.340999823508384}, 'action_intervals': {'M': (0.7581822434707348, 1.0081822434707348), 'R': (2.125, 2.375), 'F': (-0.125, 0.125), 'B': (0.713752996866279, 0.963752996866279)}}"
E_short_window_none_i0,5.7,safety_recheck,MR_predicted_gap
E_short_window_none_i0,5.75,action_interval_infeasible,"{'one_step_feasible': 0, 'next_h_min': -0.36705306326481574, 'next_h': {'FM': 9.201383529288863, 'MR': -0.36705306326481574, 'RB': 6.446710885684363}, 'action_intervals': {'M': (0.6331822434707348, 0.8831822434707348), 'R': (2.0, 2.25), 'F': (-0.125, 0.125), 'B': (0.7087216056233847, 0.9587216056233847)}}"
E_short_window_none_i0,5.75,safety_recheck,MR_predicted_gap
E_short_window_none_i0,5.800000000000001,action_interval_infeasible,"{'one_step_feasible': 0, 'next_h_min': -0.4785761519800791, 'next_h': {'FM': 9.265725177970447, 'MR': -0.4785761519800791, 'RB': 6.555288720630052}, 'action_intervals': {'M': (0.585290958006216, 0.835290958006216), 'R': (1.875, 2.125), 'F': (-0.125, 0.125), 'B': (0.7036797005854011, 0.9536797005854011)}}"
E_short_window_none_i0,5.800000000000001,safety_recheck,MR_predicted_gap
E_short_window_none_i0,5.8500000000000005,action_interval_infeasible,"{'one_step_feasible': 0, 'next_h_min': -0.5906874141285289, 'next_h': {'FM': 9.32840855821714, 'MR': -0.5906874141285289, 'RB': 6.666433633386241}, 'action_intervals': {'M': (0.5800108590677787, 0.8300108590677787), 'R': (1.75, 2.0), 'F': (-0.125, 0.125), 'B': (0.6986278594548548, 0.9486278594548548)}}"
E_short_window_none_i0,5.8500000000000005,safety_recheck,MR_predicted_gap
E_short_window_none_i0,5.9,action_interval_infeasible,"{'one_step_feasible': 0, 'next_h_min': -0.7030885409801115, 'next_h': {'FM': 9.389451922814464, 'MR': -0.7030885409801115, 'RB': 6.779845941494405}, 'action_intervals': {'M': (0.5744503943868429, 0.8244503943868429), 'R': (1.625, 1.875), 'F': (-0.125, 0.125), 'B': (0.6935666616339106, 0.9435666616339106)}}"
E_short_window_none_i0,5.9,safety_recheck,MR_predicted_gap
E_short_window_none_i0,5.95,action_interval_infeasible,"{'one_step_feasible': 0, 'next_h_min': -0.8154817898310386, 'next_h': {'FM': 9.448873891910878, 'MR': -0.8154817898310386, 'RB': 6.895225973522052}, 'action_intervals': {'M': (0.5686578431020993, 0.8186578431020993), 'R': (1.5, 1.75), 'F': (-0.125, 0.125), 'B': (0.6884966879770568, 0.9384966879770568)}}"
E_short_window_none_i0,5.95,safety_recheck,MR_predicted_gap
E_short_window_none_i0,6.0,action_interval_infeasible,"{'one_step_feasible': 0, 'next_h_min': -0.927569955844547, 'next_h': {'FM': 9.50669342795461, 'MR': -0.927569955844547, 'RB': 7.012274067589827}, 'action_intervals': {'M': (0.5626445574018798, 0.8126445574018798), 'R': (1.375, 1.625), 'F': (-0.125, 0.125), 'B': (0.6834185205406916, 0.9334185205406916)}}"
E_short_window_none_i0,6.0,safety_recheck,MR_predicted_gap
E_short_window_none_i0,6.050000000000001,action_interval_infeasible,"{'one_step_feasible': 0, 'next_h_min': -1.0390563443358476, 'next_h': {'FM': 9.562929811104564, 'MR': -1.0390563443358476, 'RB': 7.1306905699008105}, 'action_intervals': {'M': (0.5564217125582169, 0.8064217125582169), 'R': (1.25, 1.5), 'F': (-0.125, 0.125), 'B': (0.6783327423304758, 0.9283327423304758)}}"
E_short_window_none_i0,6.050000000000001,safety_recheck,MR_predicted_gap
E_short_window_none_i0,6.1000000000000005,action_interval_infeasible,"{'one_step_feasible': 0, 'next_h_min': -1.1496447435062027, 'next_h': {'FM': 9.617602615123364, 'MR': -1.1496447435062027, 'RB': 7.250175833273197}, 'action_intervals': {'M': (0.5500003052197586, 0.8000003052197586), 'R': (1.125, 1.375), 'F': (-0.125, 0.125), 'B': (0.6732399370472503, 0.9232399370472503)}}"
E_short_window_none_i0,6.1000000000000005,safety_recheck,MR_predicted_gap
E_short_window_none_i0,6.15,action_interval_infeasible,"{'one_step_feasible': 0, 'next_h_min': -1.259039397630889, 'next_h': {'FM': 9.670731683760328, 'MR': -1.259039397630889, 'RB': 7.370430215676407}, 'action_intervals': {'M': (0.5433911515181011, 0.7933911515181011), 'R': (1.0, 1.25), 'F': (-0.125, 0.125), 'B': (0.6681406888322706, 0.9181406888322706)}}"
E_short_window_none_i0,6.15,safety_recheck,MR_predicted_gap
E_short_window_none_i0,6.2,action_interval_infeasible,"{'one_step_feasible': 0, 'next_h_min': -1.3669449807061946, 'next_h': {'FM': 9.722337107631832, 'MR': -1.3669449807061946, 'RB': 7.491154078771439}, 'action_intervals': {'M': (0.5366048850130317, 0.7866048850130317), 'R': (0.875, 1.125), 'F': (-0.125, 0.125), 'B': (0.6630355820124296, 0.9130355820124296)}}"
E_short_window_none_i0,6.2,safety_recheck,MR_predicted_gap
E_short_window_none_i0,6.25,action_interval_infeasible,"{'one_step_feasible': 0, 'next_h_min': -1.47306657056119, 'next_h': {'FM': 9.772439201606593, 'MR': -1.47306657056119, 'RB': 7.612047786456407}, 'action_intervals': {'M': (0.5296519545030723, 0.7796519545030723), 'R': (0.75, 1.0), 'F': (-0.125, 0.125), 'B': (0.6579252008460882, 0.9079252008460882)}}"
E_short_window_none_i0,6.25,safety_recheck,MR_predicted_gap
E_short_window_none_i0,6.300000000000001,action_interval_infeasible,"{'one_step_feasible': 0, 'next_h_min': -1.577109623440268, 'next_h': {'FM': 9.821058482703318, 'MR': -1.577109623440268, 'RB': 7.732811703417341}, 'action_intervals': {'M': (0.5225426217283055, 0.7725426217283055), 'R': (0.625, 0.875), 'F': (-0.125, 0.125), 'B': (0.6528101292700534, 0.9028101292700534)}}"
E_short_window_none_i0,6.300000000000001,safety_recheck,MR_predicted_gap
E_short_window_none_i0,6.3500000000000005,action_interval_infeasible,"{'one_step_feasible': 0, 'next_h_min': -1.6787799490622186, 'next_h': {'FM': 9.868215648507451, 'MR': -1.6787799490622186, 'RB': 7.853146193685276}, 'action_intervals': {'M': (0.5152869589926986, 0.7652869589926986), 'R': (0.5, 0.75), 'F': (-0.125, 0.125), 'B': (0.6476909506482018, 0.8976909506482018)}}"
E_short_window_none_i0,6.3500000000000005,safety_recheck,MR_predicted_gap
E_short_window_none_i0,6.4,action_interval_infeasible,"{'one_step_feasible': 0, 'next_h_min': -1.7777836861619507, 'next_h': {'FM': 9.913931556113578, 'MR': -1.7777836861619507, 'RB': 7.972751619199895}, 'action_intervals': {'M': (0.5078948467331438, 0.7578948467331438), 'R': (0.375, 0.625), 'F': (-0.125, 0.125), 'B': (0.642568247522168, 0.892568247522168)}}"
E_short_window_none_i0,6.4,safety_recheck,MR_predicted_gap
E_short_window_none_i0,6.45,action_interval_infeasible,"{'one_step_feasible': 0, 'next_h_min': -1.87382727852119, 'next_h': {'FM': 9.958227201599868, 'MR': -1.87382727852119, 'RB': 8.09132833838041}, 'action_intervals': {'M': (0.5003759710621478, 0.7503759710621478), 'R': (0.25, 0.5), 'F': (-0.125, 0.125), 'B': (0.6374426013644808, 0.8874426013644808)}}"
E_short_window_none_i0,6.45,safety_recheck,MR_predicted_gap
E_short_window_none_i0,6.5,action_interval_infeasible,"{'one_step_feasible': 0, 'next_h_min': -1.9666174514942971, 'next_h': {'FM': 10.001123700040036, 'MR': -1.9666174514942971, 'RB': 8.208576704704395}, 'action_intervals': {'M': (0.49273982131061134, 0.7427398213106113), 'R': (0.125, 0.375), 'F': (-0.125, 0.125), 'B': (0.6323145923344683, 0.8823145923344683)}}"
E_short_window_none_i0,6.5,safety_recheck,MR_predicted_gap
E_short_window_none_i0,6.550000000000001,action_interval_infeasible,"{'one_step_feasible': 0, 'next_h_min': -2.0558611890348377, 'next_h': {'FM': 10.042642266057829, 'MR': -2.0558611890348377, 'RB': 8.324197065294866}, 'action_intervals': {'M': (0.48499568759643064, 0.7349956875964306), 'R': (0.0, 0.25), 'F': (-0.125, 0.125), 'B': (0.6271847990372166, 0.8771847990372166)}}"
E_short_window_none_i0,6.550000000000001,safety_recheck,MR_predicted_gap
E_short_window_none_i0,6.6000000000000005,action_interval_infeasible,"{'one_step_feasible': 0, 'next_h_min': -2.1412657112292433, 'next_h': {'FM': 10.082804194928903, 'MR': -2.1412657112292433, 'RB': 8.437889759516215}, 'action_intervals': {'M': (0.47715265844375987, 0.7271526584437599), 'R': (-0.125, 0.125), 'F': (-0.125, 0.125), 'B': (0.6220537982858261, 0.8720537982858261)}}"
E_short_window_none_i0,6.6000000000000005,safety_recheck,MR_predicted_gap
E_short_window_none_i0,6.65,action_interval_infeasible,"{'one_step_feasible': 0, 'next_h_min': -2.2225384523427847, 'next_h': {'FM': 10.12163084423378, 'MR': -2.2225384523427847, 'RB': 8.549355117579589}, 'action_intervals': {'M': (0.4692196184767453, 0.7192196184767453), 'R': (-0.25, 0.0), 'F': (-0.125, 0.125), 'B': (0.6169221648671728, 0.8669221648671728)}}"
E_short_window_none_i0,6.65,safety_recheck,MR_predicted_gap
E_short_window_none_i0,6.7,action_interval_infeasible,"{'one_step_feasible': 0, 'next_h_min': -2.299387039383592, 'next_h': {'FM': 10.159143616065322, 'MR': -2.299387039383592, 'RB': 8.658293459158}, 'action_intervals': {'M': (0.4612052462103333, 0.7112052462103333), 'R': (-0.375, -0.125), 'F': (-0.125, 0.125), 'B': (0.6117904713113487, 0.8617904713113487)}}"
E_short_window_none_i0,6.7,safety_recheck,MR_predicted_gap
E_short_window_none_i0,6.75,action_interval_infeasible,"{'one_step_feasible': 0, 'next_h_min': -2.3715192711896003, 'next_h': {'FM': 10.19536393979333, 'MR': -2.3715192711896003, 'RB': 8.76440509201223}, 'action_intervals': {'M': (0.45311801195946366, 0.7031180119594637), 'R': (-0.5, -0.25), 'F': (-0.125, 0.125), 'B': (0.6066592876649323, 0.8566592876649323)}}"
E_short_window_none_i0,6.75,safety_recheck,MR_predicted_gap
E_short_window_none_i0,6.800000000000001,action_interval_infeasible,"{'one_step_feasible': 0, 'next_h_min': -2.438643098042999, 'next_h': {'FM': 10.23031325538814, 'MR': -2.438643098042999, 'RB': 8.867390310627021}, 'action_intervals': {'M': (0.44496617588655296, 0.694966175886553), 'R': (-0.625, -0.375), 'F': (-0.125, 0.125), 'B': (0.6015291812682224, 0.8515291812682224)}}"
E_short_window_none_i0,6.800000000000001,safety_recheck,MR_predicted_gap
E_short_window_none_i0,6.8500000000000005,action_interval_infeasible,"{'one_step_feasible': 0, 'next_h_min': -2.5004666018167225, 'next_h': {'FM': 10.26401299730454, 'MR': -2.5004666018167225, 'RB': 8.966949394859062}, 'action_intervals': {'M': (0.4367577862056743, 0.6867577862056743), 'R': (-0.75, -0.5), 'F': (-0.125, 0.125), 'B': (0.5964007165365279, 0.8464007165365279)}}"
E_short_window_none_i0,6.8500000000000005,safety_recheck,MR_predicted_gap
E_short_window_none_i0,6.9,action_interval_infeasible,"{'one_step_feasible': 0, 'next_h_min': -2.556697976656508, 'next_h': {'FM': 10.2964845789265, 'MR': -2.556697976656508, 'RB': 9.06278260859655}, 'action_intervals': {'M': (0.42850067756029764, 0.6785006775602976), 'R': (-0.875, -0.625), 'F': (-0.125, 0.125), 'B': (0.5912744547456179, 0.8412744547456179)}}"
E_short_window_none_i0,6.9,safety_recheck,MR_predicted_gap
E_short_window_none_i0,6.95,action_interval_infeasible,"{'one_step_feasible': 0, 'next_h_min': -2.607045510202161, 'next_h': {'FM': 10.327749377572433, 'MR': -2.607045510202161, 'RB': 9.154590198431142}, 'action_intervals': {'M': (0.42020246958984675, 0.6702024695898467), 'R': (-1.0, -0.75), 'F': (-0.125, 0.125), 'B': (0.5861509538213856, 0.8361509538213856)}}"
E_short_window_none_i0,6.95,safety_recheck,MR_predicted_gap
E_short_window_none_i0,7.0,action_interval_infeasible,"{'one_step_feasible': 0, 'next_h_min': -2.6512175653506476, 'next_h': {'FM': 10.357828720060231, 'MR': -2.6512175653506476, 'RB': 9.242072392342362}, 'action_intervals': {'M': (0.41187056569868474, 0.6618705656986847), 'R': (-1.125, -0.875), 'F': (-0.125, 0.125), 'B': (0.5810307681338066, 0.8310307681338066)}}"
E_short_window_none_i0,7.0,safety_recheck,MR_predicted_gap
E_short_window_none_i0,7.050000000000001,action_interval_infeasible,"{'one_step_feasible': 0, 'next_h_min': -2.6889225625631648, 'next_h': {'FM': 10.38674386883013, 'MR': -2.6889225625631648, 'RB': 9.324929398395332}, 'action_intervals': {'M': (0.4035121520394982, 0.6535121520394982), 'R': (-1.25, -1.0), 'F': (-0.125, 0.125), 'B': (0.5759144482952163, 0.8259144482952163)}}"
E_short_window_none_i0,7.050000000000001,safety_recheck,MR_predicted_gap
E_short_window_none_i0,7.1000000000000005,action_interval_infeasible,"{'one_step_feasible': 0, 'next_h_min': -2.719868962718223, 'next_h': {'FM': 10.414516008623304, 'MR': -2.719868962718223, 'RB': 9.402861403451825}, 'action_intervals': {'M': (0.39513419672137273, 0.6451341967213727), 'R': (-1.375, -1.125), 'F': (-0.125, 0.125), 'B': (0.5708025409629556, 0.8208025409629556)}}"
E_short_window_none_i0,7.1000000000000005,safety_recheck,MR_predicted_gap
E_short_window_none_i0,7.15,action_interval_infeasible,"{'one_step_feasible': 0, 'next_h_min': -2.743765250511419, 'next_h': {'FM': 10.441166233712757, 'MR': -2.743765250511419, 'RB': 9.47556857189533}, 'action_intervals': {'M': (0.38674344925121173, 0.6367434492512117), 'R': (-1.5, -1.25), 'F': (-0.125, 0.125), 'B': (0.5656955886464032, 0.8156955886464032)}}"
E_short_window_none_i0,7.15,safety_recheck,MR_predicted_gap
E_short_window_none_i0,7.2,action_interval_infeasible,"{'one_step_feasible': 0, 'next_h_min': -2.760319918402852, 'next_h': {'FM': 10.466715535683074, 'MR': -2.760319918402852, 'RB': 9.542751044370416}, 'action_intervals': {'M': (0.37834644021549135, 0.6283464402154914), 'R': (-1.625, -1.375), 'F': (-0.125, 0.125), 'B': (0.5605941295184101, 0.8105941295184101)}}"
E_short_window_none_i0,7.2,safety_recheck,MR_predicted_gap
E_short_window_none_i0,7.25,action_interval_infeasible,"{'one_step_feasible': 0, 'next_h_min': -2.7692414511115633, 'next_h': {'FM': 10.491184791754177, 'MR': -2.7692414511115633, 'RB': 9.604116626872417}, 'action_intervals': {'M': (0.36994948120777515, 0.6199494812077752), 'R': (-1.75, -1.5), 'F': (-0.125, 0.125), 'B': (0.555498697231135, 0.805498697231135)}}"
E_short_window_none_i0,7.25,safety_recheck,MR_predicted_gap
E_short_window_none_i0,7.300000000000001,action_interval_infeasible,"{'one_step_feasible': 0, 'next_h_min': -2.770238310656505, 'next_h': {'FM': 10.514594753644108, 'MR': -2.770238310656505, 'RB': 9.659417857814871}, 'action_intervals': {'M': (0.3615586650057869, 0.6115586650057869), 'R': (-1.875, -1.625), 'F': (-0.125, 0.125), 'B': (0.5499996695001574, 0.7999996695001574)}}"
E_short_window_none_i0,7.300000000000001,safety_recheck,MR_predicted_gap
E_short_window_none_i0,7.3500000000000005,action_interval_infeasible,"{'one_step_feasible': 0, 'next_h_min': -2.7630189219428396, 'next_h': {'FM': 10.536966036965104, 'MR': -2.7630189219428396, 'RB': 9.70842517418434}, 'action_intervals': {'M': (0.35317986600038137, 0.6031798660003813), 'R': (-2.0, -1.75), 'F': (-0.125, 0.125), 'B': (0.5417651300758568, 0.7917651300758568)}}"
E_short_window_none_i0,7.3500000000000005,safety_recheck,MR_predicted_gap
E_short_window_none_i0,7.4,action_interval_infeasible,"{'one_step_feasible': 0, 'next_h_min': -2.747291658891122, 'next_h': {'FM': 10.558319111146254, 'MR': -2.747291658891122, 'RB': 9.750924695434483}, 'action_intervals': {'M': (0.3448187408772496, 0.5948187408772496), 'R': (-2.125, -1.875), 'F': (-0.125, 0.125), 'B': (0.530205223289149, 0.780205223289149)}}"
E_short_window_none_i0,7.4,safety_recheck,MR_predicted_gap
E_short_window_none_i0,7.45,action_interval_infeasible,"{'one_step_feasible': 0, 'next_h_min': -2.722764831107063, 'next_h': {'FM': 10.578674289876103, 'MR': -2.722764831107063, 'RB': 9.7867193352183}, 'action_intervals': {'M': (0.3364807295507862, 0.5864807295507861), 'R': (-2.25, -2.0), 'F': (-0.125, 0.125), 'B': (0.5149269332167123, 0.7649269332167123)}}"
E_short_window_none_i0,7.45,safety_recheck,MR_predicted_gap
E_short_window_none_i0,7.5,action_interval_infeasible,"{'one_step_feasible': 0, 'next_h_min': -2.689146671088245, 'next_h': {'FM': 10.598051722057074, 'MR': -2.689146671088245, 'RB': 9.815629893046355}, 'action_intervals': {'M': (0.32817105634826643, 0.5781710563482665), 'R': (-2.375, -2.125), 'F': (-0.125, 0.125), 'B': (0.4955303536576222, 0.7455303536576222)}}"
E_short_window_none_i0,7.5,safety_recheck,MR_predicted_gap
E_short_window_none_i0,7.550000000000001,action_interval_infeasible,"{'one_step_feasible': 0, 'next_h_min': -2.646145321964476, 'next_h': {'FM': 10.616471383264239, 'MR': -2.646145321964476, 'RB': 9.837496114139178}, 'action_intervals': {'M': (0.3198947314411501, 0.5698947314411501), 'R': (-2.5, -2.25), 'F': (-0.125, 0.125), 'B': (0.4716106774788421, 0.7216106774788421)}}"
E_short_window_none_i0,7.550000000000001,safety_recheck,MR_predicted_gap
E_short_window_none_i0,7.6000000000000005,action_interval_infeasible,"{'one_step_feasible': 0, 'next_h_min': -2.593468825766681, 'next_h': {'FM': 10.633953067699169, 'MR': -2.593468825766681, 'RB': 9.85217770415662}, 'action_intervals': {'M': (0.3116565525192205, 0.5616565525192205), 'R': (-2.625, -2.375), 'F': (-0.125, 0.125), 'B': (0.4427605463589015, 0.6927605463589015)}}"
E_short_window_none_i0,7.6000000000000005,safety_recheck,MR_predicted_gap
E_short_window_none_i0,7.65,action_interval_infeasible,"{'one_step_feasible': 0, 'next_h_min': -2.530825112219669, 'next_h': {'FM': 10.650516380630206, 'MR': -2.530825112219669, 'RB': 9.859555283935844}, 'action_intervals': {'M': (0.303461106702113, 0.553461106702113), 'R': (-2.75, -2.5), 'F': (-0.125, 0.125), 'B': (0.4085727975306055, 0.6585727975306055)}}"
E_short_window_none_i0,7.65,safety_recheck,MR_predicted_gap
E_short_window_none_i0,7.7,action_interval_infeasible,"{'one_step_feasible': 0, 'next_h_min': -2.4579219880529504, 'next_h': {'FM': 10.666180731309424, 'MR': -2.4579219880529504, 'RB': 9.85953126792519}, 'action_intervals': {'M': (0.29531277268181116, 0.5453127726818112), 'R': (-2.875, -2.625), 'F': (-0.125, 0.125), 'B': (0.36864363723426563, 0.6186436372342656)}}"
E_short_window_none_i0,7.7,safety_recheck,MR_predicted_gap
E_short_window_none_i0,7.75,action_interval_infeasible,"{'one_step_feasible': 0, 'next_h_min': -2.374467126823523, 'next_h': {'FM': 10.680965326356208, 'MR': -2.374467126823523, 'RB': 9.852030648738568}, 'action_intervals': {'M': (0.28721572308875326, 0.5372157230887533), 'R': (-3.0, -2.75), 'F': (-0.125, 0.125), 'B': (0.32257626106222825, 0.5725762610622283)}}"
E_short_window_none_i0,7.75,safety_recheck,MR_predicted_gap
E_short_window_none_i0,7.800000000000001,action_interval_infeasible,"{'one_step_feasible': 0, 'next_h_min': -2.280168059243896, 'next_h': {'FM': 10.694889163597454, 'MR': -2.280168059243896, 'RB': 9.837001669260024}, 'action_intervals': {'M': (0.27917392707333705, 0.5291739270733371), 'R': (-3.125, -2.875), 'F': (-0.125, 0.125), 'B': (0.26998492897287524, 0.5199849289728753)}}"
E_short_window_none_i0,7.800000000000001,safety_recheck,MR_predicted_gap
E_short_window_none_i0,7.8500000000000005,action_interval_infeasible,"{'one_step_feasible': 0, 'next_h_min': -2.1747321640080113, 'next_h': {'FM': 10.707971026353308, 'MR': -2.1747321640080113, 'RB': 9.814416363099992}, 'action_intervals': {'M': (0.27119115309389497, 0.521191153093895), 'R': (-3.25, -3.0), 'F': (-0.125, 0.125), 'B': (0.21049948734524726, 0.46049948734524726)}}"
E_short_window_none_i0,7.8500000000000005,safety_recheck,MR_predicted_gap
E_short_window_none_i0,7.9,action_interval_infeasible,"{'one_step_feasible': 0, 'next_h_min': -2.057866659107614, 'next_h': {'FM': 10.720229478157973, 'MR': -2.057866659107614, 'RB': 9.784270944036919}, 'action_intervals': {'M': (0.26327097190150084, 0.5132709719015008), 'R': (-3.375, -3.125), 'F': (-0.125, 0.125), 'B': (0.14377031204382812, 0.3937703120438281)}}"
E_short_window_none_i0,7.9,safety_recheck,MR_predicted_gap
E_short_window_none_i0,7.95,action_interval_infeasible,"{'one_step_feasible': 0, 'next_h_min': -1.9292785936306156, 'next_h': {'FM': 10.731682857903863, 'MR': -1.9292785936306156, 'RB': 9.746586025470908}, 'action_intervals': {'M': (0.25541675971145184, 0.5054167597114518), 'R': (-3.5, -3.25), 'F': (-0.125, 0.125), 'B': (0.06947362526611156, 0.31947362526611156)}}"
E_short_window_none_i0,7.95,safety_recheck,MR_predicted_gap
E_short_window_none_i0,8.0,action_interval_infeasible,"{'one_step_feasible': 0, 'next_h_min': -1.7886748400332397, 'next_h': {'FM': 10.742349275398023, 'MR': -1.7886748400332397, 'RB': 9.701406651958434}, 'action_intervals': {'M': (0.24763170155071723, 0.49763170155071723), 'R': (-3.625, -3.375), 'F': (-0.125, 0.125), 'B': (-0.012682884611953674, 0.23731711538804634)}}"
E_short_window_none_i0,8.0,safety_recheck,MR_predicted_gap
E_short_window_none_i0,8.05,action_interval_infeasible,"{'one_step_feasible': 0, 'next_h_min': -1.6357620868764908, 'next_h': {'FM': 10.752246607318844, 'MR': -1.6357620868764908, 'RB': 9.648802126664346}, 'action_intervals': {'M': (0.23991879477028394, 0.48991879477028394), 'R': (-3.75, -3.5), 'F': (-0.125, 0.125), 'B': (-0.10295423618559879, 0.1470457638144012)}}"
E_short_window_none_i0,8.05,safety_recheck,MR_predicted_gap
E_short_window_none_i0,8.1,action_interval_infeasible,"{'one_step_feasible': 0, 'next_h_min': -1.4702468320182762, 'next_h': {'FM': 10.761392493561669, 'MR': -1.4702468320182762, 'RB': 9.58886562111035}, 'action_intervals': {'M': (0.23228085271098275, 0.48228085271098275), 'R': (-3.875, -3.625), 'F': (-0.125, 0.125), 'B': (-0.20155224300607733, 0.04844775699392266)}}"
E_short_window_none_i0,8.1,safety_recheck,MR_predicted_gap
E_short_window_none_i0,8.15,action_interval_infeasible,"{'one_step_feasible': 0, 'next_h_min': -1.2918353762506, 'next_h': {'FM': 10.769804333960714, 'MR': -1.2918353762506, 'RB': 9.521713556940107}, 'action_intervals': {'M': (0.22472050851112602, 0.474720508511126), 'R': (-4.0, -3.75), 'F': (-0.125, 0.125), 'B': (-0.30863966340961624, -0.058639663409616266)}}"
E_short_window_none_i0,8.15,safety_recheck,MR_predicted_gap
E_short_window_none_i0,8.200000000000001,action_interval_infeasible,"{'one_step_feasible': 0, 'next_h_min': -1.1025775673728695, 'next_h': {'FM': 10.777499285375942, 'MR': -1.1025775673728695, 'RB': 9.447641003537806}, 'action_intervals': {'M': (0.21724021904411583, 0.46724021904411583), 'R': (-4.0, -3.875), 'F': (-0.125, 0.125), 'B': (-0.4243245820896056, -0.1743245820896056)}}"
E_short_window_none_i0,8.200000000000001,safety_recheck,MR_predicted_gap
E_short_window_none_i0,8.25,action_interval_infeasible,"{'one_step_feasible': 0, 'next_h_min': -0.9024917946902993, 'next_h': {'FM': 10.784494259132316, 'MR': -0.9024917946902993, 'RB': 9.366971338165751}, 'action_intervals': {'M': (0.20984226897409058, 0.4598422689740906), 'R': (-4.0, -3.875), 'F': (-0.125, 0.125), 'B': (-0.5486552121018264, -0.2986552121018264)}}"
E_short_window_none_i0,8.25,safety_recheck,MR_predicted_gap
E_short_window_none_i0,8.3,action_interval_infeasible,"{'one_step_feasible': 0, 'next_h_min': -0.6915962339269518, 'next_h': {'FM': 10.790805918799217, 'MR': -0.6915962339269518, 'RB': 9.28001706082397}, 'action_intervals': {'M': (0.2025287749176246, 0.4525287749176246), 'R': (-4.0, -3.875), 'F': (-0.125, 0.125), 'B': (-0.6736552121018264, -0.42365521210182644)}}"
E_short_window_none_i0,8.3,safety_recheck,MR_predicted_gap
E_short_window_none_i0,8.35,action_interval_infeasible,"{'one_step_feasible': 0, 'next_h_min': -0.4699088425430948, 'next_h': {'FM': 10.79645067829828, 'MR': -0.4699088425430948, 'RB': 9.187090671512436}, 'action_intervals': {'M': (0.19530168969951506, 0.44530168969951506), 'R': (-4.0, -3.875), 'F': (-0.125, 0.125), 'B': (-0.7986552121018264, -0.5486552121018264)}}"
E_short_window_none_i0,8.35,safety_recheck,MR_predicted_gap
E_short_window_none_i0,8.4,action_interval_infeasible,"{'one_step_feasible': 0, 'next_h_min': -0.23744735544560086, 'next_h': {'FM': 10.801444700326984, 'MR': -0.23744735544560086, 'RB': 9.088504670231156}, 'action_intervals': {'M': (0.18816280669081115, 0.43816280669081115), 'R': (-4.0, -3.875), 'F': (-0.125, 0.125), 'B': (-0.9236552121018264, -0.6736552121018264)}}"
E_short_window_none_i0,8.4,safety_recheck,MR_predicted_gap
E_short_window_none_i1,0.0,startup_physical_check,"{'in_start_zone': True, 'slot_ok': False, 'necessary_bound_ok': True, 'remaining_distance_m': 95.0, 'min_forward_distance_m': 47.74930000000005, 'interval_width_m': -8.899999999999991, 'current_speed_forecast_min_slot_width_m': -10.999999999999993, 'current_speed_forecast_min_front_margin_m': -2.4550000000000045, 'current_speed_forecast_min_rear_margin_m': -10.344999999999999, 'physical_ok': False}"
E_short_window_none_i1,5.75,missed_window,missed_window
E_short_window_none_i2,0.0,startup_physical_check,"{'in_start_zone': True, 'slot_ok': False, 'necessary_bound_ok': True, 'remaining_distance_m': 93.0, 'min_forward_distance_m': 52.84930000000011, 'interval_width_m': -12.21499999999999, 'current_speed_forecast_min_slot_width_m': -12.215, 'current_speed_forecast_min_front_margin_m': -11.649999999999999, 'current_speed_forecast_min_rear_margin_m': -9.564999999999998, 'physical_ok': False}"
E_short_window_none_i2,2.85,merge_started,
E_short_window_none_i2,5.8500000000000005,merge_exit_before_completion,started_but_failed
E_short_window_none_i2,5.95,action_interval_infeasible,"{'one_step_feasible': 0, 'next_h_min': -0.02473002345008992, 'next_h': {'FM': 11.223414773947338, 'MR': -0.02473002345008992, 'RB': 6.05911359911663}, 'action_intervals': {'M': (0.8741875221295827, 1.1241875221295827), 'R': (2.125, 2.375), 'F': (-0.125, 0.125), 'B': (0.7801051006569858, 1.0301051006569857)}}"
E_short_window_none_i2,6.0,action_interval_infeasible,"{'one_step_feasible': 0, 'next_h_min': -0.11750750340424213, 'next_h': {'FM': 11.294512472264222, 'MR': -0.11750750340424213, 'RB': 6.169021822319039}, 'action_intervals': {'M': (0.7491875221295827, 0.9991875221295827), 'R': (2.0, 2.25), 'F': (-0.125, 0.125), 'B': (0.7752706831440657, 1.0252706831440657)}}"
E_short_window_none_i2,6.050000000000001,action_interval_infeasible,"{'one_step_feasible': 0, 'next_h_min': -0.21110283529659674, 'next_h': {'FM': 11.364255762928646, 'MR': -0.21110283529659674, 'RB': 6.281626564288489}, 'action_intervals': {'M': (0.6241875221295827, 0.8741875221295827), 'R': (1.875, 2.125), 'F': (-0.125, 0.125), 'B': (0.7704181614271977, 1.0204181614271977)}}"
E_short_window_none_i2,6.050000000000001,safety_recheck,MR_predicted_gap
E_short_window_none_i2,6.1000000000000005,action_interval_infeasible,"{'one_step_feasible': 0, 'next_h_min': -0.30524449831977274, 'next_h': {'FM': 11.43229135301111, 'MR': -0.30524449831977274, 'RB': 6.396627819478148}, 'action_intervals': {'M': (0.5965309273103756, 0.8465309273103756), 'R': (1.75, 2.0), 'F': (-0.125, 0.125), 'B': (0.7655480723293299, 1.01554807232933)}}"
E_short_window_none_i2,6.1000000000000005,safety_recheck,MR_predicted_gap
E_short_window_none_i2,6.15,action_interval_infeasible,"{'one_step_feasible': 0, 'next_h_min': -0.39963280590596106, 'next_h': {'FM': 11.49863200741994, 'MR': -0.39963280590596106, 'RB': 6.5137256146594735}, 'action_intervals': {'M': (0.5914041680414047, 0.8414041680414047), 'R': (1.625, 1.875), 'F': (-0.125, 0.125), 'B': (0.7606609576060707, 1.0106609576060706)}}"
E_short_window_none_i2,6.15,safety_recheck,MR_predicted_gap
E_short_window_none_i2,6.2,action_interval_infeasible,"{'one_step_feasible': 0, 'next_h_min': -0.4939681637692563, 'next_h': {'FM': 11.563291972340284, 'MR': -0.4939681637692563, 'RB': 6.632620007472617}, 'action_intervals': {'M': (0.5862801815631262, 0.8362801815631262), 'R': (1.5, 1.75), 'F': (-0.125, 0.125), 'B': (0.7557573637036941, 1.005757363703694)}}"
E_short_window_none_i2,6.2,safety_recheck,MR_predicted_gap
E_short_window_none_i2,6.25,action_interval_infeasible,"{'one_step_feasible': 0, 'next_h_min': -0.5879513546852332, 'next_h': {'FM': 11.626288468936536, 'MR': -0.5879513546852332, 'RB': 6.753011084970796}, 'action_intervals': {'M': (0.5810795967411414, 0.8310795967411414), 'R': (1.375, 1.625), 'F': (-0.125, 0.125), 'B': (0.7508378415115757, 1.0008378415115757)}}"
E_short_window_none_i2,6.25,safety_recheck,MR_predicted_gap
E_short_window_none_i2,6.300000000000001,action_interval_infeasible,"{'one_step_feasible': 0, 'next_h_min': -0.6812836697126936, 'next_h': {'FM': 11.68763846584446, 'MR': -0.6812836697126936, 'RB': 6.874598962158635}, 'action_intervals': {'M': (0.5756539611264858, 0.8256539611264858), 'R': (1.25, 1.5), 'F': (-0.125, 0.125), 'B': (0.745902946110053, 0.995902946110053)}}"
E_short_window_none_i2,6.300000000000001,safety_recheck,MR_predicted_gap
E_short_window_none_i2,6.3500000000000005,action_interval_infeasible,"{'one_step_feasible': 0, 'next_h_min': -0.7736668434822562, 'next_h': {'FM': 11.747359230122969, 'MR': -0.7736668434822562, 'RB': 6.997083780525771}, 'action_intervals': {'M': (0.5700467496876034, 0.8200467496876034), 'R': (1.125, 1.375), 'F': (-0.125, 0.125), 'B': (0.7409532365146206, 0.9909532365146206)}}"
E_short_window_none_i2,6.3500000000000005,safety_recheck,MR_predicted_gap
E_short_window_none_i2,6.4,action_interval_infeasible,"{'one_step_feasible': 0, 'next_h_min': -0.8648030336143645, 'next_h': {'FM': 11.805468308822011, 'MR': -0.8648030336143645, 'RB': 7.120165706576053}, 'action_intervals': {'M': (0.5642662566305232, 0.8142662566305232), 'R': (1.0, 1.25), 'F': (-0.125, 0.125), 'B': (0.7359892754172868, 0.9859892754172868)}}"
E_short_window_none_i2,6.4,safety_recheck,MR_predicted_gap
E_short_window_none_i2,6.45,action_interval_infeasible,"{'one_step_feasible': 0, 'next_h_min': -0.9543948004444441, 'next_h': {'FM': 11.861983510856817, 'MR': -0.9543948004444441, 'RB': 7.243544930353201}, 'action_intervals': {'M': (0.5583206533182643, 0.8083206533182643), 'R': (0.875, 1.125), 'F': (-0.125, 0.125), 'B': (0.7310116289258286, 0.9810116289258286)}}"
E_short_window_none_i2,6.45,safety_recheck,MR_predicted_gap
E_short_window_none_i2,6.5,action_interval_infeasible,"{'one_step_feasible': 0, 'next_h_min': -1.0421450870552182, 'next_h': {'FM': 11.916922889192652, 'MR': -1.0421450870552182, 'RB': 7.366921663963455}, 'action_intervals': {'M': (0.5522179883015597, 0.8022179883015597), 'R': (0.75, 1.0), 'F': (-0.125, 0.125), 'B': (0.7260208663016008, 0.9760208663016008)}}"
E_short_window_none_i2,6.5,safety_recheck,MR_predicted_gap
E_short_window_none_i2,6.550000000000001,action_interval_infeasible,"{'one_step_feasible': 0, 'next_h_min': -1.1277571996170526, 'next_h': {'FM': 11.970304723343942, 'MR': -1.1277571996170526, 'RB': 7.489996140095858}, 'action_intervals': {'M': (0.5459661871396396, 0.7959661871396396), 'R': (0.625, 0.875), 'F': (-0.125, 0.125), 'B': (0.721017559696483, 0.971017559696483)}}"
E_short_window_none_i2,6.550000000000001,safety_recheck,MR_predicted_gap
E_short_window_none_i2,6.6000000000000005,action_interval_infeasible,"{'one_step_feasible': 0, 'next_h_min': -1.2109347880372312, 'next_h': {'FM': 12.022147502191881, 'MR': -1.2109347880372312, 'RB': 7.6124686105409936}, 'action_intervals': {'M': (0.5395730520306669, 0.7895730520306669), 'R': (0.5, 0.75), 'F': (-0.125, 0.125), 'B': (0.7160022838894674, 0.9660022838894674)}}"
E_short_window_none_i2,6.6000000000000005,safety_recheck,MR_predicted_gap
E_short_window_none_i2,6.65,action_interval_infeasible,"{'one_step_feasible': 0, 'next_h_min': -1.2913818269201418, 'next_h': {'FM': 12.072469907124864, 'MR': -1.2913818269201418, 'RB': 7.7340393447089095}, 'action_intervals': {'M': (0.5330462612714609, 0.7830462612714609), 'R': (0.375, 0.625), 'F': (-0.125, 0.125), 'B': (0.7109756160233269, 0.9609756160233269)}}"
E_short_window_none_i2,6.65,safety_recheck,MR_predicted_gap
E_short_window_none_i2,6.7,action_interval_infeasible,"{'one_step_feasible': 0, 'next_h_min': -1.3688025968395874, 'next_h': {'FM': 12.12129079550574, 'MR': -1.3688025968395874, 'RB': 7.854408628146213}, 'action_intervals': {'M': (0.5263933685661305, 0.7763933685661305), 'R': (0.25, 0.5), 'F': (-0.125, 0.125), 'B': (0.7059381353417519, 0.9559381353417519)}}"
E_short_window_none_i2,6.7,safety_recheck,MR_predicted_gap
E_short_window_none_i2,6.75,action_interval_infeasible,"{'one_step_feasible': 0, 'next_h_min': -1.4429016659261018, 'next_h': {'FM': 12.168629184470165, 'MR': -1.4429016659261018, 'RB': 7.973276761054094}, 'action_intervals': {'M': (0.5196218022030412, 0.7696218022030412), 'R': (0.125, 0.375), 'F': (-0.125, 0.125), 'B': (0.7008904229272769, 0.9508904229272769)}}"
E_short_window_none_i2,6.75,safety_recheck,MR_predicted_gap
E_short_window_none_i2,6.800000000000001,action_interval_infeasible,"{'one_step_feasible': 0, 'next_h_min': -1.5133838717714168, 'next_h': {'FM': 12.214504235060208, 'MR': -1.5133838717714168, 'RB': 8.09034405680674}, 'action_intervals': {'M': (0.512738864119317, 0.762738864119317), 'R': (0.0, 0.25), 'F': (-0.125, 0.125), 'B': (0.695833061440287, 0.945833061440287)}}"
E_short_window_none_i2,6.800000000000001,safety_recheck,MR_predicted_gap
E_short_window_none_i2,6.8500000000000005,action_interval_infeasible,"{'one_step_feasible': 0, 'next_h_min': -1.5799543036524708, 'next_h': {'FM': 12.258935236696932, 'MR': -1.5799543036524708, 'RB': 8.205310840471697}, 'action_intervals': {'M': (0.5057517288717016, 0.7557517288717016), 'R': (-0.125, 0.125), 'F': (-0.125, 0.125), 'B': (0.6907666348593461, 0.9407666348593461)}}"
E_short_window_none_i2,6.8500000000000005,safety_recheck,MR_predicted_gap
E_short_window_none_i2,6.9,action_interval_infeasible,"{'one_step_feasible': 0, 'next_h_min': -1.6423182850784626, 'next_h': {'FM': 12.301941591996199, 'MR': -1.6423182850784626, 'RB': 8.317877447332023}, 'action_intervals': {'M': (0.4986674425321934, 0.7486674425321934), 'R': (-0.25, 0.0), 'F': (-0.125, 0.125), 'B': (0.685691728223058, 0.935691728223058)}}"
E_short_window_none_i2,6.9,safety_recheck,MR_predicted_gap
E_short_window_none_i2,6.95,action_interval_infeasible,"{'one_step_feasible': 0, 'next_h_min': -1.7001813566632362, 'next_h': {'FM': 12.343542801930916, 'MR': -1.7001813566632362, 'RB': 8.427744221411503}, 'action_intervals': {'M': (0.49149292152634494, 0.7414929215263449), 'R': (-0.375, -0.125), 'F': (-0.125, 0.125), 'B': (0.6806089273736418, 0.9306089273736418)}}"
E_short_window_none_i2,6.95,safety_recheck,MR_predicted_gap
E_short_window_none_i2,7.0,action_interval_infeasible,"{'one_step_feasible': 0, 'next_h_min': -1.7532492593264923, 'next_h': {'FM': 12.383758451343521, 'MR': -1.7532492593264923, 'RB': 8.534611514003036}, 'action_intervals': {'M': (0.4842349514315557, 0.7342349514315557), 'R': (-0.5, -0.25), 'F': (-0.125, 0.125), 'B': (0.6755188187023804, 0.9255188187023804)}}"
E_short_window_none_i2,7.0,safety_recheck,MR_predicted_gap
E_short_window_none_i2,7.050000000000001,action_interval_infeasible,"{'one_step_feasible': 0, 'next_h_min': -1.8012279178267219, 'next_h': {'FM': 12.422608194811747, 'MR': -1.8012279178267219, 'RB': 8.638179682201208}, 'action_intervals': {'M': (0.47690018575204873, 0.7269001857520487), 'R': (-0.625, -0.375), 'F': (-0.125, 0.125), 'B': (0.670421988897077, 0.920421988897077)}}"
E_short_window_none_i2,7.050000000000001,safety_recheck,MR_predicted_gap
E_short_window_none_i2,7.1000000000000005,action_interval_infeasible,"{'one_step_feasible': 0, 'next_h_min': -1.8438234246287237, 'next_h': {'FM': 12.46011174287041, 'MR': -1.8438234246287237, 'RB': 8.738149087439037}, 'action_intervals': {'M': (0.46949514468652753, 0.7194951446865275), 'R': (-0.75, -0.5), 'F': (-0.125, 0.125), 'B': (0.6653190246916466, 0.9153190246916466)}}"
E_short_window_none_i2,7.1000000000000005,safety_recheck,MR_predicted_gap
E_short_window_none_i2,7.15,action_interval_infeasible,"{'one_step_feasible': 0, 'next_h_min': -1.8807420241091715, 'next_h': {'FM': 12.496288848592387, 'MR': -1.8807420241091715, 'RB': 8.834220094030151}, 'action_intervals': {'M': (0.4620262139037854, 0.7120262139037854), 'R': (-0.875, -0.625), 'F': (-0.125, 0.125), 'B': (0.6602105126179406, 0.9102105126179406)}}"
E_short_window_none_i2,7.15,safety_recheck,MR_predicted_gap
E_short_window_none_i2,7.2,action_interval_infeasible,"{'one_step_feasible': 0, 'next_h_min': -1.9116900971029005, 'next_h': {'FM': 12.531159294530452, 'MR': -1.9116900971029005, 'RB': 8.926093067716575}, 'action_intervals': {'M': (0.4544996433407579, 0.7044996433407579), 'R': (-1.0, -0.75), 'F': (-0.125, 0.125), 'B': (0.6550970387599074, 0.9050970387599074)}}"
E_short_window_none_i2,7.2,safety_recheck,MR_predicted_gap
E_short_window_none_i2,7.25,action_interval_infeasible,"{'one_step_feasible': 0, 'next_h_min': -1.9363741457928079, 'next_h': {'FM': 12.564742880022575, 'MR': -1.9363741457928079, 'RB': 9.01346837422258}, 'action_intervals': {'M': (0.44692154603669665, 0.6969215460366966), 'R': (-1.125, -0.875), 'F': (-0.125, 0.125), 'B': (0.6499791885101714, 0.8999791885101714)}}"
E_short_window_none_i2,7.25,safety_recheck,MR_predicted_gap
E_short_window_none_i2,7.300000000000001,action_interval_infeasible,"{'one_step_feasible': 0, 'next_h_min': -1.9545007789461406, 'next_h': {'FM': 12.597059408861817, 'MR': -1.9545007789461406, 'RB': 9.096046377815682}, 'action_intervals': {'M': (0.43929789701630806, 0.6892978970163081), 'R': (-1.25, -1.0), 'F': (-0.125, 0.125), 'B': (0.6448575463291043, 0.8948575463291043)}}"
E_short_window_none_i2,7.300000000000001,safety_recheck,MR_predicted_gap
E_short_window_none_i2,7.3500000000000005,action_interval_infeasible,"{'one_step_feasible': 0, 'next_h_min': -1.9657766974996698, 'next_h': {'FM': 12.628128677332548, 'MR': -1.9657766974996698, 'RB': 9.173527439874643}, 'action_intervals': {'M': (0.4316345322338381, 0.6816345322338381), 'R': (-1.375, -1.125), 'F': (-0.125, 0.125), 'B': (0.6397326955064591, 0.8897326955064591)}}"
E_short_window_none_i2,7.3500000000000005,safety_recheck,MR_predicted_gap
E_short_window_none_i2,7.4,action_interval_infeasible,"{'one_step_feasible': 0, 'next_h_min': -1.9699086804962012, 'next_h': {'FM': 12.657970462613612, 'MR': -1.9699086804962012, 'RB': 9.245611917465588}, 'action_intervals': {'M': (0.4239371475892092, 0.6739371475892092), 'R': (-1.5, -1.25), 'F': (-0.125, 0.125), 'B': (0.6346052179256321, 0.8846052179256321)}}"
E_short_window_none_i2,7.4,safety_recheck,MR_predicted_gap
E_short_window_none_i2,7.45,action_interval_infeasible,"{'one_step_feasible': 0, 'next_h_min': -1.9666035713742793, 'next_h': {'FM': 12.68660451154905, 'MR': -1.9666035713742793, 'RB': 9.31200016192634}, 'action_intervals': {'M': (0.4162112980264093, 0.6662112980264093), 'R': (-1.625, -1.375), 'F': (-0.125, 0.125), 'B': (0.6294756938305998, 0.8794756938305998)}}"
E_short_window_none_i2,7.45,safety_recheck,MR_predicted_gap
E_short_window_none_i2,7.5,action_interval_infeasible,"{'one_step_feasible': 0, 'next_h_min': -1.9555682646135255, 'next_h': {'FM': 12.714050529786594, 'MR': -1.9555682646135255, 'RB': 9.372401539732905}, 'action_intervals': {'M': (0.4084623967234655, 0.6584623967234655), 'R': (-1.75, -1.5), 'F': (-0.125, 0.125), 'B': (0.6243447015955779, 0.8743447015955779)}}"
E_short_window_none_i2,7.5,safety_recheck,MR_predicted_gap
E_short_window_none_i2,7.550000000000001,action_interval_infeasible,"{'one_step_feasible': 0, 'next_h_min': -1.936509692736518, 'next_h': {'FM': 12.740328171283616, 'MR': -1.936509692736518, 'RB': 9.426572019405489}, 'action_intervals': {'M': (0.40069571438239593, 0.6506957143823959), 'R': (-1.875, -1.625), 'F': (-0.125, 0.125), 'B': (0.6187316296079254, 0.8687316296079254)}}"
E_short_window_none_i2,7.550000000000001,safety_recheck,MR_predicted_gap
E_short_window_none_i2,7.6000000000000005,action_interval_infeasible,"{'one_step_feasible': 0, 'next_h_min': -1.9091348136693254, 'next_h': {'FM': 12.765457028179927, 'MR': -1.9091348136693254, 'RB': 9.474285540069458}, 'action_intervals': {'M': (0.3929163786266785, 0.6429163786266785), 'R': (-2.0, -1.75), 'F': (-0.125, 0.125), 'B': (0.6102153128066371, 0.8602153128066371)}}"
E_short_window_none_i2,7.6000000000000005,safety_recheck,MR_predicted_gap
E_short_window_none_i2,7.65,action_interval_infeasible,"{'one_step_feasible': 0, 'next_h_min': -1.873150598461254, 'next_h': {'FM': 12.789456621036525, 'MR': -1.873150598461254, 'RB': 9.515332272423347}, 'action_intervals': {'M': (0.38512937351284815, 0.6351293735128481), 'R': (-2.125, -1.875), 'F': (-0.125, 0.125), 'B': (0.5982244182257919, 0.8482244182257919)}}"
E_short_window_none_i2,7.65,safety_recheck,MR_predicted_gap
E_short_window_none_i2,7.7,action_interval_infeasible,"{'one_step_feasible': 0, 'next_h_min': -1.8282640193648603, 'next_h': {'FM': 12.812346389438606, 'MR': -1.8282640193648603, 'RB': 9.549519763810324}, 'action_intervals': {'M': (0.3773395391619855, 0.6273395391619855), 'R': (-2.25, -2.0), 'F': (-0.125, 0.125), 'B': (0.5823565389992078, 0.8323565389992078)}}"
E_short_window_none_i2,7.7,safety_recheck,MR_predicted_gap
E_short_window_none_i2,7.75,action_interval_infeasible,"{'one_step_feasible': 0, 'next_h_min': -1.7741820382762807, 'next_h': {'FM': 12.834145682961136, 'MR': -1.7741820382762807, 'RB': 9.576674063779011}, 'action_intervals': {'M': (0.3695515715159721, 0.6195515715159721), 'R': (-2.375, -2.125), 'F': (-0.125, 0.125), 'B': (0.5622018520328004, 0.8122018520328004)}}"
E_short_window_none_i2,7.75,safety_recheck,MR_predicted_gap
E_short_window_none_i2,7.800000000000001,action_interval_infeasible,"{'one_step_feasible': 0, 'next_h_min': -1.7106115955366272, 'next_h': {'FM': 12.854873752495052, 'MR': -1.7106115955366272, 'RB': 9.596640817533727}, 'action_intervals': {'M': (0.3617700222225648, 0.6117700222225648), 'R': (-2.5, -2.25), 'F': (-0.125, 0.125), 'B': (0.5373451474036218, 0.7873451474036218)}}"
E_short_window_none_i2,7.800000000000001,safety_recheck,MR_predicted_gap
E_short_window_none_i2,7.8500000000000005,action_interval_infeasible,"{'one_step_feasible': 0, 'next_h_min': -1.6372595990935475, 'next_h': {'FM': 12.87454974193109, 'MR': -1.6372595990935475, 'RB': 9.609286312904342}, 'action_intervals': {'M': (0.35399929865250557, 0.6039992986525056), 'R': (-2.625, -2.375), 'F': (-0.125, 0.125), 'B': (0.5073682591630867, 0.7573682591630867)}}"
E_short_window_none_i2,7.8500000000000005,safety_recheck,MR_predicted_gap
E_short_window_none_i2,7.9,action_interval_infeasible,"{'one_step_feasible': 0, 'next_h_min': -1.553832914023158, 'next_h': {'FM': 12.893192680198728, 'MR': -1.553832914023158, 'RB': 9.614498464735455}, 'action_intervals': {'M': (0.3462436640510826, 0.5962436640510826), 'R': (-2.75, -2.5), 'F': (-0.125, 0.125), 'B': (0.47185293842629994, 0.7218529384262999)}}"
E_short_window_none_i2,7.9,safety_recheck,MR_predicted_gap
E_short_window_none_i2,7.95,action_interval_infeasible,"{'one_step_feasible': 0, 'next_h_min': -1.4600383524105323, 'next_h': {'FM': 12.910821473656593, 'MR': -1.4600383524105323, 'RB': 9.612187718977449}, 'action_intervals': {'M': (0.33850723782580927, 0.5885072378258093), 'R': (-2.875, -2.625), 'F': (-0.125, 0.125), 'B': (0.4303842020768103, 0.6803842020768103)}}"
E_short_window_none_i2,7.95,safety_recheck,MR_predicted_gap
E_short_window_none_i2,8.0,action_interval_infeasible,"{'one_step_feasible': 0, 'next_h_min': -1.3555826635883803, 'next_h': {'FM': 12.927454898830907, 'MR': -1.3555826635883803, 'RB': 9.602287857347694}, 'action_intervals': {'M': (0.33079399597111864, 0.5807939959711186), 'R': (-3.0, -2.75), 'F': (-0.125, 0.125), 'B': (0.3825541798867227, 0.6325541798867227)}}"
E_short_window_none_i2,8.0,safety_recheck,MR_predicted_gap
E_short_window_none_i2,8.05,action_interval_infeasible,"{'one_step_feasible': 0, 'next_h_min': -1.2401725247319815, 'next_h': {'FM': 12.943111595498094, 'MR': -1.2401725247319815, 'RB': 9.584756682315302}, 'action_intervals': {'M': (0.32310777163029375, 0.5731077716302937), 'R': (-3.125, -2.875), 'F': (-0.125, 0.125), 'B': (0.3279664690615031, 0.5779664690615032)}}"
E_short_window_none_i2,8.05,safety_recheck,MR_predicted_gap
E_short_window_none_i2,8.1,action_interval_infeasible,"{'one_step_feasible': 0, 'next_h_min': -1.1135145318081792, 'next_h': {'FM': 12.957810060106903, 'MR': -1.1135145318081792, 'RB': 9.559576561456456}, 'action_intervals': {'M': (0.3154522557941581, 0.5654522557941581), 'R': (-3.25, -3.0), 'F': (-0.125, 0.125), 'B': (0.2662409879936001, 0.5162409879936001)}}"
E_short_window_none_i2,8.1,safety_recheck,MR_predicted_gap
E_short_window_none_i2,8.15,action_interval_infeasible,"{'one_step_feasible': 0, 'next_h_min': -0.9753151908767184, 'next_h': {'FM': 12.97156863953583, 'MR': -0.9753151908767184, 'RB': 9.526754810041211}, 'action_intervals': {'M': (0.30783099813543513, 0.5578309981354351), 'R': (-3.375, -3.125), 'F': (-0.125, 0.125), 'B': (0.19701930033965426, 0.44701930033965426)}}"
E_short_window_none_i2,8.15,safety_recheck,MR_predicted_gap
E_short_window_none_i2,8.200000000000001,action_interval_infeasible,"{'one_step_feasible': 0, 'next_h_min': -0.8252809097410527, 'next_h': {'FM': 12.984405525180797, 'MR': -0.8252809097410527, 'RB': 9.486323891158667}, 'action_intervals': {'M': (0.3002474079770661, 0.5502474079770661), 'R': (-3.5, -3.25), 'F': (-0.125, 0.125), 'B': (0.11997035663413474, 0.36997035663413474)}}"
E_short_window_none_i2,8.200000000000001,safety_recheck,MR_predicted_gap
E_short_window_none_i2,8.25,action_interval_infeasible,"{'one_step_feasible': 0, 'next_h_min': -0.6631179899455687, 'next_h': {'FM': 12.99633874736774, 'MR': -0.6631179899455687, 'RB': 9.438341413866347}, 'action_intervals': {'M': (0.29270475539223045, 0.5427047553922304), 'R': (-3.625, -3.375), 'F': (-0.125, 0.125), 'B': (0.034796574006364045, 0.28479657400636404)}}"
E_short_window_none_i2,8.25,safety_recheck,MR_predicted_gap
E_short_window_none_i2,8.3,action_interval_infeasible,"{'one_step_feasible': 0, 'next_h_min': -0.48853261911644796, 'next_h': {'FM': 13.007386170085118, 'MR': -0.48853261911644796, 'RB': 9.382889911850661}, 'action_intervals': {'M': (0.2852061724332865, 0.5352061724332865), 'R': (-3.75, -3.5), 'F': (-0.125, 0.125), 'B': (-0.05875985400712504, 0.19124014599287498)}}"
E_short_window_none_i2,8.3,safety_recheck,MR_predicted_gap
E_short_window_none_i2,8.35,action_interval_infeasible,"{'one_step_feasible': 0, 'next_h_min': -0.30123086364206003, 'next_h': {'FM': 13.017565486030124, 'MR': -0.30123086364206003, 'RB': 9.320076387962823}, 'action_intervals': {'M': (0.2777546544863694, 0.5277546544863694), 'R': (-3.875, -3.625), 'F': (-0.125, 0.125), 'B': (-0.16091055489364645, 0.08908944510635355)}}"
E_short_window_none_i2,8.35,safety_recheck,MR_predicted_gap
E_short_window_none_i2,8.4,action_interval_infeasible,"{'one_step_feasible': 0, 'next_h_min': -0.10091866168944492, 'next_h': {'FM': 13.026894211963166, 'MR': -0.10091866168944492, 'RB': 9.250031613773492}, 'action_intervals': {'M': (0.270353061747935, 0.520353061747935), 'R': (-4.0, -3.75), 'F': (-0.125, 0.125), 'B': (-0.27181464772452035, -0.021814647724520325)}}"
E_short_window_none_i2,8.4,safety_recheck,MR_predicted_gap
E_short_window_prepare_i0,0.0,startup_physical_check,"{'in_start_zone': True, 'slot_ok': False, 'necessary_bound_ok': True, 'remaining_distance_m': 92.0, 'min_forward_distance_m': 52.84930000000017, 'interval_width_m': -9.424999999999983, 'current_speed_forecast_min_slot_width_m': -10.925, 'current_speed_forecast_min_front_margin_m': -11.149999999999999, 'current_speed_forecast_min_rear_margin_m': -7.2749999999999995, 'physical_ok': False}"
E_short_window_prepare_i0,3.0,merge_started,
E_short_window_prepare_i0,5.2,action_interval_infeasible,"{'one_step_feasible': 0, 'next_h_min': -0.08988472061908259, 'next_h': {'FM': 8.262685464318727, 'MR': -0.08988472061908259, 'RB': 5.4534987037982035}, 'action_intervals': {'M': (1.3341602748623709, 1.5841602748623709), 'R': (2.375, 2.5), 'F': (-0.09028010907781532, 0.1597198909221847), 'B': (0.7593177280736387, 1.0093177280736387)}}"
E_short_window_prepare_i0,5.25,action_interval_infeasible,"{'one_step_feasible': 0, 'next_h_min': -0.18742374225033445, 'next_h': {'FM': 8.361413050901744, 'MR': -0.18742374225033445, 'RB': 5.51817537540524}, 'action_intervals': {'M': (1.2695279160630564, 1.5195279160630564), 'R': (2.25, 2.5), 'F': (-0.0917557044420084, 0.1582442955579916), 'B': (0.7593103549330416, 1.0093103549330416)}}"
E_short_window_prepare_i0,5.300000000000001,action_interval_infeasible,"{'one_step_feasible': 0, 'next_h_min': -0.28490397447404836, 'next_h': {'FM': 8.457404104122359, 'MR': -0.28490397447404836, 'RB': 5.586196885585557}, 'action_intervals': {'M': (1.226033436047069, 1.476033436047069), 'R': (2.125, 2.375), 'F': (-0.09316858700322186, 0.15683141299677814), 'B': (0.7569359522566609, 1.006935952256661)}}"
E_short_window_prepare_i0,5.300000000000001,safety_recheck,MR_predicted_gap
E_short_window_prepare_i0,5.3500000000000005,action_interval_infeasible,"{'one_step_feasible': 0, 'next_h_min': -0.38207708304505494, 'next_h': {'FM': 8.550566562971332, 'MR': -0.38207708304505494, 'RB': 5.657273026286668}, 'action_intervals': {'M': (1.1959980899647245, 1.4459980899647245), 'R': (2.0, 2.25), 'F': (-0.09452142205558563, 0.1554785779444144), 'B': (0.7526197680479119, 1.0026197680479119)}}"
E_short_window_prepare_i0,5.3500000000000005,safety_recheck,MR_predicted_gap
E_short_window_prepare_i0,5.4,action_interval_infeasible,"{'one_step_feasible': 0, 'next_h_min': -0.47873738376374486, 'next_h': {'FM': 8.641754090899678, 'MR': -0.47873738376374486, 'RB': 5.731103902318443}, 'action_intervals': {'M': (1.1747008322133015, 1.4247008322133015), 'R': (1.875, 2.125), 'F': (-0.09581676161822354, 0.15418323838177644), 'B': (0.7476901711991629, 0.9976901711991629)}}"
E_short_window_prepare_i0,5.4,safety_recheck,MR_predicted_gap
E_short_window_prepare_i0,5.45,action_interval_infeasible,"{'one_step_feasible': 0, 'next_h_min': -0.5747075727109259, 'next_h': {'FM': 8.730746155899528, 'MR': -0.5747075727109259, 'RB': 5.807389645458451}, 'action_intervals': {'M': (1.1105454496255367, 1.3605454496255367), 'R': (1.75, 2.0), 'F': (-0.09705704924945024, 0.15294295075054976), 'B': (0.7427455974031033, 0.9927455974031033)}}"
E_short_window_prepare_i0,5.45,safety_recheck,MR_predicted_gap
E_short_window_prepare_i0,5.5,action_interval_infeasible,"{'one_step_feasible': 0, 'next_h_min': -0.6697691881242734, 'next_h': {'FM': 8.817410373817774, 'MR': -0.6697691881242734, 'RB': 5.885830412989542}, 'action_intervals': {'M': (1.066543967605108, 1.316543967605108), 'R': (1.625, 1.875), 'F': (-0.09824462465634891, 0.15175537534365108), 'B': (0.7377866053099559, 0.9877866053099559)}}"
E_short_window_prepare_i0,5.5,safety_recheck,MR_predicted_gap
E_short_window_prepare_i0,5.550000000000001,action_interval_infeasible,"{'one_step_feasible': 0, 'next_h_min': -0.7636774594368011, 'next_h': {'FM': 8.901666885012325, 'MR': -0.7636774594368011, 'RB': 5.96612638623313}, 'action_intervals': {'M': (1.0353148594231187, 1.2853148594231187), 'R': (1.5, 1.75), 'F': (-0.09938172810845422, 0.15061827189154578), 'B': (0.7328137570766075, 0.9828137570766075)}}"
E_short_window_prepare_i0,5.550000000000001,safety_recheck,MR_predicted_gap
E_short_window_prepare_i0,5.6000000000000005,action_interval_infeasible,"{'one_step_feasible': 0, 'next_h_min': -0.856218486327662, 'next_h': {'FM': 8.984188615233998, 'MR': -0.856218486327662, 'RB': 6.047977769078672}, 'action_intervals': {'M': (1.0123604212445843, 1.2623604212445843), 'R': (1.375, 1.625), 'F': (-0.10047050466384491, 0.1495294953361551), 'B': (0.7278276181335558, 0.9778276181335558)}}"
E_short_window_prepare_i0,5.6000000000000005,safety_recheck,MR_predicted_gap
E_short_window_prepare_i0,5.65,action_interval_infeasible,"{'one_step_feasible': 0, 'next_h_min': -0.9471989474892323, 'next_h': {'FM': 9.064803308313147, 'MR': -0.9471989474892323, 'RB': 6.131084786510114}, 'action_intervals': {'M': (0.9564351161082523, 1.2064351161082523), 'R': (1.25, 1.5), 'F': (-0.10151300821563022, 0.14848699178436978), 'B': (0.7228287569462737, 0.9728287569462737)}}"
E_short_window_prepare_i0,5.65,safety_recheck,MR_predicted_gap
E_short_window_prepare_i0,5.7,action_interval_infeasible,"{'one_step_feasible': 0, 'next_h_min': -1.0363917546791535, 'next_h': {'FM': 9.143410080443644, 'MR': -1.0363917546791535, 'RB': 6.21514768313012}, 'action_intervals': {'M': (0.9170174673220692, 1.1670174673220692), 'R': (1.125, 1.375), 'F': (-0.1025112053664646, 0.1474887946335354), 'B': (0.7178177447718121, 0.9678177447718121)}}"
E_short_window_prepare_i0,5.7,safety_recheck,MR_predicted_gap
E_short_window_prepare_i0,5.75,merge_exit_before_completion,started_but_failed
E_short_window_prepare_i0,5.75,action_interval_infeasible,"{'one_step_feasible': 0, 'next_h_min': -1.123676797594175, 'next_h': {'FM': 9.221880526909635, 'MR': -1.123676797594175, 'RB': 6.299866721682558}, 'action_intervals': {'M': (0.8881057099738447, 1.1381057099738447), 'R': (1.0, 1.25), 'F': (-0.10346697913838909, 0.1465330208616109), 'B': (0.7127951554114303, 0.9627951554114303)}}"
E_short_window_prepare_i0,5.75,safety_recheck,MR_predicted_gap
E_short_window_prepare_i0,5.800000000000001,action_interval_infeasible,"{'one_step_feasible': 0, 'next_h_min': -1.2090540762342556, 'next_h': {'FM': 9.300524908445169, 'MR': -1.2090540762342556, 'RB': 6.384942181573989}, 'action_intervals': {'M': (0.7631057099738447, 1.0131057099738447), 'R': (0.875, 1.125), 'F': (-0.10438213252500876, 0.14561786747499122), 'B': (0.7077615649600013, 0.9577615649600013)}}"
E_short_window_prepare_i0,5.800000000000001,safety_recheck,MR_predicted_gap
E_short_window_prepare_i0,5.8500000000000005,action_interval_infeasible,"{'one_step_feasible': 0, 'next_h_min': -1.2923882833603637, 'next_h': {'FM': 9.377623972367639, 'MR': -1.2923882833603637, 'RB': 6.470074357394799}, 'action_intervals': {'M': (0.6381057099738447, 0.8881057099738447), 'R': (0.75, 1.0), 'F': (-0.1052583918926949, 0.1447416081073051), 'B': (0.7027175515529186, 0.9527175515529186)}}"
E_short_window_prepare_i0,5.8500000000000005,safety_recheck,MR_predicted_gap
E_short_window_prepare_i0,5.9,action_interval_infeasible,"{'one_step_feasible': 0, 'next_h_min': -1.3733942768163296, 'next_h': {'FM': 9.452999636054638, 'MR': -1.3733942768163296, 'RB': 6.554963557440831}, 'action_intervals': {'M': (0.6213515011989571, 0.8713515011989571), 'R': (0.625, 0.875), 'F': (-0.10609741023725619, 0.1439025897627438), 'B': (0.6976636951111551, 0.9476636951111551)}}"
E_short_window_prepare_i0,5.9,safety_recheck,MR_predicted_gap
E_short_window_prepare_i0,5.95,action_interval_infeasible,"{'one_step_feasible': 0, 'next_h_min': -1.4517723867225718, 'next_h': {'FM': 9.526662763269538, 'MR': -1.4517723867225718, 'RB': 6.639310102235804}, 'action_intervals': {'M': (0.6162194348940935, 0.8662194348940935), 'R': (0.5, 0.75), 'F': (-0.10690077030217289, 0.14309922969782712), 'B': (0.6926005770850997, 0.9426005770850997)}}"
E_short_window_prepare_i0,5.95,safety_recheck,MR_predicted_gap
E_short_window_prepare_i0,6.0,action_interval_infeasible,"{'one_step_feasible': 0, 'next_h_min': -1.5272229423954948, 'next_h': {'FM': 9.598624290529857, 'MR': -1.5272229423954948, 'RB': 6.722814323055485}, 'action_intervals': {'M': (0.6110874048945611, 0.8610874048945611), 'R': (0.375, 0.625), 'F': (-0.10766998756433104, 0.14233001243566895), 'B': (0.6875287801977266, 0.9375287801977266)}}"
E_short_window_prepare_i0,6.0,safety_recheck,MR_predicted_gap
E_short_window_prepare_i0,6.050000000000001,action_interval_infeasible,"{'one_step_feasible': 0, 'next_h_min': -1.5994462709246375, 'next_h': {'FM': 9.668895222183629, 'MR': -1.5994462709246375, 'RB': 6.805176560454111}, 'action_intervals': {'M': (0.6059559817758166, 0.8559559817758166), 'R': (0.25, 0.5), 'F': (-0.10840651309284617, 0.14159348690715384), 'B': (0.68244888818761, 0.93244888818761)}}"
E_short_window_prepare_i0,6.050000000000001,safety_recheck,MR_predicted_gap
E_short_window_prepare_i0,6.1000000000000005,action_interval_infeasible,"{'one_step_feasible': 0, 'next_h_min': -1.6681426957571295, 'next_h': {'FM': 9.737486625647485, 'MR': -1.6681426957571295, 'RB': 6.886097162793713}, 'action_intervals': {'M': (0.6008257332652617, 0.8508257332652617), 'R': (0.125, 0.375), 'F': (-0.10911173628640025, 0.14088826371359975), 'B': (0.6773614855522408, 0.9273614855522408)}}"
E_short_window_prepare_i0,6.1000000000000005,safety_recheck,MR_predicted_gap
E_short_window_prepare_i0,6.15,action_interval_infeasible,"{'one_step_feasible': 0, 'next_h_min': -1.733012535290178, 'next_h': {'FM': 9.804409626800826, 'MR': -1.733012535290178, 'RB': 6.965276484777063}, 'action_intervals': {'M': (0.5956972240397579, 0.8456972240397579), 'R': (0.0, 0.25), 'F': (-0.10978698749422851, 0.1402130125057715), 'B': (0.672267157292059, 0.922267157292059)}}"
E_short_window_prepare_i0,6.15,safety_recheck,MR_predicted_gap
E_short_window_prepare_i0,6.2,action_interval_infeasible,"{'one_step_feasible': 0, 'next_h_min': -1.7937561238444804, 'next_h': {'FM': 9.86967574112221, 'MR': -1.7937561238444804, 'RB': 7.042414885984431}, 'action_intervals': {'M': (0.5905710155263554, 0.8405710155263554), 'R': (-0.125, 0.125), 'F': (-0.11043354052572366, 0.13956645947427634), 'B': (0.6671664886555633, 0.9171664886555633)}}"
E_short_window_prepare_i0,6.2,safety_recheck,MR_predicted_gap
E_short_window_prepare_i0,6.25,action_interval_infeasible,"{'one_step_feasible': 0, 'next_h_min': -1.8500741367210896, 'next_h': {'FM': 9.93330113964665, 'MR': -1.8500741367210896, 'RB': 7.117212729415511}, 'action_intervals': {'M': (0.5854297674567345, 0.8354297674567345), 'R': (-0.25, 0.0), 'F': (-0.1110526150533806, 0.1389473849466194), 'B': (0.6620600648858214, 0.9120600648858214)}}"
E_short_window_prepare_i0,6.25,safety_recheck,MR_predicted_gap
E_short_window_prepare_i0,6.300000000000001,action_interval_infeasible,"{'one_step_feasible': 0, 'next_h_min': -1.9016678392939081, 'next_h': {'FM': 9.995301887817174, 'MR': -1.9016678392939081, 'RB': 7.189370380036425}, 'action_intervals': {'M': (0.5800307747009917, 0.8300307747009917), 'R': (-0.375, -0.125), 'F': (-0.11164537891361129, 0.1383546210863887), 'B': (0.6569484709686649, 0.9069484709686649)}}"
E_short_window_prepare_i0,6.300000000000001,safety_recheck,MR_predicted_gap
E_short_window_prepare_i0,6.3500000000000005,action_interval_infeasible,"{'one_step_feasible': 0, 'next_h_min': -1.9482390206989186, 'next_h': {'FM': 10.055694468174748, 'MR': -1.9482390206989186, 'RB': 7.258588203332575}, 'action_intervals': {'M': (0.5744174683341974, 0.8244174683341974), 'R': (-0.5, -0.25), 'F': (-0.11221295030978418, 0.13778704969021582), 'B': (0.6518322913828095, 0.9018322913828095)}}"
E_short_window_prepare_i0,6.3500000000000005,safety_recheck,MR_predicted_gap
E_short_window_prepare_i0,6.4,action_interval_infeasible,"{'one_step_feasible': 0, 'next_h_min': -1.989489969919771, 'next_h': {'FM': 10.11449575563518, 'MR': -1.989489969919771, 'RB': 7.324566563868181}, 'action_intervals': {'M': (0.5685994658991181, 0.8185994658991181), 'R': (-0.625, -0.375), 'F': (-0.11275639992161963, 0.13724360007838038), 'B': (0.6467121098521249, 0.8967121098521249)}}"
E_short_window_prepare_i0,6.4,safety_recheck,MR_predicted_gap
E_short_window_prepare_i0,6.45,action_interval_infeasible,"{'one_step_feasible': 0, 'next_h_min': -2.0251234521371355, 'next_h': {'FM': 10.171722993213585, 'MR': -2.0251234521371355, 'RB': 7.3870114611522535}, 'action_intervals': {'M': (0.5625862814358762, 0.8125862814358762), 'R': (-0.75, -0.5), 'F': (-0.11327675292495129, 0.1367232470750487), 'B': (0.6415885091002216, 0.8915885091002216)}}"
E_short_window_prepare_i0,6.45,safety_recheck,MR_predicted_gap
E_short_window_prepare_i0,6.5,action_interval_infeasible,"{'one_step_feasible': 0, 'next_h_min': -2.054842685352373, 'next_h': {'FM': 10.227393768201654, 'MR': -2.054842685352373, 'RB': 7.445650965984378}, 'action_intervals': {'M': (0.5563873213632742, 0.8063873213632742), 'R': (-0.875, -0.625), 'F': (-0.11377499092564047, 0.13622500907435953), 'B': (0.6361614146369137, 0.8861614146369137)}}"
E_short_window_prepare_i0,6.5,safety_recheck,MR_predicted_gap
E_short_window_prepare_i0,6.550000000000001,action_interval_infeasible,"{'one_step_feasible': 0, 'next_h_min': -2.0783513172956507, 'next_h': {'FM': 10.281525988803816, 'MR': -2.0783513172956507, 'RB': 7.50022217300638}, 'action_intervals': {'M': (0.5500118803515835, 0.8000118803515835), 'R': (-1.0, -0.75), 'F': (-0.11425205381130041, 0.1357479461886996), 'B': (0.6292941567890924, 0.8792941567890924)}}"
E_short_window_prepare_i0,6.550000000000001,safety_recheck,MR_predicted_gap
E_short_window_prepare_i0,6.6000000000000005,action_interval_infeasible,"{'one_step_feasible': 0, 'next_h_min': -2.0953534026290606, 'next_h': {'FM': 10.334137861238275, 'MR': -2.0953534026290606, 'RB': 7.550472694851787}, 'action_intervals': {'M': (0.5434691371950274, 0.7934691371950274), 'R': (-1.125, -0.875), 'F': (-0.11470884152432141, 0.13529115847567857), 'B': (0.6206974857554954, 0.8706974857554954)}}"
E_short_window_prepare_i0,6.6000000000000005,safety_recheck,MR_predicted_gap
E_short_window_prepare_i0,6.65,action_interval_infeasible,"{'one_step_feasible': 0, 'next_h_min': -2.1055533804546656, 'next_h': {'FM': 10.385247867308145, 'MR': -2.1055533804546656, 'RB': 7.596161777983056}, 'action_intervals': {'M': (0.5367681506939395, 0.7867681506939395), 'R': (-1.25, -1.0), 'F': (-0.11514621575953665, 0.13485378424046335), 'B': (0.6100410304065004, 0.8600410304065004)}}"
E_short_window_prepare_i0,6.65,safety_recheck,MR_predicted_gap
E_short_window_prepare_i0,6.7,action_interval_infeasible,"{'one_step_feasible': 0, 'next_h_min': -2.1086560521378908, 'next_h': {'FM': 10.434874742448624, 'MR': -2.1086560521378908, 'RB': 7.637061427445725}, 'action_intervals': {'M': (0.5299178555580187, 0.7799178555580187), 'R': (-1.375, -1.125), 'F': (-0.11556500158975691, 0.1344349984102431), 'B': (0.5969789577737734, 0.8469789577737734)}}"
E_short_window_prepare_i0,6.7,safety_recheck,MR_predicted_gap
E_short_window_prepare_i0,6.75,action_interval_infeasible,"{'one_step_feasible': 0, 'next_h_min': -2.104366559456374, 'next_h': {'FM': 10.483037454255898, 'MR': -2.104366559456374, 'RB': 7.672957532510904}, 'action_intervals': {'M': (0.5229270583432271, 0.7729270583432271), 'R': (-1.5, -1.25), 'F': (-0.11596598902219099, 0.134034010977809), 'B': (0.5811515590626235, 0.8311515590626235)}}"
E_short_window_prepare_i0,6.75,safety_recheck,MR_predicted_gap
E_short_window_prepare_i0,6.800000000000001,action_interval_infeasible,"{'one_step_feasible': 0, 'next_h_min': -2.092390363084191, 'next_h': {'FM': 10.529755181502438, 'MR': -2.092390363084191, 'RB': 7.7036509838848195}, 'action_intervals': {'M': (0.5158044334357598, 0.7658044334357598), 'R': (-1.625, -1.375), 'F': (-0.11634993448874749, 0.13365006551125252), 'B': (0.5621870523859158, 0.8121870523859158)}}"
E_short_window_prepare_i0,6.800000000000001,safety_recheck,MR_predicted_gap
E_short_window_prepare_i0,6.8500000000000005,action_interval_infeasible,"{'one_step_feasible': 0, 'next_h_min': -2.072433221421173, 'next_h': {'FM': 10.575047293644399, 'MR': -2.072433221421173, 'RB': 7.728958771778368}, 'action_intervals': {'M': (0.5085585190971329, 0.7585585190971329), 'R': (-1.75, -1.5), 'F': (-0.11671756227297489, 0.1332824377270251), 'B': (0.5397036422682985, 0.7897036422682985)}}"
E_short_window_prepare_i0,6.8500000000000005,safety_recheck,MR_predicted_gap
E_short_window_prepare_i0,6.9,action_interval_infeasible,"{'one_step_feasible': 0, 'next_h_min': -2.0442011697769624, 'next_h': {'FM': 10.618933330825053, 'MR': -2.0442011697769624, 'RB': 7.748715052685105}, 'action_intervals': {'M': (0.5011977135848352, 0.7511977135848352), 'R': (-1.875, -1.625), 'F': (-0.11706956587637318, 0.13293043412362682), 'B': (0.5133118755873519, 0.7633118755873519)}}"
E_short_window_prepare_i0,6.9,safety_recheck,MR_predicted_gap
E_short_window_prepare_i0,6.95,action_interval_infeasible,"{'one_step_feasible': 0, 'next_h_min': -2.0074004999192803, 'next_h': {'FM': 10.661432984379086, 'MR': -2.0074004999192803, 'RB': 7.762772171257754}, 'action_intervals': {'M': (0.4937302713631584, 0.7437302713631584), 'R': (-2.0, -1.75), 'F': (-0.11740660932662834, 0.13259339067337167), 'B': (0.48261733147211416, 0.7326173314721142)}}"
E_short_window_prepare_i0,6.95,safety_recheck,MR_predicted_gap
E_short_window_prepare_i0,7.0,action_interval_infeasible,"{'one_step_feasible': 0, 'next_h_min': -1.9617377399951994, 'next_h': {'FM': 10.702566077841333, 'MR': -1.9617377399951994, 'RB': 7.771001622256621}, 'action_intervals': {'M': (0.48616429941883665, 0.7361642994188367), 'R': (-2.125, -1.875), 'F': (-0.1177293284302463, 0.1322706715697537), 'B': (0.4472236784248792, 0.6972236784248792)}}"
E_short_window_prepare_i0,7.0,safety_recheck,MR_predicted_gap
E_short_window_prepare_i0,7.050000000000001,action_interval_infeasible,"{'one_step_feasible': 0, 'next_h_min': -1.9069196348344029, 'next_h': {'FM': 10.742352548463904, 'MR': -1.9069196348344029, 'RB': 7.773294936237257}, 'action_intervals': {'M': (0.47850775369592424, 0.7285077536959242), 'R': (-2.25, -2.0), 'F': (-0.11803833197195975, 0.13196166802804027), 'B': (0.40673612523754965, 0.6567361252375497)}}"
E_short_window_prepare_i0,7.050000000000001,safety_recheck,MR_predicted_gap
E_short_window_prepare_i0,7.1000000000000005,action_interval_infeasible,"{'one_step_feasible': 0, 'next_h_min': -1.8426531266427457, 'next_h': {'FM': 10.780812429244016, 'MR': -1.8426531266427457, 'RB': 7.76956447152873}, 'action_intervals': {'M': (0.4707684356640208, 0.7207684356640208), 'R': (-2.375, -2.125), 'F': (-0.11833420286315147, 0.13166579713684853), 'B': (0.36076528284636317, 0.6107652828463632)}}"
E_short_window_prepare_i0,7.1000000000000005,safety_recheck,MR_predicted_gap
E_short_window_prepare_i0,7.15,action_interval_infeasible,"{'one_step_feasible': 0, 'next_h_min': -1.768645336093985, 'next_h': {'FM': 10.81796583146562, 'MR': -1.768645336093985, 'RB': 7.7597440942143585}, 'action_intervals': {'M': (0.46295398903346463, 0.7129539890334646), 'R': (-2.5, -2.25), 'F': (-0.11861749924146867, 0.13138250075853133), 'B': (0.3089314418881191, 0.558931441888119)}}"
E_short_window_prepare_i0,7.15,safety_recheck,MR_predicted_gap
E_short_window_prepare_i0,7.2,action_interval_infeasible,"{'one_step_feasible': 0, 'next_h_min': -1.6846035438276452, 'next_h': {'FM': 10.853832927756706, 'MR': -1.6846035438276452, 'RB': 7.74378972736046}, 'action_intervals': {'M': (0.45507189663052394, 0.7050718966305239), 'R': (-2.625, -2.375), 'F': (-0.11888875552370574, 0.13111124447629424), 'B': (0.2508692552791025, 0.5008692552791025)}}"
E_short_window_prepare_i0,7.2,safety_recheck,MR_predicted_gap
E_short_window_prepare_i0,7.25,action_interval_infeasible,"{'one_step_feasible': 0, 'next_h_min': -1.590235172359716, 'next_h': {'FM': 10.888433935663544, 'MR': -1.590235172359716, 'RB': 7.721679750742613}, 'action_intervals': {'M': (0.44712947744490517, 0.6971294774449052), 'R': (-2.75, -2.5), 'F': (-0.11914848341394854, 0.13085151658605146), 'B': (0.18623279668477166, 0.43623279668477166)}}"
E_short_window_prepare_i0,7.25,safety_recheck,MR_predicted_gap
E_short_window_prepare_i0,7.300000000000001,action_interval_infeasible,"{'one_step_feasible': 0, 'next_h_min': -1.4852477684130967, 'next_h': {'FM': 10.921789101742922, 'MR': -1.4852477684130967, 'RB': 7.693415232889535}, 'action_intervals': {'M': (0.43913388386108654, 0.6891338838610865), 'R': (-2.875, -2.625), 'F': (-0.11939717286885561, 0.1306028271311444), 'B': (0.11470094453912855, 0.36470094453912855)}}"
E_short_window_prepare_i0,7.300000000000001,safety_recheck,MR_predicted_gap
E_short_window_prepare_i0,7.3500000000000005,action_interval_infeasible,"{'one_step_feasible': 0, 'next_h_min': -1.36934898567416, 'next_h': {'FM': 10.95391868617291, 'MR': -1.36934898567416, 'RB': 7.659019978485596}, 'action_intervals': {'M': (0.4310920990841214, 0.6810920990841214), 'R': (-3.0, -2.75), 'F': (-0.11963529302193035, 0.13036470697806965), 'B': (0.03598301781334862, 0.2859830178133486)}}"
E_short_window_prepare_i0,7.3500000000000005,safety_recheck,MR_predicted_gap
E_short_window_prepare_i0,7.4,action_interval_infeasible,"{'one_step_feasible': 0, 'next_h_min': -1.2422465679806716, 'next_h': {'FM': 10.984842947881416, 'MR': -1.2422465679806716, 'RB': 7.618540376115449}, 'action_intervals': {'M': (0.4230109347695846, 0.6730109347695846), 'R': (-3.125, -2.875), 'F': (-0.11986329306849956, 0.13013670693150042), 'B': (-0.05017543518340867, 0.19982456481659133)}}"
E_short_window_prepare_i0,7.4,safety_recheck,MR_predicted_gap
E_short_window_prepare_i0,7.45,action_interval_infeasible,"{'one_step_feasible': 0, 'next_h_min': -1.1036483329464675, 'next_h': {'FM': 11.014582130192386, 'MR': -1.1036483329464675, 'RB': 7.572045034040485}, 'action_intervals': {'M': (0.4148970288663406, 0.6648970288663406), 'R': (-3.25, -3.0), 'F': (-0.12008160311308931, 0.1299183968869107), 'B': (-0.14398681896102597, 0.10601318103897403)}}"
E_short_window_prepare_i0,7.45,safety_recheck,MR_predicted_gap
E_short_window_prepare_i0,7.5,action_interval_infeasible,"{'one_step_feasible': 0, 'next_h_min': -0.9532621560274757, 'next_h': {'FM': 11.043156446987645, 'MR': -0.9532621560274757, 'RB': 7.519624195177219}, 'action_intervals': {'M': (0.40675684367978093, 0.6567568436797809), 'R': (-3.375, -3.125), 'F': (-0.12029063498078348, 0.12970936501921654), 'B': (-0.24561579217656515, 0.004384207823434863)}}"
E_short_window_prepare_i0,7.5,safety_recheck,MR_predicted_gap
E_short_window_prepare_i0,7.550000000000001,action_interval_infeasible,"{'one_step_feasible': 0, 'next_h_min': -0.790795955032769, 'next_h': {'FM': 11.070586069382754, 'MR': -0.790795955032769, 'RB': 7.461388926668519}, 'action_intervals': {'M': (0.3985966641620703, 0.6485966641620703), 'R': (-3.5, -3.25), 'F': (-0.12049078299409928, 0.12950921700590073), 'B': (-0.3551738578445848, -0.10517385784458474)}}"
E_short_window_prepare_i0,7.550000000000001,safety_recheck,MR_predicted_gap
E_short_window_prepare_i0,7.6000000000000005,action_interval_infeasible,"{'one_step_feasible': 0, 'next_h_min': -0.6159576750842971, 'next_h': {'FM': 11.096891112914161, 'MR': -0.6159576750842971, 'RB': 7.397460444232419}, 'action_intervals': {'M': (0.3904225964348841, 0.6404225964348841), 'R': (-3.625, -3.375), 'F': (-0.12068242471685017, 0.12931757528314983), 'B': (-0.47271442904132815, -0.22271442904132815)}}"
E_short_window_prepare_i0,7.6000000000000005,safety_recheck,MR_predicted_gap
E_short_window_prepare_i0,7.65,action_interval_infeasible,"{'one_step_feasible': 0, 'next_h_min': -0.42845527402828776, 'next_h': {'FM': 11.122091625234582, 'MR': -0.42845527402828776, 'RB': 7.327838747868928}, 'action_intervals': {'M': (0.3822405665489833, 0.6322405665489833), 'R': (-3.75, -3.5), 'F': (-0.12086592166638539, 0.12913407833361462), 'B': (-0.5977144290413281, -0.34771442904132815)}}"
E_short_window_prepare_i0,7.65,safety_recheck,MR_predicted_gap
E_short_window_prepare_i0,7.7,action_interval_infeasible,"{'one_step_feasible': 0, 'next_h_min': -0.2279967082999489, 'next_h': {'FM': 11.146207574312884, 'MR': -0.2279967082999489, 'RB': 7.252523837578076}, 'action_intervals': {'M': (0.3740563194838884, 0.6240563194838884), 'R': (-3.875, -3.625), 'F': (-0.12104161999556488, 0.1289583800044351), 'B': (-0.7227144290413281, -0.4727144290413281)}}"
E_short_window_prepare_i0,7.7,safety_recheck,MR_predicted_gap
E_short_window_prepare_i0,7.75,action_interval_infeasible,"{'one_step_feasible': 0, 'next_h_min': -0.014289919243546542, 'next_h': {'FM': 11.16925883713412, 'MR': -0.014289919243546542, 'RB': 7.171515713359802}, 'action_intervals': {'M': (0.36587541838981236, 0.6158754183898123), 'R': (-4.0, -3.75), 'F': (-0.12120985114575333, 0.12879014885424667), 'B': (-0.8477144290413281, -0.5977144290413281)}}"
E_short_window_prepare_i1,0.0,startup_physical_check,"{'in_start_zone': True, 'slot_ok': False, 'necessary_bound_ok': True, 'remaining_distance_m': 95.0, 'min_forward_distance_m': 47.74930000000005, 'interval_width_m': -8.899999999999991, 'current_speed_forecast_min_slot_width_m': -10.999999999999993, 'current_speed_forecast_min_front_margin_m': -2.4550000000000045, 'current_speed_forecast_min_rear_margin_m': -10.344999999999999, 'physical_ok': False}"
E_short_window_prepare_i1,5.8500000000000005,missed_window,missed_window
E_short_window_prepare_i2,0.0,startup_physical_check,"{'in_start_zone': True, 'slot_ok': False, 'necessary_bound_ok': True, 'remaining_distance_m': 93.0, 'min_forward_distance_m': 52.84930000000011, 'interval_width_m': -12.21499999999999, 'current_speed_forecast_min_slot_width_m': -12.215, 'current_speed_forecast_min_front_margin_m': -11.649999999999999, 'current_speed_forecast_min_rear_margin_m': -9.564999999999998, 'physical_ok': False}"
E_short_window_prepare_i2,3.0,merge_started,
E_short_window_prepare_i2,5.300000000000001,action_interval_infeasible,"{'one_step_feasible': 0, 'next_h_min': -0.05805843406015574, 'next_h': {'FM': 10.611393301533466, 'MR': -0.05805843406015574, 'RB': 4.86393079663284}, 'action_intervals': {'M': (1.6818371579797768, 1.9318371579797768), 'R': (2.375, 2.5), 'F': (-0.09316858700322186, 0.15683141299677814), 'B': (0.8300403581818135, 1.0800403581818134)}}"
E_short_window_prepare_i2,5.3500000000000005,action_interval_infeasible,"{'one_step_feasible': 0, 'next_h_min': -0.14144551396906957, 'next_h': {'FM': 10.73629976105182, 'MR': -0.14144551396906957, 'RB': 4.921467715016873}, 'action_intervals': {'M': (1.6471246408688722, 1.8971246408688722), 'R': (2.25, 2.5), 'F': (-0.09452142205558563, 0.1554785779444144), 'B': (0.8339673002288877, 1.0839673002288877)}}"
E_short_window_prepare_i2,5.4,action_interval_infeasible,"{'one_step_feasible': 0, 'next_h_min': -0.22377565160779345, 'next_h': {'FM': 10.857305620968097, 'MR': -0.22377565160779345, 'RB': 4.982087239780826}, 'action_intervals': {'M': (1.620739334701136, 1.870739334701136), 'R': (2.125, 2.375), 'F': (-0.09581676161822354, 0.15418323838177644), 'B': (0.8352900489087562, 1.0852900489087562)}}"
E_short_window_prepare_i2,5.4,safety_recheck,MR_predicted_gap
E_short_window_prepare_i2,5.45,action_interval_infeasible,"{'one_step_feasible': 0, 'next_h_min': -0.30478430689810215, 'next_h': {'FM': 10.974394875416959, 'MR': -0.30478430689810215, 'RB': 5.045509805996155}, 'action_intervals': {'M': (1.5998144814597122, 1.8498144814597122), 'R': (2.0, 2.25), 'F': (-0.09705704924945024, 0.15294295075054976), 'B': (0.8345123687907502, 1.08451236879075)}}"
E_short_window_prepare_i2,5.45,safety_recheck,MR_predicted_gap
E_short_window_prepare_i2,5.5,action_interval_infeasible,"{'one_step_feasible': 0, 'next_h_min': -0.38419997747071966, 'next_h': {'FM': 11.087569075064296, 'MR': -0.38419997747071966, 'RB': 5.111452577411976}, 'action_intervals': {'M': (1.582371397267705, 1.832371397267705), 'R': (1.875, 2.125), 'F': (-0.09824462465634891, 0.15175537534365108), 'B': (0.8320818422133595, 1.0820818422133596)}}"
E_short_window_prepare_i2,5.5,safety_recheck,MR_predicted_gap
E_short_window_prepare_i2,5.550000000000001,action_interval_infeasible,"{'one_step_feasible': 0, 'next_h_min': -0.46183842966359595, 'next_h': {'FM': 11.198212006914375, 'MR': -0.46183842966359595, 'RB': 5.179629510236716}, 'action_intervals': {'M': (1.567016376861917, 1.817016376861917), 'R': (1.75, 2.0), 'F': (-0.09938172810845422, 0.15061827189154578), 'B': (0.8283933192238466, 1.0783933192238466)}}"
E_short_window_prepare_i2,5.550000000000001,safety_recheck,MR_predicted_gap
E_short_window_prepare_i2,5.6000000000000005,action_interval_infeasible,"{'one_step_feasible': 0, 'next_h_min': -0.537574385580579, 'next_h': {'FM': 11.306075306678457, 'MR': -0.537574385580579, 'RB': 5.249740281734913}, 'action_intervals': {'M': (1.4797583269476908, 1.7297583269476908), 'R': (1.625, 1.875), 'F': (-0.10047050466384491, 0.1495294953361551), 'B': (0.8237856015196, 1.0737856015196)}}"
E_short_window_prepare_i2,5.6000000000000005,safety_recheck,MR_predicted_gap
E_short_window_prepare_i2,5.65,action_interval_infeasible,"{'one_step_feasible': 0, 'next_h_min': -0.6112317551904061, 'next_h': {'FM': 11.411014385849198, 'MR': -0.6112317551904061, 'RB': 5.32148442740795}, 'action_intervals': {'M': (1.4172386937506192, 1.6672386937506192), 'R': (1.5, 1.75), 'F': (-0.10151300821563022, 0.14848699178436978), 'B': (0.8191427920662249, 1.0691427920662249)}}"
E_short_window_prepare_i2,5.65,safety_recheck,MR_predicted_gap
E_short_window_prepare_i2,5.7,action_interval_infeasible,"{'one_step_feasible': 0, 'next_h_min': -0.6826015011124389, 'next_h': {'FM': 11.512947449291604, 'MR': -0.6826015011124389, 'RB': 5.394561530788196}, 'action_intervals': {'M': (1.3706303519895442, 1.6206303519895442), 'R': (1.375, 1.625), 'F': (-0.1025112053664646, 0.1474887946335354), 'B': (0.8144771304659946, 1.0644771304659946)}}"
E_short_window_prepare_i2,5.7,safety_recheck,MR_predicted_gap
E_short_window_prepare_i2,5.75,action_interval_infeasible,"{'one_step_feasible': 0, 'next_h_min': -0.7514529003399811, 'next_h': {'FM': 11.611833151866746, 'MR': -0.7514529003399811, 'RB': 5.468671222097882}, 'action_intervals': {'M': (1.334468598269301, 1.584468598269301), 'R': (1.25, 1.5), 'F': (-0.10346697913838909, 0.1465330208616109), 'B': (0.8097891020199485, 1.0597891020199484)}}"
E_short_window_prepare_i2,5.75,safety_recheck,MR_predicted_gap
E_short_window_prepare_i2,5.800000000000001,action_interval_infeasible,"{'one_step_feasible': 0, 'next_h_min': -0.8175409521676833, 'next_h': {'FM': 11.707657649294337, 'MR': -0.8175409521676833, 'RB': 5.543513176895004}, 'action_intervals': {'M': (1.3052087573085835, 1.5552087573085835), 'R': (1.125, 1.375), 'F': (-0.10438213252500876, 0.14561786747499122), 'B': (0.8050791988462781, 1.0550791988462782)}}"
E_short_window_prepare_i2,5.800000000000001,safety_recheck,MR_predicted_gap
E_short_window_prepare_i2,5.8500000000000005,action_interval_infeasible,"{'one_step_feasible': 0, 'next_h_min': -0.8806114090099598, 'next_h': {'FM': 11.800426697878098, 'MR': -0.8806114090099598, 'RB': 5.618787114706562}, 'action_intervals': {'M': (1.280469162577609, 1.530469162577609), 'R': (1.0, 1.25), 'F': (-0.1052583918926949, 0.1447416081073051), 'B': (0.8003479196708325, 1.0503479196708325)}}"
E_short_window_prepare_i2,5.8500000000000005,safety_recheck,MR_predicted_gap
E_short_window_prepare_i2,5.9,action_interval_infeasible,"{'one_step_feasible': 0, 'next_h_min': -0.9404042746296486, 'next_h': {'FM': 11.890160619299767, 'MR': -0.9404042746296486, 'RB': 5.694192797650205}, 'action_intervals': {'M': (1.2586068257626135, 1.5086068257626135), 'R': (0.875, 1.125), 'F': (-0.10609741023725619, 0.1439025897627438), 'B': (0.7955957696104999, 1.0455957696104998)}}"
E_short_window_prepare_i2,5.9,safety_recheck,MR_predicted_gap
E_short_window_prepare_i2,5.95,merge_exit_before_completion,started_but_failed
E_short_window_prepare_i2,5.95,action_interval_infeasible,"{'one_step_feasible': 0, 'next_h_min': -0.9967884748687103, 'next_h': {'FM': 11.97887391189343, 'MR': -0.9967884748687103, 'RB': 5.7694300290446545}, 'action_intervals': {'M': (1.2384661522685063, 1.4884661522685063), 'R': (0.75, 1.0), 'F': (-0.10690077030217289, 0.14309922969782712), 'B': (0.7908232599502916, 1.0408232599502916)}}"
E_short_window_prepare_i2,5.95,safety_recheck,MR_predicted_gap
E_short_window_prepare_i2,6.0,action_interval_infeasible,"{'one_step_feasible': 0, 'next_h_min': -1.0497640097270888, 'next_h': {'FM': 12.066877193480614, 'MR': -1.0497640097270888, 'RB': 5.844198652009538}, 'action_intervals': {'M': (1.1134661522685063, 1.3634661522685063), 'R': (0.625, 0.875), 'F': (-0.10766998756433104, 0.14233001243566895), 'B': (0.7860309079148926, 1.0360309079148926)}}"
E_short_window_prepare_i2,6.0,safety_recheck,MR_predicted_gap
E_short_window_prepare_i2,6.050000000000001,action_interval_infeasible,"{'one_step_feasible': 0, 'next_h_min': -1.0993308792047822, 'next_h': {'FM': 12.154481161875431, 'MR': -1.0993308792047822, 'RB': 5.918198548055651}, 'action_intervals': {'M': (0.9884661522685063, 1.2384661522685063), 'R': (0.5, 0.75), 'F': (-0.10840651309284617, 0.14159348690715384), 'B': (0.7812192364353805, 1.0312192364353805)}}"
E_short_window_prepare_i2,6.050000000000001,safety_recheck,MR_predicted_gap
E_short_window_prepare_i2,6.1000000000000005,action_interval_infeasible,"{'one_step_feasible': 0, 'next_h_min': -1.14548908330182, 'next_h': {'FM': 12.241996591484833, 'MR': -1.14548908330182, 'RB': 5.991129635665873}, 'action_intervals': {'M': (0.8634661522685063, 1.1134661522685063), 'R': (0.375, 0.625), 'F': (-0.10911173628640025, 0.14088826371359975), 'B': (0.7763887739117469, 1.026388773911747)}}"
E_short_window_prepare_i2,6.1000000000000005,safety_recheck,MR_predicted_gap
E_short_window_prepare_i2,6.15,action_interval_infeasible,"{'one_step_feasible': 0, 'next_h_min': -1.188194320118984, 'next_h': {'FM': 12.329069801565272, 'MR': -1.188194320118984, 'RB': 6.0626918688676525}, 'action_intervals': {'M': (0.7384661522685063, 0.9884661522685063), 'R': (0.25, 0.5), 'F': (-0.10978698749422851, 0.1402130125057715), 'B': (0.7715400539717929, 1.021540053971793)}}"
E_short_window_prepare_i2,6.15,safety_recheck,MR_predicted_gap
E_short_window_prepare_i2,6.2,action_interval_infeasible,"{'one_step_feasible': 0, 'next_h_min': -1.2272524411876113, 'next_h': {'FM': 12.41433993623075, 'MR': -1.2272524411876113, 'RB': 6.132585235797646}, 'action_intervals': {'M': (0.6489076716428109, 0.8989076716428109), 'R': (0.125, 0.375), 'F': (-0.11043354052572366, 0.13956645947427634), 'B': (0.7666736152269081, 1.016673615226908)}}"
E_short_window_prepare_i2,6.2,safety_recheck,MR_predicted_gap
E_short_window_prepare_i2,6.25,action_interval_infeasible,"{'one_step_feasible': 0, 'next_h_min': -1.2623637571907338, 'next_h': {'FM': 12.497818344872945, 'MR': -1.2623637571907338, 'RB': 6.200509757259232}, 'action_intervals': {'M': (0.6437849271829311, 0.8937849271829311), 'R': (0.0, 0.25), 'F': (-0.1110526150533806, 0.1389473849466194), 'B': (0.7617900010251821, 1.0117900010251821)}}"
E_short_window_prepare_i2,6.25,safety_recheck,MR_predicted_gap
E_short_window_prepare_i2,6.300000000000001,action_interval_infeasible,"{'one_step_feasible': 0, 'next_h_min': -1.293228585727957, 'next_h': {'FM': 12.579516437997325, 'MR': -1.293228585727957, 'RB': 6.26616548527355}, 'action_intervals': {'M': (0.6386591252007833, 0.8886591252007833), 'R': (-0.125, 0.125), 'F': (-0.11164537891361129, 0.1383546210863887), 'B': (0.7568897592022457, 1.0068897592022457)}}"
E_short_window_prepare_i2,6.300000000000001,safety_recheck,MR_predicted_gap
E_short_window_prepare_i2,6.3500000000000005,action_interval_infeasible,"{'one_step_feasible': 0, 'next_h_min': -1.319547249862999, 'next_h': {'FM': 12.659445683064028, 'MR': -1.319547249862999, 'RB': 6.32925449613418}, 'action_intervals': {'M': (0.6335308475088693, 0.8835308475088693), 'R': (-0.25, 0.0), 'F': (-0.11221295030978418, 0.13778704969021582), 'B': (0.75197344183018, 1.00197344183018)}}"
E_short_window_prepare_i2,6.3500000000000005,safety_recheck,MR_predicted_gap
E_short_window_prepare_i2,6.4,action_interval_infeasible,"{'one_step_feasible': 0, 'next_h_min': -1.3410200766757383, 'next_h': {'FM': 12.737617600453351, 'MR': -1.3410200766757383, 'RB': 6.389493323905143}, 'action_intervals': {'M': (0.6284006742358881, 0.8784006742358881), 'R': (-0.375, -0.125), 'F': (-0.11275639992161963, 0.13724360007838038), 'B': (0.7469352311162207, 0.9969352311162207)}}"
E_short_window_prepare_i2,6.4,safety_recheck,MR_predicted_gap
E_short_window_prepare_i2,6.45,action_interval_infeasible,"{'one_step_feasible': 0, 'next_h_min': -1.357347395819321, 'next_h': {'FM': 12.814043759551568, 'MR': -1.357347395819321, 'RB': 6.4466046545899305}, 'action_intervals': {'M': (0.6232691836076615, 0.8732691836076615), 'R': (-0.5, -0.25), 'F': (-0.11327675292495129, 0.1367232470750487), 'B': (0.7410202984155719, 0.9910202984155719)}}"
E_short_window_prepare_i2,6.45,safety_recheck,MR_predicted_gap
E_short_window_prepare_i2,6.5,action_interval_infeasible,"{'one_step_feasible': 0, 'next_h_min': -1.3682295380827623, 'next_h': {'FM': 12.888735774952423, 'MR': -1.3682295380827623, 'RB': 6.500319125374748}, 'action_intervals': {'M': (0.61813695173059, 0.86813695173059), 'R': (-0.625, -0.375), 'F': (-0.11377499092564047, 0.13622500907435953), 'B': (0.7340174365569305, 0.9840174365569305)}}"
E_short_window_prepare_i2,6.5,safety_recheck,MR_predicted_gap
E_short_window_prepare_i2,6.550000000000001,action_interval_infeasible,"{'one_step_feasible': 0, 'next_h_min': -1.3733668339597553, 'next_h': {'FM': 12.961705302770591, 'MR': -1.3733668339597553, 'RB': 6.5503764097296004}, 'action_intervals': {'M': (0.6130045523777902, 0.8630045523777902), 'R': (-0.75, -0.5), 'F': (-0.11425205381130041, 0.1357479461886996), 'B': (0.7256476396800989, 0.9756476396800989)}}"
E_short_window_prepare_i2,6.550000000000001,safety_recheck,MR_predicted_gap
E_short_window_prepare_i2,6.6000000000000005,action_interval_infeasible,"{'one_step_feasible': 0, 'next_h_min': -1.3724596122240307, 'next_h': {'FM': 13.032964037063433, 'MR': -1.3724596122240307, 'RB': 6.596526329360254}, 'action_intervals': {'M': (0.6078725567780646, 0.8578725567780646), 'R': (-0.875, -0.625), 'F': (-0.11470884152432141, 0.13529115847567857), 'B': (0.7156112306541654, 0.9656112306541654)}}"
E_short_window_prepare_i2,6.6000000000000005,safety_recheck,MR_predicted_gap
E_short_window_prepare_i2,6.65,action_interval_infeasible,"{'one_step_feasible': 0, 'next_h_min': -1.3652081985118016, 'next_h': {'FM': 13.102523706356468, 'MR': -1.3652081985118016, 'RB': 6.638529986981187}, 'action_intervals': {'M': (0.6027415334078512, 0.8527415334078512), 'R': (-1.0, -0.75), 'F': (-0.11514621575953665, 0.13485378424046335), 'B': (0.7035891851910774, 0.9535891851910774)}}"
E_short_window_prepare_i2,6.65,safety_recheck,MR_predicted_gap
E_short_window_prepare_i2,6.7,action_interval_infeasible,"{'one_step_feasible': 0, 'next_h_min': -1.3513129139120426, 'next_h': {'FM': 13.170396070270165, 'MR': -1.3513129139120426, 'RB': 6.676160912774709}, 'action_intervals': {'M': (0.5976120477862937, 0.8476120477862937), 'R': (-1.125, -0.875), 'F': (-0.11556500158975691, 0.1344349984102431), 'B': (0.689244601018678, 0.939244601018678)}}"
E_short_window_prepare_i2,6.7,safety_recheck,MR_predicted_gap
E_short_window_prepare_i2,6.75,action_interval_infeasible,"{'one_step_feasible': 0, 'next_h_min': -1.3304740735645513, 'next_h': {'FM': 13.236592916243817, 'MR': -1.3304740735645513, 'RB': 6.709206216148897}, 'action_intervals': {'M': (0.5924846622735678, 0.8424846622735678), 'R': (-1.25, -1.0), 'F': (-0.11596598902219099, 0.134034010977809), 'B': (0.6722243516778237, 0.9222243516778237)}}"
E_short_window_prepare_i2,6.75,safety_recheck,MR_predicted_gap
E_short_window_prepare_i2,6.800000000000001,action_interval_infeasible,"{'one_step_feasible': 0, 'next_h_min': -1.3023920859589406, 'next_h': {'FM': 13.30112756672993, 'MR': -1.3023920859589406, 'RB': 6.737467733019767}, 'action_intervals': {'M': (0.5873599358725969, 0.8373599358725969), 'R': (-1.375, -1.125), 'F': (-0.11634993448874749, 0.13365006551125252), 'B': (0.6521609671496996, 0.9021609671496996)}}"
E_short_window_prepare_i2,6.800000000000001,safety_recheck,MR_predicted_gap
E_short_window_prepare_i2,6.8500000000000005,action_interval_infeasible,"{'one_step_feasible': 0, 'next_h_min': -1.2667676857990362, 'next_h': {'FM': 13.36401557046415, 'MR': -1.2667676857990362, 'RB': 6.76076315734556}, 'action_intervals': {'M': (0.5821578706391602, 0.8321578706391602), 'R': (-1.5, -1.25), 'F': (-0.11671756227297489, 0.1332824377270251), 'B': (0.6286747850427271, 0.8786747850427271)}}"
E_short_window_prepare_i2,6.8500000000000005,safety_recheck,MR_predicted_gap
E_short_window_prepare_i2,6.9,action_interval_infeasible,"{'one_step_feasible': 0, 'next_h_min': -1.2233020239514572, 'next_h': {'FM': 13.425272329711596, 'MR': -1.2233020239514572, 'RB': 6.778927144070832}, 'action_intervals': {'M': (0.5767721727779872, 0.8267721727779872), 'R': (-1.625, -1.375), 'F': (-0.11706956587637318, 0.13293043412362682), 'B': (0.6013764161055306, 0.8513764161055306)}}"
E_short_window_prepare_i2,6.9,safety_recheck,MR_predicted_gap
E_short_window_prepare_i2,6.95,action_interval_infeasible,"{'one_step_feasible': 0, 'next_h_min': -1.1716966165166285, 'next_h': {'FM': 13.484913536434945, 'MR': -1.1716966165166285, 'RB': 6.791812369036599}, 'action_intervals': {'M': (0.5712371773547927, 0.8212371773547927), 'R': (-1.75, -1.5), 'F': (-0.11740660932662834, 0.13259339067337167), 'B': (0.56986956598736, 0.81986956598736)}}"
E_short_window_prepare_i2,6.95,safety_recheck,MR_predicted_gap
E_short_window_prepare_i2,7.0,action_interval_infeasible,"{'one_step_feasible': 0, 'next_h_min': -1.111653328900556, 'next_h': {'FM': 13.542955156100644, 'MR': -1.111653328900556, 'RB': 6.799290529849516}, 'action_intervals': {'M': (0.565559292476462, 0.815559292476462), 'R': (-1.875, -1.625), 'F': (-0.1177293284302463, 0.1322706715697537), 'B': (0.5337542510302736, 0.7837542510302736)}}"
E_short_window_prepare_i2,7.0,safety_recheck,MR_predicted_gap
E_short_window_prepare_i2,7.050000000000001,action_interval_infeasible,"{'one_step_feasible': 0, 'next_h_min': -1.0428743600722867, 'next_h': {'FM': 13.599413411753796, 'MR': -1.0428743600722867, 'RB': 6.801253270244358}, 'action_intervals': {'M': (0.5597448525267966, 0.8097448525267966), 'R': (-2.0, -1.75), 'F': (-0.11803833197195975, 0.13196166802804027), 'B': (0.4926304390456142, 0.7426304390456142)}}"
E_short_window_prepare_i2,7.050000000000001,safety_recheck,MR_predicted_gap
E_short_window_prepare_i2,7.1000000000000005,action_interval_infeasible,"{'one_step_feasible': 0, 'next_h_min': -0.9650622270094595, 'next_h': {'FM': 13.65430476836272, 'MR': -0.9650622270094595, 'RB': 6.797613009213162}, 'action_intervals': {'M': (0.5538001172040827, 0.8038001172040827), 'R': (-2.125, -1.875), 'F': (-0.11833420286315147, 0.13166579713684853), 'B': (0.4461021361349391, 0.6961021361349391)}}"
E_short_window_prepare_i2,7.1000000000000005,safety_recheck,MR_predicted_gap
E_short_window_prepare_i2,7.15,action_interval_infeasible,"{'one_step_feasible': 0, 'next_h_min': -0.877919749334314, 'next_h': {'FM': 13.707645917435084, 'MR': -0.877919749334314, 'RB': 6.7883036552065645}, 'action_intervals': {'M': (0.5477312704623006, 0.7977312704623006), 'R': (-2.25, -2.0), 'F': (-0.11861749924146867, 0.13138250075853133), 'B': (0.39378192737292284, 0.6437819273729228)}}"
E_short_window_prepare_i2,7.15,safety_recheck,MR_predicted_gap
E_short_window_prepare_i2,7.2,action_interval_infeasible,"{'one_step_feasible': 0, 'next_h_min': -0.781150034143889, 'next_h': {'FM': 13.759453761907226, 'MR': -0.781150034143889, 'RB': 6.773281185149363}, 'action_intervals': {'M': (0.5415444193654025, 0.7915444193654025), 'R': (-2.375, -2.125), 'F': (-0.11888875552370574, 0.13111124447629424), 'B': (0.3352959624100771, 0.5852959624100771)}}"
E_short_window_prepare_i2,7.2,safety_recheck,MR_predicted_gap
E_short_window_prepare_i2,7.25,action_interval_infeasible,"{'one_step_feasible': 0, 'next_h_min': -0.674456461036753, 'next_h': {'FM': 13.80974540130859, 'MR': -0.674456461036753, 'RB': 6.752524067960498}, 'action_intervals': {'M': (0.5352455928643818, 0.7852455928643818), 'R': (-2.5, -2.25), 'F': (-0.11914848341394854, 0.13085151658605146), 'B': (0.2702893567881719, 0.5202893567881719)}}"
E_short_window_prepare_i2,7.25,safety_recheck,MR_predicted_gap
E_short_window_prepare_i2,7.300000000000001,action_interval_infeasible,"{'one_step_feasible': 0, 'next_h_min': -0.5575426673400935, 'next_h': {'FM': 13.858538117202864, 'MR': -0.5575426673400935, 'RB': 6.726033512841865}, 'action_intervals': {'M': (0.5288407405070508, 0.7788407405070508), 'R': (-2.625, -2.375), 'F': (-0.11939717286885561, 0.1306028271311444), 'B': (0.19843195623854631, 0.4484319562385463)}}"
E_short_window_prepare_i2,7.300000000000001,safety_recheck,MR_predicted_gap
E_short_window_prepare_i2,7.3500000000000005,action_interval_infeasible,"{'one_step_feasible': 0, 'next_h_min': -0.4301125335405304, 'next_h': {'FM': 13.905849358908526, 'MR': -0.4301125335405304, 'RB': 6.693833523896912}, 'action_intervals': {'M': (0.5223357310905702, 0.7723357310905702), 'R': (-2.75, -2.5), 'F': (-0.11963529302193035, 0.13036470697806965), 'B': (0.11942438499363711, 0.3694243849936371)}}"
E_short_window_prepare_i2,7.3500000000000005,safety_recheck,MR_predicted_gap
E_short_window_prepare_i2,7.4,action_interval_infeasible,"{'one_step_feasible': 0, 'next_h_min': -0.29187016892172957, 'next_h': {'FM': 13.95169672949996, 'MR': -0.29187016892172957, 'RB': 6.655970744742056}, 'action_intervals': {'M': (0.5157363512668333, 0.7657363512668333), 'R': (-2.875, -2.625), 'F': (-0.11986329306849956, 0.13013670693150042), 'B': (0.03300427106588458, 0.28300427106588455)}}"
E_short_window_prepare_i2,7.4,safety_recheck,MR_predicted_gap
E_short_window_prepare_i2,7.45,action_interval_infeasible,"{'one_step_feasible': 0, 'next_h_min': -0.14251989741322707, 'next_h': {'FM': 13.996097972091924, 'MR': -0.14251989741322707, 'RB': 6.612514079733794}, 'action_intervals': {'M': (0.5090483041107956, 0.7590483041107956), 'R': (-3.0, -2.75), 'F': (-0.12008160311308931, 0.1299183968869107), 'B': (-0.06104748721411081, 0.1889525127858892)}}"
E_short_window_prepare_i2,7.45,safety_recheck,MR_predicted_gap
