run_id,method,ablation,scenario,disturbance,init_variant,vehicle,speed_deficit_distance_m,speed_deficit_integral_m_s,accel_squared_integral,abs_jerk_integral,abs_nominal_actual_difference_integral,safety_correction_count,safety_correction_abs_integral,action_saturation_count,safety_recheck_violation_count,distance_m,min_net_gap_m,min_FR_gap_m,min_RB_gap_m,min_MF_gap_m,min_MR_gap_m,prepare_speed_deficit_distance_m,execute_speed_deficit_distance_m,success_release_speed_deficit_distance_m,failure_handling_speed_deficit_distance_m,prepare_distance_m,execute_distance_m,success_release_distance_m,failure_handling_distance_m
A_ample_none_i0,A,,ample,none,0,M,1.7639604410626386,1.7639604410626386,3.2707069731673757,2.695548633080758,0.042452920087552574,5.0,0.042452920087552574,5.0,0.0,296.905853800404,8.629978079723198,nan,nan,11.126887163794759,8.629978079723198,0.0,0.0,1.7639604410626386,0.0,26.073260511149797,59.88954600613805,210.94304728311613,0.0
A_ample_none_i0,A,,ample,none,0,R,1.4168584456445408,1.4168584456445408,0.1295637437052754,1.8398468027651362,0.05125885366235952,5.0,0.05125885366235952,5.0,0.0,287.40246981072966,8.629978079723198,29.98014549760371,16.518770320524435,nan,8.629978079723198,0.0,0.0,1.4168584456445408,0.0,21.795951285057228,54.467025486914864,211.13949303875756,0.0
A_ample_none_i0,A,,ample,none,0,F,0.0,0.0,0.10382143997435297,0.7862495690905905,0.025187499999999908,3.0,0.025187499999999908,3.0,0.0,288.60536708812697,11.126887163794759,29.98014549760371,nan,11.126887163794759,nan,0.0,0.0,0.0,0.0,21.991434035977505,54.19813547027434,212.41579758187513,0.0
A_ample_none_i0,A,,ample,none,0,B,0.0,0.0,0.11843183326217006,0.6847910843253772,0.007721330492195478,2.0,0.007721330492195478,2.0,0.0,293.0836994902052,16.518770320524435,nan,16.518770320524435,nan,nan,0.0,0.0,0.0,0.0,21.772468930659564,55.36761328828175,215.94361727126392,0.0
A_ample_none_i1,A,,ample,none,1,M,0.0,0.0,2.539418911665765,4.2789849546025565,0.37067224459706666,11.0,0.37067224459706666,11.0,0.0,301.50502045679326,nan,nan,nan,nan,nan,0.0,0.0,0.0,0.0,99.40311304571631,0.0,0.0,202.10190741107695
A_ample_none_i1,A,,ample,none,1,R,0.009744353676458496,0.009744353676458496,0.21520714258281265,1.5357648847214984,0.030070049236108082,4.0,0.030070049236108082,4.0,0.0,295.5807527505958,19.658754488362046,23.224614337531147,19.658754488362046,nan,nan,0.007517281359941564,0.0,0.0,0.0022270723165169317,88.0138909887433,0.0,0.0,207.56686176185252
A_ample_none_i1,A,,ample,none,1,F,0.0,0.0,0.10382143997435297,0.7862495690905905,0.025187499999999908,3.0,0.025187499999999908,3.0,0.0,288.60536708812697,23.224614337531147,23.224614337531147,nan,nan,nan,0.0,0.0,0.0,0.0,87.89638487964936,0.0,0.0,200.7089822084776
A_ample_none_i1,A,,ample,none,1,B,0.0,0.0,0.12865191655083508,0.8472786142364979,0.012090571663026777,2.0,0.012090571663026777,2.0,0.0,298.1219982622338,19.658754488362046,nan,19.658754488362046,nan,nan,0.0,0.0,0.0,0.0,89.20716331800851,0.0,0.0,208.91483494422528
A_ample_none_i2,A,,ample,none,2,M,2.6119933708067498,2.6119933708067498,3.1992659978480344,2.8402366928076863,0.07829918739259095,6.0,0.07829918739259095,6.0,0.0,296.9455411261251,8.548826578804675,nan,nan,9.738443051226039,8.548826578804675,0.0,0.0,0.0,2.6119933708067498,39.877929893198754,57.92633038897823,0.0,199.1412808439481
A_ample_none_i2,A,,ample,none,2,R,3.2796381169955824,3.2796381169955824,0.6303874698118325,2.7987901314657653,0.20577074771718967,8.0,0.20577074771718967,8.0,0.0,285.6570906526535,8.548826578804675,27.171176546141435,16.489086816733742,nan,8.548826578804675,0.312316708749284,0.0,0.0,2.967321408246298,33.1593001097319,53.78251576866273,0.0,198.71527477425886
A_ample_none_i2,A,,ample,none,2,F,0.0,0.0,0.10382143997435297,0.7862495690905905,0.025187499999999908,3.0,0.025187499999999908,3.0,0.0,288.60536708812697,9.738443051226039,27.171176546141435,nan,9.738443051226039,nan,0.0,0.0,0.0,0.0,33.783725746730994,53.21226042000461,0.0,201.60938092139136
A_ample_none_i2,A,,ample,none,2,B,0.1820618899573571,0.1820618899573571,0.2360842918466117,0.7959947112384946,0.0073672113606861635,2.0,0.0073672113606861635,2.0,0.0,291.86800383591975,16.489086816733742,nan,16.489086816733742,nan,nan,0.1820618899573571,0.0,0.0,0.0,33.20320424057792,54.40404558893948,0.0,204.26075400640235
A_ample_prepare_i0,A,,ample,prepare,0,M,2.049515937521009,2.049515937521009,3.928450762453795,2.7575457956745635,0.01206445312499993,2.0,0.01206445312499993,2.0,0.0,295.5785332182394,8.629978079723198,nan,nan,10.910263098475905,8.629978079723198,0.0,0.0,2.049515937521009,0.0,26.073260511149797,59.11348972037335,210.39178298671624,0.0
A_ample_prepare_i0,A,,ample,prepare,0,R,2.591129677057642,2.591129677057642,0.6016565441763997,3.032503087235795,0.03684498273452284,4.0,0.03684498273452284,4.0,0.0,285.7729311921356,8.629978079723198,29.703391392859654,16.3030036092979,nan,8.629978079723198,0.0,0.8284727187444585,1.7626569583131828,0.0,21.795951285057228,53.332809916075334,210.64416999100305,0.0
A_ample_prepare_i0,A,,ample,prepare,0,F,1.1544896481720748,1.1544896481720748,1.4874506612792644,5.193971383454953,1.1736736003854564,32.0,1.1736736003854564,32.0,0.0,287.2780981441186,10.910263098475905,29.703391392859654,nan,10.910263098475905,nan,0.0,1.054390748590451,0.10009889958162431,0.0,21.991434035977505,52.98463590610646,212.30202820203462,0.0
A_ample_prepare_i0,A,,ample,prepare,0,B,0.0,0.0,0.10989994901093943,0.8708435466111175,0.007721330492195478,2.0,0.007721330492195478,2.0,0.0,291.6699275828377,16.3030036092979,nan,16.3030036092979,nan,nan,0.0,0.0,0.0,0.0,21.772468930659564,55.070028226560886,214.82743042561728,0.0
A_ample_prepare_i1,A,,ample,prepare,1,M,0.0,0.0,2.71524097946,4.3331450667288465,0.3590264119960727,9.0,0.3590264119960727,9.0,0.0,299.95935871734827,nan,nan,nan,nan,nan,0.0,0.0,0.0,0.0,99.27833060744484,0.0,0.0,200.68102810990342
A_ample_prepare_i1,A,,ample,prepare,1,R,1.2397779084113858,1.2397779084113858,0.8482766668252423,2.9229104909292443,0.015598878504555668,3.0,0.015598878504555668,3.0,0.0,293.7595568242112,19.348803602559666,23.7185413199074,19.348803602559666,nan,nan,1.1474390690926295,0.0,0.0,0.09233883931875618,87.55411529162487,0.0,0.0,206.20544153258632
A_ample_prepare_i1,A,,ample,prepare,1,F,1.1544896481720748,1.1544896481720748,1.4874506612792644,5.193971383454953,1.1736736003854564,32.0,1.1736736003854564,32.0,0.0,287.2780981441186,23.7185413199074,23.7185413199074,nan,nan,nan,1.0999943036891098,0.0,0.0,0.05449534448296536,87.53143546253116,0.0,0.0,199.74666268158742
A_ample_prepare_i1,A,,ample,prepare,1,B,0.0,0.0,0.17307482660298526,1.1699294834158496,0.012090571663026777,2.0,0.012090571663026777,2.0,0.0,296.6107532216515,19.348803602559666,nan,19.348803602559666,nan,nan,0.0,0.0,0.0,0.0,89.64748417803428,0.0,0.0,206.96326904361723
A_ample_prepare_i2,A,,ample,prepare,2,M,2.7970853372153144,2.7970853372153144,3.7424897096962852,2.9559246273193307,0.013640352511654536,3.0,0.013640352511654536,3.0,0.0,295.57084705295085,8.559753778127142,nan,nan,9.654265848965291,8.559753778127142,0.0,0.0,0.0,2.7970853372153144,39.872792680150496,57.79321019089414,0.0,197.9048441819062
A_ample_prepare_i2,A,,ample,prepare,2,R,4.116423838529028,4.116423838529028,0.8893664005002555,3.8023743940984764,0.20214543705672613,7.0,0.20214543705672613,7.0,0.0,284.08295217531304,8.559753778127142,27.06300154552134,16.231558880699207,nan,8.559753778127142,0.312316708749284,0.6883632518983533,0.0,3.115743877881388,33.146021940569426,53.354652942638154,0.0,197.58227729210546
A_ample_prepare_i2,A,,ample,prepare,2,F,1.1544896481720748,1.1544896481720748,1.4874506612792644,5.193971383454953,1.1736736003854564,32.0,1.1736736003854564,32.0,0.0,287.2780981441187,9.654265848965291,27.06300154552134,nan,9.654265848965291,nan,0.04156799508856324,1.0560072979918937,0.0,0.05691435509161825,33.68283992263321,52.95096314653122,0.0,200.64429507495427
A_ample_prepare_i2,A,,ample,prepare,2,B,0.1820618899573571,0.1820618899573571,0.17302021454343747,0.8278089083170775,0.0073672113606861635,2.0,0.0073672113606861635,2.0,0.0,290.55139329461383,16.231558880699207,nan,16.231558880699207,nan,nan,0.1820618899573571,0.0,0.0,0.0,33.2029288948862,54.92405420906809,0.0,202.42441019065953
A_collaborative_none_i0,A,,collaborative,none,0,M,0.126977512415196,0.126977512415196,3.635860544093308,3.9498115112593153,0.974348160691758,17.0,0.974348160691758,17.0,0.0,293.93020976240985,nan,nan,nan,nan,nan,0.015083559075280917,0.0,0.0,0.11189395333991509,94.23994797981163,0.0,0.0,199.6902617825982
A_collaborative_none_i0,A,,collaborative,none,0,R,0.6941281667717445,0.6941281667717445,0.5628275530397515,3.3424139827294526,0.2757437689031332,9.0,0.2757437689031332,9.0,0.0,291.50048007089606,17.670310920674705,17.69951992910178,17.670310920674705,nan,nan,0.6941281667717445,0.0,0.0,0.0,87.76960486909059,0.0,0.0,203.73087520180547
A_collaborative_none_i0,A,,collaborative,none,0,F,0.0,0.0,0.0,0.0,0.0,0.0,0.0,0.0,0.0,287.99999999999784,17.69951992910178,17.69951992910178,nan,nan,nan,0.0,0.0,0.0,0.0,88.20000000000056,0.0,0.0,199.79999999999728
A_collaborative_none_i0,A,,collaborative,none,0,B,0.0,0.0,0.054548940109139854,0.7394423440387048,0.006140323602705587,1.0,0.006140323602705587,1.0,0.0,295.03016915022135,17.670310920674705,nan,17.670310920674705,nan,nan,0.0,0.0,0.0,0.0,89.29889611274749,0.0,0.0,205.73127303747387
A_collaborative_none_i1,A,,collaborative,none,1,M,0.0,0.0,0.5137080032452026,1.688941047146511,0.01849807687034705,2.0,0.01849807687034705,2.0,0.0,296.05487008899655,nan,nan,nan,nan,nan,0.0,0.0,0.0,0.0,97.08119124553883,0.0,0.0,198.97367884345772
A_collaborative_none_i1,A,,collaborative,none,1,R,0.6741192594841452,0.6741192594841452,0.4899642570106741,2.7742630708591545,0.19939789117011525,8.0,0.19939789117011525,8.0,0.0,291.40579761642863,17.667416323333622,17.79420238356921,17.667416323333622,nan,nan,0.6741192594841452,0.0,0.0,0.0,89.50242999679963,0.0,0.0,201.903367619629
A_collaborative_none_i1,A,,collaborative,none,1,F,0.0,0.0,0.0,0.0,0.0,0.0,0.0,0.0,0.0,287.99999999999784,17.79420238356921,17.79420238356921,nan,nan,nan,0.0,0.0,0.0,0.0,90.00000000000057,0.0,0.0,197.99999999999727
A_collaborative_none_i1,A,,collaborative,none,1,B,0.0,0.0,0.057163634174249474,0.7470470683390387,0.010617565247425402,2.0,0.010617565247425402,2.0,0.0,294.938381293095,17.667416323333622,nan,17.667416323333622,nan,nan,0.0,0.0,0.0,0.0,91.14366992729413,0.0,0.0,203.79471136580088
A_collaborative_none_i2,A,,collaborative,none,2,M,3.570870584407448,3.570870584407448,6.6932063275458935,7.20041967594055,3.207808677372902,44.0,3.207808677372902,44.0,0.0,288.57539249318114,7.701632183159728,nan,nan,8.549208156938999,7.701632183159728,0.0,0.2427101561479951,3.328160428259452,0.0,36.42057666558158,53.88713281819484,198.26768300940472,0.0
A_collaborative_none_i2,A,,collaborative,none,2,R,11.027160663585734,11.027160663585734,7.287713058336393,11.114512972246859,4.330449916326977,62.0,4.330449916326977,62.0,0.0,277.5995379198752,7.701632183159728,18.230156250000004,14.958538014648138,nan,7.701632183159728,2.7956250000000047,2.2499945227985902,5.9815411407871295,0.0,29.55968749999998,52.19441305338047,195.84543736649476,0.0
A_collaborative_none_i2,A,,collaborative,none,2,F,0.0,0.0,0.0,0.0,0.0,0.0,0.0,0.0,0.0,287.9999999999979,8.549208156938999,18.230156250000004,nan,8.549208156938999,nan,0.0,0.0,0.0,0.0,32.400000000000205,54.00000000000034,201.59999999999735,0.0
A_collaborative_none_i2,A,,collaborative,none,2,B,3.967492365646901,3.967492365646901,0.6438515961211683,2.6270082450349244,0.005713985776106778,1.0,0.005713985776106778,1.0,0.0,284.3409999052271,14.958538014648138,nan,14.958538014648138,nan,nan,0.5721678349431172,1.5442377102164146,1.8510868204873672,0.0,31.81971413167308,52.471216055736065,200.05006971781793,0.0
A_collaborative_prepare_i0,A,,collaborative,prepare,0,M,1.1212173063460682,1.1212173063460682,4.428393891564607,4.6501176562781135,1.000563814121875,18.0,1.000563814121875,18.0,0.0,292.34263110178983,nan,nan,nan,nan,nan,0.508664936439179,0.0,0.0,0.6125523699068893,94.0430441357428,0.0,0.0,198.29958696604703
A_collaborative_prepare_i0,A,,collaborative,prepare,0,R,1.7835484172698355,1.7835484172698355,0.6695179749224613,4.223808607909707,0.2707949999999828,8.0,0.2707949999999828,8.0,0.0,289.90317822079675,17.447636972083,17.99961072099951,17.447636972083,nan,nan,1.7688701452138704,0.0,0.0,0.014678272055964925,87.32905717971639,0.0,0.0,202.57412104108036
A_collaborative_prepare_i0,A,,collaborative,prepare,0,F,1.2972109757490844,1.2972109757490844,1.2654641879659725,4.565420960203316,1.1492918068214655,29.0,1.1492918068214655,29.0,0.0,286.70278894179626,17.99961072099951,17.99961072099951,nan,nan,nan,1.2400425946464064,0.0,0.0,0.05716838110267572,87.85874249480071,0.0,0.0,198.84404644699555
A_collaborative_prepare_i0,A,,collaborative,prepare,0,B,0.0,0.0,0.059419806222343594,0.9255867871930211,0.006140323602705587,1.0,0.006140323602705587,1.0,0.0,293.65554124871375,17.447636972083,nan,17.447636972083,nan,nan,0.0,0.0,0.0,0.0,89.70668567834988,0.0,0.0,203.94885557036386
A_collaborative_prepare_i1,A,,collaborative,prepare,1,M,0.0,0.0,0.5629961643929078,1.9111235627621341,0.005003087416586033,1.0,0.005003087416586033,1.0,0.0,294.47067194116863,nan,nan,nan,nan,nan,0.0,0.0,0.0,0.0,97.74088385808878,0.0,0.0,196.72978808307985
A_collaborative_prepare_i1,A,,collaborative,prepare,1,R,1.9402561300297105,1.9402561300297105,0.808127278765709,3.7779573645807436,0.19526676739332122,7.0,0.19526676739332122,7.0,0.0,289.8378933550923,17.46785737794438,18.064895586703937,17.46785737794438,nan,nan,1.935370161683924,0.0,0.0,0.004885968345786473,89.91227205678086,0.0,0.0,199.92562129831146
A_collaborative_prepare_i1,A,,collaborative,prepare,1,F,1.2972109757490844,1.2972109757490844,1.2654641879659725,4.565420960203316,1.1492918068214655,29.0,1.1492918068214655,29.0,0.0,286.70278894179626,18.064895586703937,18.064895586703937,nan,nan,nan,1.247026644638363,0.0,0.0,0.050184331110719266,90.5519068558711,0.0,0.0,196.15088208592516
A_collaborative_prepare_i1,A,,collaborative,prepare,1,B,0.0,0.0,0.09194854303904362,1.0801597994156753,0.010617565247425402,2.0,0.010617565247425402,2.0,0.0,293.57003597714794,17.46785737794438,nan,17.46785737794438,nan,nan,0.0,0.0,0.0,0.0,92.3873256091222,0.0,0.0,201.18271036802574
A_collaborative_prepare_i2,A,,collaborative,prepare,2,M,5.450493363649988,5.450493363649988,9.517581761868335,9.617037620616086,4.694145400775591,71.0,4.694145400775591,70.0,17.0,286.67285039552297,7.701632183159728,nan,nan,8.065946360587144,7.701632183159728,0.0,2.5248989213658772,0.0,2.9255944422841087,36.42057666558158,51.56599624692127,0.0,198.68627748302012
A_collaborative_prepare_i2,A,,collaborative,prepare,2,R,13.356673436712756,13.356673436712756,8.571434620414353,13.219925382063252,5.756734117205459,90.0,5.756734117205459,87.0,17.0,274.667467468094,7.701632183159728,18.230156250000004,14.867153147763712,nan,7.701632183159728,2.7956250000000047,2.964327067751072,0.0,7.596721368961673,29.55968749999998,51.11039829830328,0.0,193.99738166979074
A_collaborative_prepare_i2,A,,collaborative,prepare,2,F,1.2972109757490844,1.2972109757490844,1.2654641879659725,4.565420960203316,1.1492918068214655,29.0,1.1492918068214655,29.0,17.0,286.70278894179614,8.065946360587144,18.230156250000004,nan,8.065946360587144,nan,0.06782813281250029,1.1642585311353666,0.0,0.06512431180121564,32.3227429025099,52.843786459462024,0.0,201.53625957982422
A_collaborative_prepare_i2,A,,collaborative,prepare,2,B,6.503967958119808,6.503967958119808,0.8138267518301506,3.6440182459852704,0.005713985776106778,1.0,0.005713985776106778,1.0,17.0,281.5003143203303,14.867153147763712,nan,14.867153147763712,nan,nan,0.5721678349431172,1.8305185294682438,0.0,4.101281593708446,31.81971413167308,52.1799203425053,0.0,197.5006798461519
A_short_window_none_i0,A,,short_window,none,0,M,13.11632948927782,13.11632948927782,25.08576030909755,11.203045935933329,5.761089519321974,75.0,5.761089519321974,75.0,39.0,279.08029790484375,6.992611716121599,nan,nan,7.305088950341156,6.992611716121599,2.8408187331783514,8.8835504333809,0.0,1.3919603227185646,51.388305929735395,40.679560661657064,0.0,187.0124313134513
A_short_window_none_i0,A,,short_window,none,0,R,35.382502421150384,35.382502421150384,45.20135764336104,21.677253218975117,32.556820936115585,198.0,32.556820936115585,167.0,39.0,253.5821932827614,6.992611716121599,13.001562500000073,12.019703965778486,nan,6.992611716121599,6.600625000000002,10.032812500000004,0.0,18.74906492115035,44.76203124999998,39.59218750000031,0.0,169.22797453276112
A_short_window_none_i0,A,,short_window,none,0,F,0.0,0.0,0.0,0.0,0.0,0.0,0.0,0.0,39.0,287.99999999999795,7.305088950341156,13.001562500000073,nan,7.305088950341156,nan,0.0,0.0,0.0,0.0,51.300000000000324,49.50000000000031,0.0,187.19999999999732
A_short_window_none_i0,A,,short_window,none,0,B,29.977252451129974,29.977252451129974,11.148472101159394,9.79986583662067,0.014562844756416931,2.0,0.014562844756416931,2.0,39.0,258.1462352671494,12.019703965778486,nan,12.019703965778486,nan,nan,1.7109504446232602,9.0388688677314,0.0,19.227433138775307,49.661019882021904,40.46159791048591,0.0,168.02361747464158
A_short_window_none_i1,A,,short_window,none,1,M,7.9043966619681845,7.9043966619681845,10.44541958196638,6.824511632933854,2.010666440684597,48.0,2.010666440684597,48.0,0.0,281.1182424836823,nan,nan,nan,nan,nan,7.8934121383687135,0.0,0.0,0.01098452359947082,95.56114288433878,0.0,0.0,185.55709959934353
A_short_window_none_i1,A,,short_window,none,1,R,17.35587499999929,17.35587499999929,30.509425366370913,12.972477667639048,22.36697479690403,132.0,22.36697479690403,101.0,0.0,278.0966537636024,11.910841327548649,12.868593750000098,11.910841327548649,nan,nan,17.27138349999936,0.0,0.0,0.08449149999993127,85.647174500001,0.0,0.0,192.44947926360138
A_short_window_none_i1,A,,short_window,none,1,F,0.0,0.0,0.0,0.0,0.0,0.0,0.0,0.0,0.0,287.99999999999795,12.868593750000098,12.868593750000098,nan,nan,nan,0.0,0.0,0.0,0.0,102.60000000000065,0.0,0.0,185.3999999999973
A_short_window_none_i1,A,,short_window,none,1,B,16.330043088473353,16.330043088473353,9.568595694117576,6.826740043191259,0.01842156096333897,2.0,0.01842156096333897,2.0,0.0,275.6476347833357,11.910841327548649,nan,11.910841327548649,nan,nan,11.18618139017437,0.0,0.0,5.143861698298991,91.5274349292416,0.0,0.0,184.12019985409412
A_short_window_none_i2,A,,short_window,none,2,M,15.512657468960697,15.512657468960697,28.05318237278847,11.469845466929625,5.949914739439386,77.0,5.949914739439386,76.0,0.0,277.2485860271103,7.175976683573521,nan,nan,7.175976683573521,7.268536816426715,3.182573441984746,10.607733049912762,0.0,1.7223509770631849,51.93693416872861,41.65959610424272,0.0,183.65205575413898
A_short_window_none_i2,A,,short_window,none,2,R,24.07701385384812,24.07701385384812,31.782580555713885,15.904846688565382,28.577288647643126,152.0,28.577288647643126,119.0,0.0,263.9929028408589,7.268536816426715,10.205156250000012,11.28843195393237,nan,7.268536816426715,8.571534249999937,12.844679249999471,0.0,2.6608003538487046,43.47270962500009,39.48754887500097,0.0,181.03264434085784
A_short_window_none_i2,A,,short_window,none,2,F,0.0,0.0,0.0,0.0,0.0,0.0,0.0,0.0,0.0,287.999999999998,7.175976683573521,10.205156250000012,nan,7.175976683573521,nan,0.0,0.0,0.0,0.0,52.20000000000033,52.20000000000033,0.0,183.59999999999735
A_short_window_none_i2,A,,short_window,none,2,B,22.174983216300756,22.174983216300756,10.672084344885365,7.084188751590545,0.014176111252910885,2.0,0.014176111252910885,2.0,0.0,266.29189315236255,11.28843195393237,nan,11.28843195393237,nan,nan,2.794933988217868,11.68822960975937,0.0,7.691819618323495,49.3303880542734,40.51284667317465,0.0,176.4486584249145
A_short_window_prepare_i0,A,,short_window,prepare,0,M,14.192748826499487,14.192748826499487,27.659671304152344,11.593612559368609,5.997593066323572,81.0,5.997593066323572,81.0,49.0,277.917364185583,6.3807599691333055,nan,nan,7.1152904970778765,6.3807599691333055,3.5704285530574453,9.316788714383428,0.0,1.3055315590586163,53.34793441767192,39.35709085258199,0.0,185.21233891532907
A_short_window_prepare_i0,A,,short_window,prepare,0,R,44.615533540755095,44.615533540755095,50.43858544735112,22.41616285159041,31.156484380964432,202.0,31.156484380964432,171.0,49.0,244.07648657438943,6.3807599691333055,13.001562500000073,10.968587114271752,nan,6.3807599691333055,7.441337343749955,9.379777578124695,0.0,27.794418618880428,46.61917292968752,39.3513800000006,0.0,158.1059336447013
A_short_window_prepare_i0,A,,short_window,prepare,0,F,1.2972109757490844,1.2972109757490844,1.2654641879659725,4.565420960203316,1.1492918068214655,29.0,1.1492918068214655,29.0,49.0,286.70278894179614,7.1152904970778765,13.001562500000073,nan,7.1152904970778765,nan,0.906805689573936,0.36060567731320964,0.0,0.029799608861936527,53.07781925516548,48.25413605380467,0.0,185.370833632826
A_short_window_prepare_i0,A,,short_window,prepare,0,B,38.02870985825223,38.02870985825223,14.350700144310784,11.099499227696878,0.01674812920184544,7.0,0.01674812920184544,7.0,49.0,250.0747508455005,10.968587114271752,nan,10.968587114271752,nan,nan,2.1250892544879534,8.972206226835898,0.0,26.931414376928384,51.9401946761992,39.636202008110374,0.0,158.49835416119092
A_short_window_prepare_i1,A,,short_window,prepare,1,M,8.925933648306328,8.925933648306328,11.664645653750298,6.9311561172938685,1.9977764312156645,51.0,1.9977764312156645,51.0,0.0,279.99173142122663,nan,nan,nan,nan,nan,8.890748676046288,0.0,0.0,0.03518497226004182,95.4609433571799,0.0,0.0,184.53078806404673
A_short_window_prepare_i1,A,,short_window,prepare,1,R,17.794078124999473,17.794078124999473,31.0347406343885,13.033306274106243,20.17416153447361,133.0,20.17416153447361,101.0,0.0,277.3398066672983,11.807275803902439,12.868593750000098,11.807275803902439,nan,nan,17.704479124999523,0.0,0.0,0.08959899999994948,86.11365325000071,0.0,0.0,191.2261534172976
A_short_window_prepare_i1,A,,short_window,prepare,1,F,1.2972109757490844,1.2972109757490844,1.2654641879659725,4.565420960203316,1.1492918068214655,29.0,1.1492918068214655,29.0,0.0,286.70278894179614,12.868593750000098,12.868593750000098,nan,nan,nan,1.268678015173123,0.0,0.0,0.02853296057595941,102.23071557696025,0.0,0.0,184.4720733648359
A_short_window_prepare_i1,A,,short_window,prepare,1,B,16.88257807595097,16.88257807595097,9.88439631255857,6.908722068499874,0.01842156096333897,2.0,0.01842156096333897,2.0,0.0,274.93038777612514,11.807275803902439,nan,11.807275803902439,nan,nan,11.56894045752857,0.0,0.0,5.313637618422401,92.04336206512738,0.0,0.0,182.88702571099776
A_short_window_prepare_i2,A,,short_window,prepare,2,M,17.063364236316485,17.063364236316485,31.332986776010888,11.909216327537655,6.417456909743457,84.0,6.417456909743457,82.0,35.0,275.744608960813,7.044876021369828,nan,nan,7.044876021369828,7.200727813120676,3.9915938426405644,11.232699276530795,0.0,1.8390711171451208,53.8152921037925,39.243871125291946,0.0,182.68544573172858
A_short_window_prepare_i2,A,,short_window,prepare,2,R,34.66860584689723,34.66860584689723,41.23591445949379,20.66728964058331,31.77776285567219,192.0,31.77776285567219,156.0,35.0,253.60208065793148,7.200727813120676,10.205156250000012,11.18242445830381,nan,7.200727813120676,9.586250000000003,12.3175,0.0,12.764855846897184,45.154218749999984,38.21796875000038,0.0,170.22989315793112
A_short_window_prepare_i2,A,,short_window,prepare,2,F,1.2972109757490844,1.2972109757490844,1.2654641879659725,4.565420960203316,1.1492918068214655,29.0,1.1492918068214655,29.0,35.0,286.70278894179626,7.044876021369828,10.205156250000012,nan,7.044876021369828,nan,0.9375558000956037,0.3334963018764778,0.0,0.026158873777000807,53.94850414272673,50.07988779677905,0.0,182.67439700229048
A_short_window_prepare_i2,A,,short_window,prepare,2,B,30.51550183382162,30.51550183382162,11.372250460522105,8.896171792976256,0.014176111252910885,2.0,0.014176111252910885,2.0,35.0,257.4901509451296,11.18242445830381,nan,11.18242445830381,nan,nan,3.324779303772651,11.59530816558004,0.0,15.595414364468942,51.49256220263561,38.81233511333221,0.0,167.18525362916176
B_ample_none_i0,B,,ample,none,0,M,3.594304237723198,3.594304237723198,5.992926928220572,5.294892201388587,0.9531602980452095,31.0,0.9531602980452095,31.0,0.0,297.7494055507626,8.447329656841145,nan,nan,8.447329656841145,9.002575693357368,0.0,0.0,3.594304237723198,0.0,27.33738613262142,62.33692774364104,208.07509167450016,0.0
B_ample_none_i0,B,,ample,none,0,R,1.3311917843519792,1.3311917843519792,0.1338977246545454,1.9525302304058458,0.05724236358575452,5.0,0.05724236358575452,5.0,0.0,287.4873482699528,9.002575693357368,29.98103949165586,16.54528640112535,nan,9.002575693357368,0.0,0.0,1.3311917843519792,0.0,22.708682831361045,54.45607029812058,210.32259514047118,0.0
B_ample_none_i0,B,,ample,none,0,F,0.0,0.0,0.10382143997435297,0.7862495690905905,0.025187499999999908,3.0,0.025187499999999908,3.0,0.0,288.60536708812697,8.447329656841145,29.98103949165586,nan,8.447329656841145,nan,0.0,0.0,0.0,0.0,22.900526214448462,54.18971471278769,211.51512616089082,0.0
B_ample_none_i0,B,,ample,none,0,B,0.0,0.0,0.11751687445963173,0.6871322238943218,0.007721330492195478,2.0,0.007721330492195478,2.0,0.0,293.14206186882745,16.54528640112535,nan,16.54528640112535,nan,nan,0.0,0.0,0.0,0.0,22.686828818062324,55.379266994247686,215.07596605651744,0.0
B_ample_none_i1,B,,ample,none,1,M,0.0,0.0,10.622827865947254,8.084180314603765,2.649489680803756,45.0,2.649489680803756,45.0,0.0,306.01241274135833,nan,nan,nan,nan,nan,0.0,0.0,0.0,0.0,99.24190880028215,0.0,0.0,206.77050394107619
B_ample_none_i1,B,,ample,none,1,R,0.00427264145982349,0.00427264145982349,0.21294022290313147,1.5217081099303142,0.030950976331883744,5.0,0.030950976331883744,5.0,0.0,295.75475350643904,19.689827320359097,23.050613581687923,19.689827320359097,nan,nan,0.0029670785105723853,0.0,0.0,0.0013055629492511045,83.51860656655421,0.0,0.0,212.23614693988483
B_ample_none_i1,B,,ample,none,1,F,0.0,0.0,0.10382143997435297,0.7862495690905905,0.025187499999999908,3.0,0.025187499999999908,3.0,0.0,288.60536708812697,23.050613581687923,23.050613581687923,nan,nan,nan,0.0,0.0,0.0,0.0,83.39420630953867,0.0,0.0,205.2111607785883
B_ample_none_i1,B,,ample,none,1,B,0.0,0.0,0.12828430039936842,0.8411221195505612,0.012090571663026777,2.0,0.012090571663026777,2.0,0.0,298.26492618607995,19.689827320359097,nan,19.689827320359097,nan,nan,0.0,0.0,0.0,0.0,84.58223388787067,0.0,0.0,213.68269229820928
B_ample_none_i2,B,,ample,none,2,M,17.954938387187493,17.954938387187493,27.9235481272783,10.316738485948921,8.580042505789743,82.0,8.580042505789743,81.0,26.0,284.96563723588747,7.577056313731316,nan,nan,7.577056313731316,8.71835460137643,0.0,0.6045514484954853,0.0,17.350386938692008,37.257306994605955,60.39603752431134,0.0,187.31229271697018
B_ample_none_i2,B,,ample,none,2,R,18.943721344656367,18.943721344656367,13.41285242239741,10.354288728971106,4.549803927704656,67.0,4.549803927704656,67.0,26.0,270.168107263516,8.71835460137643,27.248118941057566,13.896903854222995,nan,8.71835460137643,0.312316708749284,0.0,0.0,18.63140463590709,30.41975655275604,54.71046975070402,0.0,185.03788096005593
B_ample_none_i2,B,,ample,none,2,F,0.0,0.0,0.10382143997435297,0.7862495690905905,0.025187499999999908,3.0,0.025187499999999908,3.0,26.0,288.60536708812697,7.577056313731316,27.248118941057566,nan,7.577056313731316,nan,0.0,0.0,0.0,0.0,31.066798402829306,54.128336460232674,0.0,203.410232225065
B_ample_none_i2,B,,ample,none,2,B,12.811404039462433,12.811404039462433,4.503010551108831,4.401632544002196,0.0073672113606861635,2.0,0.0073672113606861635,2.0,26.0,277.1616278677647,13.896903854222995,nan,13.896903854222995,nan,nan,0.1820618899573571,0.0,0.0,12.629342149505076,30.475554182969304,55.27560328571957,0.0,191.41047039907585
B_ample_prepare_i0,B,,ample,prepare,0,M,4.822980130533064,4.822980130533064,10.379300717147089,8.200008641094229,3.1498587948021517,53.0,3.1498587948021517,52.0,0.0,295.41800562338113,8.338936013734791,nan,nan,8.338936013734791,9.002575693357368,0.0,0.014403512031439903,4.808576618501623,0.0,27.33738613262142,61.3834240175683,206.6971954731914,0.0
B_ample_prepare_i0,B,,ample,prepare,0,R,3.5968007633677863,3.5968007633677863,0.6987930287744396,3.7142417392273654,0.03660874999999893,3.0,0.03660874999999893,3.0,0.0,284.76936089402193,9.002575693357368,29.703391392859654,16.275224464220695,nan,9.002575693357368,0.0,0.8472891787597177,2.749511584608069,0.0,22.708682831361045,53.301541982220414,208.75913608044047,0.0
B_ample_prepare_i0,B,,ample,prepare,0,F,1.1544896481720748,1.1544896481720748,1.4874506612792644,5.193971383454953,1.1736736003854564,32.0,1.1736736003854564,32.0,0.0,287.2780981441186,8.338936013734791,29.703391392859654,nan,8.338936013734791,nan,0.0,1.058645102339929,0.09584454583214617,0.0,22.900526214448462,52.97137977890321,211.4061921507669,0.0
B_ample_prepare_i0,B,,ample,prepare,0,B,0.0,0.0,0.13194534576784714,1.0809973644169317,0.007721330492195478,2.0,0.007721330492195478,2.0,0.0,290.69413642980123,16.275224464220695,nan,16.275224464220695,nan,nan,0.0,0.0,0.0,0.0,22.686828818062324,55.06877493664197,212.93853267509695,0.0
B_ample_prepare_i1,B,,ample,prepare,1,M,0.0,0.0,10.510282129300823,8.168145031359852,2.648907141496211,45.0,2.648907141496211,45.0,0.0,304.2132535475743,nan,nan,nan,nan,nan,0.0,0.0,0.0,0.0,99.14129335319134,0.0,0.0,205.07196019438297
B_ample_prepare_i1,B,,ample,prepare,1,R,1.2039654329838023,1.2039654329838023,0.8593956481339126,2.9199792823034154,0.015524262392607775,3.0,0.015524262392607775,3.0,0.0,293.86896106094594,19.367335055384682,23.60913708317265,19.367335055384682,nan,nan,1.0751556869786338,0.0,0.0,0.12880974600516878,83.12507784986016,0.0,0.0,210.74388321108577
B_ample_prepare_i1,B,,ample,prepare,1,F,1.1544896481720748,1.1544896481720748,1.4874506612792644,5.193971383454953,1.1736736003854564,32.0,1.1736736003854564,32.0,0.0,287.2780981441186,23.60913708317265,23.60913708317265,nan,nan,nan,1.0867768130388247,0.0,0.0,0.06771283513325041,83.04437208150512,0.0,0.0,204.23372606261347
B_ample_prepare_i1,B,,ample,prepare,1,B,0.0,0.0,0.17334874040466985,1.171047295632658,0.012090571663026777,2.0,0.012090571663026777,2.0,0.0,296.70162600556125,19.367335055384682,nan,19.367335055384682,nan,nan,0.0,0.0,0.0,0.0,85.0878776311029,0.0,0.0,211.61374837445837
B_ample_prepare_i2,B,,ample,prepare,2,M,21.112138031573338,21.112138031573338,29.83317863266666,10.35268176368891,8.835617088478989,81.0,8.835617088478989,80.0,30.0,280.9494348135326,7.1768546592275415,nan,nan,7.1768546592275415,8.722438698872704,0.0,1.0286424376414305,20.083495593931907,0.0,37.25571230431915,59.16672968675688,184.52699282245658,0.0
B_ample_prepare_i2,B,,ample,prepare,2,R,24.97968231261618,24.97968231261618,16.956823526933327,12.47917235504466,5.997485746686625,72.0,5.997485746686625,72.0,30.0,263.38990279299355,8.722438698872704,27.06300154552134,12.481078579004315,nan,8.722438698872704,0.312316708749284,0.6653302198984589,24.002035383968444,0.0,30.415443455022285,53.40768285223416,179.5667764857371,0.0
B_ample_prepare_i2,B,,ample,prepare,2,F,1.1544896481720748,1.1544896481720748,1.4874506612792644,5.193971383454953,1.1736736003854564,32.0,1.1736736003854564,32.0,30.0,287.2780981441187,7.1768546592275415,27.06300154552134,nan,7.1768546592275415,nan,0.008169127461053981,1.081485631588193,0.06483488912282824,0.0,31.020216564323647,52.921338727523846,203.3365428522712,0.0
B_ample_prepare_i2,B,,ample,prepare,2,B,18.462758042270057,18.462758042270057,6.701192144560835,5.294416072795822,0.0073672113606861635,2.0,0.0073672113606861635,2.0,30.0,270.83783097539026,12.481078579004315,nan,12.481078579004315,nan,nan,0.1820618899573571,0.0,18.280696152312697,0.0,30.47549354239389,54.902369963901435,185.45996746909492,0.0
B_collaborative_none_i0,B,,collaborative,none,0,M,0.3367380427252379,0.3367380427252379,3.4925919604112976,5.722367781133114,1.0895771185428413,25.0,1.0895771185428413,25.0,0.0,294.87396435324337,nan,nan,nan,nan,nan,0.04067295115336087,0.0,0.0,0.29606509157187716,94.46506508601894,0.0,0.0,200.40889926722443
B_collaborative_none_i0,B,,collaborative,none,0,R,0.7051438048761902,0.7051438048761902,0.5042260116546623,3.102112559573013,0.24411236498789093,8.0,0.24411236498789093,8.0,0.0,291.5085128647921,17.671632369311407,17.691487135205715,17.671632369311407,nan,nan,0.7051438048761902,0.0,0.0,0.0,86.84135607436193,0.0,0.0,204.6671567904302
B_collaborative_none_i0,B,,collaborative,none,0,F,0.0,0.0,0.0,0.0,0.0,0.0,0.0,0.0,0.0,287.99999999999784,17.691487135205715,17.691487135205715,nan,nan,nan,0.0,0.0,0.0,0.0,87.30000000000055,0.0,0.0,200.6999999999973
B_collaborative_none_i0,B,,collaborative,none,0,B,0.0,0.0,0.05394868950292688,0.7109183885154586,0.006140323602705587,1.0,0.006140323602705587,1.0,0.0,295.0368804954807,17.671632369311407,nan,17.671632369311407,nan,nan,0.0,0.0,0.0,0.0,88.36950012256787,0.0,0.0,206.66738037291285
B_collaborative_none_i1,B,,collaborative,none,1,M,0.0,0.0,2.3404527073831995,3.659451678996374,0.7258001967284131,16.0,0.7258001967284131,16.0,0.0,297.9138253721755,nan,nan,nan,nan,nan,0.0,0.0,0.0,0.0,97.40027386428434,0.0,0.0,200.51355150789115
B_collaborative_none_i1,B,,collaborative,none,1,R,0.8744548342047704,0.8744548342047704,0.5042542696412882,2.6927837056450747,0.16794458784446742,8.0,0.16794458784446742,8.0,0.0,291.41578903484753,17.682784926469434,17.784210965150304,17.682784926469434,nan,nan,0.8744548342047704,0.0,0.0,0.0,87.51797556465152,0.0,0.0,203.897813470196
B_collaborative_none_i1,B,,collaborative,none,1,F,0.0,0.0,0.0,0.0,0.0,0.0,0.0,0.0,0.0,287.99999999999784,17.784210965150304,17.784210965150304,nan,nan,nan,0.0,0.0,0.0,0.0,88.20000000000056,0.0,0.0,199.79999999999728
B_collaborative_none_i1,B,,collaborative,none,1,B,0.0,0.0,0.06272808843153906,0.7703047547835119,0.010617565247425402,2.0,0.010617565247425402,2.0,0.0,294.9330041083781,17.682784926469434,nan,17.682784926469434,nan,nan,0.0,0.0,0.0,0.0,89.20594328017765,0.0,0.0,205.72706082820045
B_collaborative_none_i2,B,,collaborative,none,2,M,0.1725569924019087,0.1725569924019087,5.440245433465467,7.917118636545806,3.2646559820179966,56.0,3.2646559820179966,56.0,0.0,293.3239083011149,nan,nan,nan,nan,nan,0.02810479792118486,0.0,0.0,0.14445219448072383,95.46552435448706,0.0,0.0,197.85838394662784
B_collaborative_none_i2,B,,collaborative,none,2,R,3.766866858399819,3.766866858399819,3.2375846185211063,6.6390114750289895,1.4865769855549262,39.0,1.4865769855549262,39.0,0.0,288.35930287554316,17.780439218138792,17.84069712445473,17.780439218138792,nan,nan,3.766866858399819,0.0,0.0,0.0,86.3354049540605,0.0,0.0,202.02389792148267
B_collaborative_none_i2,B,,collaborative,none,2,F,0.0,0.0,0.0,0.0,0.0,0.0,0.0,0.0,0.0,287.9999999999979,17.84069712445473,17.84069712445473,nan,nan,nan,0.0,0.0,0.0,0.0,90.00000000000057,0.0,0.0,197.99999999999733
B_collaborative_none_i2,B,,collaborative,none,2,B,1.2610919077486638,1.2610919077486638,0.2725417874015682,1.5996711027953183,0.005713985776106778,1.0,0.005713985776106778,1.0,0.0,292.2788636574044,17.780439218138792,nan,17.780439218138792,nan,nan,1.2610919077486638,0.0,0.0,0.0,88.79555640344344,0.0,0.0,203.48330725396093
B_collaborative_prepare_i0,B,,collaborative,prepare,0,M,1.2838678244333817,1.2838678244333817,4.329879526631199,6.31687927772028,1.144095752676523,26.0,1.144095752676523,26.0,0.0,293.17635417370394,nan,nan,nan,nan,nan,0.443524598907284,0.0,0.0,0.840343225526098,94.20131165262032,0.0,0.0,198.97504252108362
B_collaborative_prepare_i0,B,,collaborative,prepare,0,R,1.8397103526458283,1.8397103526458283,0.6696951708886321,4.1691652556115795,0.23957278333331958,7.0,0.23957278333331958,7.0,0.0,289.8950557502127,17.45354334073114,18.007733191583565,17.45354334073114,nan,nan,1.8276367210688904,0.0,0.0,0.012073631576937948,86.37050783911417,0.0,0.0,203.52454791109852
B_collaborative_prepare_i0,B,,collaborative,prepare,0,F,1.2972109757490844,1.2972109757490844,1.2654641879659725,4.565420960203316,1.1492918068214655,29.0,1.1492918068214655,29.0,0.0,286.70278894179626,18.007733191583565,18.007733191583565,nan,nan,nan,1.2375049224728207,0.0,0.0,0.05970605327626136,86.96122624144061,0.0,0.0,199.74156270035564
B_collaborative_prepare_i0,B,,collaborative,prepare,0,B,0.0,0.0,0.06459049010009982,0.9364196842049856,0.006140323602705587,1.0,0.006140323602705587,1.0,0.0,293.64151240948155,17.45354334073114,nan,17.45354334073114,nan,nan,0.0,0.0,0.0,0.0,88.76335716186676,0.0,0.0,204.87815524761479
B_collaborative_prepare_i1,B,,collaborative,prepare,1,M,0.0,0.0,2.3152686539507323,4.004469589921987,0.7295927791618627,16.0,0.7295927791618627,16.0,0.0,296.2328742370651,nan,nan,nan,nan,nan,0.0,0.0,0.0,0.0,97.12776167172677,0.0,0.0,199.10511256533835
B_collaborative_prepare_i1,B,,collaborative,prepare,1,R,2.116462283833633,2.116462283833633,1.0252448207087017,3.8860065680409694,0.16733840020305074,7.0,0.16733840020305074,7.0,0.0,289.80805208180243,17.490567484048892,18.094736859993827,17.490567484048892,nan,nan,2.114959191631616,0.0,0.0,0.001503092202016454,87.0332522683857,0.0,0.0,202.77479981341673
B_collaborative_prepare_i1,B,,collaborative,prepare,1,F,1.2972109757490844,1.2972109757490844,1.2654641879659725,4.565420960203316,1.1492918068214655,29.0,1.1492918068214655,29.0,0.0,286.70278894179626,18.094736859993827,18.094736859993827,nan,nan,nan,1.2400425946464064,0.0,0.0,0.05716838110267572,87.85874249480071,0.0,0.0,198.84404644699555
B_collaborative_prepare_i1,B,,collaborative,prepare,1,B,0.005648281516631925,0.005648281516631925,0.11696313743257433,1.2040199733474448,0.010617565247425402,2.0,0.010617565247425402,2.0,0.0,293.51748459775354,17.490567484048892,nan,17.490567484048892,nan,nan,0.005648281516631925,0.0,0.0,0.0,89.55005832398356,0.0,0.0,203.96742627376997
B_collaborative_prepare_i2,B,,collaborative,prepare,2,M,1.228019633508455,1.228019633508455,5.8229510114049114,8.22186118832865,3.09840217443027,51.0,3.09840217443027,51.0,0.0,291.70544742386596,nan,nan,nan,nan,nan,0.5820906871053713,0.0,0.0,0.6459289464030824,95.23850269402814,0.0,0.0,196.46694472983782
B_collaborative_prepare_i2,B,,collaborative,prepare,2,R,5.051873736970091,5.051873736970091,2.5854504805674376,6.321751489275273,1.3732020460063448,35.0,1.3732020460063448,35.0,0.0,286.7646065864047,17.553048240411567,18.13818235539146,17.553048240411567,nan,nan,5.046191071659117,0.0,0.0,0.005682665310973611,85.86759423454731,0.0,0.0,200.89701235185737
B_collaborative_prepare_i2,B,,collaborative,prepare,2,F,1.2972109757490844,1.2972109757490844,1.2654641879659725,4.565420960203316,1.1492918068214655,29.0,1.1492918068214655,29.0,0.0,286.70278894179614,18.13818235539146,18.13818235539146,nan,nan,nan,1.2447989694618093,0.0,0.0,0.05241200628727293,89.65408719295016,0.0,0.0,197.04870174884599
B_collaborative_prepare_i2,B,,collaborative,prepare,2,B,1.7645553964202558,1.7645553964202558,0.24805925444247262,1.5364634634645997,0.005713985776106778,1.0,0.005713985776106778,1.0,0.0,290.9115583459931,17.553048240411567,nan,17.553048240411567,nan,nan,1.7392420701204727,0.0,0.0,0.025313326299783338,89.16577519000978,0.0,0.0,201.74578315598333
B_short_window_none_i0,B,,short_window,none,0,M,11.244949611977122,11.244949611977122,17.94950733607149,9.966641341940456,4.1870314869009215,58.0,4.1870314869009215,58.0,5.0,280.1915479362679,7.111785156213199,nan,nan,7.353008113005939,7.111785156213199,2.9346094309877273,6.0781962064702695,0.0,2.2321439745191296,54.91005534389376,37.16592488773932,0.0,188.11556770463483
B_short_window_none_i0,B,,short_window,none,0,R,18.98780197501976,18.98780197501976,13.318895349679867,16.418835489526337,11.656321222087188,109.0,11.656321222087188,109.0,5.0,269.20774732751215,7.111785156213199,13.001562500000073,12.888281444840782,nan,7.111785156213199,6.006404923384436,7.240189782392203,0.0,5.7412072692431275,49.00184183666441,35.99935136128691,0.0,184.20655412956083
B_short_window_none_i0,B,,short_window,none,0,F,0.0,0.0,0.0,0.0,0.0,0.0,0.0,0.0,5.0,287.99999999999795,7.353008113005939,13.001562500000073,nan,7.353008113005939,nan,0.0,0.0,0.0,0.0,54.90000000000035,43.20000000000027,0.0,189.89999999999733
B_short_window_none_i0,B,,short_window,none,0,B,14.038373566600821,14.038373566600821,3.2543374766466067,4.935319048467649,0.014562844756416931,2.0,0.014562844756416931,2.0,5.0,274.09661551114215,12.888281444840782,nan,12.888281444840782,nan,nan,1.6156074579825197,5.26208728438347,0.0,7.160678824234838,53.37359376841134,37.93086193036349,0.0,182.79215981236732
B_short_window_none_i1,B,,short_window,none,1,M,4.345983045594384,4.345983045594384,6.8534256734594035,7.710759662058741,1.5330187472755263,46.0,1.5330187472755263,46.0,0.0,285.55100369351237,nan,nan,nan,nan,nan,4.345983045594384,0.0,0.0,0.0,95.66318298514105,0.0,0.0,189.88782070837132
B_short_window_none_i1,B,,short_window,none,1,R,10.317093453023817,10.317093453023817,17.09556492323967,11.525697901628364,4.422750864990463,64.0,4.422750864990463,61.0,0.0,282.37926804238697,12.868593750000098,12.868593750000098,13.946848867061785,nan,nan,10.317093453023817,0.0,0.0,0.0,89.01820459357381,0.0,0.0,193.36106344881316
B_short_window_none_i1,B,,short_window,none,1,F,0.0,0.0,0.0,0.0,0.0,0.0,0.0,0.0,0.0,287.99999999999795,12.868593750000098,12.868593750000098,nan,nan,nan,0.0,0.0,0.0,0.0,99.00000000000063,0.0,0.0,188.99999999999733
B_short_window_none_i1,B,,short_window,none,1,B,7.649776138688911,7.649776138688911,4.097486149060548,4.91965251935849,0.01842156096333897,2.0,0.01842156096333897,2.0,0.0,284.0502723662294,13.946848867061785,nan,13.946848867061785,nan,nan,6.205302525346991,0.0,0.0,1.444473613341916,92.94510088459421,0.0,0.0,191.1051714816352
B_short_window_none_i2,B,,short_window,none,2,M,11.390622406612877,11.390622406612877,24.083460866851738,12.536784962130408,5.887648441503461,83.0,5.887648441503461,83.0,0.0,279.63618311179965,nan,nan,nan,nan,nan,10.750392391832293,0.0,0.0,0.6402300147805822,93.05494911255639,0.0,0.0,186.58123399924327
B_short_window_none_i2,B,,short_window,none,2,R,13.264369388099425,13.264369388099425,17.1382085039071,10.776001380179672,4.000979933417057,64.0,4.000979933417057,54.0,0.0,279.14456727906236,10.205156250000012,10.205156250000012,13.436851036672518,nan,nan,13.264369388099425,0.0,0.0,0.0,87.53823839578095,0.0,0.0,191.6063288832814
B_short_window_none_i2,B,,short_window,none,2,F,0.0,0.0,0.0,0.0,0.0,0.0,0.0,0.0,0.0,287.999999999998,10.205156250000012,10.205156250000012,nan,nan,nan,0.0,0.0,0.0,0.0,100.80000000000064,0.0,0.0,187.19999999999737
B_short_window_none_i2,B,,short_window,none,2,B,10.724187033684876,10.724187033684876,4.581512962254397,4.873112538262155,0.014176111252910885,2.0,0.014176111252910885,2.0,0.0,280.7152567780357,13.436851036672518,nan,13.436851036672518,nan,nan,8.533017843937614,0.0,0.0,2.1911691897472654,92.23418826145414,0.0,0.0,188.4810685165816
B_short_window_prepare_i0,B,,short_window,prepare,0,M,12.4110497982955,12.4110497982955,21.49384059458393,10.620575406676272,4.511875582441563,64.0,4.511875582441563,64.0,34.0,278.9805546993602,6.799363569887743,nan,nan,7.169509314117545,6.799363569887743,3.74789999551024,6.667604435676663,0.0,1.9955453671085985,56.78245657481054,35.694017908863,0.0,186.50408021568666
B_short_window_prepare_i0,B,,short_window,prepare,0,R,26.196155305677905,26.196155305677905,20.82117608098974,17.565796771494455,11.287920323767974,123.0,11.287920323767974,118.0,34.0,262.5294943863386,6.799363569887743,13.001562500000073,11.677338863033565,nan,6.799363569887743,7.1408012101985125,6.100453803947686,0.0,12.95490029153173,50.54988607921594,36.261240151066474,0.0,175.71836815605621
B_short_window_prepare_i0,B,,short_window,prepare,0,F,1.2972109757490844,1.2972109757490844,1.2654641879659725,4.565420960203316,1.1492918068214655,29.0,1.1492918068214655,29.0,34.0,286.70278894179614,7.169509314117545,13.001562500000073,nan,7.169509314117545,nan,1.0121464745392337,0.2511175228329673,0.0,0.03394697837688128,56.57831102011505,42.057703526767824,0.0,188.06677439491327
B_short_window_prepare_i0,B,,short_window,prepare,0,B,21.239963040735706,21.239963040735706,5.5259452020991064,7.484428549518948,0.014562844756416931,2.0,0.014562844756416931,2.0,34.0,266.9518484849101,11.677338863033565,nan,11.677338863033565,nan,nan,2.106009229694984,5.638586823245621,0.0,13.495366987795085,55.571397395018636,36.67542667105681,0.0,174.70502441883465
B_short_window_prepare_i1,B,,short_window,prepare,1,M,6.254964624872933,6.254964624872933,8.108062998629,7.380333417859498,1.7947017058184762,48.0,1.7947017058184762,48.0,0.0,282.99810844105554,nan,nan,nan,nan,nan,6.254964624872933,0.0,0.0,0.0,95.43216166686696,0.0,0.0,187.56594677418857
B_short_window_prepare_i1,B,,short_window,prepare,1,R,13.114362034057512,13.114362034057512,22.169051170037598,11.528805277317945,6.745323636593875,86.0,6.745323636593875,68.0,0.0,280.45022763339625,12.868593750000098,12.868593750000098,12.987407764255448,nan,nan,13.114362034057512,0.0,0.0,0.0,88.02026788529705,0.0,0.0,192.4299597480992
B_short_window_prepare_i1,B,,short_window,prepare,1,F,1.2972109757490844,1.2972109757490844,1.2654641879659725,4.565420960203316,1.1492918068214655,29.0,1.1492918068214655,29.0,0.0,286.70278894179614,12.868593750000098,12.868593750000098,nan,nan,nan,1.264706908862563,0.0,0.0,0.03250406688651921,99.5346022972617,0.0,0.0,187.16818664453444
B_short_window_prepare_i1,B,,short_window,prepare,1,B,10.98439453905655,10.98439453905655,5.996721921172331,5.6444639285171085,0.01842156096333897,2.0,0.01842156096333897,2.0,0.0,280.8067791846527,12.987407764255448,nan,12.987407764255448,nan,nan,8.18955720338644,0.0,0.0,2.7948373356701093,92.74484164991287,0.0,0.0,188.06193753473985
B_short_window_prepare_i2,B,,short_window,prepare,2,M,17.072275190061266,17.072275190061266,24.508498117448,11.921268968044325,5.658304991743289,71.0,5.658304991743289,71.0,26.0,275.4632080110452,6.480160464788821,nan,nan,6.988705724048441,6.480160464788821,4.040583994361645,9.371126167877684,0.0,3.660565027821932,57.37664804345914,35.68464397093592,0.0,182.40191599665013
B_short_window_prepare_i2,B,,short_window,prepare,2,R,33.01204739463362,33.01204739463362,17.491777498248005,15.452278258818488,14.520438132036118,104.0,14.520438132036118,104.0,26.0,255.8664305927848,6.480160464788821,10.205156250000012,10.800161146418002,nan,6.480160464788821,9.024595307762088,9.830077047724496,0.0,14.157375039147034,49.34866680748651,35.19883479263076,0.0,171.31892899266754
B_short_window_prepare_i2,B,,short_window,prepare,2,F,1.2972109757490844,1.2972109757490844,1.2654641879659725,4.565420960203316,1.1492918068214655,29.0,1.1492918068214655,29.0,26.0,286.70278894179626,6.988705724048441,10.205156250000012,nan,6.988705724048441,nan,1.031231485231193,0.23744652994192966,0.0,0.02853296057595941,57.4604724293732,44.77024314758705,0.0,184.472073364836
B_short_window_prepare_i2,B,,short_window,prepare,2,B,27.585970588210913,27.585970588210913,6.120046337644711,6.811874407492446,0.014176111252910885,2.0,0.014176111252910885,2.0,26.0,260.5371942403381,10.800161146418002,nan,10.800161146418002,nan,nan,3.1968160337916047,7.962038619510224,0.0,16.427115934909068,55.237083181240834,37.03630533430662,0.0,168.26380572479067
C_ample_none_i0,C,,ample,none,0,M,3.5835080565891158,3.5835080565891158,5.969594949664744,5.269757766625808,0.9430632701380312,31.0,0.9430632701380312,31.0,0.0,297.7444922575914,8.463046302116009,nan,nan,8.463046302116009,9.00226536909258,0.0,0.0,3.5835080565891158,0.0,27.3371283709359,62.32197989456601,208.08538399208948,0.0
C_ample_none_i0,C,,ample,none,0,R,1.3314935877345995,1.3314935877345995,0.1337396738353354,1.9508167940556669,0.057174745418506576,5.0,0.057174745418506576,5.0,0.0,287.48660921277826,9.00226536909258,29.981472896329063,16.545137448103343,nan,9.00226536909258,0.0,0.0,1.3314935877345995,0.0,22.708682831361045,54.45607029812058,210.32185608329664,0.0
C_ample_none_i0,C,,ample,none,0,F,0.0,0.0,0.10382143997435297,0.7862495690905905,0.025187499999999908,3.0,0.025187499999999908,3.0,0.0,288.60536708812697,8.463046302116009,29.981472896329063,nan,8.463046302116009,nan,0.0,0.0,0.0,0.0,22.900526214448462,54.18971471278769,211.51512616089082,0.0
C_ample_none_i0,C,,ample,none,0,B,0.0,0.0,0.11750914795381921,0.6869328989138738,0.007721330492195478,2.0,0.007721330492195478,2.0,0.0,293.1414717646749,16.545137448103343,nan,16.545137448103343,nan,nan,0.0,0.0,0.0,0.0,22.686828818062324,55.379266994247686,215.0753759523649,0.0
C_ample_none_i1,C,,ample,none,1,M,0.0,0.0,9.416259963051676,7.6760197504358745,2.2426295369499676,41.0,2.2426295369499676,41.0,0.0,305.6994325372978,nan,nan,nan,nan,nan,0.0,0.0,0.0,0.0,99.83562701327534,0.0,0.0,205.86380552402247
C_ample_none_i1,C,,ample,none,1,R,0.005241281791098373,0.005241281791098373,0.21345582226105966,1.5250108904324648,0.030761232633849733,5.0,0.030761232633849733,5.0,0.0,295.71996717863715,19.683684504797053,23.08539990948982,19.683684504797053,nan,nan,0.0037369591371133382,0.0,0.0,0.0015043226539850352,84.41779962919648,0.0,0.0,211.30216754944067
C_ample_none_i1,C,,ample,none,1,F,0.0,0.0,0.10382143997435297,0.7862495690905905,0.025187499999999908,3.0,0.025187499999999908,3.0,0.0,288.60536708812697,23.08539990948982,23.08539990948982,nan,nan,nan,0.0,0.0,0.0,0.0,84.29468066638327,0.0,0.0,204.3106864217437
C_ample_none_i1,C,,ample,none,1,B,0.0,0.0,0.12834710807237365,0.8425211646664652,0.012090571663026777,2.0,0.012090571663026777,2.0,0.0,298.2362826738401,19.683684504797053,nan,19.683684504797053,nan,nan,0.0,0.0,0.0,0.0,85.50734804907025,0.0,0.0,212.72893462476986
C_ample_none_i2,C,,ample,none,2,M,17.01700053503916,17.01700053503916,27.080777607057303,10.280766061552477,8.362558923975836,80.0,8.362558923975836,78.0,24.0,285.85117224920464,7.662693835113271,nan,nan,7.662693835113271,8.711886457931381,0.0,0.6287715553587901,0.0,16.388228979680367,37.25145704878251,60.290339377629195,0.0,188.30937582279293
C_ample_none_i2,C,,ample,none,2,R,17.864625762303582,17.864625762303582,12.609851676243057,10.072339435090306,4.446475484706981,64.0,4.446475484706981,64.0,24.0,271.2794612049323,8.711886457931381,27.248118941057566,14.12653947389661,nan,8.711886457931381,0.312316708749284,0.0,0.0,17.552309053554296,30.41975655275604,54.71046975070402,0.0,186.14923490147225
C_ample_none_i2,C,,ample,none,2,F,0.0,0.0,0.10382143997435297,0.7862495690905905,0.025187499999999908,3.0,0.025187499999999908,3.0,24.0,288.60536708812697,7.662693835113271,27.248118941057566,nan,7.662693835113271,nan,0.0,0.0,0.0,0.0,31.066798402829306,54.128336460232674,0.0,203.410232225065
C_ample_none_i2,C,,ample,none,2,B,11.800510892597671,11.800510892597671,4.09120189187712,4.244730575405734,0.0073672113606861635,2.0,0.0073672113606861635,2.0,24.0,278.17797626349926,14.12653947389661,nan,14.12653947389661,nan,nan,0.1820618899573571,0.0,0.0,11.618449002640311,30.475554182969304,55.27560328571957,0.0,192.4268187948104
C_ample_prepare_i0,C,,ample,prepare,0,M,4.816108954945017,4.816108954945017,10.360136862995173,8.19501928937677,3.1435984561072887,53.0,3.1435984561072887,52.0,0.0,295.4178063291525,8.346019540819139,nan,nan,8.346019540819139,9.00226536909258,0.0,0.014447195545127835,4.801661759399889,0.0,27.3371283709359,61.37656115928844,206.70411679892814,0.0
C_ample_prepare_i0,C,,ample,prepare,0,R,3.594739964654794,3.594739964654794,0.6982257806009197,3.7124827193008305,0.03660874999999893,3.0,0.03660874999999893,3.0,0.0,284.771417400449,9.00226536909258,29.703391392859654,16.275277032828182,nan,9.00226536909258,0.0,0.8472891787597177,2.7474507858950776,0.0,22.708682831361045,53.301541982220414,208.76119258686757,0.0
C_ample_prepare_i0,C,,ample,prepare,0,F,1.1544896481720748,1.1544896481720748,1.4874506612792644,5.193971383454953,1.1736736003854564,32.0,1.1736736003854564,32.0,0.0,287.2780981441186,8.346019540819139,29.703391392859654,nan,8.346019540819139,nan,0.0,1.058645102339929,0.09584454583214617,0.0,22.900526214448462,52.97137977890321,211.4061921507669,0.0
C_ample_prepare_i0,C,,ample,prepare,0,B,0.0,0.0,0.13183538610243137,1.0802679023102209,0.007721330492195478,2.0,0.007721330492195478,2.0,0.0,290.69614036762084,16.275277032828182,nan,16.275277032828182,nan,nan,0.0,0.0,0.0,0.0,22.686828818062324,55.06877493664197,212.94053661291653,0.0
C_ample_prepare_i1,C,,ample,prepare,1,M,0.0,0.0,9.211818244922297,7.795366579318841,2.1932538110590616,40.0,2.1932538110590616,40.0,0.0,303.8833994329392,nan,nan,nan,nan,nan,0.0,0.0,0.0,0.0,99.69265991799807,0.0,0.0,204.19073951494113
C_ample_prepare_i1,C,,ample,prepare,1,R,1.2116259669342453,1.2116259669342453,0.8571234821439309,2.9198985858287942,0.015522720089084067,3.0,0.015522720089084067,3.0,0.0,293.8471654643689,19.363726379612967,23.630932679749673,19.363726379612967,nan,nan,1.0906848031457304,0.0,0.0,0.1209411637885147,84.00982062477439,0.0,0.0,209.83734483959452
C_ample_prepare_i1,C,,ample,prepare,1,F,1.1544896481720748,1.1544896481720748,1.4874506612792644,5.193971383454953,1.1736736003854564,32.0,1.1736736003854564,32.0,0.0,287.2780981441186,23.630932679749673,23.630932679749673,nan,nan,nan,1.089654759049247,0.0,0.0,0.06483488912282824,83.94155529184744,0.0,0.0,203.33654285227115
C_ample_prepare_i1,C,,ample,prepare,1,B,0.0,0.0,0.1733236884135047,1.1708866264630766,0.012090571663026777,2.0,0.012090571663026777,2.0,0.0,296.68343908475595,19.363726379612967,nan,19.363726379612967,nan,nan,0.0,0.0,0.0,0.0,85.99981342271833,0.0,0.0,210.68362566203763
C_ample_prepare_i2,C,,ample,prepare,2,M,21.30286871453182,21.30286871453182,29.907924369651525,10.33034546561145,8.868520825361236,81.0,8.868520825361236,80.0,29.0,280.70097908887305,7.232102687836556,nan,nan,7.232102687836556,8.715992850821603,0.0,1.0487588533275978,20.25410986120422,0.0,37.24987552837793,59.09737584013281,184.35372772036231,0.0
C_ample_prepare_i2,C,,ample,prepare,2,R,25.72218309188162,25.72218309188162,17.479828633291213,12.627286061638022,6.13831243658673,74.0,6.13831243658673,74.0,29.0,262.6304413932904,8.715992850821603,27.06300154552134,12.347146089048959,nan,8.715992850821603,0.312316708749284,0.6653302198984589,24.744536163233878,0.0,30.415443455022285,53.40768285223416,178.80731508603398,0.0
C_ample_prepare_i2,C,,ample,prepare,2,F,1.1544896481720748,1.1544896481720748,1.4874506612792644,5.193971383454953,1.1736736003854564,32.0,1.1736736003854564,32.0,29.0,287.2780981441187,7.232102687836556,27.06300154552134,nan,7.232102687836556,nan,0.008169127461053981,1.081485631588193,0.06483488912282824,0.0,31.020216564323647,52.921338727523846,203.3365428522712,0.0
C_ample_prepare_i2,C,,ample,prepare,2,B,19.168083598120152,19.168083598120152,7.028042788442507,5.387448629537746,0.0073672113606861635,2.0,0.0073672113606861635,2.0,29.0,270.13167121303195,12.347146089048959,nan,12.347146089048959,nan,nan,0.1820618899573571,0.0,18.9860217081628,0.0,30.47549354239389,54.902369963901435,184.75380770673664,0.0
C_collaborative_none_i0,C,,collaborative,none,0,M,0.3394300684465664,0.3394300684465664,3.490411168079779,5.721788369376943,1.086789707966536,25.0,1.086789707966536,25.0,0.0,294.8780369238816,nan,nan,nan,nan,nan,0.04120150989400102,0.0,0.0,0.2982285585525655,94.47126441135023,0.0,0.0,200.40677251253138
C_collaborative_none_i0,C,,collaborative,none,0,R,0.7061658892133144,0.7061658892133144,0.5041079377344703,3.1005904177662176,0.24410162303353222,8.0,0.24410162303353222,8.0,0.0,291.5083916744789,17.6716912274136,17.69160832551894,17.6716912274136,nan,nan,0.7061658892133144,0.0,0.0,0.0,86.84037298324324,0.0,0.0,204.66801869123566
C_collaborative_none_i0,C,,collaborative,none,0,F,0.0,0.0,0.0,0.0,0.0,0.0,0.0,0.0,0.0,287.99999999999784,17.69160832551894,17.69160832551894,nan,nan,nan,0.0,0.0,0.0,0.0,87.30000000000055,0.0,0.0,200.6999999999973
C_collaborative_none_i0,C,,collaborative,none,0,B,0.0,0.0,0.05395362115559152,0.7106823415296896,0.006140323602705587,1.0,0.006140323602705587,1.0,0.0,295.0367004470653,17.6716912274136,nan,17.6716912274136,nan,nan,0.0,0.0,0.0,0.0,88.36886982032937,0.0,0.0,206.66783062673593
C_collaborative_none_i1,C,,collaborative,none,1,M,0.0,0.0,2.2259842137427737,3.59433428528952,0.6620055100312078,14.0,0.6620055100312078,14.0,0.0,297.91320655979905,nan,nan,nan,nan,nan,0.0,0.0,0.0,0.0,97.36832715097324,0.0,0.0,200.5448794088258
C_collaborative_none_i1,C,,collaborative,none,1,R,0.8666238344187848,0.8666238344187848,0.49642251074960797,2.6612528464730896,0.16778702086935524,8.0,0.16778702086935524,8.0,0.0,291.4123607544488,17.681910255922116,17.78763924554904,17.681910255922116,nan,nan,0.8666238344187848,0.0,0.0,0.0,87.518500504011,0.0,0.0,203.8938602504378
C_collaborative_none_i1,C,,collaborative,none,1,F,0.0,0.0,0.0,0.0,0.0,0.0,0.0,0.0,0.0,287.99999999999784,17.78763924554904,17.78763924554904,nan,nan,nan,0.0,0.0,0.0,0.0,88.20000000000056,0.0,0.0,199.79999999999728
C_collaborative_none_i1,C,,collaborative,none,1,B,0.0,0.0,0.062223602623128864,0.7637218948820713,0.010617565247425402,2.0,0.010617565247425402,2.0,0.0,294.9304504985267,17.681910255922116,nan,17.681910255922116,nan,nan,0.0,0.0,0.0,0.0,89.20963627317752,0.0,0.0,205.72081422534916
C_collaborative_none_i2,C,,collaborative,none,2,M,0.18046351172900807,0.18046351172900807,5.410344107735991,7.896099120242155,3.228636785114124,55.0,3.228636785114124,55.0,0.0,293.33457119522694,nan,nan,nan,nan,nan,0.030126395144813325,0.0,0.0,0.15033711658419474,95.48195991565336,0.0,0.0,197.85261127957358
C_collaborative_none_i2,C,,collaborative,none,2,R,3.7744241778160657,3.7744241778160657,3.220969967238182,6.608696802458047,1.480274949673447,38.0,1.480274949673447,38.0,0.0,288.3576871895162,17.780663376810832,17.84231281048171,17.780663376810832,nan,nan,3.7744241778160657,0.0,0.0,0.0,86.32868150881077,0.0,0.0,202.0290056807054
C_collaborative_none_i2,C,,collaborative,none,2,F,0.0,0.0,0.0,0.0,0.0,0.0,0.0,0.0,0.0,287.9999999999979,17.84231281048171,17.84231281048171,nan,nan,nan,0.0,0.0,0.0,0.0,90.00000000000057,0.0,0.0,197.99999999999733
C_collaborative_none_i2,C,,collaborative,none,2,B,1.2632545793950511,1.2632545793950511,0.2721629019303661,1.5980797889558043,0.005713985776106778,1.0,0.005713985776106778,1.0,0.0,292.27702381270535,17.780663376810832,nan,17.780663376810832,nan,nan,1.2632545793950511,0.0,0.0,0.0,88.79259644506544,0.0,0.0,203.4844273676399
C_collaborative_prepare_i0,C,,collaborative,prepare,0,M,1.287047051771353,1.287047051771353,4.331114775923519,6.330594046755769,1.143762947604274,26.0,1.143762947604274,26.0,0.0,293.1833195983345,nan,nan,nan,nan,nan,0.4440351233767875,0.0,0.0,0.843011928394566,94.21090621951299,0.0,0.0,198.9724133788215
C_collaborative_prepare_i0,C,,collaborative,prepare,0,R,1.8406987753401969,1.8406987753401969,0.6699358048336185,4.168429063368509,0.23957369282841326,7.0,0.23957369282841326,7.0,0.0,289.89492297139526,17.453637118872688,18.007865970400996,17.453637118872688,nan,nan,1.8287418184089805,0.0,0.0,0.011956956931216036,86.36941295843485,0.0,0.0,203.5255100129604
C_collaborative_prepare_i0,C,,collaborative,prepare,0,F,1.2972109757490844,1.2972109757490844,1.2654641879659725,4.565420960203316,1.1492918068214655,29.0,1.1492918068214655,29.0,0.0,286.70278894179626,18.007865970400996,18.007865970400996,nan,nan,nan,1.2375049224728207,0.0,0.0,0.05970605327626136,86.96122624144061,0.0,0.0,199.74156270035564
C_collaborative_prepare_i0,C,,collaborative,prepare,0,B,0.0,0.0,0.06464267883550404,0.936458207997223,0.006140323602705587,1.0,0.006140323602705587,1.0,0.0,293.64128585252257,17.453637118872688,nan,17.453637118872688,nan,nan,0.0,0.0,0.0,0.0,88.76260068258838,0.0,0.0,204.8786851699342
C_collaborative_prepare_i1,C,,collaborative,prepare,1,M,0.0,0.0,2.1002196728318663,3.8553260937115814,0.634060082803948,15.0,0.634060082803948,15.0,0.0,296.1398900072547,nan,nan,nan,nan,nan,0.0,0.0,0.0,0.0,97.00591964366652,0.0,0.0,199.13397036358816
C_collaborative_prepare_i1,C,,collaborative,prepare,1,R,2.106607622480445,2.106607622480445,1.012698468370838,3.878384108304025,0.1672629235112826,7.0,0.1672629235112826,7.0,0.0,289.8091120573468,17.489274320590834,18.09367688444946,17.489274320590834,nan,nan,2.1047136596675813,0.0,0.0,0.00189396281286367,87.04339909409802,0.0,0.0,202.76571296324877
C_collaborative_prepare_i1,C,,collaborative,prepare,1,F,1.2972109757490844,1.2972109757490844,1.2654641879659725,4.565420960203316,1.1492918068214655,29.0,1.1492918068214655,29.0,0.0,286.70278894179626,18.09367688444946,18.09367688444946,nan,nan,nan,1.2400425946464064,0.0,0.0,0.05716838110267572,87.85874249480071,0.0,0.0,198.84404644699555
C_collaborative_prepare_i1,C,,collaborative,prepare,1,B,0.003831600238417288,0.003831600238417288,0.11571533552325021,1.1987929370713406,0.010617565247425402,2.0,0.010617565247425402,2.0,0.0,293.51983773675596,17.489274320590834,nan,17.489274320590834,nan,nan,0.003831600238417288,0.0,0.0,0.0,89.55764461972842,0.0,0.0,203.96219311702754
C_collaborative_prepare_i2,C,,collaborative,prepare,2,M,1.2364682450804303,1.2364682450804303,5.800432989940379,8.2192035306877,3.0760838840831606,50.0,3.0760838840831606,50.0,0.0,291.7131717622464,nan,nan,nan,nan,nan,0.5854527607467255,0.0,0.0,0.651015484333706,95.2512205132713,0.0,0.0,196.4619512489751
C_collaborative_prepare_i2,C,,collaborative,prepare,2,R,5.057337061139496,5.057337061139496,2.5831534146181863,6.340403122932978,1.369140711621229,34.0,1.369140711621229,34.0,0.0,286.76339594095646,17.55388071834245,18.139393000839686,17.55388071834245,nan,nan,5.051991080014149,0.0,0.0,0.005345981125346277,85.86183754678532,0.0,0.0,200.90155839417113
C_collaborative_prepare_i2,C,,collaborative,prepare,2,F,1.2972109757490844,1.2972109757490844,1.2654641879659725,4.565420960203316,1.1492918068214655,29.0,1.1492918068214655,29.0,0.0,286.70278894179614,18.139393000839686,18.139393000839686,nan,nan,nan,1.2447989694618093,0.0,0.0,0.05241200628727293,89.65408719295016,0.0,0.0,197.04870174884599
C_collaborative_prepare_i2,C,,collaborative,prepare,2,B,1.7683597134650908,1.7683597134650908,0.24863056182101015,1.5376654163262637,0.005713985776106778,1.0,0.005713985776106778,1.0,0.0,290.909515222614,17.55388071834245,nan,17.55388071834245,nan,nan,1.742735953173771,0.0,0.0,0.025623760291320078,89.16226099093967,0.0,0.0,201.74725423167433
C_short_window_none_i0,C,,short_window,none,0,M,8.740532182093371,8.740532182093371,19.428076049126947,10.50851474783415,4.3800371949601935,64.0,4.3800371949601935,64.0,0.0,282.2855598210316,nan,nan,nan,nan,nan,8.117508791880029,0.0,0.0,0.6230233902133414,92.0930010468089,0.0,0.0,190.1925587742227
C_short_window_none_i0,C,,short_window,none,0,R,9.24680354043112,9.24680354043112,12.034426810529308,9.95020484639325,3.1613344608007115,50.0,3.1613344608007115,50.0,0.0,282.5816376885253,13.001562500000073,13.001562500000073,14.475970350068788,nan,nan,9.15686451300345,0.0,0.0,0.08993902742767101,88.23583833669204,0.0,0.0,194.34579935183325
C_short_window_none_i0,C,,short_window,none,0,F,0.0,0.0,0.0,0.0,0.0,0.0,0.0,0.0,0.0,287.99999999999795,13.001562500000073,13.001562500000073,nan,nan,nan,0.0,0.0,0.0,0.0,97.20000000000061,0.0,0.0,190.79999999999734
C_short_window_none_i0,C,,short_window,none,0,B,6.287696292227477,6.287696292227477,2.7895946951265698,4.114308949747717,0.014562844756416931,2.0,0.014562844756416931,2.0,0.0,284.96002328537503,14.475970350068788,nan,14.475970350068788,nan,nan,5.108265865263534,0.0,0.0,1.1794304269639413,92.20419831173393,0.0,0.0,192.7558249736411
C_short_window_none_i1,C,,short_window,none,1,M,4.292987155462903,4.292987155462903,7.11728692032541,8.074070737709196,1.3887041731162364,45.0,1.3887041731162364,45.0,0.0,285.74322961573785,nan,nan,nan,nan,nan,4.292987155462903,0.0,0.0,0.0,95.76543901016313,0.0,0.0,189.9777906055747
C_short_window_none_i1,C,,short_window,none,1,R,9.468939794851698,9.468939794851698,13.277612807919008,10.323481089762003,3.267767300864601,56.0,3.267767300864601,56.0,0.0,282.53100102151757,12.868593750000098,12.868593750000098,14.42305289378842,nan,nan,9.403828996690054,0.0,0.0,0.06511079816164714,89.92354480341581,0.0,0.0,192.60745621810176
C_short_window_none_i1,C,,short_window,none,1,F,0.0,0.0,0.0,0.0,0.0,0.0,0.0,0.0,0.0,287.99999999999795,12.868593750000098,12.868593750000098,nan,nan,nan,0.0,0.0,0.0,0.0,99.00000000000063,0.0,0.0,188.99999999999733
C_short_window_none_i1,C,,short_window,none,1,B,6.493848000474883,6.493848000474883,3.0333833932324263,4.317462520548076,0.01842156096333897,2.0,0.01842156096333897,2.0,0.0,284.8141724457574,14.42305289378842,nan,14.42305289378842,nan,nan,5.291849918724093,0.0,0.0,1.2019980817507903,93.86381346948991,0.0,0.0,190.95035897626747
C_short_window_none_i2,C,,short_window,none,2,M,10.750715349319876,10.750715349319876,22.245822625904196,12.335702005453417,5.214605502612918,75.0,5.214605502612918,75.0,0.0,280.27669257196305,nan,nan,nan,nan,nan,10.087311175062704,0.0,0.0,0.663404174257183,93.72030744640156,0.0,0.0,186.5563851255615
C_short_window_none_i2,C,,short_window,none,2,R,11.919073736261439,11.919073736261439,10.626630129765784,9.335875058965545,2.1445146428211546,41.0,2.1445146428211546,41.0,0.0,279.38266867477324,10.205156250000012,10.205156250000012,14.227368875665302,nan,nan,11.61940651727711,0.0,0.0,0.2996672189843252,89.17114260662359,0.0,0.0,190.21152606814965
C_short_window_none_i2,C,,short_window,none,2,F,0.0,0.0,0.0,0.0,0.0,0.0,0.0,0.0,0.0,287.999999999998,10.205156250000012,10.205156250000012,nan,nan,nan,0.0,0.0,0.0,0.0,100.80000000000064,0.0,0.0,187.19999999999737
C_short_window_none_i2,C,,short_window,none,2,B,8.565177564982644,8.565177564982644,2.7351309653031612,3.8660373348623738,0.014176111252910885,2.0,0.014176111252910885,2.0,0.0,282.2042763662517,14.227368875665302,nan,14.227368875665302,nan,nan,6.85776389441102,0.0,0.0,1.7074136705716185,93.91852409943172,0.0,0.0,188.28575226681997
C_short_window_prepare_i0,C,,short_window,prepare,0,M,13.564082048945757,13.564082048945757,20.372894671583147,10.195889706050533,4.332256222505733,63.0,4.332256222505733,62.0,0.0,278.1920339946944,6.9261491549788845,nan,nan,7.282659976411947,6.9261491549788845,3.878753951711783,6.95186462117991,0.0,2.7334634760540615,57.552403404919744,34.498485804953845,0.0,186.1411447848208
C_short_window_prepare_i0,C,,short_window,prepare,0,R,20.838046242570822,20.838046242570822,15.45370532371158,16.99960994876285,13.353240695434021,127.0,13.353240695434021,120.0,0.0,267.358215749773,6.9261491549788845,13.001562500000073,12.275273703206675,nan,6.9261491549788845,6.82546618170575,8.100553421630174,0.0,5.912026639234914,51.77818713793185,33.34444468957999,0.0,182.23558392226118
C_short_window_prepare_i0,C,,short_window,prepare,0,F,1.2972109757490844,1.2972109757490844,1.2654641879659725,4.565420960203316,1.1492918068214655,29.0,1.1492918068214655,29.0,0.0,286.70278894179614,7.282659976411947,13.001562500000073,nan,7.282659976411947,nan,1.031231485231193,0.23203251214100784,0.0,0.03394697837688128,57.4604724293732,41.17554211750968,0.0,188.06677439491327
C_short_window_prepare_i0,C,,short_window,prepare,0,B,16.08227147370599,16.08227147370599,4.181024121689981,5.111391301541076,0.014562844756416931,2.0,0.014562844756416931,2.0,0.0,272.0534502837252,12.275273703206675,nan,12.275273703206675,nan,nan,2.005565546636833,6.019024490878956,0.0,8.057681436190204,56.577854350131815,35.36956700087168,0.0,180.10602893272173
C_short_window_prepare_i1,C,,short_window,prepare,1,M,5.985320708544475,5.985320708544475,8.586637815680401,7.917798139727692,1.7380478705906541,48.0,1.7380478705906541,48.0,0.0,283.55406598333286,nan,nan,nan,nan,nan,5.985320708544475,0.0,0.0,0.0,95.72014309953926,0.0,0.0,187.8339228837936
C_short_window_prepare_i1,C,,short_window,prepare,1,R,11.528820830329991,11.528820830329991,17.366377699249977,11.275176828187485,4.365840319464223,65.0,4.365840319464223,62.0,0.0,280.8574913830063,12.868593750000098,12.868593750000098,13.55738577299483,nan,nan,11.513051597343498,0.0,0.0,0.015769232986492732,89.61625351288302,0.0,0.0,191.24123787012326
C_short_window_prepare_i1,C,,short_window,prepare,1,F,1.2972109757490844,1.2972109757490844,1.2654641879659725,4.565420960203316,1.1492918068214655,29.0,1.1492918068214655,29.0,0.0,286.70278894179614,12.868593750000098,12.868593750000098,nan,nan,nan,1.264706908862563,0.0,0.0,0.03250406688651921,99.5346022972617,0.0,0.0,187.16818664453444
C_short_window_prepare_i1,C,,short_window,prepare,1,B,8.887725218774161,8.887725218774161,4.566276939249476,5.030353508628298,0.01842156096333897,2.0,0.01842156096333897,2.0,0.0,282.517615163937,13.55738577299483,nan,13.55738577299483,nan,nan,6.946198503447771,0.0,0.0,1.9415267153263898,93.99848224500337,0.0,0.0,188.51913291893365
C_short_window_prepare_i2,C,,short_window,prepare,2,M,13.361986952669266,13.361986952669266,26.583700193035533,12.962978492017552,6.119605581617894,85.0,6.119605581617894,82.0,0.0,277.66525021357165,nan,nan,nan,nan,nan,12.38353585482534,0.0,0.0,0.9784510978439313,93.21463325774243,0.0,0.0,184.45061695582922
C_short_window_prepare_i2,C,,short_window,prepare,2,R,13.830881301340264,13.830881301340264,14.326633691807507,10.18861976937607,3.1634538310453495,50.0,3.1634538310453495,50.0,0.0,277.7537827701089,10.205156250000012,10.205156250000012,13.40046276830213,nan,nan,13.650393524505308,0.0,0.0,0.1804877768349598,88.94228126167113,0.0,0.0,188.81150150843777
C_short_window_prepare_i2,C,,short_window,prepare,2,F,1.2972109757490844,1.2972109757490844,1.2654641879659725,4.565420960203316,1.1492918068214655,29.0,1.1492918068214655,29.0,0.0,286.70278894179626,10.205156250000012,10.205156250000012,nan,nan,nan,1.2674113668871458,0.0,0.0,0.029799608861936527,101.33195530897015,0.0,0.0,185.3708336328261
C_short_window_prepare_i2,C,,short_window,prepare,2,B,10.886391822505134,10.886391822505134,4.1451224102404005,4.549954884421834,0.014176111252910885,2.0,0.014176111252910885,2.0,0.0,280.0013483182327,13.40046276830213,nan,13.40046276830213,nan,nan,8.491726683511635,0.0,0.0,2.3946651389934903,94.07465295060001,0.0,0.0,185.9266953676327
D_ample_none_i0,D,,ample,none,0,M,3.5865150362666824,3.5865150362666824,5.976030495345822,5.277216434221475,0.9459402344677175,31.0,0.9459402344677175,31.0,0.0,297.7458697702128,8.458659315529939,nan,nan,8.458659315529939,9.002350048778222,0.0,0.0,3.5865150362666824,0.0,27.33720016627059,62.32614134304639,208.0825282608958,0.0
D_ample_none_i0,D,,ample,none,0,R,1.3314088135996391,1.3314088135996391,0.1337854669587645,1.9513111309906468,0.05719422198904557,5.0,0.05719422198904557,5.0,0.0,287.4868239721896,9.002350048778222,29.981344079267995,16.54517961317846,nan,9.002350048778222,0.0,0.0,1.3314088135996391,0.0,22.708682831361045,54.45607029812058,210.32207084270797,0.0
D_ample_none_i0,D,,ample,none,0,F,0.0,0.0,0.10382143997435297,0.7862495690905905,0.025187499999999908,3.0,0.025187499999999908,3.0,0.0,288.60536708812697,8.458659315529939,29.981344079267995,nan,8.458659315529939,nan,0.0,0.0,0.0,0.0,22.900526214448462,54.18971471278769,211.51512616089082,0.0
D_ample_none_i0,D,,ample,none,0,B,0.0,0.0,0.1175114924587238,0.6869911620130147,0.007721330492195478,2.0,0.007721330492195478,2.0,0.0,293.14164435901114,16.54517961317846,nan,16.54517961317846,nan,nan,0.0,0.0,0.0,0.0,22.686828818062324,55.379266994247686,215.07554854670113,0.0
D_ample_none_i1,D,,ample,none,1,M,0.0,0.0,9.438840156992413,7.674195154998951,2.2512016211393537,41.0,2.2512016211393537,41.0,0.0,305.71173102336763,nan,nan,nan,nan,nan,0.0,0.0,0.0,0.0,99.84730659551403,0.0,0.0,205.8644244278536
D_ample_none_i1,D,,ample,none,1,R,0.005241281791098373,0.005241281791098373,0.21345582226105966,1.5250108904324648,0.030761232633849733,5.0,0.030761232633849733,5.0,0.0,295.71996717863715,19.683684504797053,23.08539990948982,19.683684504797053,nan,nan,0.0037369591371133382,0.0,0.0,0.0015043226539850352,84.41779962919648,0.0,0.0,211.30216754944067
D_ample_none_i1,D,,ample,none,1,F,0.0,0.0,0.10382143997435297,0.7862495690905905,0.025187499999999908,3.0,0.025187499999999908,3.0,0.0,288.60536708812697,23.08539990948982,23.08539990948982,nan,nan,nan,0.0,0.0,0.0,0.0,84.29468066638327,0.0,0.0,204.3106864217437
D_ample_none_i1,D,,ample,none,1,B,0.0,0.0,0.12834710807237365,0.8425211646664652,0.012090571663026777,2.0,0.012090571663026777,2.0,0.0,298.2362826738401,19.683684504797053,nan,19.683684504797053,nan,nan,0.0,0.0,0.0,0.0,85.50734804907025,0.0,0.0,212.72893462476986
D_ample_none_i2,D,,ample,none,2,M,16.98334312278926,16.98334312278926,27.06038455948474,10.282414448247819,8.35632765636958,80.0,8.35632765636958,78.0,24.0,285.891749578663,7.654994094904407,nan,nan,7.654994094904407,8.712211505013638,0.0,0.6258053191796665,0.0,16.357537803609585,37.25174441451949,60.30098764611466,0.0,188.33901751802884
D_ample_none_i2,D,,ample,none,2,R,17.733067635233283,17.733067635233283,12.457513514171607,10.047860929851458,4.388930922380742,64.0,4.388930922380742,64.0,24.0,271.4079206035095,8.712211505013638,27.248118941057566,14.156913382945088,nan,8.712211505013638,0.312316708749284,0.0,0.0,17.420750926484004,30.41975655275604,54.71046975070402,0.0,186.27769430004946
D_ample_none_i2,D,,ample,none,2,F,0.0,0.0,0.10382143997435297,0.7862495690905905,0.025187499999999908,3.0,0.025187499999999908,3.0,24.0,288.60536708812697,7.654994094904407,27.248118941057566,nan,7.654994094904407,nan,0.0,0.0,0.0,0.0,31.066798402829306,54.128336460232674,0.0,203.410232225065
D_ample_none_i2,D,,ample,none,2,B,11.670341391266101,11.670341391266101,4.020049063099264,4.213848747430291,0.0073672113606861635,2.0,0.0073672113606861635,2.0,24.0,278.30848367796125,14.156913382945088,nan,14.156913382945088,nan,nan,0.1820618899573571,0.0,0.0,11.488279501308744,30.475554182969304,55.27560328571957,0.0,192.55732620927236
D_ample_prepare_i0,D,,ample,prepare,0,M,4.8203664222889655,4.8203664222889655,10.371483504637991,8.197229230290903,3.1492176856517773,53.0,3.1492176856517773,52.0,0.0,295.41820128039035,8.341344590909056,nan,nan,8.341344590909056,9.002350048778222,0.0,0.014366007199149778,4.806000415089816,0.0,27.33720016627059,61.38124029300768,206.69976082111208,0.0
D_ample_prepare_i0,D,,ample,prepare,0,R,3.5958098331488695,3.5958098331488695,0.6985545391756324,3.7134806672487706,0.03660874999999893,3.0,0.03660874999999893,3.0,0.0,284.7703498553713,9.002350048778222,29.703391392859654,16.275250484771572,nan,9.002350048778222,0.0,0.8472891787597177,2.7485206543891527,0.0,22.708682831361045,53.301541982220414,208.76012504178985,0.0
D_ample_prepare_i0,D,,ample,prepare,0,F,1.1544896481720748,1.1544896481720748,1.4874506612792644,5.193971383454953,1.1736736003854564,32.0,1.1736736003854564,32.0,0.0,287.2780981441186,8.341344590909056,29.703391392859654,nan,8.341344590909056,nan,0.0,1.058645102339929,0.09584454583214617,0.0,22.900526214448462,52.97137977890321,211.4061921507669,0.0
D_ample_prepare_i0,D,,ample,prepare,0,B,0.0,0.0,0.13189340107114567,1.0806914827336331,0.007721330492195478,2.0,0.007721330492195478,2.0,0.0,290.69509937059973,16.275250484771572,nan,16.275250484771572,nan,nan,0.0,0.0,0.0,0.0,22.686828818062324,55.06877493664197,212.93949561589542,0.0
D_ample_prepare_i1,D,,ample,prepare,1,M,0.0,0.0,9.232615580421207,7.807487349330047,2.2003861671848504,40.0,2.2003861671848504,40.0,0.0,303.8932025779394,nan,nan,nan,nan,nan,0.0,0.0,0.0,0.0,99.70300423619148,0.0,0.0,204.19019834174793
D_ample_prepare_i1,D,,ample,prepare,1,R,1.2116259669342453,1.2116259669342453,0.8571234821439309,2.9198985858287942,0.015522720089084067,3.0,0.015522720089084067,3.0,0.0,293.8471654643689,19.363726379612967,23.630932679749673,19.363726379612967,nan,nan,1.0906848031457304,0.0,0.0,0.1209411637885147,84.00982062477439,0.0,0.0,209.83734483959452
D_ample_prepare_i1,D,,ample,prepare,1,F,1.1544896481720748,1.1544896481720748,1.4874506612792644,5.193971383454953,1.1736736003854564,32.0,1.1736736003854564,32.0,0.0,287.2780981441186,23.630932679749673,23.630932679749673,nan,nan,nan,1.089654759049247,0.0,0.0,0.06483488912282824,83.94155529184744,0.0,0.0,203.33654285227115
D_ample_prepare_i1,D,,ample,prepare,1,B,0.0,0.0,0.1733236884135047,1.1708866264630766,0.012090571663026777,2.0,0.012090571663026777,2.0,0.0,296.68343908475595,19.363726379612967,nan,19.363726379612967,nan,nan,0.0,0.0,0.0,0.0,85.99981342271833,0.0,0.0,210.68362566203763
D_ample_prepare_i2,D,,ample,prepare,2,M,21.277082277689377,21.277082277689377,29.894131606516662,10.331616351962873,8.86437097014458,81.0,8.86437097014458,80.0,29.0,280.7327745525472,7.226570513637978,nan,nan,7.226570513637978,8.716318383134631,0.0,1.0459536869526116,20.23112859073677,0.0,37.25016318874886,59.10542552033546,184.37718584346288,0.0
D_ample_prepare_i2,D,,ample,prepare,2,R,25.720754555886007,25.720754555886007,17.480600746741597,12.627257925397428,6.143927646620006,74.0,6.143927646620006,74.0,29.0,262.63249913968247,8.716318383134631,27.06300154552134,12.347146529231178,nan,8.716318383134631,0.312316708749284,0.6653302198984589,24.743107627238263,0.0,30.415443455022285,53.40768285223416,178.80937283242602,0.0
D_ample_prepare_i2,D,,ample,prepare,2,F,1.1544896481720748,1.1544896481720748,1.4874506612792644,5.193971383454953,1.1736736003854564,32.0,1.1736736003854564,32.0,29.0,287.2780981441187,7.226570513637978,27.06300154552134,nan,7.226570513637978,nan,0.008169127461053981,1.081485631588193,0.06483488912282824,0.0,31.020216564323647,52.921338727523846,203.3365428522712,0.0
D_ample_prepare_i2,D,,ample,prepare,2,B,19.16729475050981,19.16729475050981,7.028366082825479,5.387466982097452,0.0073672113606861635,2.0,0.0073672113606861635,2.0,29.0,270.13246875439006,12.347146529231178,nan,12.347146529231178,nan,nan,0.1820618899573571,0.0,18.98523286055245,0.0,30.47549354239389,54.902369963901435,184.75460524809472,0.0
D_collaborative_none_i0,D,,collaborative,none,0,M,0.339935703537928,0.339935703537928,3.4914784138862758,5.7281339469428945,1.087904950177117,25.0,1.087904950177117,25.0,0.0,294.8804551289164,nan,nan,nan,nan,nan,0.04124582336620933,0.0,0.0,0.29868988017171866,94.47413795494853,0.0,0.0,200.4063171739679
D_collaborative_none_i0,D,,collaborative,none,0,R,0.706331072825358,0.706331072825358,0.5040407749652088,3.100205671191561,0.24409894369786522,8.0,0.24409894369786522,8.0,0.0,291.50835667582885,17.67169995838999,17.69164332416899,17.67169995838999,nan,nan,0.706331072825358,0.0,0.0,0.0,86.84016707452875,0.0,0.0,204.6681896013001
D_collaborative_none_i0,D,,collaborative,none,0,F,0.0,0.0,0.0,0.0,0.0,0.0,0.0,0.0,0.0,287.99999999999784,17.69164332416899,17.69164332416899,nan,nan,nan,0.0,0.0,0.0,0.0,87.30000000000055,0.0,0.0,200.6999999999973
D_collaborative_none_i0,D,,collaborative,none,0,B,0.0,0.0,0.05395225703975928,0.7105866608003883,0.006140323602705587,1.0,0.006140323602705587,1.0,0.0,295.03665671743886,17.67169995838999,nan,17.67169995838999,nan,nan,0.0,0.0,0.0,0.0,88.36875330944486,0.0,0.0,206.667903407994
D_collaborative_none_i1,D,,collaborative,none,1,M,0.0,0.0,2.232497704666073,3.6052123708373256,0.6652234410431372,14.0,0.6652234410431372,14.0,0.0,297.91787145291914,nan,nan,nan,nan,nan,0.0,0.0,0.0,0.0,97.37309284839375,0.0,0.0,200.5447786045254
D_collaborative_none_i1,D,,collaborative,none,1,R,0.8670468087106813,0.8670468087106813,0.4964759648505201,2.66141343535255,0.16777850984696832,8.0,0.16777850984696832,8.0,0.0,291.41219339548235,17.681929219139885,17.78780660451549,17.681929219139885,nan,nan,0.8670468087106813,0.0,0.0,0.0,87.51801316810918,0.0,0.0,203.89418022737317
D_collaborative_none_i1,D,,collaborative,none,1,F,0.0,0.0,0.0,0.0,0.0,0.0,0.0,0.0,0.0,287.99999999999784,17.78780660451549,17.78780660451549,nan,nan,nan,0.0,0.0,0.0,0.0,88.20000000000056,0.0,0.0,199.79999999999728
D_collaborative_none_i1,D,,collaborative,none,1,B,0.0,0.0,0.062232620312689356,0.7637693802695668,0.010617565247425402,2.0,0.010617565247425402,2.0,0.0,294.93026417634246,17.681929219139885,nan,17.681929219139885,nan,nan,0.0,0.0,0.0,0.0,89.20941944964517,0.0,0.0,205.7208447266973
D_collaborative_none_i2,D,,collaborative,none,2,M,0.18127511811847394,0.18127511811847394,5.408983550165444,7.904409295109133,3.2296671006063327,55.0,3.2296671006063327,55.0,0.0,293.3380873527032,nan,nan,nan,nan,nan,0.0302537573161219,0.0,0.0,0.15102136080235207,95.48614855949228,0.0,0.0,197.85193879321093
D_collaborative_none_i2,D,,collaborative,none,2,R,3.7752553699212807,3.7752553699212807,3.220065520246049,6.605688015306867,1.4796833222258774,38.0,1.4796833222258774,38.0,0.0,288.35755266386747,17.780729922433704,17.84244733613043,17.780729922433704,nan,nan,3.7752553699212807,0.0,0.0,0.0,86.3279923025442,0.0,0.0,202.02956036132326
D_collaborative_none_i2,D,,collaborative,none,2,F,0.0,0.0,0.0,0.0,0.0,0.0,0.0,0.0,0.0,287.9999999999979,17.84244733613043,17.84244733613043,nan,nan,nan,0.0,0.0,0.0,0.0,90.00000000000057,0.0,0.0,197.99999999999733
D_collaborative_none_i2,D,,collaborative,none,2,B,1.2635845032045805,1.2635845032045805,0.2721910701298047,1.5981251650623625,0.005713985776106778,1.0,0.005713985776106778,1.0,0.0,292.27682274143376,17.780729922433704,nan,17.780729922433704,nan,nan,1.2635845032045805,0.0,0.0,0.0,88.79219358848866,0.0,0.0,203.4846291529451
D_collaborative_prepare_i0,D,,collaborative,prepare,0,M,1.287436089601234,1.287436089601234,4.331936953965379,6.337322282835955,1.1448580438451472,26.0,1.1448580438451472,26.0,0.0,293.18547073778774,nan,nan,nan,nan,nan,0.44388185044276995,0.0,0.0,0.8435542391584634,94.21359275479537,0.0,0.0,198.97187798299237
D_collaborative_prepare_i0,D,,collaborative,prepare,0,R,1.8409328624333925,1.8409328624333925,0.6701170640211876,4.168764338610805,0.23957369929047756,7.0,0.23957369929047756,7.0,0.0,289.89487243236414,17.45365933275418,18.007916509432118,17.45365933275418,nan,nan,1.8289983804643268,0.0,0.0,0.011934481969065304,86.36915836202462,0.0,0.0,203.52571407033952
D_collaborative_prepare_i0,D,,collaborative,prepare,0,F,1.2972109757490844,1.2972109757490844,1.2654641879659725,4.565420960203316,1.1492918068214655,29.0,1.1492918068214655,29.0,0.0,286.70278894179626,18.007916509432118,18.007916509432118,nan,nan,nan,1.2375049224728207,0.0,0.0,0.05970605327626136,86.96122624144061,0.0,0.0,199.74156270035564
D_collaborative_prepare_i0,D,,collaborative,prepare,0,B,0.0,0.0,0.06466085661770468,0.9365714894466007,0.006140323602705587,1.0,0.006140323602705587,1.0,0.0,293.64121309960996,17.45365933275418,nan,17.45365933275418,nan,nan,0.0,0.0,0.0,0.0,88.76244333648705,0.0,0.0,204.8787697631229
D_collaborative_prepare_i1,D,,collaborative,prepare,1,M,0.0,0.0,2.103120591475769,3.859990810388197,0.6353606100699883,15.0,0.6353606100699883,15.0,0.0,296.1420294707774,nan,nan,nan,nan,nan,0.0,0.0,0.0,0.0,97.00832994106548,0.0,0.0,199.13369952971192
D_collaborative_prepare_i1,D,,collaborative,prepare,1,R,2.106835599306981,2.106835599306981,1.0130178117274087,3.878807710155557,0.16726290457779974,7.0,0.16726290457779974,7.0,0.0,289.8090505569958,17.48930148136726,18.093738384800428,17.48930148136726,nan,nan,2.1049475144106373,0.0,0.0,0.0018880848963437557,87.04316672282152,0.0,0.0,202.7658838341743
D_collaborative_prepare_i1,D,,collaborative,prepare,1,F,1.2972109757490844,1.2972109757490844,1.2654641879659725,4.565420960203316,1.1492918068214655,29.0,1.1492918068214655,29.0,0.0,286.70278894179626,18.093738384800428,18.093738384800428,nan,nan,nan,1.2400425946464064,0.0,0.0,0.05716838110267572,87.85874249480071,0.0,0.0,198.84404644699555
D_collaborative_prepare_i1,D,,collaborative,prepare,1,B,0.0038722708265769516,0.0038722708265769516,0.1157487531695127,1.1989472829287895,0.010617565247425402,2.0,0.010617565247425402,2.0,0.0,293.51974907562857,17.48930148136726,nan,17.48930148136726,nan,nan,0.0038722708265769516,0.0,0.0,0.0,89.55750488319643,0.0,0.0,203.96224419243214
D_collaborative_prepare_i2,D,,collaborative,prepare,2,M,1.2368332694542092,1.2368332694542092,5.7988714600369775,8.226432413542723,3.0768844164439884,50.0,3.0768844164439884,50.0,0.0,291.71595536329704,nan,nan,nan,nan,nan,0.5850668440087707,0.0,0.0,0.6517664254454405,95.25474273022758,0.0,0.0,196.46121263306947
D_collaborative_prepare_i2,D,,collaborative,prepare,2,R,5.058074817432136,5.058074817432136,2.583313273505879,6.340422546424312,1.368771254127968,34.0,1.368771254127968,34.0,0.0,286.76327012359764,17.554016854515236,18.139518818198507,17.554016854515236,nan,nan,5.052780820360985,0.0,0.0,0.005293997071150436,85.86105449860722,0.0,0.0,200.90221562499042
D_collaborative_prepare_i2,D,,collaborative,prepare,2,F,1.2972109757490844,1.2972109757490844,1.2654641879659725,4.565420960203316,1.1492918068214655,29.0,1.1492918068214655,29.0,0.0,286.70278894179614,18.139518818198507,18.139518818198507,nan,nan,nan,1.2447989694618093,0.0,0.0,0.05241200628727293,89.65408719295016,0.0,0.0,197.04870174884599
D_collaborative_prepare_i2,D,,collaborative,prepare,2,B,1.7689438716283268,1.7689438716283268,0.2487559740758435,1.5379623541414935,0.005713985776106778,1.0,0.005713985776106778,1.0,0.0,290.9092532690824,17.554016854515236,nan,17.554016854515236,nan,nan,1.743289855040327,0.0,0.0,0.025654016587999526,89.1617049298226,0.0,0.0,201.7475483392598
D_short_window_none_i0,D,,short_window,none,0,M,8.74294337948867,8.74294337948867,19.406596654404623,10.517422434576458,4.382610425192988,64.0,4.382610425192988,64.0,0.0,282.28317659349767,nan,nan,nan,nan,nan,8.117129684661457,0.0,0.0,0.6258136948272005,92.09335384131109,0.0,0.0,190.1898227521866
D_short_window_none_i0,D,,short_window,none,0,R,9.257801146773394,9.257801146773394,12.078685172986805,9.938511336897406,3.1659694985965605,51.0,3.1659694985965605,51.0,0.0,282.57904610277615,13.001562500000073,13.001562500000073,14.467994314330266,nan,nan,9.1706575328073,0.0,0.0,0.08714361396608938,88.222145385511,0.0,0.0,194.35690071726515
D_short_window_none_i0,D,,short_window,none,0,F,0.0,0.0,0.0,0.0,0.0,0.0,0.0,0.0,0.0,287.99999999999795,13.001562500000073,13.001562500000073,nan,nan,nan,0.0,0.0,0.0,0.0,97.20000000000061,0.0,0.0,190.79999999999734
D_short_window_none_i0,D,,short_window,none,0,B,6.303284395381964,6.303284395381964,2.8037085236180563,4.12285172616014,0.014562844756416931,2.0,0.014562844756416931,2.0,0.0,284.95040950924954,14.467994314330266,nan,14.467994314330266,nan,nan,5.121328989774489,0.0,0.0,1.1819554056074748,92.19106238628407,0.0,0.0,192.75934712296547
D_short_window_none_i1,D,,short_window,none,1,M,4.299693614902906,4.299693614902906,7.138958177052334,8.088894858168421,1.3878419742610004,45.0,1.3878419742610004,45.0,0.0,285.7412075182695,nan,nan,nan,nan,nan,4.299693614902906,0.0,0.0,0.0,95.75975988857655,0.0,0.0,189.98144762969295
D_short_window_none_i1,D,,short_window,none,1,R,9.463857545722341,9.463857545722341,13.25174514870205,10.308844638657733,3.2620414856685898,56.0,3.2620414856685898,56.0,0.0,282.53189298539024,12.868593750000098,12.868593750000098,14.42664872967509,nan,nan,9.397483923988895,0.0,0.0,0.06637362173344548,89.92983923459514,0.0,0.0,192.6020537507951
D_short_window_none_i1,D,,short_window,none,1,F,0.0,0.0,0.0,0.0,0.0,0.0,0.0,0.0,0.0,287.99999999999795,12.868593750000098,12.868593750000098,nan,nan,nan,0.0,0.0,0.0,0.0,99.00000000000063,0.0,0.0,188.99999999999733
D_short_window_none_i1,D,,short_window,none,1,B,6.486228098201049,6.486228098201049,3.0255758164013438,4.312291920507575,0.01842156096333897,2.0,0.01842156096333897,2.0,0.0,284.81878215071345,14.42664872967509,nan,14.42664872967509,nan,nan,5.285263602652205,0.0,0.0,1.2009644955488412,93.87043183246072,0.0,0.0,190.94835031825272
D_short_window_none_i2,D,,short_window,none,2,M,10.762115630785349,10.762115630785349,22.235846691783927,12.359051650189034,5.233363635419738,76.0,5.233363635419738,76.0,0.0,280.2653474356527,nan,nan,nan,nan,nan,10.093248709292313,0.0,0.0,0.668866921493053,93.71430155351848,0.0,0.0,186.55104588213422
D_short_window_none_i2,D,,short_window,none,2,R,11.933388916004372,11.933388916004372,10.68296099166523,9.362361326323548,2.161042131753661,42.0,2.161042131753661,42.0,0.0,279.3787804852241,10.205156250000012,10.205156250000012,14.2152722677295,nan,nan,11.640686987084825,0.0,0.0,0.29270192891954744,89.15000829905514,0.0,0.0,190.22877218616898
D_short_window_none_i2,D,,short_window,none,2,F,0.0,0.0,0.0,0.0,0.0,0.0,0.0,0.0,0.0,287.999999999998,10.205156250000012,10.205156250000012,nan,nan,nan,0.0,0.0,0.0,0.0,100.80000000000064,0.0,0.0,187.19999999999737
D_short_window_none_i2,D,,short_window,none,2,B,8.588344327826684,8.588344327826684,2.7543284064426725,3.8760670610888495,0.014176111252910885,2.0,0.014176111252910885,2.0,0.0,282.1894960202291,14.2152722677295,nan,14.2152722677295,nan,nan,6.87710213071928,0.0,0.0,1.71124219710741,93.89907248196727,0.0,0.0,188.29042353826185
D_short_window_prepare_i0,D,,short_window,prepare,0,M,13.636426905026964,13.636426905026964,20.256085621404186,10.164685431416894,4.334358452616783,63.0,4.334358452616783,63.0,0.0,278.13719269174595,6.9200592897845015,nan,nan,7.274607369896796,6.9200592897845015,3.8713566498618146,6.936880342960178,0.0,2.8281899122049694,57.56003560138771,34.512464204898606,0.0,186.06469288545964
D_short_window_prepare_i0,D,,short_window,prepare,0,R,20.97625316956044,20.97625316956044,14.685451219039493,16.218049016829458,12.870542099723638,114.0,12.870542099723638,110.0,0.0,267.22027691014546,6.9200592897845015,13.001562500000073,12.260212675602599,nan,6.9200592897845015,6.834554130004972,8.097779861644606,0.0,6.043919177910886,51.76879615091288,33.34292984333324,0.0,182.10855091589934
D_short_window_prepare_i0,D,,short_window,prepare,0,F,1.2972109757490844,1.2972109757490844,1.2654641879659725,4.565420960203316,1.1492918068214655,29.0,1.1492918068214655,29.0,0.0,286.70278894179614,7.274607369896796,13.001562500000073,nan,7.274607369896796,nan,1.031231485231193,0.23203251214100784,0.0,0.03394697837688128,57.4604724293732,41.17554211750968,0.0,188.06677439491327
D_short_window_prepare_i0,D,,short_window,prepare,0,B,16.17761424313216,16.17761424313216,4.104114711452939,5.125576665319981,0.014562844756416931,2.0,0.014562844756416931,2.0,0.0,271.9581978392747,12.260212675602599,nan,12.260212675602599,nan,nan,2.008662336816903,5.964984564240295,0.0,8.203967342074968,56.57461911577754,35.42312643475357,0.0,179.9604522887436
D_short_window_prepare_i1,D,,short_window,prepare,1,M,5.990258199369889,5.990258199369889,8.60852170129825,7.931458420078271,1.7385284624354735,48.0,1.7385284624354735,48.0,0.0,283.55416312560646,nan,nan,nan,nan,nan,5.990258199369889,0.0,0.0,0.0,95.71558907622932,0.0,0.0,187.83857404937714
D_short_window_prepare_i1,D,,short_window,prepare,1,R,11.5176068531191,11.5176068531191,17.323319065035477,11.275157143486863,4.35067618922372,65.0,4.35067618922372,62.0,0.0,280.860089186819,12.868593750000098,12.868593750000098,13.562785532009155,nan,nan,11.501077643581747,0.0,0.0,0.01652920953735411,89.62815879907615,0.0,0.0,191.23193038774284
D_short_window_prepare_i1,D,,short_window,prepare,1,F,1.2972109757490844,1.2972109757490844,1.2654641879659725,4.565420960203316,1.1492918068214655,29.0,1.1492918068214655,29.0,0.0,286.70278894179614,12.868593750000098,12.868593750000098,nan,nan,nan,1.264706908862563,0.0,0.0,0.03250406688651921,99.5346022972617,0.0,0.0,187.16818664453444
D_short_window_prepare_i1,D,,short_window,prepare,1,B,8.871842324632713,8.871842324632713,4.553424458075998,5.023964787298997,0.01842156096333897,2.0,0.01842156096333897,2.0,0.0,282.5293931025826,13.562785532009155,nan,13.562785532009155,nan,nan,6.935394472140505,0.0,0.0,1.9364478524922037,94.00936389110217,0.0,0.0,188.52002921148045
D_short_window_prepare_i2,D,,short_window,prepare,2,M,13.37929916614486,13.37929916614486,26.5795471183761,12.969017972141486,6.138752139102719,86.0,6.138752139102719,84.0,0.0,277.6479932011177,nan,nan,nan,nan,nan,12.393049627965597,0.0,0.0,0.9862495381792534,93.20499002909861,0.0,0.0,184.44300317201908
D_short_window_prepare_i2,D,,short_window,prepare,2,R,13.853862746676807,13.853862746676807,14.435314940010269,10.253771234165846,3.1878487131873356,50.0,3.1878487131873356,50.0,0.0,277.74781909269757,10.205156250000012,10.205156250000012,13.38473762902613,nan,nan,13.681463029213099,0.0,0.0,0.1723997174637111,88.91139794338454,0.0,0.0,188.83642114931303
D_short_window_prepare_i2,D,,short_window,prepare,2,F,1.2972109757490844,1.2972109757490844,1.2654641879659725,4.565420960203316,1.1492918068214655,29.0,1.1492918068214655,29.0,0.0,286.70278894179626,10.205156250000012,10.205156250000012,nan,nan,nan,1.2674113668871458,0.0,0.0,0.029799608861936527,101.33195530897015,0.0,0.0,185.3708336328261
D_short_window_prepare_i2,D,,short_window,prepare,2,B,10.928226020088742,10.928226020088742,4.177381222292082,4.565437613725505,0.014176111252910885,2.0,0.014176111252910885,2.0,0.0,279.97055877242553,13.38473762902613,nan,13.38473762902613,nan,nan,8.519913626792128,0.0,0.0,2.40831239329662,94.04625348184749,0.0,0.0,185.92430529057805
E_ample_none_i0,E,,ample,none,0,M,2.300012881036224,2.300012881036224,3.4003399340185623,5.272626912073639,0.46082879538095817,15.0,0.46082879538095817,15.0,0.0,297.2562943597073,8.651412483201664,nan,nan,10.240176944824139,8.651412483201664,0.0,0.0,2.300012881036224,0.0,26.090175748533852,60.45551319477036,210.71060541640307,0.0
E_ample_none_i0,E,,ample,none,0,R,1.4087887589686823,1.4087887589686823,0.17787352441969206,2.1653183578032533,0.06727863854134565,6.0,0.06727863854134565,6.0,0.0,287.5751811496769,8.651412483201664,29.816273656669306,16.537940136342637,nan,8.651412483201664,0.0,0.0,1.4087887589686823,0.0,21.795951285057228,54.467025486914864,211.3122043777048,0.0
E_ample_none_i0,E,,ample,none,0,F,0.0,0.0,0.10382143997435297,0.7862495690905905,0.025187499999999908,3.0,0.025187499999999908,3.0,0.0,288.60536708812697,10.240176944824139,29.816273656669306,nan,10.240176944824139,nan,0.0,0.0,0.0,0.0,21.991434035977505,54.19813547027434,212.41579758187513,0.0
E_ample_none_i0,E,,ample,none,0,B,0.0,0.0,0.12286779996694737,0.744884758385367,0.007721330492195478,2.0,0.007721330492195478,2.0,0.0,293.23724101333426,16.537940136342637,nan,16.537940136342637,nan,nan,0.0,0.0,0.0,0.0,21.772468930659564,55.36761328828175,216.09715879439293,0.0
E_ample_none_i1,E,,ample,none,1,M,0.0,0.0,1.5768969808496565,4.377927701179761,0.0677741959941876,5.0,0.0677741959941876,5.0,0.0,300.8086186959003,nan,nan,nan,nan,nan,0.0,0.0,0.0,0.0,99.42784063066114,0.0,0.0,201.38077806523916
E_ample_none_i1,E,,ample,none,1,R,0.010998137820150865,0.010998137820150865,0.21555725137887213,1.5362606606786349,0.02995412000649746,4.0,0.02995412000649746,4.0,0.0,295.5458559857604,19.65241544088418,23.25951110236657,19.65241544088418,nan,nan,0.008617911909575327,0.0,0.0,0.0023802259105755396,88.91276299700519,0.0,0.0,206.6330929887552
E_ample_none_i1,E,,ample,none,1,F,0.0,0.0,0.10382143997435297,0.7862495690905905,0.025187499999999908,3.0,0.025187499999999908,3.0,0.0,288.60536708812697,23.25951110236657,23.25951110236657,nan,nan,nan,0.0,0.0,0.0,0.0,88.79676664726426,0.0,0.0,199.8086004408627
E_ample_none_i1,E,,ample,none,1,B,0.0,0.0,0.12873989893131602,0.8482705820696752,0.012090571663026777,2.0,0.012090571663026777,2.0,0.0,298.0934405448762,19.65241544088418,nan,19.65241544088418,nan,nan,0.0,0.0,0.0,0.0,90.13194904462492,0.0,0.0,207.9614915002513
E_ample_none_i2,E,,ample,none,2,M,3.1567804413098925,3.1567804413098925,3.503912870958223,5.734482068254797,0.6239863420203122,21.0,0.6239863420203122,21.0,0.0,297.2916973557727,8.601105903386834,nan,nan,8.847422982715937,8.601105903386834,0.0,0.0,0.0,3.1567804413098925,39.93013943200506,57.60845316596297,0.0,199.7531047578047
E_ample_none_i2,E,,ample,none,2,R,3.220512558820399,3.220512558820399,0.6769758733619987,3.2755560095834046,0.22319912560223204,10.0,0.22319912560223204,10.0,0.0,285.82722876359236,8.601105903386834,27.061100981601026,16.508071622305646,nan,8.601105903386834,0.312316708749284,0.0,0.0,2.908195850071114,33.1593001097319,52.876823339929246,0.0,199.7911053139312
E_ample_none_i2,E,,ample,none,2,F,0.0,0.0,0.10382143997435297,0.7862495690905905,0.025187499999999908,3.0,0.025187499999999908,3.0,0.0,288.60536708812697,8.847422982715937,27.061100981601026,nan,8.847422982715937,nan,0.0,0.0,0.0,0.0,33.783725746730994,52.311844009650855,0.0,202.50979733174512
E_ample_none_i2,E,,ample,none,2,B,0.1820618899573571,0.1820618899573571,0.24105411026383755,0.8409962221212952,0.0073672113606861635,2.0,0.0073672113606861635,2.0,0.0,292.0191571412867,16.508071622305646,nan,16.508071622305646,nan,nan,0.1820618899573571,0.0,0.0,0.0,33.20320424057792,53.475977940614655,0.0,205.33997496009414
E_ample_prepare_i0,E,,ample,prepare,0,M,2.7243720839939907,2.7243720839939907,3.609991065649521,5.104001963182596,0.3402470699124519,14.0,0.3402470699124519,14.0,0.0,296.04583951044106,8.651412483201664,nan,nan,9.74990068202764,8.651412483201664,0.0,0.0,2.7243720839939907,0.0,26.090175748533852,59.9635253319108,209.9921384299964,0.0
E_ample_prepare_i0,E,,ample,prepare,0,R,2.3884931067546296,2.3884931067546296,0.6612992420761173,3.353000403851627,0.04431636342532508,5.0,0.04431636342532508,5.0,0.0,285.9752978194166,8.651412483201664,29.703391392859654,16.323180801478326,nan,8.651412483201664,0.0,0.8284727187444585,1.560020388010172,0.0,21.795951285057228,53.332809916075334,210.84653661828403,0.0
E_ample_prepare_i0,E,,ample,prepare,0,F,1.1544896481720748,1.1544896481720748,1.4874506612792644,5.193971383454953,1.1736736003854564,32.0,1.1736736003854564,32.0,0.0,287.2780981441186,9.74990068202764,29.703391392859654,nan,9.74990068202764,nan,0.0,1.054390748590451,0.10009889958162431,0.0,21.991434035977505,52.98463590610646,212.30202820203462,0.0
E_ample_prepare_i0,E,,ample,prepare,0,B,0.0,0.0,0.11419528024188962,0.9461338975257093,0.007721330492195478,2.0,0.007721330492195478,2.0,0.0,291.85211701793827,16.323180801478326,nan,16.323180801478326,nan,nan,0.0,0.0,0.0,0.0,21.772468930659564,55.070028226560886,215.00961986071783,0.0
E_ample_prepare_i1,E,,ample,prepare,1,M,0.0,0.0,1.4940937492170012,3.4021757240108834,0.03064108188393623,3.0,0.03064108188393623,3.0,0.0,299.0931618393174,nan,nan,nan,nan,nan,0.0,0.0,0.0,0.0,99.28784134752212,0.0,0.0,199.8053204917953
E_ample_prepare_i1,E,,ample,prepare,1,R,1.2462415974258563,1.2462415974258563,0.8461268619696001,2.924397305670028,0.015636049799535527,3.0,0.015636049799535527,3.0,0.0,293.73747741911245,19.3449394871849,23.740620725006135,19.3449394871849,nan,nan,1.1603265375023695,0.0,0.0,0.08591505992348676,88.44147963095293,0.0,0.0,205.29599778815953
E_ample_prepare_i1,E,,ample,prepare,1,F,1.1544896481720748,1.1544896481720748,1.4874506612792644,5.193971383454953,1.1736736003854564,32.0,1.1736736003854564,32.0,0.0,287.2780981441186,23.740620725006135,23.740620725006135,nan,nan,nan,1.102310506346895,0.0,0.0,0.05217914182518016,88.42916847917985,0.0,0.0,198.84892966493874
E_ample_prepare_i1,E,,ample,prepare,1,B,0.0,0.0,0.17297846546496778,1.1695984349160662,0.012090571663026777,2.0,0.012090571663026777,2.0,0.0,296.59253793192755,19.3449394871849,nan,19.3449394871849,nan,nan,0.0,0.0,0.0,0.0,90.55942228793467,0.0,0.0,206.0331156439929
E_ample_prepare_i2,E,,ample,prepare,2,M,3.5276996407042422,3.5276996407042422,3.637129790216435,5.481745929379865,0.44911199653364864,18.0,0.44911199653364864,18.0,0.0,296.07087766395375,8.409457781697721,nan,nan,8.409457781697721,8.611312211789905,0.0,0.0,0.0,3.5276996407042422,39.92367362581683,57.8811408295889,0.0,198.26606320854802
E_ample_prepare_i2,E,,ample,prepare,2,R,3.896000502607226,3.896000502607226,0.9379612346872325,4.270804408633824,0.206158468108495,8.0,0.206158468108495,8.0,0.0,284.3030604766172,8.611312211789905,27.06300154552134,16.254153455374716,nan,8.611312211789905,0.312316708749284,0.6810761111963076,0.0,2.902607682661634,33.146021940569426,52.46175038747805,0.0,198.69528814856972
E_ample_prepare_i2,E,,ample,prepare,2,F,1.1544896481720748,1.1544896481720748,1.4874506612792644,5.193971383454953,1.1736736003854564,32.0,1.1736736003854564,32.0,0.0,287.2780981441187,8.409457781697721,27.06300154552134,nan,8.409457781697721,nan,0.04156799508856324,1.0534809161551806,0.0,0.059440736928331364,33.68283992263321,52.05343584275391,0.0,201.54182237873158
E_ample_prepare_i2,E,,ample,prepare,2,B,0.1820618899573571,0.1820618899573571,0.17897429568439482,0.8900283204629796,0.0073672113606861635,2.0,0.0073672113606861635,2.0,0.0,290.7489070212425,16.254153455374716,nan,16.254153455374716,nan,nan,0.1820618899573571,0.0,0.0,0.0,33.2029288948862,54.007606145146184,0.0,203.5383719812101
E_collaborative_none_i0,E,,collaborative,none,0,M,0.0947023789909469,0.0947023789909469,3.290151178324904,3.915324084686283,1.0399599957938788,17.0,1.0399599957938788,17.0,0.0,294.62218054251747,nan,nan,nan,nan,nan,0.002798304965246068,0.0,0.0,0.09190407402570083,94.0127173180891,0.0,0.0,200.60946322442837
E_collaborative_none_i0,E,,collaborative,none,0,R,0.7103171738351578,0.7103171738351578,0.5623523881096778,3.301304836622013,0.27553221463053224,9.0,0.27553221463053224,9.0,0.0,291.51270119642214,17.672496433659898,17.687298803575697,17.672496433659898,nan,nan,0.7103171738351578,0.0,0.0,0.0,86.85177976313017,0.0,0.0,204.66092143329197
E_collaborative_none_i0,E,,collaborative,none,0,F,0.0,0.0,0.0,0.0,0.0,0.0,0.0,0.0,0.0,287.99999999999784,17.687298803575697,17.687298803575697,nan,nan,nan,0.0,0.0,0.0,0.0,87.30000000000055,0.0,0.0,200.6999999999973
E_collaborative_none_i0,E,,collaborative,none,0,B,0.0,0.0,0.05500865791235099,0.7373809664557205,0.006140323602705587,1.0,0.006140323602705587,1.0,0.0,295.04020476276224,17.672496433659898,nan,17.672496433659898,nan,nan,0.0,0.0,0.0,0.0,88.36978381226291,0.0,0.0,206.67042095049933
E_collaborative_none_i1,E,,collaborative,none,1,M,0.0,0.0,0.7043166749761559,3.28808996212762,0.07008363154851531,7.0,0.07008363154851531,7.0,0.0,295.6995260590712,nan,nan,nan,nan,nan,0.0,0.0,0.0,0.0,97.4324583039257,0.0,0.0,198.26706775514552
E_collaborative_none_i1,E,,collaborative,none,1,R,0.6091539869870718,0.6091539869870718,0.4325085250896079,2.6336212992079564,0.19411700698055415,8.0,0.19411700698055415,8.0,0.0,291.33157664649696,17.658223015861562,17.868423353500884,17.658223015861562,nan,nan,0.6091539869870718,0.0,0.0,0.0,90.39976547969272,0.0,0.0,200.93181116680424
E_collaborative_none_i1,E,,collaborative,none,1,F,0.0,0.0,0.0,0.0,0.0,0.0,0.0,0.0,0.0,287.99999999999784,17.868423353500884,17.868423353500884,nan,nan,nan,0.0,0.0,0.0,0.0,90.90000000000057,0.0,0.0,197.09999999999727
E_collaborative_none_i1,E,,collaborative,none,1,B,0.0,0.0,0.05522365195916638,0.7249022033334901,0.010617565247425402,2.0,0.010617565247425402,2.0,0.0,294.8733536306354,17.658223015861562,nan,17.658223015861562,nan,nan,0.0,0.0,0.0,0.0,92.08819805254879,0.0,0.0,202.7851555780866
E_collaborative_none_i2,E,,collaborative,none,2,M,3.6502371071721433,3.6502371071721433,7.142969197750126,7.861351434979557,3.013347368228575,44.0,3.013347368228575,44.0,0.0,288.5045595620691,7.705312499999974,nan,nan,8.565018285103445,7.705312499999974,0.0,0.5793332392735303,3.070903867898614,0.0,36.423749999999956,53.538187729947765,198.5426218321214,0.0
E_collaborative_none_i2,E,,collaborative,none,2,R,11.022180190422343,11.022180190422343,7.256977143547392,10.9838405679855,4.287287646309126,61.0,4.287287646309126,61.0,0.0,277.6049523621842,7.705312499999974,18.230156250000004,14.955994228480005,nan,7.705312499999974,2.7956250000000047,2.2499945227985902,5.976560667623756,0.0,29.55968749999998,52.19441305338047,195.85085180880372,0.0
E_collaborative_none_i2,E,,collaborative,none,2,F,0.0,0.0,0.0,0.0,0.0,0.0,0.0,0.0,0.0,287.9999999999979,8.565018285103445,18.230156250000004,nan,8.565018285103445,nan,0.0,0.0,0.0,0.0,32.400000000000205,54.00000000000034,201.59999999999735,0.0
E_collaborative_none_i2,E,,collaborative,none,2,B,3.9676828477118966,3.9676828477118966,0.6442864740623206,2.626070166913545,0.005713985776106778,1.0,0.005713985776106778,1.0,0.0,284.3489581337042,14.955994228480005,nan,14.955994228480005,nan,nan,0.5721678349431172,1.5442377102164146,1.8512773025523652,0.0,31.81971413167308,52.471216055736065,200.05802794629503,0.0
E_collaborative_prepare_i0,E,,collaborative,prepare,0,M,0.5686035190600492,0.5686035190600492,3.767782799361722,4.554598544683878,1.0647718422438837,18.0,1.0647718422438837,18.0,0.0,293.48187244176404,nan,nan,nan,nan,nan,0.14383495531431248,0.0,0.0,0.4247685637457369,94.09882063281063,0.0,0.0,199.3830518089534
E_collaborative_prepare_i0,E,,collaborative,prepare,0,R,1.801094652708499,1.801094652708499,0.6624621792026035,4.15395673879132,0.2707949999999828,8.0,0.2707949999999828,8.0,0.0,289.9075543129838,17.449875503520854,17.995234628812465,17.449875503520854,nan,nan,1.786280443887567,0.0,0.0,0.014814208820932252,86.4116370620026,0.0,0.0,203.4959172509812
E_collaborative_prepare_i0,E,,collaborative,prepare,0,F,1.2972109757490844,1.2972109757490844,1.2654641879659725,4.565420960203316,1.1492918068214655,29.0,1.1492918068214655,29.0,0.0,286.70278894179626,17.995234628812465,17.995234628812465,nan,nan,nan,1.2375049224728207,0.0,0.0,0.05970605327626136,86.96122624144061,0.0,0.0,199.74156270035564
E_collaborative_prepare_i0,E,,collaborative,prepare,0,B,0.0,0.0,0.060081753058062855,0.919207904309088,0.006140323602705587,1.0,0.006140323602705587,1.0,0.0,293.65767880946294,17.449875503520854,nan,17.449875503520854,nan,nan,0.0,0.0,0.0,0.0,88.78313862367611,0.0,0.0,204.87454018578683
E_collaborative_prepare_i1,E,,collaborative,prepare,1,M,0.0,0.0,0.56403821554854,3.1338698380527514,0.04821715518223108,5.0,0.04821715518223108,5.0,0.0,294.3651074937358,nan,nan,nan,nan,nan,0.0,0.0,0.0,0.0,97.4692009541485,0.0,0.0,196.89590653958732
E_collaborative_prepare_i1,E,,collaborative,prepare,1,R,1.9370964648740399,1.9370964648740399,0.8251040308367662,3.8659122472425036,0.18962760587948155,7.0,0.18962760587948155,7.0,0.0,289.8237846296823,17.467633430343948,18.079004312113977,17.467633430343948,nan,nan,1.9291418876263389,0.0,0.0,0.007954577247701168,89.91813901633392,0.0,0.0,199.90564561334836
E_collaborative_prepare_i1,E,,collaborative,prepare,1,F,1.2972109757490844,1.2972109757490844,1.2654641879659725,4.565420960203316,1.1492918068214655,29.0,1.1492918068214655,29.0,0.0,286.70278894179626,18.079004312113977,18.079004312113977,nan,nan,nan,1.247026644638363,0.0,0.0,0.050184331110719266,90.5519068558711,0.0,0.0,196.15088208592516
E_collaborative_prepare_i1,E,,collaborative,prepare,1,B,0.0,0.0,0.09669196673228383,1.1104823535035286,0.010617565247425402,2.0,0.010617565247425402,2.0,0.0,293.55615119933833,17.467633430343948,nan,17.467633430343948,nan,nan,0.0,0.0,0.0,0.0,92.4062018237156,0.0,0.0,201.14994937562273
E_collaborative_prepare_i2,E,,collaborative,prepare,2,M,5.437207884634875,5.437207884634875,9.24021651596667,9.300043593319971,4.105428319158115,70.0,4.105428319158115,69.0,17.0,286.6880125682072,7.705312499999974,nan,nan,8.081435304913992,7.705312499999974,0.0,2.442147739830073,0.0,2.9950601448047984,36.423749999999956,51.64676173545405,0.0,198.61750083275322
E_collaborative_prepare_i2,E,,collaborative,prepare,2,R,13.418913442475503,13.418913442475503,8.829168264148173,13.327698938155558,5.9494442780834955,91.0,5.9494442780834955,88.0,17.0,274.6251270056817,7.705312499999974,18.230156250000004,14.88357729546335,nan,7.705312499999974,2.7956250000000047,2.964327067751072,0.0,7.658961374724426,29.55968749999998,51.124645217985986,0.0,193.94079428769572
E_collaborative_prepare_i2,E,,collaborative,prepare,2,F,1.2972109757490844,1.2972109757490844,1.2654641879659725,4.565420960203316,1.1492918068214655,29.0,1.1492918068214655,29.0,17.0,286.70278894179614,8.081435304913992,18.230156250000004,nan,8.081435304913992,nan,0.06782813281250029,1.1642585311353666,0.0,0.06512431180121564,32.3227429025099,52.843786459462024,0.0,201.53625957982422
E_collaborative_prepare_i2,E,,collaborative,prepare,2,B,6.562819607704831,6.562819607704831,0.8719489806296384,3.7242817663140855,0.005713985776106778,1.0,0.005713985776106778,1.0,17.0,281.44154971021834,14.88357729546335,nan,14.88357729546335,nan,nan,0.5721678349431172,1.830225365435584,0.0,4.160426407326128,31.81971413167308,52.18029301542096,0.0,197.4415425631243
E_short_window_none_i0,E,,short_window,none,0,M,14.930842617953061,14.930842617953061,25.648300561491606,11.032892155749535,6.6371474081652835,73.0,6.6371474081652835,73.0,55.0,277.71315642094135,5.45479217803553,nan,nan,7.324908235895703,5.45479217803553,2.85115912724059,9.64975075026175,0.0,2.429932740450719,51.37504880729608,40.80756016601157,0.0,185.5305474476337
E_short_window_none_i0,E,,short_window,none,0,R,50.10010732405351,50.10010732405351,55.23706843034113,22.385889248428136,35.82983237158547,210.0,35.82983237158547,178.0,55.0,238.8327276302971,5.45479217803553,13.001562500000073,10.222499626723657,nan,5.45479217803553,6.600625000000002,10.055000000000003,0.0,33.444482324053524,44.76203124999998,40.47296875000032,0.0,153.5977276302968
E_short_window_none_i0,E,,short_window,none,0,F,0.0,0.0,0.0,0.0,0.0,0.0,0.0,0.0,55.0,287.99999999999795,7.324908235895703,13.001562500000073,nan,7.324908235895703,nan,0.0,0.0,0.0,0.0,51.300000000000324,50.40000000000032,0.0,186.2999999999973
E_short_window_none_i0,E,,short_window,none,0,B,42.42413704259525,42.42413704259525,16.789452067252245,11.822371808606665,0.03383614428933444,13.0,0.03383614428933444,13.0,55.0,245.66272663787862,10.222499626723657,nan,10.222499626723657,nan,nan,1.7109504446232602,9.169220794045941,0.0,31.54396580392604,49.661019882021904,41.23230070079457,0.0,154.76940605506215
E_short_window_none_i1,E,,short_window,none,1,M,8.959101957794253,8.959101957794253,14.051217913241526,8.840767913847273,2.7447821278438687,54.0,2.7447821278438687,54.0,0.0,279.9255184703059,nan,nan,nan,nan,nan,8.954136770479334,0.0,0.0,0.0049651873149192845,95.39621273381621,0.0,0.0,184.5293057364897
E_short_window_none_i1,E,,short_window,none,1,R,17.351428499999304,17.351428499999304,30.8146196743898,12.973156568743304,22.591133413316722,133.0,22.591133413316722,101.0,0.0,278.3337780105016,11.910841327548649,12.868593750000098,11.910841327548649,nan,nan,17.29926749999935,0.0,0.0,0.05216099999995426,86.52241550000102,0.0,0.0,191.81136251050057
E_short_window_none_i1,E,,short_window,none,1,F,0.0,0.0,0.0,0.0,0.0,0.0,0.0,0.0,0.0,287.99999999999795,12.868593750000098,12.868593750000098,nan,nan,nan,0.0,0.0,0.0,0.0,103.50000000000065,0.0,0.0,184.4999999999973
E_short_window_none_i1,E,,short_window,none,1,B,16.328050038934606,16.328050038934606,9.57353296442332,6.827626026619501,0.01842156096333897,2.0,0.01842156096333897,2.0,0.0,275.6833624611668,11.910841327548649,nan,11.910841327548649,nan,nan,11.321752977187838,0.0,0.0,5.006297061746762,92.29293336861952,0.0,0.0,183.39042909254727
E_short_window_none_i2,E,,short_window,none,2,M,17.68631134912801,17.68631134912801,29.751808520365838,11.750017938751869,7.199882063124877,77.0,7.199882063124877,77.0,48.0,275.4750473183835,6.1871449015388125,nan,nan,7.018160714726844,6.1871449015388125,3.0172484420316428,11.922792451480525,0.0,2.7462704556158415,51.19991824366801,42.13873248557758,0.0,182.1363965891379
E_short_window_none_i2,E,,short_window,none,2,R,51.42462373991666,51.42462373991666,53.08520113634757,22.517660758433504,39.394560587234054,209.0,39.394560587234054,174.0,48.0,236.72300281387476,6.1871449015388125,10.205156250000012,10.8420230679783,nan,6.1871449015388125,8.256756249999942,13.211513249999454,0.0,29.95635423991724,42.88835475000009,40.922972750000994,0.0,152.91167531387367
E_short_window_none_i2,E,,short_window,none,2,F,0.0,0.0,0.0,0.0,0.0,0.0,0.0,0.0,48.0,287.999999999998,7.018160714726844,10.205156250000012,nan,7.018160714726844,nan,0.0,0.0,0.0,0.0,51.300000000000324,54.00000000000034,0.0,182.69999999999735
E_short_window_none_i2,E,,short_window,none,2,B,44.38085465964598,44.38085465964598,15.88410652673947,11.47177679041445,0.01582345997764786,7.0,0.01582345997764786,7.0,48.0,243.58420066195765,10.8420230679783,nan,10.8420230679783,nan,nan,2.635473898287022,12.00989304883929,0.0,29.73548771251964,48.59229605674743,41.98987871842884,0.0,153.00202588678138
E_short_window_prepare_i0,E,,short_window,prepare,0,M,16.864576172920493,16.864576172920493,27.31550387274725,11.374136978772343,6.577073550057161,75.0,6.577073550057161,75.0,49.0,275.8392339942072,5.885398752098081,nan,nan,7.122270121062411,5.885398752098081,3.568303810712121,10.247301727459336,0.0,3.0489706347490424,53.34725860694988,39.31421319305903,0.0,183.17776219419827
E_short_window_prepare_i0,E,,short_window,prepare,0,R,52.101961000487556,52.101961000487556,49.10610979124608,22.454378985802528,29.80945259319622,196.0,29.80945259319622,171.0,49.0,236.07482736384236,5.885398752098081,13.001562500000073,9.339714136218912,nan,5.885398752098081,7.441337343749955,9.459566874999693,0.0,35.2010567817379,46.61917292968752,40.16534070312551,0.0,149.29031373102933
E_short_window_prepare_i0,E,,short_window,prepare,0,F,1.2972109757490844,1.2972109757490844,1.2654641879659725,4.565420960203316,1.1492918068214655,29.0,1.1492918068214655,29.0,49.0,286.70278894179614,7.122270121062411,13.001562500000073,nan,7.122270121062411,nan,0.906805689573936,0.36187232559918675,0.0,0.02853296057595941,53.07781925516548,49.15289632179477,0.0,184.4720733648359
E_short_window_prepare_i0,E,,short_window,prepare,0,B,45.33552348957935,45.33552348957935,17.156231089079327,12.147995499060913,0.0839339226608371,16.0,0.0839339226608371,16.0,49.0,242.75954895133845,9.339714136218912,nan,9.339714136218912,nan,nan,2.1250892544879534,9.100050753070695,0.0,34.110383482020715,51.9401946761992,40.40940457687681,0.0,150.40994969826244
E_short_window_prepare_i1,E,,short_window,prepare,1,M,10.870950850817026,10.870950850817026,14.339747645608073,8.425979168276434,2.548235774587071,52.0,2.548235774587071,52.0,0.0,277.98092278693355,nan,nan,nan,nan,nan,10.435478421857699,0.0,0.0,0.4354724289593302,95.7062714498673,0.0,0.0,182.27465133706625
E_short_window_prepare_i1,E,,short_window,prepare,1,R,17.786905374999478,17.786905374999478,31.655263347834353,13.03642147861131,20.508278749029394,136.0,20.508278749029394,102.0,0.0,277.80026138606706,11.807275803902439,12.868593750000098,11.807275803902439,nan,nan,17.755699624999504,0.0,0.0,0.03120574999997476,87.86868275000074,0.0,0.0,189.93157863606632
E_short_window_prepare_i1,E,,short_window,prepare,1,F,1.2972109757490844,1.2972109757490844,1.2654641879659725,4.565420960203316,1.1492918068214655,29.0,1.1492918068214655,29.0,0.0,286.70278894179614,12.868593750000098,12.868593750000098,nan,nan,nan,1.2710521019720815,0.0,0.0,0.026158873777000807,104.02839193950578,0.0,0.0,182.67439700229036
E_short_window_prepare_i1,E,,short_window,prepare,1,B,16.878670525940468,16.878670525940468,9.893563337502645,6.910371264227437,0.01842156096333897,2.0,0.01842156096333897,2.0,0.0,274.99551403496343,11.807275803902439,nan,11.807275803902439,nan,nan,11.843183587167822,0.0,0.0,5.035486938772643,93.57126794868,0.0,0.0,181.42424608628343
E_short_window_prepare_i2,E,,short_window,prepare,2,M,20.697548684013963,20.697548684013963,32.4731915591859,12.049801580133684,7.566236015214275,80.0,7.566236015214275,80.0,42.0,272.60463435637234,6.411713426435438,nan,nan,6.901654116655959,6.411713426435438,3.8112248073115214,13.13068207585322,0.0,3.75564180084923,53.09223322969524,40.0343937456754,0.0,179.4780073810017
E_short_window_prepare_i2,E,,short_window,prepare,2,R,44.309073821987525,44.309073821987525,39.19480760342919,20.754623630262277,30.370000950555337,182.0,30.370000950555337,156.0,42.0,243.76477788131808,6.411713426435438,10.205156250000012,10.992867696084385,nan,6.411713426435438,9.263125000000004,12.854375000000001,0.0,22.191573821987514,44.57781249999998,40.37265625000033,0.0,158.81430913131777
E_short_window_prepare_i2,E,,short_window,prepare,2,F,1.2972109757490844,1.2972109757490844,1.2654641879659725,4.565420960203316,1.1492918068214655,29.0,1.1492918068214655,29.0,42.0,286.70278894179626,6.901654116655959,10.205156250000012,nan,6.901654116655959,nan,0.906805689573936,0.36642299001347306,0.0,0.023982296161673106,53.07781925516548,52.748442358999284,0.0,180.8765273276315
E_short_window_prepare_i2,E,,short_window,prepare,2,B,38.792119883735104,38.792119883735104,12.732267032736916,10.238455615826645,0.014176111252910885,2.0,0.014176111252910885,2.0,42.0,249.20432824502012,10.992867696084385,nan,10.992867696084385,nan,nan,3.1490133433083987,12.098880247457597,0.0,23.54422629296909,50.770603676459416,41.00878070231565,0.0,157.42494386624506
