run_id,method,ablation,scenario,disturbance,init_variant,vehicle,speed_deficit_distance_m,speed_deficit_integral_m_s,accel_squared_integral,abs_jerk_integral,abs_nominal_actual_difference_integral,safety_correction_count,safety_correction_abs_integral,action_saturation_count,safety_recheck_violation_count,distance_m,min_net_gap_m,min_FR_gap_m,min_RB_gap_m,min_MF_gap_m,min_MR_gap_m,prepare_speed_deficit_distance_m,execute_speed_deficit_distance_m,success_release_speed_deficit_distance_m,failure_handling_speed_deficit_distance_m,prepare_distance_m,execute_distance_m,success_release_distance_m,failure_handling_distance_m
A_ample_none_i0,A,,ample,none,0,M,0.0,0.0,2.9591496711376744,1.9248397567195898,0.01206445312499993,0.0,0.0,2.0,0.0,299.16204851746454,8.629978079723198,nan,nan,10.643318570662426,8.629978079723198,0.0,0.0,0.0,0.0,26.073260511149797,59.88954600613805,213.1992420001767,0.0
A_ample_none_i0,A,,ample,none,0,R,0.005911843955153808,0.005911843955153808,0.12073085218879234,1.7305743327474683,0.051455833650524384,0.0,0.0,5.0,0.0,289.24125042052657,8.629978079723198,29.558133590028273,17.082054002538836,nan,8.629978079723198,0.0,0.0,0.005911843955153808,0.0,21.795951285057228,54.467025486914864,212.97827364855448,0.0
A_ample_none_i0,A,,ample,none,0,F,0.0,0.0,0.10382143997435297,0.7862495690905905,0.025187499999999908,0.0,0.0,3.0,0.0,288.60536708812697,10.643318570662426,29.558133590028273,nan,10.643318570662426,nan,0.0,0.0,0.0,0.0,21.991434035977505,54.19813547027434,212.41579758187513,0.0
A_ample_none_i0,A,,ample,none,0,B,0.0,0.0,0.10833445141061919,0.6446266941436904,0.007721330492195478,0.0,0.0,2.0,0.0,294.35919641798773,17.082054002538836,nan,17.082054002538836,nan,nan,0.0,0.0,0.0,0.0,21.772468930659564,55.36761328828175,217.2191141990464,0.0
A_ample_none_i1,A,,ample,none,1,M,0.0,0.0,2.539418911665765,4.2789849546025565,0.37067224459706666,0.0,0.0,11.0,0.0,301.50502045679326,nan,nan,nan,nan,nan,0.0,0.0,0.0,0.0,99.40311304571631,0.0,0.0,202.10190741107695
A_ample_none_i1,A,,ample,none,1,R,0.009744353676458496,0.009744353676458496,0.21520714258281265,1.5357648847214984,0.030070049236108082,0.0,0.0,4.0,0.0,295.5807527505958,19.658754488362046,23.224614337531147,19.658754488362046,nan,nan,0.007517281359941564,0.0,0.0,0.0022270723165169317,88.0138909887433,0.0,0.0,207.56686176185252
A_ample_none_i1,A,,ample,none,1,F,0.0,0.0,0.10382143997435297,0.7862495690905905,0.025187499999999908,0.0,0.0,3.0,0.0,288.60536708812697,23.224614337531147,23.224614337531147,nan,nan,nan,0.0,0.0,0.0,0.0,87.89638487964936,0.0,0.0,200.7089822084776
A_ample_none_i1,A,,ample,none,1,B,0.0,0.0,0.12865191655083508,0.8472786142364979,0.012090571663026777,0.0,0.0,2.0,0.0,298.1219982622338,19.658754488362046,nan,19.658754488362046,nan,nan,0.0,0.0,0.0,0.0,89.20716331800851,0.0,0.0,208.91483494422528
A_ample_none_i2,A,,ample,none,2,M,0.0,0.0,2.789160072438587,1.8060177694809365,0.008728216861727561,0.0,0.0,3.0,0.0,300.0073430331771,8.548826578804675,nan,nan,9.29802405494986,8.548826578804675,0.0,0.0,0.0,0.0,39.877929893198754,57.92633038897823,0.0,202.20308275100012
A_ample_none_i2,A,,ample,none,2,R,0.8667566503853844,0.8667566503853844,0.5610489940346953,2.493410557026606,0.20577074771718967,0.0,0.0,8.0,0.0,288.21423935004435,8.548826578804675,27.03431716231317,17.277687524678992,nan,8.548826578804675,0.312316708749284,0.0,0.0,0.5544399416361002,33.1593001097319,53.78251576866273,0.0,201.27242347164972
A_ample_none_i2,A,,ample,none,2,F,0.0,0.0,0.10382143997435297,0.7862495690905905,0.025187499999999908,0.0,0.0,3.0,0.0,288.60536708812697,9.29802405494986,27.03431716231317,nan,9.29802405494986,nan,0.0,0.0,0.0,0.0,33.783725746730994,53.21226042000461,0.0,201.60938092139136
A_ample_none_i2,A,,ample,none,2,B,0.1820618899573571,0.1820618899573571,0.21042291137359012,0.6803034440019836,0.0073672113606861635,0.0,0.0,2.0,0.0,293.63655182536536,17.277687524678992,nan,17.277687524678992,nan,nan,0.1820618899573571,0.0,0.0,0.0,33.20320424057792,54.40404558893948,0.0,206.02930199584796
A_ample_prepare_i0,A,,ample,prepare,0,M,0.0,0.0,3.7903549569874304,2.630542328566442,0.04412288838255271,0.0,0.0,5.0,0.0,297.8104880346604,8.629978079723198,nan,nan,10.667610109458177,8.629978079723198,0.0,0.0,0.0,0.0,26.073260511149797,59.11348972037335,212.62373780313726,0.0
A_ample_prepare_i0,A,,ample,prepare,0,R,1.1422278067311347,1.1422278067311347,0.6330554885121068,3.0108136226003293,0.03684498273452284,0.0,0.0,4.0,0.0,287.55419329459903,8.629978079723198,29.703391392859654,16.84968634664865,nan,8.629978079723198,0.0,0.8284727187444585,0.3137550879866764,0.0,21.795951285057228,53.332809916075334,212.42543209346647,0.0
A_ample_prepare_i0,A,,ample,prepare,0,F,1.1544896481720748,1.1544896481720748,1.4874506612792644,5.193971383454953,1.1736736003854564,0.0,0.0,32.0,0.0,287.2780981441186,10.667610109458177,29.703391392859654,nan,10.667610109458177,nan,0.0,1.054390748590451,0.10009889958162431,0.0,21.991434035977505,52.98463590610646,212.30202820203462,0.0
A_ample_prepare_i0,A,,ample,prepare,0,B,0.0,0.0,0.11150487228112069,0.9008241894551999,0.007721330492195478,0.0,0.0,2.0,0.0,292.9045069479504,16.84968634664865,nan,16.84968634664865,nan,nan,0.0,0.0,0.0,0.0,21.772468930659564,55.070028226560886,216.06200979072992,0.0
A_ample_prepare_i1,A,,ample,prepare,1,M,0.0,0.0,2.71524097946,4.3331450667288465,0.3590264119960727,0.0,0.0,9.0,0.0,299.95935871734827,nan,nan,nan,nan,nan,0.0,0.0,0.0,0.0,99.27833060744484,0.0,0.0,200.68102810990342
A_ample_prepare_i1,A,,ample,prepare,1,R,1.2397779084113858,1.2397779084113858,0.8482766668252423,2.9229104909292443,0.015598878504555668,0.0,0.0,3.0,0.0,293.7595568242112,19.348803602559666,23.7185413199074,19.348803602559666,nan,nan,1.1474390690926295,0.0,0.0,0.09233883931875618,87.55411529162487,0.0,0.0,206.20544153258632
A_ample_prepare_i1,A,,ample,prepare,1,F,1.1544896481720748,1.1544896481720748,1.4874506612792644,5.193971383454953,1.1736736003854564,0.0,0.0,32.0,0.0,287.2780981441186,23.7185413199074,23.7185413199074,nan,nan,nan,1.0999943036891098,0.0,0.0,0.05449534448296536,87.53143546253116,0.0,0.0,199.74666268158742
A_ample_prepare_i1,A,,ample,prepare,1,B,0.0,0.0,0.17307482660298526,1.1699294834158496,0.012090571663026777,0.0,0.0,2.0,0.0,296.6107532216515,19.348803602559666,nan,19.348803602559666,nan,nan,0.0,0.0,0.0,0.0,89.64748417803428,0.0,0.0,206.96326904361723
A_ample_prepare_i2,A,,ample,prepare,2,M,0.0,0.0,3.5880736563867845,2.534170194990211,0.03130636625339914,0.0,0.0,5.0,0.0,298.43556096769186,8.559753778127142,nan,nan,9.542537176426844,8.559753778127142,0.0,0.0,0.0,0.0,39.872792680150496,57.79321019089414,0.0,200.76955809664722
A_ample_prepare_i2,A,,ample,prepare,2,R,1.767024869861601,1.767024869861601,0.8701432270608528,3.5490655016420907,0.20214543705672613,0.0,0.0,7.0,0.0,286.4367662603454,8.559753778127142,27.06300154552134,16.956907511142912,nan,8.559753778127142,0.312316708749284,0.6883632518983533,0.0,0.7663449092139641,33.146021940569426,53.354652942638154,0.0,199.9360913771378
A_ample_prepare_i2,A,,ample,prepare,2,F,1.1544896481720748,1.1544896481720748,1.4874506612792644,5.193971383454953,1.1736736003854564,0.0,0.0,32.0,0.0,287.2780981441187,9.542537176426844,27.06300154552134,nan,9.542537176426844,nan,0.04156799508856324,1.0560072979918937,0.0,0.05691435509161825,33.68283992263321,52.95096314653122,0.0,200.64429507495427
A_ample_prepare_i2,A,,ample,prepare,2,B,0.1820618899573571,0.1820618899573571,0.162288804538224,0.7360493521258242,0.0073672113606861635,0.0,0.0,2.0,0.0,292.1798587492025,16.956907511142912,nan,16.956907511142912,nan,nan,0.1820618899573571,0.0,0.0,0.0,33.2029288948862,54.92405420906809,0.0,204.0528756452482
A_collaborative_none_i0,A,,collaborative,none,0,M,0.126977512415196,0.126977512415196,3.635860544093308,3.9498115112593153,0.974348160691758,0.0,0.0,17.0,0.0,293.93020976240985,nan,nan,nan,nan,nan,0.015083559075280917,0.0,0.0,0.11189395333991509,94.23994797981163,0.0,0.0,199.6902617825982
A_collaborative_none_i0,A,,collaborative,none,0,R,0.6941281667717445,0.6941281667717445,0.5628275530397515,3.3424139827294526,0.2757437689031332,0.0,0.0,9.0,0.0,291.50048007089606,17.670310920674705,17.69951992910178,17.670310920674705,nan,nan,0.6941281667717445,0.0,0.0,0.0,87.76960486909059,0.0,0.0,203.73087520180547
A_collaborative_none_i0,A,,collaborative,none,0,F,0.0,0.0,0.0,0.0,0.0,0.0,0.0,0.0,0.0,287.99999999999784,17.69951992910178,17.69951992910178,nan,nan,nan,0.0,0.0,0.0,0.0,88.20000000000056,0.0,0.0,199.79999999999728
A_collaborative_none_i0,A,,collaborative,none,0,B,0.0,0.0,0.054548940109139854,0.7394423440387048,0.006140323602705587,0.0,0.0,1.0,0.0,295.03016915022135,17.670310920674705,nan,17.670310920674705,nan,nan,0.0,0.0,0.0,0.0,89.29889611274749,0.0,0.0,205.73127303747387
A_collaborative_none_i1,A,,collaborative,none,1,M,0.0,0.0,0.5137080032452026,1.688941047146511,0.01849807687034705,0.0,0.0,2.0,0.0,296.05487008899655,nan,nan,nan,nan,nan,0.0,0.0,0.0,0.0,97.08119124553883,0.0,0.0,198.97367884345772
A_collaborative_none_i1,A,,collaborative,none,1,R,0.6741192594841452,0.6741192594841452,0.4899642570106741,2.7742630708591545,0.19939789117011525,0.0,0.0,8.0,0.0,291.40579761642863,17.667416323333622,17.79420238356921,17.667416323333622,nan,nan,0.6741192594841452,0.0,0.0,0.0,89.50242999679963,0.0,0.0,201.903367619629
A_collaborative_none_i1,A,,collaborative,none,1,F,0.0,0.0,0.0,0.0,0.0,0.0,0.0,0.0,0.0,287.99999999999784,17.79420238356921,17.79420238356921,nan,nan,nan,0.0,0.0,0.0,0.0,90.00000000000057,0.0,0.0,197.99999999999727
A_collaborative_none_i1,A,,collaborative,none,1,B,0.0,0.0,0.057163634174249474,0.7470470683390387,0.010617565247425402,0.0,0.0,2.0,0.0,294.938381293095,17.667416323333622,nan,17.667416323333622,nan,nan,0.0,0.0,0.0,0.0,91.14366992729413,0.0,0.0,203.79471136580088
A_collaborative_none_i2,A,,collaborative,none,2,M,0.2683144230652241,0.2683144230652241,6.562574217123075,6.017833532405832,3.1050102219568387,0.0,0.0,39.0,0.0,291.8826493075312,7.701632183159728,nan,nan,8.549208156938999,7.701632183159728,0.0,0.2427101561479951,0.025604266917229165,0.0,36.42057666558158,53.88713281819484,201.5749398237548,0.0
A_collaborative_none_i2,A,,collaborative,none,2,R,8.128563905970392,8.128563905970392,6.905651329833311,10.598499921179283,4.25527457640897,0.0,0.0,60.0,0.0,280.50930154643794,7.701632183159728,18.230156250000004,15.695429035896336,nan,7.701632183159728,2.7956250000000047,2.2499945227985902,3.082944383171791,0.0,29.55968749999998,52.19441305338047,198.75520099305749,0.0
A_collaborative_none_i2,A,,collaborative,none,2,F,0.0,0.0,0.0,0.0,0.0,0.0,0.0,0.0,0.0,287.9999999999979,8.549208156938999,18.230156250000004,nan,8.549208156938999,nan,0.0,0.0,0.0,0.0,32.400000000000205,54.00000000000034,201.59999999999735,0.0
A_collaborative_none_i2,A,,collaborative,none,2,B,2.1504335488080755,2.1504335488080755,0.6056195140982524,2.438570080583429,0.005713985776106778,0.0,0.0,1.0,0.0,286.5138725105416,15.695429035896336,nan,15.695429035896336,nan,nan,0.5721678349431172,1.5442377102164146,0.034028003648543505,0.0,31.81971413167308,52.471216055736065,202.22294232313246,0.0
A_collaborative_prepare_i0,A,,collaborative,prepare,0,M,1.1212173063460682,1.1212173063460682,4.428393891564607,4.6501176562781135,1.000563814121875,0.0,0.0,18.0,0.0,292.34263110178983,nan,nan,nan,nan,nan,0.508664936439179,0.0,0.0,0.6125523699068893,94.0430441357428,0.0,0.0,198.29958696604703
A_collaborative_prepare_i0,A,,collaborative,prepare,0,R,1.7835484172698355,1.7835484172698355,0.6695179749224613,4.223808607909707,0.2707949999999828,0.0,0.0,8.0,0.0,289.90317822079675,17.447636972083,17.99961072099951,17.447636972083,nan,nan,1.7688701452138704,0.0,0.0,0.014678272055964925,87.32905717971639,0.0,0.0,202.57412104108036
A_collaborative_prepare_i0,A,,collaborative,prepare,0,F,1.2972109757490844,1.2972109757490844,1.2654641879659725,4.565420960203316,1.1492918068214655,0.0,0.0,29.0,0.0,286.70278894179626,17.99961072099951,17.99961072099951,nan,nan,nan,1.2400425946464064,0.0,0.0,0.05716838110267572,87.85874249480071,0.0,0.0,198.84404644699555
A_collaborative_prepare_i0,A,,collaborative,prepare,0,B,0.0,0.0,0.059419806222343594,0.9255867871930211,0.006140323602705587,0.0,0.0,1.0,0.0,293.65554124871375,17.447636972083,nan,17.447636972083,nan,nan,0.0,0.0,0.0,0.0,89.70668567834988,0.0,0.0,203.94885557036386
A_collaborative_prepare_i1,A,,collaborative,prepare,1,M,0.0,0.0,0.5629961643929078,1.9111235627621341,0.005003087416586033,0.0,0.0,1.0,0.0,294.47067194116863,nan,nan,nan,nan,nan,0.0,0.0,0.0,0.0,97.74088385808878,0.0,0.0,196.72978808307985
A_collaborative_prepare_i1,A,,collaborative,prepare,1,R,1.9402561300297105,1.9402561300297105,0.808127278765709,3.7779573645807436,0.19526676739332122,0.0,0.0,7.0,0.0,289.8378933550923,17.46785737794438,18.064895586703937,17.46785737794438,nan,nan,1.935370161683924,0.0,0.0,0.004885968345786473,89.91227205678086,0.0,0.0,199.92562129831146
A_collaborative_prepare_i1,A,,collaborative,prepare,1,F,1.2972109757490844,1.2972109757490844,1.2654641879659725,4.565420960203316,1.1492918068214655,0.0,0.0,29.0,0.0,286.70278894179626,18.064895586703937,18.064895586703937,nan,nan,nan,1.247026644638363,0.0,0.0,0.050184331110719266,90.5519068558711,0.0,0.0,196.15088208592516
A_collaborative_prepare_i1,A,,collaborative,prepare,1,B,0.0,0.0,0.09194854303904362,1.0801597994156753,0.010617565247425402,0.0,0.0,2.0,0.0,293.57003597714794,17.46785737794438,nan,17.46785737794438,nan,nan,0.0,0.0,0.0,0.0,92.3873256091222,0.0,0.0,201.18271036802574
A_collaborative_prepare_i2,A,,collaborative,prepare,2,M,3.802131268441389,3.802131268441389,10.376733008907783,10.431842717403951,5.1370344369415495,11.0,1.8798832982693003,73.0,22.0,288.3244691722633,7.635762507122547,nan,nan,8.068201362556447,7.635762507122547,0.0,2.916405742814799,0.0,0.88572552562659,36.42057666558158,51.170796364888915,0.0,200.73309614179283
A_collaborative_prepare_i2,A,,collaborative,prepare,2,R,13.702784643903936,13.702784643903936,10.271083470117764,13.88241674371696,6.631439651595335,25.0,4.921244073521056,96.0,22.0,274.37881565936345,7.635762507122547,18.230156250000004,14.94709699516535,nan,7.635762507122547,2.7956250000000047,3.0182472160053186,0.0,7.888912427898617,29.55968749999998,51.03455151529225,0.0,193.78457664407122
A_collaborative_prepare_i2,A,,collaborative,prepare,2,F,1.2972109757490844,1.2972109757490844,1.2654641879659725,4.565420960203316,1.1492918068214655,0.0,0.0,29.0,22.0,286.70278894179614,8.068201362556447,18.230156250000004,nan,8.068201362556447,nan,0.06782813281250029,1.1642585311353666,0.0,0.06512431180121564,32.3227429025099,52.843786459462024,0.0,201.53625957982422
A_collaborative_prepare_i2,A,,collaborative,prepare,2,B,7.552684819752599,7.552684819752599,1.3175202589336805,4.337295019910542,0.005713985776106778,0.0,0.0,1.0,22.0,280.6204083562419,14.94709699516535,nan,14.94709699516535,nan,nan,0.5721678349431172,1.8333589546009408,0.0,5.147158030208536,31.81971413167308,52.17661499302436,0.0,196.62407923154447
A_short_window_none_i0,A,,short_window,none,0,M,13.178710273333897,13.178710273333897,25.085879953795626,11.19132144087626,5.639422289832366,0.0,0.0,73.0,37.0,277.8462860650896,7.064106579994257,nan,nan,7.305088950341156,7.064106579994257,2.8408187331783514,8.8835504333809,0.0,1.4543411067746537,51.388305929735395,40.679560661657064,0.0,185.77841947369714
A_short_window_none_i0,A,,short_window,none,0,R,35.424786397226136,35.424786397226136,45.16276119884294,21.699360474890135,32.50607299706934,40.0,2.8803809668377203,167.0,37.0,253.53888561080925,7.064106579994257,13.001562500000073,12.019703965778486,nan,7.064106579994257,6.600625000000002,10.032812500000004,0.0,18.79134889722612,44.76203124999998,39.59218750000031,0.0,169.18466686080896
A_short_window_none_i0,A,,short_window,none,0,F,0.0,0.0,0.0,0.0,0.0,0.0,0.0,0.0,37.0,287.99999999999795,7.305088950341156,13.001562500000073,nan,7.305088950341156,nan,0.0,0.0,0.0,0.0,51.300000000000324,49.50000000000031,0.0,187.19999999999732
A_short_window_none_i0,A,,short_window,none,0,B,29.98551633792049,29.98551633792049,11.13921598934196,9.808347948381778,0.014562844756416931,0.0,0.0,2.0,37.0,258.1377097336464,12.019703965778486,nan,12.019703965778486,nan,nan,1.7109504446232602,9.0388688677314,0.0,19.23569702556583,49.661019882021904,40.46159791048591,0.0,168.01509194113856
A_short_window_none_i1,A,,short_window,none,1,M,7.9043966619681845,7.9043966619681845,10.44541958196638,6.824511632933854,2.010666440684597,0.0,0.0,48.0,0.0,281.1182424836823,nan,nan,nan,nan,nan,7.8934121383687135,0.0,0.0,0.01098452359947082,95.56114288433878,0.0,0.0,185.55709959934353
A_short_window_none_i1,A,,short_window,none,1,R,17.35587499999929,17.35587499999929,30.509425366370913,12.972477667639048,22.36697479690403,0.0,0.0,101.0,0.0,278.0966537636024,11.910841327548649,12.868593750000098,11.910841327548649,nan,nan,17.27138349999936,0.0,0.0,0.08449149999993127,85.647174500001,0.0,0.0,192.44947926360138
A_short_window_none_i1,A,,short_window,none,1,F,0.0,0.0,0.0,0.0,0.0,0.0,0.0,0.0,0.0,287.99999999999795,12.868593750000098,12.868593750000098,nan,nan,nan,0.0,0.0,0.0,0.0,102.60000000000065,0.0,0.0,185.3999999999973
A_short_window_none_i1,A,,short_window,none,1,B,16.330043088473353,16.330043088473353,9.568595694117576,6.826740043191259,0.01842156096333897,0.0,0.0,2.0,0.0,275.6476347833357,11.910841327548649,nan,11.910841327548649,nan,nan,11.18618139017437,0.0,0.0,5.143861698298991,91.5274349292416,0.0,0.0,184.12019985409412
A_short_window_none_i2,A,,short_window,none,2,M,15.533091891273738,15.533091891273738,28.064618969273837,11.453469807007302,5.791269434737427,0.0,0.0,73.0,0.0,275.4919028656833,7.175976683573521,nan,nan,7.175976683573521,7.268536816426715,3.182573441984746,10.607733049912762,0.0,1.742785399376219,51.93693416872861,41.65959610424272,0.0,181.89537259271196
A_short_window_none_i2,A,,short_window,none,2,R,25.37456763820233,25.37456763820233,31.613731362702588,15.52128060392851,28.302254285209372,0.0,0.0,115.0,0.0,262.6891500970804,7.268536816426715,10.205156250000012,11.28843195393237,nan,7.268536816426715,8.571534249999937,12.844679249999471,0.0,3.958354138202922,43.47270962500009,39.48754887500097,0.0,179.72889159707935
A_short_window_none_i2,A,,short_window,none,2,F,0.0,0.0,0.0,0.0,0.0,0.0,0.0,0.0,0.0,287.999999999998,7.175976683573521,10.205156250000012,nan,7.175976683573521,nan,0.0,0.0,0.0,0.0,52.20000000000033,52.20000000000033,0.0,183.59999999999735
A_short_window_none_i2,A,,short_window,none,2,B,22.404416570784313,22.404416570784313,10.622607377214324,7.095162216431327,0.014176111252910885,0.0,0.0,2.0,0.0,265.6127932651054,11.28843195393237,nan,11.28843195393237,nan,nan,2.794933988217868,11.68822960975937,0.0,7.921252972807079,49.3303880542734,40.51284667317465,0.0,175.76955853765733
A_short_window_prepare_i0,A,,short_window,prepare,0,M,14.282100178022043,14.282100178022043,27.647243056367316,11.582586024081406,5.864284077391753,0.0,0.0,79.0,49.0,276.74289602663026,6.424888713632936,nan,nan,7.1152904970778765,6.424888713632936,3.5704285530574453,9.316788714383428,0.0,1.3948829105811666,53.34793441767192,39.35709085258199,0.0,184.03787075637635
A_short_window_prepare_i0,A,,short_window,prepare,0,R,44.61805531338099,44.61805531338099,50.43184413378001,22.423737889497264,31.127997934929233,52.0,4.861169142934381,172.0,49.0,244.07382422519925,6.424888713632936,13.001562500000073,10.968586443794134,nan,6.424888713632936,7.441337343749955,9.379777578124695,0.0,27.796940391506325,46.61917292968752,39.3513800000006,0.0,158.10327129551112
A_short_window_prepare_i0,A,,short_window,prepare,0,F,1.2972109757490844,1.2972109757490844,1.2654641879659725,4.565420960203316,1.1492918068214655,0.0,0.0,29.0,49.0,286.70278894179614,7.1152904970778765,13.001562500000073,nan,7.1152904970778765,nan,0.906805689573936,0.36060567731320964,0.0,0.029799608861936527,53.07781925516548,48.25413605380467,0.0,185.370833632826
A_short_window_prepare_i0,A,,short_window,prepare,0,B,38.02895313770893,38.02895313770893,14.349890081479856,11.100882655390539,0.01674812920184544,0.0,0.0,7.0,49.0,250.07448975595292,10.968586443794134,nan,10.968586443794134,nan,nan,2.1250892544879534,8.972206226835898,0.0,26.931657656385113,51.9401946761992,39.636202008110374,0.0,158.49809307164335
A_short_window_prepare_i1,A,,short_window,prepare,1,M,8.925933648306328,8.925933648306328,11.664645653750298,6.9311561172938685,1.9977764312156645,0.0,0.0,51.0,0.0,279.99173142122663,nan,nan,nan,nan,nan,8.890748676046288,0.0,0.0,0.03518497226004182,95.4609433571799,0.0,0.0,184.53078806404673
A_short_window_prepare_i1,A,,short_window,prepare,1,R,17.794078124999473,17.794078124999473,31.0347406343885,13.033306274106243,20.17416153447361,0.0,0.0,101.0,0.0,277.3398066672983,11.807275803902439,12.868593750000098,11.807275803902439,nan,nan,17.704479124999523,0.0,0.0,0.08959899999994948,86.11365325000071,0.0,0.0,191.2261534172976
A_short_window_prepare_i1,A,,short_window,prepare,1,F,1.2972109757490844,1.2972109757490844,1.2654641879659725,4.565420960203316,1.1492918068214655,0.0,0.0,29.0,0.0,286.70278894179614,12.868593750000098,12.868593750000098,nan,nan,nan,1.268678015173123,0.0,0.0,0.02853296057595941,102.23071557696025,0.0,0.0,184.4720733648359
A_short_window_prepare_i1,A,,short_window,prepare,1,B,16.88257807595097,16.88257807595097,9.88439631255857,6.908722068499874,0.01842156096333897,0.0,0.0,2.0,0.0,274.93038777612514,11.807275803902439,nan,11.807275803902439,nan,nan,11.56894045752857,0.0,0.0,5.313637618422401,92.04336206512738,0.0,0.0,182.88702571099776
A_short_window_prepare_i2,A,,short_window,prepare,2,M,17.09133479048542,17.09133479048542,31.337847404269056,11.892512543224,6.205255232610838,0.0,0.0,79.0,34.0,273.9336593614568,7.044876021369828,nan,nan,7.044876021369828,7.301175500512739,3.9915938426405644,11.232699276530795,0.0,1.8670416713140532,53.8152921037925,39.243871125291946,0.0,180.87449613237237
A_short_window_prepare_i2,A,,short_window,prepare,2,R,34.801173364037474,34.801173364037474,41.11879615465627,20.70737910534076,31.537686084422198,37.0,3.93777874997332,157.0,34.0,253.31986074581204,7.301175500512739,10.205156250000012,11.18242445830381,nan,7.301175500512739,9.586250000000003,12.3175,0.0,12.897423364037447,45.154218749999984,38.21796875000038,0.0,169.94767324581167
A_short_window_prepare_i2,A,,short_window,prepare,2,F,1.2972109757490844,1.2972109757490844,1.2654641879659725,4.565420960203316,1.1492918068214655,0.0,0.0,29.0,34.0,286.70278894179626,7.044876021369828,10.205156250000012,nan,7.044876021369828,nan,0.9375558000956037,0.3334963018764778,0.0,0.026158873777000807,53.94850414272673,50.07988779677905,0.0,182.67439700229048
A_short_window_prepare_i2,A,,short_window,prepare,2,B,30.59352895280022,30.59352895280022,11.330980375205948,8.917905518882694,0.014176111252910885,0.0,0.0,2.0,34.0,257.41057597460724,11.18242445830381,nan,11.18242445830381,nan,nan,3.324779303772651,11.59530816558004,0.0,15.673441483447546,51.49256220263561,38.81233511333221,0.0,167.10567865863942
B_ample_none_i0,B,,ample,none,0,M,0.19320978648709838,0.19320978648709838,5.646161087526441,5.478194183243632,1.4748013554800259,4.0,0.6127328618439557,35.0,0.0,301.196523333286,8.406829090500349,nan,nan,8.406829090500349,9.002575693357368,0.0,0.0,0.19320978648709838,0.0,27.33738613262142,62.33692774364104,211.52220945702354,0.0
B_ample_none_i0,B,,ample,none,0,R,0.0,0.0,0.11525627996041138,1.8156786416552355,0.057392637290504714,0.0,0.0,5.0,0.0,290.1581791169755,9.002575693357368,28.647187971151492,17.429295345602053,nan,9.002575693357368,0.0,0.0,0.0,0.0,22.708682831361045,54.45607029812058,212.99342598749385,0.0
B_ample_none_i0,B,,ample,none,0,F,0.0,0.0,0.10382143997435297,0.7862495690905905,0.025187499999999908,0.0,0.0,3.0,0.0,288.60536708812697,8.406829090500349,28.647187971151492,nan,8.406829090500349,nan,0.0,0.0,0.0,0.0,22.900526214448462,54.18971471278769,211.51512616089082,0.0
B_ample_none_i0,B,,ample,none,0,B,0.0,0.0,0.10253348261754623,0.6024569512162444,0.007721330492195478,0.0,0.0,2.0,0.0,294.9288837713734,17.429295345602053,nan,17.429295345602053,nan,nan,0.0,0.0,0.0,0.0,22.686828818062324,55.379266994247686,216.8627879590634,0.0
B_ample_none_i1,B,,ample,none,1,M,0.0,0.0,10.622827865947254,8.084180314603765,2.649489680803756,0.0,0.0,45.0,0.0,306.01241274135833,nan,nan,nan,nan,nan,0.0,0.0,0.0,0.0,99.24190880028215,0.0,0.0,206.77050394107619
B_ample_none_i1,B,,ample,none,1,R,0.00427264145982349,0.00427264145982349,0.21294022290313147,1.5217081099303142,0.030950976331883744,0.0,0.0,5.0,0.0,295.75475350643904,19.689827320359097,23.050613581687923,19.689827320359097,nan,nan,0.0029670785105723853,0.0,0.0,0.0013055629492511045,83.51860656655421,0.0,0.0,212.23614693988483
B_ample_none_i1,B,,ample,none,1,F,0.0,0.0,0.10382143997435297,0.7862495690905905,0.025187499999999908,0.0,0.0,3.0,0.0,288.60536708812697,23.050613581687923,23.050613581687923,nan,nan,nan,0.0,0.0,0.0,0.0,83.39420630953867,0.0,0.0,205.2111607785883
B_ample_none_i1,B,,ample,none,1,B,0.0,0.0,0.12828430039936842,0.8411221195505612,0.012090571663026777,0.0,0.0,2.0,0.0,298.26492618607995,19.689827320359097,nan,19.689827320359097,nan,nan,0.0,0.0,0.0,0.0,84.58223388787067,0.0,0.0,213.68269229820928
B_ample_none_i2,B,,ample,none,2,M,13.182627006708586,13.182627006708586,30.918964962120274,13.35849413736401,13.396573698878015,28.0,3.8456251078714834,83.0,26.0,288.53065625022634,7.577056313731316,nan,nan,7.577056313731316,8.71835460137643,0.0,0.6045514484954853,0.0,12.5780755582131,37.257306994605955,60.39603752431134,0.0,190.87731173130905
B_ample_none_i2,B,,ample,none,2,R,18.081325231971487,18.081325231971487,13.607142628777789,10.553907123624803,4.676034198851422,0.0,0.0,67.0,26.0,271.04642573849173,8.71835460137643,27.248118941057566,14.005757983869909,nan,8.71835460137643,0.312316708749284,0.0,0.0,17.7690085232222,30.41975655275604,54.71046975070402,0.0,185.91619943503167
B_ample_none_i2,B,,ample,none,2,F,0.0,0.0,0.10382143997435297,0.7862495690905905,0.025187499999999908,0.0,0.0,3.0,26.0,288.60536708812697,7.577056313731316,27.248118941057566,nan,7.577056313731316,nan,0.0,0.0,0.0,0.0,31.066798402829306,54.128336460232674,0.0,203.410232225065
B_ample_none_i2,B,,ample,none,2,B,12.168760520403126,12.168760520403126,4.539189444223628,4.506788506936453,0.0073672113606861635,0.0,0.0,2.0,26.0,277.81478954635855,14.005757983869909,nan,14.005757983869909,nan,nan,0.1820618899573571,0.0,0.0,11.986698630445769,30.475554182969304,55.27560328571957,0.0,192.06363207766967
B_ample_prepare_i0,B,,ample,prepare,0,M,3.849149620615498,3.849149620615498,12.032020081901694,9.611642342541758,4.493637915211408,10.0,1.2628968900474975,60.0,0.0,296.36865023777324,8.368073733032684,nan,nan,8.368073733032684,9.002575693357368,0.0,0.026659481700434286,3.822490138915064,0.0,27.33738613262142,61.342578039163556,207.68868606598826,0.0
B_ample_prepare_i0,B,,ample,prepare,0,R,3.419022497946063,3.419022497946063,0.8681028870257085,4.160458264733337,0.03660874999999893,0.0,0.0,3.0,0.0,285.35340056449604,9.002575693357368,29.703391392859654,16.57272076915434,nan,9.002575693357368,0.0,0.8472891787597177,2.571733319186345,0.0,22.708682831361045,53.301541982220414,209.34317575091458,0.0
B_ample_prepare_i0,B,,ample,prepare,0,F,1.1544896481720748,1.1544896481720748,1.4874506612792644,5.193971383454953,1.1736736003854564,0.0,0.0,32.0,0.0,287.2780981441186,8.368073733032684,29.703391392859654,nan,8.368073733032684,nan,0.0,1.058645102339929,0.09584454583214617,0.0,22.900526214448462,52.97137977890321,211.4061921507669,0.0
B_ample_prepare_i0,B,,ample,prepare,0,B,0.04992853636338826,0.04992853636338826,0.16071818921713057,1.2492688302167008,0.007721330492195478,0.0,0.0,2.0,0.0,290.9806797953417,16.57272076915434,nan,16.57272076915434,nan,nan,0.0,0.0,0.04992853636338826,0.0,22.686828818062324,55.06877493664197,213.22507604063742,0.0
B_ample_prepare_i1,B,,ample,prepare,1,M,0.0,0.0,10.510282129300823,8.168145031359852,2.648907141496211,0.0,0.0,45.0,0.0,304.2132535475743,nan,nan,nan,nan,nan,0.0,0.0,0.0,0.0,99.14129335319134,0.0,0.0,205.07196019438297
B_ample_prepare_i1,B,,ample,prepare,1,R,1.2039654329838023,1.2039654329838023,0.8593956481339126,2.9199792823034154,0.015524262392607775,0.0,0.0,3.0,0.0,293.86896106094594,19.367335055384682,23.60913708317265,19.367335055384682,nan,nan,1.0751556869786338,0.0,0.0,0.12880974600516878,83.12507784986016,0.0,0.0,210.74388321108577
B_ample_prepare_i1,B,,ample,prepare,1,F,1.1544896481720748,1.1544896481720748,1.4874506612792644,5.193971383454953,1.1736736003854564,0.0,0.0,32.0,0.0,287.2780981441186,23.60913708317265,23.60913708317265,nan,nan,nan,1.0867768130388247,0.0,0.0,0.06771283513325041,83.04437208150512,0.0,0.0,204.23372606261347
B_ample_prepare_i1,B,,ample,prepare,1,B,0.0,0.0,0.17334874040466985,1.171047295632658,0.012090571663026777,0.0,0.0,2.0,0.0,296.70162600556125,19.367335055384682,nan,19.367335055384682,nan,nan,0.0,0.0,0.0,0.0,85.0878776311029,0.0,0.0,211.61374837445837
B_ample_prepare_i2,B,,ample,prepare,2,M,16.140153059919342,16.140153059919342,34.790154485955455,13.348880059615253,15.302609999535482,32.0,4.217875289473179,81.0,30.0,284.78223668311466,7.1768546592275415,nan,nan,7.1768546592275415,8.589665869718527,0.0,1.0333299376414298,15.106823122277932,0.0,37.25571230431915,59.1611046867569,188.3654196920386,0.0
B_ample_prepare_i2,B,,ample,prepare,2,R,28.377524756131972,28.377524756131972,19.204638265103313,12.914595027244642,6.54469010212628,0.0,0.0,76.0,30.0,259.88263650260876,8.589665869718527,27.06300154552134,11.901265637245142,nan,8.589665869718527,0.312316708749284,0.6653302198984589,27.39987782748423,0.0,30.415443455022285,53.40768285223416,176.05951019535232,0.0
B_ample_prepare_i2,B,,ample,prepare,2,F,1.1544896481720748,1.1544896481720748,1.4874506612792644,5.193971383454953,1.1736736003854564,0.0,0.0,32.0,30.0,287.2780981441187,7.1768546592275415,27.06300154552134,nan,7.1768546592275415,nan,0.008169127461053981,1.081485631588193,0.06483488912282824,0.0,31.020216564323647,52.921338727523846,203.3365428522712,0.0
B_ample_prepare_i2,B,,ample,prepare,2,B,21.649806982765128,21.649806982765128,8.167494772925467,5.700031611887299,0.0073672113606861635,0.0,0.0,2.0,30.0,267.6463150848836,11.901265637245142,nan,11.901265637245142,nan,nan,0.1820618899573571,0.0,21.467745092807768,0.0,30.47549354239389,54.902369963901435,182.2684515785883,0.0
B_collaborative_none_i0,B,,collaborative,none,0,M,0.3367380427252379,0.3367380427252379,3.4925919604112976,5.722367781133114,1.0895771185428413,0.0,0.0,25.0,0.0,294.87396435324337,nan,nan,nan,nan,nan,0.04067295115336087,0.0,0.0,0.29606509157187716,94.46506508601894,0.0,0.0,200.40889926722443
B_collaborative_none_i0,B,,collaborative,none,0,R,0.7051438048761902,0.7051438048761902,0.5042260116546623,3.102112559573013,0.24411236498789093,0.0,0.0,8.0,0.0,291.5085128647921,17.671632369311407,17.691487135205715,17.671632369311407,nan,nan,0.7051438048761902,0.0,0.0,0.0,86.84135607436193,0.0,0.0,204.6671567904302
B_collaborative_none_i0,B,,collaborative,none,0,F,0.0,0.0,0.0,0.0,0.0,0.0,0.0,0.0,0.0,287.99999999999784,17.691487135205715,17.691487135205715,nan,nan,nan,0.0,0.0,0.0,0.0,87.30000000000055,0.0,0.0,200.6999999999973
B_collaborative_none_i0,B,,collaborative,none,0,B,0.0,0.0,0.05394868950292688,0.7109183885154586,0.006140323602705587,0.0,0.0,1.0,0.0,295.0368804954807,17.671632369311407,nan,17.671632369311407,nan,nan,0.0,0.0,0.0,0.0,88.36950012256787,0.0,0.0,206.66738037291285
B_collaborative_none_i1,B,,collaborative,none,1,M,0.0,0.0,2.3404527073831995,3.659451678996374,0.7258001967284131,0.0,0.0,16.0,0.0,297.9138253721755,nan,nan,nan,nan,nan,0.0,0.0,0.0,0.0,97.40027386428434,0.0,0.0,200.51355150789115
B_collaborative_none_i1,B,,collaborative,none,1,R,0.8744548342047704,0.8744548342047704,0.5042542696412882,2.6927837056450747,0.16794458784446742,0.0,0.0,8.0,0.0,291.41578903484753,17.682784926469434,17.784210965150304,17.682784926469434,nan,nan,0.8744548342047704,0.0,0.0,0.0,87.51797556465152,0.0,0.0,203.897813470196
B_collaborative_none_i1,B,,collaborative,none,1,F,0.0,0.0,0.0,0.0,0.0,0.0,0.0,0.0,0.0,287.99999999999784,17.784210965150304,17.784210965150304,nan,nan,nan,0.0,0.0,0.0,0.0,88.20000000000056,0.0,0.0,199.79999999999728
B_collaborative_none_i1,B,,collaborative,none,1,B,0.0,0.0,0.06272808843153906,0.7703047547835119,0.010617565247425402,0.0,0.0,2.0,0.0,294.9330041083781,17.682784926469434,nan,17.682784926469434,nan,nan,0.0,0.0,0.0,0.0,89.20594328017765,0.0,0.0,205.72706082820045
B_collaborative_none_i2,B,,collaborative,none,2,M,0.1725569924019087,0.1725569924019087,5.440245433465467,7.917118636545806,3.2646559820179966,0.0,0.0,56.0,0.0,293.3239083011149,nan,nan,nan,nan,nan,0.02810479792118486,0.0,0.0,0.14445219448072383,95.46552435448706,0.0,0.0,197.85838394662784
B_collaborative_none_i2,B,,collaborative,none,2,R,3.766866858399819,3.766866858399819,3.2375846185211063,6.6390114750289895,1.4865769855549262,0.0,0.0,39.0,0.0,288.35930287554316,17.780439218138792,17.84069712445473,17.780439218138792,nan,nan,3.766866858399819,0.0,0.0,0.0,86.3354049540605,0.0,0.0,202.02389792148267
B_collaborative_none_i2,B,,collaborative,none,2,F,0.0,0.0,0.0,0.0,0.0,0.0,0.0,0.0,0.0,287.9999999999979,17.84069712445473,17.84069712445473,nan,nan,nan,0.0,0.0,0.0,0.0,90.00000000000057,0.0,0.0,197.99999999999733
B_collaborative_none_i2,B,,collaborative,none,2,B,1.2610919077486638,1.2610919077486638,0.2725417874015682,1.5996711027953183,0.005713985776106778,0.0,0.0,1.0,0.0,292.2788636574044,17.780439218138792,nan,17.780439218138792,nan,nan,1.2610919077486638,0.0,0.0,0.0,88.79555640344344,0.0,0.0,203.48330725396093
B_collaborative_prepare_i0,B,,collaborative,prepare,0,M,1.2838678244333817,1.2838678244333817,4.329879526631199,6.31687927772028,1.144095752676523,0.0,0.0,26.0,0.0,293.17635417370394,nan,nan,nan,nan,nan,0.443524598907284,0.0,0.0,0.840343225526098,94.20131165262032,0.0,0.0,198.97504252108362
B_collaborative_prepare_i0,B,,collaborative,prepare,0,R,1.8397103526458283,1.8397103526458283,0.6696951708886321,4.1691652556115795,0.23957278333331958,0.0,0.0,7.0,0.0,289.8950557502127,17.45354334073114,18.007733191583565,17.45354334073114,nan,nan,1.8276367210688904,0.0,0.0,0.012073631576937948,86.37050783911417,0.0,0.0,203.52454791109852
B_collaborative_prepare_i0,B,,collaborative,prepare,0,F,1.2972109757490844,1.2972109757490844,1.2654641879659725,4.565420960203316,1.1492918068214655,0.0,0.0,29.0,0.0,286.70278894179626,18.007733191583565,18.007733191583565,nan,nan,nan,1.2375049224728207,0.0,0.0,0.05970605327626136,86.96122624144061,0.0,0.0,199.74156270035564
B_collaborative_prepare_i0,B,,collaborative,prepare,0,B,0.0,0.0,0.06459049010009982,0.9364196842049856,0.006140323602705587,0.0,0.0,1.0,0.0,293.64151240948155,17.45354334073114,nan,17.45354334073114,nan,nan,0.0,0.0,0.0,0.0,88.76335716186676,0.0,0.0,204.87815524761479
B_collaborative_prepare_i1,B,,collaborative,prepare,1,M,0.0,0.0,2.3152686539507323,4.004469589921987,0.7295927791618627,0.0,0.0,16.0,0.0,296.2328742370651,nan,nan,nan,nan,nan,0.0,0.0,0.0,0.0,97.12776167172677,0.0,0.0,199.10511256533835
B_collaborative_prepare_i1,B,,collaborative,prepare,1,R,2.116462283833633,2.116462283833633,1.0252448207087017,3.8860065680409694,0.16733840020305074,0.0,0.0,7.0,0.0,289.80805208180243,17.490567484048892,18.094736859993827,17.490567484048892,nan,nan,2.114959191631616,0.0,0.0,0.001503092202016454,87.0332522683857,0.0,0.0,202.77479981341673
B_collaborative_prepare_i1,B,,collaborative,prepare,1,F,1.2972109757490844,1.2972109757490844,1.2654641879659725,4.565420960203316,1.1492918068214655,0.0,0.0,29.0,0.0,286.70278894179626,18.094736859993827,18.094736859993827,nan,nan,nan,1.2400425946464064,0.0,0.0,0.05716838110267572,87.85874249480071,0.0,0.0,198.84404644699555
B_collaborative_prepare_i1,B,,collaborative,prepare,1,B,0.005648281516631925,0.005648281516631925,0.11696313743257433,1.2040199733474448,0.010617565247425402,0.0,0.0,2.0,0.0,293.51748459775354,17.490567484048892,nan,17.490567484048892,nan,nan,0.005648281516631925,0.0,0.0,0.0,89.55005832398356,0.0,0.0,203.96742627376997
B_collaborative_prepare_i2,B,,collaborative,prepare,2,M,1.228019633508455,1.228019633508455,5.8229510114049114,8.22186118832865,3.09840217443027,0.0,0.0,51.0,0.0,291.70544742386596,nan,nan,nan,nan,nan,0.5820906871053713,0.0,0.0,0.6459289464030824,95.23850269402814,0.0,0.0,196.46694472983782
B_collaborative_prepare_i2,B,,collaborative,prepare,2,R,5.051873736970091,5.051873736970091,2.5854504805674376,6.321751489275273,1.3732020460063448,0.0,0.0,35.0,0.0,286.7646065864047,17.553048240411567,18.13818235539146,17.553048240411567,nan,nan,5.046191071659117,0.0,0.0,0.005682665310973611,85.86759423454731,0.0,0.0,200.89701235185737
B_collaborative_prepare_i2,B,,collaborative,prepare,2,F,1.2972109757490844,1.2972109757490844,1.2654641879659725,4.565420960203316,1.1492918068214655,0.0,0.0,29.0,0.0,286.70278894179614,18.13818235539146,18.13818235539146,nan,nan,nan,1.2447989694618093,0.0,0.0,0.05241200628727293,89.65408719295016,0.0,0.0,197.04870174884599
B_collaborative_prepare_i2,B,,collaborative,prepare,2,B,1.7645553964202558,1.7645553964202558,0.24805925444247262,1.5364634634645997,0.005713985776106778,0.0,0.0,1.0,0.0,290.9115583459931,17.553048240411567,nan,17.553048240411567,nan,nan,1.7392420701204727,0.0,0.0,0.025313326299783338,89.16577519000978,0.0,0.0,201.74578315598333
B_short_window_none_i0,B,,short_window,none,0,M,10.918853577409617,10.918853577409617,18.18458655229507,10.67884020904748,4.235839852186652,0.0,0.0,60.0,13.0,280.10706076050855,7.072077649216976,nan,nan,7.353008113005939,7.072077649216976,2.9346094309877273,6.072082578937649,0.0,1.912161567484242,54.91005534389376,37.16960175456097,0.0,188.0274036620538
B_short_window_none_i0,B,,short_window,none,0,R,20.018189568003397,20.018189568003397,12.237938430095642,14.634884791137138,11.203982735910051,21.0,7.346490790065742,95.0,13.0,268.1781716140659,7.072077649216976,13.001562500000073,12.67051617053799,nan,7.072077649216976,6.006404923384436,7.338314782392206,0.0,6.673469862226732,49.00184183666441,35.88528886128684,0.0,183.29104091611464
B_short_window_none_i0,B,,short_window,none,0,F,0.0,0.0,0.0,0.0,0.0,0.0,0.0,0.0,13.0,287.99999999999795,7.353008113005939,13.001562500000073,nan,7.353008113005939,nan,0.0,0.0,0.0,0.0,54.90000000000035,43.20000000000027,0.0,189.89999999999733
B_short_window_none_i0,B,,short_window,none,0,B,15.080498640053182,15.080498640053182,3.2260225610936173,4.834051801056934,0.014562844756416931,0.0,0.0,2.0,13.0,273.0552622112792,12.67051617053799,nan,12.67051617053799,nan,nan,1.6156074579825197,5.210402197558338,0.0,8.254488984512335,53.37359376841134,37.97981392397428,0.0,181.7018545188936
B_short_window_none_i1,B,,short_window,none,1,M,4.345983045594384,4.345983045594384,6.8534256734594035,7.710759662058741,1.5330187472755263,0.0,0.0,46.0,0.0,285.55100369351237,nan,nan,nan,nan,nan,4.345983045594384,0.0,0.0,0.0,95.66318298514105,0.0,0.0,189.88782070837132
B_short_window_none_i1,B,,short_window,none,1,R,10.317093453023817,10.317093453023817,17.09556492323967,11.525697901628364,4.422750864990463,0.0,0.0,61.0,0.0,282.37926804238697,12.868593750000098,12.868593750000098,13.946848867061785,nan,nan,10.317093453023817,0.0,0.0,0.0,89.01820459357381,0.0,0.0,193.36106344881316
B_short_window_none_i1,B,,short_window,none,1,F,0.0,0.0,0.0,0.0,0.0,0.0,0.0,0.0,0.0,287.99999999999795,12.868593750000098,12.868593750000098,nan,nan,nan,0.0,0.0,0.0,0.0,99.00000000000063,0.0,0.0,188.99999999999733
B_short_window_none_i1,B,,short_window,none,1,B,7.649776138688911,7.649776138688911,4.097486149060548,4.91965251935849,0.01842156096333897,0.0,0.0,2.0,0.0,284.0502723662294,13.946848867061785,nan,13.946848867061785,nan,nan,6.205302525346991,0.0,0.0,1.444473613341916,92.94510088459421,0.0,0.0,191.1051714816352
B_short_window_none_i2,B,,short_window,none,2,M,11.390622406612877,11.390622406612877,24.083460866851738,12.536784962130408,5.887648441503461,0.0,0.0,83.0,0.0,279.63618311179965,nan,nan,nan,nan,nan,10.750392391832293,0.0,0.0,0.6402300147805822,93.05494911255639,0.0,0.0,186.58123399924327
B_short_window_none_i2,B,,short_window,none,2,R,13.264369388099425,13.264369388099425,17.1382085039071,10.776001380179672,4.000979933417057,0.0,0.0,54.0,0.0,279.14456727906236,10.205156250000012,10.205156250000012,13.436851036672518,nan,nan,13.264369388099425,0.0,0.0,0.0,87.53823839578095,0.0,0.0,191.6063288832814
B_short_window_none_i2,B,,short_window,none,2,F,0.0,0.0,0.0,0.0,0.0,0.0,0.0,0.0,0.0,287.999999999998,10.205156250000012,10.205156250000012,nan,nan,nan,0.0,0.0,0.0,0.0,100.80000000000064,0.0,0.0,187.19999999999737
B_short_window_none_i2,B,,short_window,none,2,B,10.724187033684876,10.724187033684876,4.581512962254397,4.873112538262155,0.014176111252910885,0.0,0.0,2.0,0.0,280.7152567780357,13.436851036672518,nan,13.436851036672518,nan,nan,8.533017843937614,0.0,0.0,2.1911691897472654,92.23418826145414,0.0,0.0,188.4810685165816
B_short_window_prepare_i0,B,,short_window,prepare,0,M,11.93061456297758,11.93061456297758,21.782297576674853,10.927845072100332,4.510521778211159,0.0,0.0,64.0,36.0,279.0951746025396,6.724010333588024,nan,nan,7.169509314117545,6.724010333588024,3.74789999551024,6.642401989698087,0.0,1.5403125777692537,56.78245657481054,35.720374318618155,0.0,186.5923437091109
B_short_window_prepare_i0,B,,short_window,prepare,0,R,26.88000713435339,26.88000713435339,21.77115126225113,17.828990214965213,11.317783776920992,39.0,11.881425873050821,122.0,36.0,261.78958298999964,6.724010333588024,13.001562500000073,11.590153824008109,nan,6.724010333588024,7.1408012101985125,5.973578803947692,0.0,13.76562712020718,50.54988607921594,36.39264640106644,0.0,174.84705050971726
B_short_window_prepare_i0,B,,short_window,prepare,0,F,1.2972109757490844,1.2972109757490844,1.2654641879659725,4.565420960203316,1.1492918068214655,0.0,0.0,29.0,36.0,286.70278894179614,7.169509314117545,13.001562500000073,nan,7.169509314117545,nan,1.0121464745392337,0.2511175228329673,0.0,0.03394697837688128,56.57831102011505,42.057703526767824,0.0,188.06677439491327
B_short_window_prepare_i0,B,,short_window,prepare,0,B,21.91641016066055,21.91641016066055,5.7791245292839655,7.710219025579203,0.014562844756416931,0.0,0.0,2.0,36.0,266.25144033198734,11.590153824008109,nan,11.590153824008109,nan,nan,2.106009229694984,5.621376108560755,0.0,14.189024822404836,55.571397395018636,36.69359848936722,0.0,173.98644444760149
B_short_window_prepare_i1,B,,short_window,prepare,1,M,6.254964624872933,6.254964624872933,8.108062998629,7.380333417859498,1.7947017058184762,0.0,0.0,48.0,0.0,282.99810844105554,nan,nan,nan,nan,nan,6.254964624872933,0.0,0.0,0.0,95.43216166686696,0.0,0.0,187.56594677418857
B_short_window_prepare_i1,B,,short_window,prepare,1,R,13.114362034057512,13.114362034057512,22.169051170037598,11.528805277317945,6.745323636593875,0.0,0.0,68.0,0.0,280.45022763339625,12.868593750000098,12.868593750000098,12.987407764255448,nan,nan,13.114362034057512,0.0,0.0,0.0,88.02026788529705,0.0,0.0,192.4299597480992
B_short_window_prepare_i1,B,,short_window,prepare,1,F,1.2972109757490844,1.2972109757490844,1.2654641879659725,4.565420960203316,1.1492918068214655,0.0,0.0,29.0,0.0,286.70278894179614,12.868593750000098,12.868593750000098,nan,nan,nan,1.264706908862563,0.0,0.0,0.03250406688651921,99.5346022972617,0.0,0.0,187.16818664453444
B_short_window_prepare_i1,B,,short_window,prepare,1,B,10.98439453905655,10.98439453905655,5.996721921172331,5.6444639285171085,0.01842156096333897,0.0,0.0,2.0,0.0,280.8067791846527,12.987407764255448,nan,12.987407764255448,nan,nan,8.18955720338644,0.0,0.0,2.7948373356701093,92.74484164991287,0.0,0.0,188.06193753473985
B_short_window_prepare_i2,B,,short_window,prepare,2,M,16.076276006066724,16.076276006066724,25.102033123236353,13.25971490297137,5.776333630558755,0.0,0.0,76.0,26.0,274.9503974787784,6.480160464788821,nan,nan,6.988705724048441,6.480160464788821,4.040583994361645,9.371126167877684,0.0,2.664565843827368,57.37664804345914,35.68464397093592,0.0,181.88910546438336
B_short_window_prepare_i2,B,,short_window,prepare,2,R,33.09985808754597,33.09985808754597,17.409401241331853,15.467599149808139,14.52044034852846,31.0,13.415104016969318,104.0,26.0,255.3866002958639,6.480160464788821,10.205156250000012,10.800163450831416,nan,6.480160464788821,9.024595307762088,9.830077047724496,0.0,14.245185732059394,49.34866680748651,35.19883479263076,0.0,170.83909869574663
B_short_window_prepare_i2,B,,short_window,prepare,2,F,1.2972109757490844,1.2972109757490844,1.2654641879659725,4.565420960203316,1.1492918068214655,0.0,0.0,29.0,26.0,286.70278894179626,6.988705724048441,10.205156250000012,nan,6.988705724048441,nan,1.031231485231193,0.23744652994192966,0.0,0.02853296057595941,57.4604724293732,44.77024314758705,0.0,184.472073364836
B_short_window_prepare_i2,B,,short_window,prepare,2,B,27.70102413788856,27.70102413788856,6.068996981057473,6.83499793640603,0.014176111252910885,0.0,0.0,2.0,26.0,260.34155288744006,10.800163450831416,nan,10.800163450831416,nan,nan,3.1968160337916047,7.962038619510224,0.0,16.542169484586736,55.237083181240834,37.03630533430662,0.0,168.0681643718926
C_ample_none_i0,C,,ample,none,0,M,0.046097010087613716,0.046097010087613716,5.367114652668776,5.279260452527146,1.3022071416214158,4.0,0.7217295573810399,35.0,0.0,301.3717476213623,8.379654932471919,nan,nan,8.379654932471919,9.00226536909258,0.0,0.0,0.046097010087613716,0.0,27.3371283709359,62.32197989456601,211.7126393558604,0.0
C_ample_none_i0,C,,ample,none,0,R,0.0,0.0,0.11942203248010483,1.7468357198335858,0.05732562423056343,0.0,0.0,5.0,0.0,290.3135450049197,9.00226536909258,28.49182208320725,17.46638446335835,nan,9.00226536909258,0.0,0.0,0.0,0.0,22.708682831361045,54.45607029812058,213.1487918754381,0.0
C_ample_none_i0,C,,ample,none,0,F,0.0,0.0,0.10382143997435297,0.7862495690905905,0.025187499999999908,0.0,0.0,3.0,0.0,288.60536708812697,8.379654932471919,28.49182208320725,nan,8.379654932471919,nan,0.0,0.0,0.0,0.0,22.900526214448462,54.18971471278769,211.51512616089082,0.0
C_ample_none_i0,C,,ample,none,0,B,0.0,0.0,0.10317495137528493,0.6126594535516858,0.007721330492195478,0.0,0.0,2.0,0.0,295.04716054156137,17.46638446335835,nan,17.46638446335835,nan,nan,0.0,0.0,0.0,0.0,22.686828818062324,55.379266994247686,216.98106472925136,0.0
C_ample_none_i1,C,,ample,none,1,M,0.0,0.0,9.416259963051676,7.6760197504358745,2.2426295369499676,0.0,0.0,41.0,0.0,305.6994325372978,nan,nan,nan,nan,nan,0.0,0.0,0.0,0.0,99.83562701327534,0.0,0.0,205.86380552402247
C_ample_none_i1,C,,ample,none,1,R,0.005241281791098373,0.005241281791098373,0.21345582226105966,1.5250108904324648,0.030761232633849733,0.0,0.0,5.0,0.0,295.71996717863715,19.683684504797053,23.08539990948982,19.683684504797053,nan,nan,0.0037369591371133382,0.0,0.0,0.0015043226539850352,84.41779962919648,0.0,0.0,211.30216754944067
C_ample_none_i1,C,,ample,none,1,F,0.0,0.0,0.10382143997435297,0.7862495690905905,0.025187499999999908,0.0,0.0,3.0,0.0,288.60536708812697,23.08539990948982,23.08539990948982,nan,nan,nan,0.0,0.0,0.0,0.0,84.29468066638327,0.0,0.0,204.3106864217437
C_ample_none_i1,C,,ample,none,1,B,0.0,0.0,0.12834710807237365,0.8425211646664652,0.012090571663026777,0.0,0.0,2.0,0.0,298.2362826738401,19.683684504797053,nan,19.683684504797053,nan,nan,0.0,0.0,0.0,0.0,85.50734804907025,0.0,0.0,212.72893462476986
C_ample_none_i2,C,,ample,none,2,M,12.574607261956787,12.574607261956787,29.870029362915393,13.328114429036356,12.85211053880012,27.0,3.695497643237203,83.0,24.0,289.05172744474515,7.662693835113271,nan,nan,7.662693835113271,8.711886457931381,0.0,0.6287715553587901,0.0,11.945835706597995,37.25145704878251,60.290339377629195,0.0,191.50993101833345
C_ample_none_i2,C,,ample,none,2,R,16.951950754023223,16.951950754023223,12.812492822600841,10.28594307579253,4.584122260426732,0.0,0.0,65.0,24.0,272.18697780963913,8.711886457931381,27.248118941057566,14.257469441924354,nan,8.711886457931381,0.312316708749284,0.0,0.0,16.639634045273937,30.41975655275604,54.71046975070402,0.0,187.05675150617907
C_ample_none_i2,C,,ample,none,2,F,0.0,0.0,0.10382143997435297,0.7862495690905905,0.025187499999999908,0.0,0.0,3.0,24.0,288.60536708812697,7.662693835113271,27.248118941057566,nan,7.662693835113271,nan,0.0,0.0,0.0,0.0,31.066798402829306,54.128336460232674,0.0,203.410232225065
C_ample_none_i2,C,,ample,none,2,B,11.121099808421318,11.121099808421318,4.119055889965425,4.355271249125314,0.0073672113606861635,0.0,0.0,2.0,24.0,278.8784993220139,14.257469441924354,nan,14.257469441924354,nan,nan,0.1820618899573571,0.0,0.0,10.939037918463962,30.475554182969304,55.27560328571957,0.0,193.12734185332502
C_ample_prepare_i0,C,,ample,prepare,0,M,3.8420863503449003,3.8420863503449003,12.009326570311845,9.601859278734203,4.484405216628528,10.0,1.2640668282159553,60.0,0.0,296.36868171797545,8.375120657212886,nan,nan,8.375120657212886,9.00226536909258,0.0,0.026730031126035315,3.815356319218865,0.0,27.3371283709359,61.335728415767036,207.6958249312725,0.0
C_ample_prepare_i0,C,,ample,prepare,0,R,3.4156339170783756,3.4156339170783756,0.8670786683494184,4.158436798707351,0.03660874999999893,0.0,0.0,3.0,0.0,285.35595951432646,9.00226536909258,29.703391392859654,16.572766031455227,nan,9.00226536909258,0.0,0.8472891787597177,2.5683447383186575,0.0,22.708682831361045,53.301541982220414,209.345734700745,0.0
C_ample_prepare_i0,C,,ample,prepare,0,F,1.1544896481720748,1.1544896481720748,1.4874506612792644,5.193971383454953,1.1736736003854564,0.0,0.0,32.0,0.0,287.2780981441186,8.375120657212886,29.703391392859654,nan,8.375120657212886,nan,0.0,1.058645102339929,0.09584454583214617,0.0,22.900526214448462,52.97137977890321,211.4061921507669,0.0
C_ample_prepare_i0,C,,ample,prepare,0,B,0.048849809453846406,0.048849809453846406,0.16051290920834538,1.2483544845631833,0.007721330492195478,0.0,0.0,2.0,0.0,290.98319348287123,16.572766031455227,nan,16.572766031455227,nan,nan,0.0,0.0,0.048849809453846406,0.0,22.686828818062324,55.06877493664197,213.22758972816695,0.0
C_ample_prepare_i1,C,,ample,prepare,1,M,0.0,0.0,9.211818244922297,7.795366579318841,2.1932538110590616,0.0,0.0,40.0,0.0,303.8833994329392,nan,nan,nan,nan,nan,0.0,0.0,0.0,0.0,99.69265991799807,0.0,0.0,204.19073951494113
C_ample_prepare_i1,C,,ample,prepare,1,R,1.2116259669342453,1.2116259669342453,0.8571234821439309,2.9198985858287942,0.015522720089084067,0.0,0.0,3.0,0.0,293.8471654643689,19.363726379612967,23.630932679749673,19.363726379612967,nan,nan,1.0906848031457304,0.0,0.0,0.1209411637885147,84.00982062477439,0.0,0.0,209.83734483959452
C_ample_prepare_i1,C,,ample,prepare,1,F,1.1544896481720748,1.1544896481720748,1.4874506612792644,5.193971383454953,1.1736736003854564,0.0,0.0,32.0,0.0,287.2780981441186,23.630932679749673,23.630932679749673,nan,nan,nan,1.089654759049247,0.0,0.0,0.06483488912282824,83.94155529184744,0.0,0.0,203.33654285227115
C_ample_prepare_i1,C,,ample,prepare,1,B,0.0,0.0,0.1733236884135047,1.1708866264630766,0.012090571663026777,0.0,0.0,2.0,0.0,296.68343908475595,19.363726379612967,nan,19.363726379612967,nan,nan,0.0,0.0,0.0,0.0,85.99981342271833,0.0,0.0,210.68362566203763
C_ample_prepare_i2,C,,ample,prepare,2,M,15.356878213476328,15.356878213476328,33.60235603767996,13.32503875457705,14.618293761478148,31.0,4.033523150159364,80.0,29.0,285.5111367311117,7.232102687836556,nan,nan,7.232102687836556,8.715992850821603,0.0,1.0487588533275978,14.30811936014873,0.0,37.24987552837793,59.09737584013281,189.16388536260098,0.0
C_ample_prepare_i2,C,,ample,prepare,2,R,25.657592954766233,25.657592954766233,17.47297166208576,12.67300551125478,6.228541483977453,0.0,0.0,74.0,29.0,262.6739621140569,8.715992850821603,27.06300154552134,12.347180939684943,nan,8.715992850821603,0.312316708749284,0.6653302198984589,24.67994602611849,0.0,30.415443455022285,53.40768285223416,178.85083580680046,0.0
C_ample_prepare_i2,C,,ample,prepare,2,F,1.1544896481720748,1.1544896481720748,1.4874506612792644,5.193971383454953,1.1736736003854564,0.0,0.0,32.0,29.0,287.2780981441187,7.232102687836556,27.06300154552134,nan,7.232102687836556,nan,0.008169127461053981,1.081485631588193,0.06483488912282824,0.0,31.020216564323647,52.921338727523846,203.3365428522712,0.0
C_ample_prepare_i2,C,,ample,prepare,2,B,19.134471436612916,19.134471436612916,7.033259399466147,5.406252982733849,0.0073672113606861635,0.0,0.0,2.0,29.0,270.16531332683877,12.347180939684943,nan,12.347180939684943,nan,nan,0.1820618899573571,0.0,18.952409546655556,0.0,30.47549354239389,54.902369963901435,184.78744982054343,0.0
C_collaborative_none_i0,C,,collaborative,none,0,M,0.3394300684465664,0.3394300684465664,3.490411168079779,5.721788369376943,1.086789707966536,0.0,0.0,25.0,0.0,294.8780369238816,nan,nan,nan,nan,nan,0.04120150989400102,0.0,0.0,0.2982285585525655,94.47126441135023,0.0,0.0,200.40677251253138
C_collaborative_none_i0,C,,collaborative,none,0,R,0.7061658892133144,0.7061658892133144,0.5041079377344703,3.1005904177662176,0.24410162303353222,0.0,0.0,8.0,0.0,291.5083916744789,17.6716912274136,17.69160832551894,17.6716912274136,nan,nan,0.7061658892133144,0.0,0.0,0.0,86.84037298324324,0.0,0.0,204.66801869123566
C_collaborative_none_i0,C,,collaborative,none,0,F,0.0,0.0,0.0,0.0,0.0,0.0,0.0,0.0,0.0,287.99999999999784,17.69160832551894,17.69160832551894,nan,nan,nan,0.0,0.0,0.0,0.0,87.30000000000055,0.0,0.0,200.6999999999973
C_collaborative_none_i0,C,,collaborative,none,0,B,0.0,0.0,0.05395362115559152,0.7106823415296896,0.006140323602705587,0.0,0.0,1.0,0.0,295.0367004470653,17.6716912274136,nan,17.6716912274136,nan,nan,0.0,0.0,0.0,0.0,88.36886982032937,0.0,0.0,206.66783062673593
C_collaborative_none_i1,C,,collaborative,none,1,M,0.0,0.0,2.2259842137427737,3.59433428528952,0.6620055100312078,0.0,0.0,14.0,0.0,297.91320655979905,nan,nan,nan,nan,nan,0.0,0.0,0.0,0.0,97.36832715097324,0.0,0.0,200.5448794088258
C_collaborative_none_i1,C,,collaborative,none,1,R,0.8666238344187848,0.8666238344187848,0.49642251074960797,2.6612528464730896,0.16778702086935524,0.0,0.0,8.0,0.0,291.4123607544488,17.681910255922116,17.78763924554904,17.681910255922116,nan,nan,0.8666238344187848,0.0,0.0,0.0,87.518500504011,0.0,0.0,203.8938602504378
C_collaborative_none_i1,C,,collaborative,none,1,F,0.0,0.0,0.0,0.0,0.0,0.0,0.0,0.0,0.0,287.99999999999784,17.78763924554904,17.78763924554904,nan,nan,nan,0.0,0.0,0.0,0.0,88.20000000000056,0.0,0.0,199.79999999999728
C_collaborative_none_i1,C,,collaborative,none,1,B,0.0,0.0,0.062223602623128864,0.7637218948820713,0.010617565247425402,0.0,0.0,2.0,0.0,294.9304504985267,17.681910255922116,nan,17.681910255922116,nan,nan,0.0,0.0,0.0,0.0,89.20963627317752,0.0,0.0,205.72081422534916
C_collaborative_none_i2,C,,collaborative,none,2,M,0.18046351172900807,0.18046351172900807,5.410344107735991,7.896099120242155,3.228636785114124,0.0,0.0,55.0,0.0,293.33457119522694,nan,nan,nan,nan,nan,0.030126395144813325,0.0,0.0,0.15033711658419474,95.48195991565336,0.0,0.0,197.85261127957358
C_collaborative_none_i2,C,,collaborative,none,2,R,3.7744241778160657,3.7744241778160657,3.220969967238182,6.608696802458047,1.480274949673447,0.0,0.0,38.0,0.0,288.3576871895162,17.780663376810832,17.84231281048171,17.780663376810832,nan,nan,3.7744241778160657,0.0,0.0,0.0,86.32868150881077,0.0,0.0,202.0290056807054
C_collaborative_none_i2,C,,collaborative,none,2,F,0.0,0.0,0.0,0.0,0.0,0.0,0.0,0.0,0.0,287.9999999999979,17.84231281048171,17.84231281048171,nan,nan,nan,0.0,0.0,0.0,0.0,90.00000000000057,0.0,0.0,197.99999999999733
C_collaborative_none_i2,C,,collaborative,none,2,B,1.2632545793950511,1.2632545793950511,0.2721629019303661,1.5980797889558043,0.005713985776106778,0.0,0.0,1.0,0.0,292.27702381270535,17.780663376810832,nan,17.780663376810832,nan,nan,1.2632545793950511,0.0,0.0,0.0,88.79259644506544,0.0,0.0,203.4844273676399
C_collaborative_prepare_i0,C,,collaborative,prepare,0,M,1.287047051771353,1.287047051771353,4.331114775923519,6.330594046755769,1.143762947604274,0.0,0.0,26.0,0.0,293.1833195983345,nan,nan,nan,nan,nan,0.4440351233767875,0.0,0.0,0.843011928394566,94.21090621951299,0.0,0.0,198.9724133788215
C_collaborative_prepare_i0,C,,collaborative,prepare,0,R,1.8406987753401969,1.8406987753401969,0.6699358048336185,4.168429063368509,0.23957369282841326,0.0,0.0,7.0,0.0,289.89492297139526,17.453637118872688,18.007865970400996,17.453637118872688,nan,nan,1.8287418184089805,0.0,0.0,0.011956956931216036,86.36941295843485,0.0,0.0,203.5255100129604
C_collaborative_prepare_i0,C,,collaborative,prepare,0,F,1.2972109757490844,1.2972109757490844,1.2654641879659725,4.565420960203316,1.1492918068214655,0.0,0.0,29.0,0.0,286.70278894179626,18.007865970400996,18.007865970400996,nan,nan,nan,1.2375049224728207,0.0,0.0,0.05970605327626136,86.96122624144061,0.0,0.0,199.74156270035564
C_collaborative_prepare_i0,C,,collaborative,prepare,0,B,0.0,0.0,0.06464267883550404,0.936458207997223,0.006140323602705587,0.0,0.0,1.0,0.0,293.64128585252257,17.453637118872688,nan,17.453637118872688,nan,nan,0.0,0.0,0.0,0.0,88.76260068258838,0.0,0.0,204.8786851699342
C_collaborative_prepare_i1,C,,collaborative,prepare,1,M,0.0,0.0,2.1002196728318663,3.8553260937115814,0.634060082803948,0.0,0.0,15.0,0.0,296.1398900072547,nan,nan,nan,nan,nan,0.0,0.0,0.0,0.0,97.00591964366652,0.0,0.0,199.13397036358816
C_collaborative_prepare_i1,C,,collaborative,prepare,1,R,2.106607622480445,2.106607622480445,1.012698468370838,3.878384108304025,0.1672629235112826,0.0,0.0,7.0,0.0,289.8091120573468,17.489274320590834,18.09367688444946,17.489274320590834,nan,nan,2.1047136596675813,0.0,0.0,0.00189396281286367,87.04339909409802,0.0,0.0,202.76571296324877
C_collaborative_prepare_i1,C,,collaborative,prepare,1,F,1.2972109757490844,1.2972109757490844,1.2654641879659725,4.565420960203316,1.1492918068214655,0.0,0.0,29.0,0.0,286.70278894179626,18.09367688444946,18.09367688444946,nan,nan,nan,1.2400425946464064,0.0,0.0,0.05716838110267572,87.85874249480071,0.0,0.0,198.84404644699555
C_collaborative_prepare_i1,C,,collaborative,prepare,1,B,0.003831600238417288,0.003831600238417288,0.11571533552325021,1.1987929370713406,0.010617565247425402,0.0,0.0,2.0,0.0,293.51983773675596,17.489274320590834,nan,17.489274320590834,nan,nan,0.003831600238417288,0.0,0.0,0.0,89.55764461972842,0.0,0.0,203.96219311702754
C_collaborative_prepare_i2,C,,collaborative,prepare,2,M,1.2364682450804303,1.2364682450804303,5.800432989940379,8.2192035306877,3.0760838840831606,0.0,0.0,50.0,0.0,291.7131717622464,nan,nan,nan,nan,nan,0.5854527607467255,0.0,0.0,0.651015484333706,95.2512205132713,0.0,0.0,196.4619512489751
C_collaborative_prepare_i2,C,,collaborative,prepare,2,R,5.057337061139496,5.057337061139496,2.5831534146181863,6.340403122932978,1.369140711621229,0.0,0.0,34.0,0.0,286.76339594095646,17.55388071834245,18.139393000839686,17.55388071834245,nan,nan,5.051991080014149,0.0,0.0,0.005345981125346277,85.86183754678532,0.0,0.0,200.90155839417113
C_collaborative_prepare_i2,C,,collaborative,prepare,2,F,1.2972109757490844,1.2972109757490844,1.2654641879659725,4.565420960203316,1.1492918068214655,0.0,0.0,29.0,0.0,286.70278894179614,18.139393000839686,18.139393000839686,nan,nan,nan,1.2447989694618093,0.0,0.0,0.05241200628727293,89.65408719295016,0.0,0.0,197.04870174884599
C_collaborative_prepare_i2,C,,collaborative,prepare,2,B,1.7683597134650908,1.7683597134650908,0.24863056182101015,1.5376654163262637,0.005713985776106778,0.0,0.0,1.0,0.0,290.909515222614,17.55388071834245,nan,17.55388071834245,nan,nan,1.742735953173771,0.0,0.0,0.025623760291320078,89.16226099093967,0.0,0.0,201.74725423167433
C_short_window_none_i0,C,,short_window,none,0,M,8.740532182093371,8.740532182093371,19.428076049126947,10.50851474783415,4.3800371949601935,0.0,0.0,64.0,0.0,282.2855598210316,nan,nan,nan,nan,nan,8.117508791880029,0.0,0.0,0.6230233902133414,92.0930010468089,0.0,0.0,190.1925587742227
C_short_window_none_i0,C,,short_window,none,0,R,9.24680354043112,9.24680354043112,12.034426810529308,9.95020484639325,3.1613344608007115,0.0,0.0,50.0,0.0,282.5816376885253,13.001562500000073,13.001562500000073,14.475970350068788,nan,nan,9.15686451300345,0.0,0.0,0.08993902742767101,88.23583833669204,0.0,0.0,194.34579935183325
C_short_window_none_i0,C,,short_window,none,0,F,0.0,0.0,0.0,0.0,0.0,0.0,0.0,0.0,0.0,287.99999999999795,13.001562500000073,13.001562500000073,nan,nan,nan,0.0,0.0,0.0,0.0,97.20000000000061,0.0,0.0,190.79999999999734
C_short_window_none_i0,C,,short_window,none,0,B,6.287696292227477,6.287696292227477,2.7895946951265698,4.114308949747717,0.014562844756416931,0.0,0.0,2.0,0.0,284.96002328537503,14.475970350068788,nan,14.475970350068788,nan,nan,5.108265865263534,0.0,0.0,1.1794304269639413,92.20419831173393,0.0,0.0,192.7558249736411
C_short_window_none_i1,C,,short_window,none,1,M,4.292987155462903,4.292987155462903,7.11728692032541,8.074070737709196,1.3887041731162364,0.0,0.0,45.0,0.0,285.74322961573785,nan,nan,nan,nan,nan,4.292987155462903,0.0,0.0,0.0,95.76543901016313,0.0,0.0,189.9777906055747
C_short_window_none_i1,C,,short_window,none,1,R,9.468939794851698,9.468939794851698,13.277612807919008,10.323481089762003,3.267767300864601,0.0,0.0,56.0,0.0,282.53100102151757,12.868593750000098,12.868593750000098,14.42305289378842,nan,nan,9.403828996690054,0.0,0.0,0.06511079816164714,89.92354480341581,0.0,0.0,192.60745621810176
C_short_window_none_i1,C,,short_window,none,1,F,0.0,0.0,0.0,0.0,0.0,0.0,0.0,0.0,0.0,287.99999999999795,12.868593750000098,12.868593750000098,nan,nan,nan,0.0,0.0,0.0,0.0,99.00000000000063,0.0,0.0,188.99999999999733
C_short_window_none_i1,C,,short_window,none,1,B,6.493848000474883,6.493848000474883,3.0333833932324263,4.317462520548076,0.01842156096333897,0.0,0.0,2.0,0.0,284.8141724457574,14.42305289378842,nan,14.42305289378842,nan,nan,5.291849918724093,0.0,0.0,1.2019980817507903,93.86381346948991,0.0,0.0,190.95035897626747
C_short_window_none_i2,C,,short_window,none,2,M,10.750715349319876,10.750715349319876,22.245822625904196,12.335702005453417,5.214605502612918,0.0,0.0,75.0,0.0,280.27669257196305,nan,nan,nan,nan,nan,10.087311175062704,0.0,0.0,0.663404174257183,93.72030744640156,0.0,0.0,186.5563851255615
C_short_window_none_i2,C,,short_window,none,2,R,11.919073736261439,11.919073736261439,10.626630129765784,9.335875058965545,2.1445146428211546,0.0,0.0,41.0,0.0,279.38266867477324,10.205156250000012,10.205156250000012,14.227368875665302,nan,nan,11.61940651727711,0.0,0.0,0.2996672189843252,89.17114260662359,0.0,0.0,190.21152606814965
C_short_window_none_i2,C,,short_window,none,2,F,0.0,0.0,0.0,0.0,0.0,0.0,0.0,0.0,0.0,287.999999999998,10.205156250000012,10.205156250000012,nan,nan,nan,0.0,0.0,0.0,0.0,100.80000000000064,0.0,0.0,187.19999999999737
C_short_window_none_i2,C,,short_window,none,2,B,8.565177564982644,8.565177564982644,2.7351309653031612,3.8660373348623738,0.014176111252910885,0.0,0.0,2.0,0.0,282.2042763662517,14.227368875665302,nan,14.227368875665302,nan,nan,6.85776389441102,0.0,0.0,1.7074136705716185,93.91852409943172,0.0,0.0,188.28575226681997
C_short_window_prepare_i0,C,,short_window,prepare,0,M,13.335496560402488,13.335496560402488,20.627754217041844,10.8770170436425,4.354526802547441,0.0,0.0,62.0,3.0,277.69046781932457,6.888512455656195,nan,nan,7.282659976411947,6.888512455656195,3.878753951711783,7.144901541770479,0.0,2.31184106692023,57.552403404919744,35.201678630056335,0.0,184.9363857843485
C_short_window_prepare_i0,C,,short_window,prepare,0,R,21.933415350999557,21.933415350999557,14.096755657253313,15.34961276585142,13.257435752107583,17.0,6.035245893760823,107.0,3.0,266.2617808163596,6.888512455656195,13.001562500000073,11.96079089652731,nan,6.888512455656195,6.82546618170575,8.715705668164276,0.0,6.39224350112951,51.77818713793185,33.61115153472737,0.0,180.87244214370037
C_short_window_prepare_i0,C,,short_window,prepare,0,F,1.2972109757490844,1.2972109757490844,1.2654641879659725,4.565420960203316,1.1492918068214655,0.0,0.0,29.0,3.0,286.70278894179614,7.282659976411947,13.001562500000073,nan,7.282659976411947,nan,1.031231485231193,0.23347542363136992,0.0,0.03250406688651921,57.4604724293732,42.0741298678885,0.0,187.16818664453444
C_short_window_prepare_i0,C,,short_window,prepare,0,B,17.09067966635256,17.09067966635256,4.313585064952364,5.259422734834736,0.014562844756416931,0.0,0.0,2.0,3.0,271.0444160531664,11.96079089652731,nan,11.96079089652731,nan,nan,2.005565546636833,6.236616253757702,0.0,8.848497865958057,56.577854350131815,36.04548572241151,0.0,178.42107598062307
C_short_window_prepare_i1,C,,short_window,prepare,1,M,5.985320708544475,5.985320708544475,8.586637815680401,7.917798139727692,1.7380478705906541,0.0,0.0,48.0,0.0,283.55406598333286,nan,nan,nan,nan,nan,5.985320708544475,0.0,0.0,0.0,95.72014309953926,0.0,0.0,187.8339228837936
C_short_window_prepare_i1,C,,short_window,prepare,1,R,11.528820830329991,11.528820830329991,17.366377699249977,11.275176828187485,4.365840319464223,0.0,0.0,62.0,0.0,280.8574913830063,12.868593750000098,12.868593750000098,13.55738577299483,nan,nan,11.513051597343498,0.0,0.0,0.015769232986492732,89.61625351288302,0.0,0.0,191.24123787012326
C_short_window_prepare_i1,C,,short_window,prepare,1,F,1.2972109757490844,1.2972109757490844,1.2654641879659725,4.565420960203316,1.1492918068214655,0.0,0.0,29.0,0.0,286.70278894179614,12.868593750000098,12.868593750000098,nan,nan,nan,1.264706908862563,0.0,0.0,0.03250406688651921,99.5346022972617,0.0,0.0,187.16818664453444
C_short_window_prepare_i1,C,,short_window,prepare,1,B,8.887725218774161,8.887725218774161,4.566276939249476,5.030353508628298,0.01842156096333897,0.0,0.0,2.0,0.0,282.517615163937,13.55738577299483,nan,13.55738577299483,nan,nan,6.946198503447771,0.0,0.0,1.9415267153263898,93.99848224500337,0.0,0.0,188.51913291893365
C_short_window_prepare_i2,C,,short_window,prepare,2,M,13.361986952669266,13.361986952669266,26.583700193035533,12.962978492017552,6.119605581617894,0.0,0.0,82.0,0.0,277.66525021357165,nan,nan,nan,nan,nan,12.38353585482534,0.0,0.0,0.9784510978439313,93.21463325774243,0.0,0.0,184.45061695582922
C_short_window_prepare_i2,C,,short_window,prepare,2,R,13.830881301340264,13.830881301340264,14.326633691807507,10.18861976937607,3.1634538310453495,0.0,0.0,50.0,0.0,277.7537827701089,10.205156250000012,10.205156250000012,13.40046276830213,nan,nan,13.650393524505308,0.0,0.0,0.1804877768349598,88.94228126167113,0.0,0.0,188.81150150843777
C_short_window_prepare_i2,C,,short_window,prepare,2,F,1.2972109757490844,1.2972109757490844,1.2654641879659725,4.565420960203316,1.1492918068214655,0.0,0.0,29.0,0.0,286.70278894179626,10.205156250000012,10.205156250000012,nan,nan,nan,1.2674113668871458,0.0,0.0,0.029799608861936527,101.33195530897015,0.0,0.0,185.3708336328261
C_short_window_prepare_i2,C,,short_window,prepare,2,B,10.886391822505134,10.886391822505134,4.1451224102404005,4.549954884421834,0.014176111252910885,0.0,0.0,2.0,0.0,280.0013483182327,13.40046276830213,nan,13.40046276830213,nan,nan,8.491726683511635,0.0,0.0,2.3946651389934903,94.07465295060001,0.0,0.0,185.9266953676327
D_ample_none_i0,D,,ample,none,0,M,0.11698319404095797,0.11698319404095797,5.494017152450903,5.372754932654957,1.3846088791682207,4.0,0.5988790321090072,35.0,0.0,301.2826668367522,8.397269519002844,nan,nan,8.397269519002844,9.002350048778222,0.0,0.0,0.11698319404095797,0.0,27.33720016627059,62.32614134304639,211.6193253274352,0.0
D_ample_none_i0,D,,ample,none,0,R,0.0,0.0,0.11717942177139612,1.7738378219711743,0.05734492779742814,0.0,0.0,5.0,0.0,290.2357674815342,9.002350048778222,28.56959960659277,17.447568374980232,nan,9.002350048778222,0.0,0.0,0.0,0.0,22.708682831361045,54.45607029812058,213.07101435205257,0.0
D_ample_none_i0,D,,ample,none,0,F,0.0,0.0,0.10382143997435297,0.7862495690905905,0.025187499999999908,0.0,0.0,3.0,0.0,288.60536708812697,8.397269519002844,28.56959960659277,nan,8.397269519002844,nan,0.0,0.0,0.0,0.0,22.900526214448462,54.18971471278769,211.51512616089082,0.0
D_ample_none_i0,D,,ample,none,0,B,0.0,0.0,0.10282918350566672,0.607513049013897,0.007721330492195478,0.0,0.0,2.0,0.0,294.98819910655396,17.447568374980232,nan,17.447568374980232,nan,nan,0.0,0.0,0.0,0.0,22.686828818062324,55.379266994247686,216.92210329424395,0.0
D_ample_none_i1,D,,ample,none,1,M,0.0,0.0,9.438840156992413,7.674195154998951,2.2512016211393537,0.0,0.0,41.0,0.0,305.71173102336763,nan,nan,nan,nan,nan,0.0,0.0,0.0,0.0,99.84730659551403,0.0,0.0,205.8644244278536
D_ample_none_i1,D,,ample,none,1,R,0.005241281791098373,0.005241281791098373,0.21345582226105966,1.5250108904324648,0.030761232633849733,0.0,0.0,5.0,0.0,295.71996717863715,19.683684504797053,23.08539990948982,19.683684504797053,nan,nan,0.0037369591371133382,0.0,0.0,0.0015043226539850352,84.41779962919648,0.0,0.0,211.30216754944067
D_ample_none_i1,D,,ample,none,1,F,0.0,0.0,0.10382143997435297,0.7862495690905905,0.025187499999999908,0.0,0.0,3.0,0.0,288.60536708812697,23.08539990948982,23.08539990948982,nan,nan,nan,0.0,0.0,0.0,0.0,84.29468066638327,0.0,0.0,204.3106864217437
D_ample_none_i1,D,,ample,none,1,B,0.0,0.0,0.12834710807237365,0.8425211646664652,0.012090571663026777,0.0,0.0,2.0,0.0,298.2362826738401,19.683684504797053,nan,19.683684504797053,nan,nan,0.0,0.0,0.0,0.0,85.50734804907025,0.0,0.0,212.72893462476986
D_ample_none_i2,D,,ample,none,2,M,13.379589500059437,13.379589500059437,31.141141540666972,13.330204523988156,13.541442066385757,28.0,3.9069186648251963,83.0,24.0,288.2545762815669,7.654994094904407,nan,nan,7.654994094904407,8.712211505013638,0.0,0.6304928191796665,0.0,12.749096680879768,37.25174441451949,60.29536264611471,0.0,190.70746922093272
D_ample_none_i2,D,,ample,none,2,R,19.346847095980564,19.346847095980564,14.491665259248967,10.613658529982203,4.978100344730366,0.0,0.0,67.0,24.0,269.7758065983154,8.712211505013638,27.248118941057566,13.734166707213927,nan,8.712211505013638,0.312316708749284,0.0,0.0,19.03453038723128,30.41975655275604,54.71046975070402,0.0,184.64558029485534
D_ample_none_i2,D,,ample,none,2,F,0.0,0.0,0.10382143997435297,0.7862495690905905,0.025187499999999908,0.0,0.0,3.0,24.0,288.60536708812697,7.654994094904407,27.248118941057566,nan,7.654994094904407,nan,0.0,0.0,0.0,0.0,31.066798402829306,54.128336460232674,0.0,203.410232225065
D_ample_none_i2,D,,ample,none,2,B,13.352035074827153,13.352035074827153,5.026414333081737,4.669351040186725,0.0073672113606861635,0.0,0.0,2.0,24.0,276.6225499130425,13.734166707213927,nan,13.734166707213927,nan,nan,0.1820618899573571,0.0,0.0,13.169973184869797,30.475554182969304,55.27560328571957,0.0,190.87139244435363
D_ample_prepare_i0,D,,ample,prepare,0,M,3.8463242363705263,3.8463242363705263,12.023163975453699,9.607325084281674,4.492060515879983,10.0,1.263128575023092,60.0,0.0,296.3690436401914,8.37049714887213,nan,nan,8.37049714887213,9.002350048778222,0.0,0.026603789762419443,3.8197204466081067,0.0,27.33720016627059,61.34039841654355,207.69144505737728,0.0
D_ample_prepare_i0,D,,ample,prepare,0,R,3.417538353402198,3.417538353402198,0.8676905246047442,4.159624202965694,0.03660874999999893,0.0,0.0,3.0,0.0,285.3546249323792,9.002350048778222,29.703391392859654,16.572789045811486,nan,9.002350048778222,0.0,0.8472891787597177,2.5702491746424805,0.0,22.708682831361045,53.301541982220414,209.34440011879772,0.0
D_ample_prepare_i0,D,,ample,prepare,0,F,1.1544896481720748,1.1544896481720748,1.4874506612792644,5.193971383454953,1.1736736003854564,0.0,0.0,32.0,0.0,287.2780981441186,8.37049714887213,29.703391392859654,nan,8.37049714887213,nan,0.0,1.058645102339929,0.09584454583214617,0.0,22.900526214448462,52.97137977890321,211.4061921507669,0.0
D_ample_prepare_i0,D,,ample,prepare,0,B,0.04946081307708053,0.04946081307708053,0.16063067192414543,1.2489077970881979,0.007721330492195478,0.0,0.0,2.0,0.0,290.9818358865677,16.572789045811486,nan,16.572789045811486,nan,nan,0.0,0.0,0.04946081307708053,0.0,22.686828818062324,55.06877493664197,213.22623213186338,0.0
D_ample_prepare_i1,D,,ample,prepare,1,M,0.0,0.0,9.232615580421207,7.807487349330047,2.2003861671848504,0.0,0.0,40.0,0.0,303.8932025779394,nan,nan,nan,nan,nan,0.0,0.0,0.0,0.0,99.70300423619148,0.0,0.0,204.19019834174793
D_ample_prepare_i1,D,,ample,prepare,1,R,1.2116259669342453,1.2116259669342453,0.8571234821439309,2.9198985858287942,0.015522720089084067,0.0,0.0,3.0,0.0,293.8471654643689,19.363726379612967,23.630932679749673,19.363726379612967,nan,nan,1.0906848031457304,0.0,0.0,0.1209411637885147,84.00982062477439,0.0,0.0,209.83734483959452
D_ample_prepare_i1,D,,ample,prepare,1,F,1.1544896481720748,1.1544896481720748,1.4874506612792644,5.193971383454953,1.1736736003854564,0.0,0.0,32.0,0.0,287.2780981441186,23.630932679749673,23.630932679749673,nan,nan,nan,1.089654759049247,0.0,0.0,0.06483488912282824,83.94155529184744,0.0,0.0,203.33654285227115
D_ample_prepare_i1,D,,ample,prepare,1,B,0.0,0.0,0.1733236884135047,1.1708866264630766,0.012090571663026777,0.0,0.0,2.0,0.0,296.68343908475595,19.363726379612967,nan,19.363726379612967,nan,nan,0.0,0.0,0.0,0.0,85.99981342271833,0.0,0.0,210.68362566203763
D_ample_prepare_i2,D,,ample,prepare,2,M,15.339950508818355,15.339950508818355,33.58362600834175,13.326539900081201,14.60640626391499,31.0,4.028387781673823,80.0,29.0,285.5335031532858,7.226570513637978,nan,nan,7.226570513637978,8.716318383134631,0.0,1.0459536869526116,14.293996821865743,0.0,37.25016318874886,59.10542552033546,189.17791444420146,0.0
D_ample_prepare_i2,D,,ample,prepare,2,R,25.657340814541747,25.657340814541747,17.473276187616253,12.672832106647721,6.233374440670982,0.0,0.0,74.0,29.0,262.67454588482497,8.716318383134631,27.06300154552134,12.347181183327148,nan,8.716318383134631,0.312316708749284,0.6653302198984589,24.679693885894004,0.0,30.415443455022285,53.40768285223416,178.85141957756852,0.0
D_ample_prepare_i2,D,,ample,prepare,2,F,1.1544896481720748,1.1544896481720748,1.4874506612792644,5.193971383454953,1.1736736003854564,0.0,0.0,32.0,29.0,287.2780981441187,7.226570513637978,27.06300154552134,nan,7.226570513637978,nan,0.008169127461053981,1.081485631588193,0.06483488912282824,0.0,31.020216564323647,52.921338727523846,203.3365428522712,0.0
D_ample_prepare_i2,D,,ample,prepare,2,B,19.134336878948467,19.134336878948467,7.03335997184137,5.406167904742235,0.0073672113606861635,0.0,0.0,2.0,29.0,270.1654511411745,12.347181183327148,nan,12.347181183327148,nan,nan,0.1820618899573571,0.0,18.952274988991114,0.0,30.47549354239389,54.902369963901435,184.7875876348792,0.0
D_collaborative_none_i0,D,,collaborative,none,0,M,0.339935703537928,0.339935703537928,3.4914784138862758,5.7281339469428945,1.087904950177117,0.0,0.0,25.0,0.0,294.8804551289164,nan,nan,nan,nan,nan,0.04124582336620933,0.0,0.0,0.29868988017171866,94.47413795494853,0.0,0.0,200.4063171739679
D_collaborative_none_i0,D,,collaborative,none,0,R,0.706331072825358,0.706331072825358,0.5040407749652088,3.100205671191561,0.24409894369786522,0.0,0.0,8.0,0.0,291.50835667582885,17.67169995838999,17.69164332416899,17.67169995838999,nan,nan,0.706331072825358,0.0,0.0,0.0,86.84016707452875,0.0,0.0,204.6681896013001
D_collaborative_none_i0,D,,collaborative,none,0,F,0.0,0.0,0.0,0.0,0.0,0.0,0.0,0.0,0.0,287.99999999999784,17.69164332416899,17.69164332416899,nan,nan,nan,0.0,0.0,0.0,0.0,87.30000000000055,0.0,0.0,200.6999999999973
D_collaborative_none_i0,D,,collaborative,none,0,B,0.0,0.0,0.05395225703975928,0.7105866608003883,0.006140323602705587,0.0,0.0,1.0,0.0,295.03665671743886,17.67169995838999,nan,17.67169995838999,nan,nan,0.0,0.0,0.0,0.0,88.36875330944486,0.0,0.0,206.667903407994
D_collaborative_none_i1,D,,collaborative,none,1,M,0.0,0.0,2.232497704666073,3.6052123708373256,0.6652234410431372,0.0,0.0,14.0,0.0,297.91787145291914,nan,nan,nan,nan,nan,0.0,0.0,0.0,0.0,97.37309284839375,0.0,0.0,200.5447786045254
D_collaborative_none_i1,D,,collaborative,none,1,R,0.8670468087106813,0.8670468087106813,0.4964759648505201,2.66141343535255,0.16777850984696832,0.0,0.0,8.0,0.0,291.41219339548235,17.681929219139885,17.78780660451549,17.681929219139885,nan,nan,0.8670468087106813,0.0,0.0,0.0,87.51801316810918,0.0,0.0,203.89418022737317
D_collaborative_none_i1,D,,collaborative,none,1,F,0.0,0.0,0.0,0.0,0.0,0.0,0.0,0.0,0.0,287.99999999999784,17.78780660451549,17.78780660451549,nan,nan,nan,0.0,0.0,0.0,0.0,88.20000000000056,0.0,0.0,199.79999999999728
D_collaborative_none_i1,D,,collaborative,none,1,B,0.0,0.0,0.062232620312689356,0.7637693802695668,0.010617565247425402,0.0,0.0,2.0,0.0,294.93026417634246,17.681929219139885,nan,17.681929219139885,nan,nan,0.0,0.0,0.0,0.0,89.20941944964517,0.0,0.0,205.7208447266973
D_collaborative_none_i2,D,,collaborative,none,2,M,0.18127511811847394,0.18127511811847394,5.408983550165444,7.904409295109133,3.2296671006063327,0.0,0.0,55.0,0.0,293.3380873527032,nan,nan,nan,nan,nan,0.0302537573161219,0.0,0.0,0.15102136080235207,95.48614855949228,0.0,0.0,197.85193879321093
D_collaborative_none_i2,D,,collaborative,none,2,R,3.7752553699212807,3.7752553699212807,3.220065520246049,6.605688015306867,1.4796833222258774,0.0,0.0,38.0,0.0,288.35755266386747,17.780729922433704,17.84244733613043,17.780729922433704,nan,nan,3.7752553699212807,0.0,0.0,0.0,86.3279923025442,0.0,0.0,202.02956036132326
D_collaborative_none_i2,D,,collaborative,none,2,F,0.0,0.0,0.0,0.0,0.0,0.0,0.0,0.0,0.0,287.9999999999979,17.84244733613043,17.84244733613043,nan,nan,nan,0.0,0.0,0.0,0.0,90.00000000000057,0.0,0.0,197.99999999999733
D_collaborative_none_i2,D,,collaborative,none,2,B,1.2635845032045805,1.2635845032045805,0.2721910701298047,1.5981251650623625,0.005713985776106778,0.0,0.0,1.0,0.0,292.27682274143376,17.780729922433704,nan,17.780729922433704,nan,nan,1.2635845032045805,0.0,0.0,0.0,88.79219358848866,0.0,0.0,203.4846291529451
D_collaborative_prepare_i0,D,,collaborative,prepare,0,M,1.287436089601234,1.287436089601234,4.331936953965379,6.337322282835955,1.1448580438451472,0.0,0.0,26.0,0.0,293.18547073778774,nan,nan,nan,nan,nan,0.44388185044276995,0.0,0.0,0.8435542391584634,94.21359275479537,0.0,0.0,198.97187798299237
D_collaborative_prepare_i0,D,,collaborative,prepare,0,R,1.8409328624333925,1.8409328624333925,0.6701170640211876,4.168764338610805,0.23957369929047756,0.0,0.0,7.0,0.0,289.89487243236414,17.45365933275418,18.007916509432118,17.45365933275418,nan,nan,1.8289983804643268,0.0,0.0,0.011934481969065304,86.36915836202462,0.0,0.0,203.52571407033952
D_collaborative_prepare_i0,D,,collaborative,prepare,0,F,1.2972109757490844,1.2972109757490844,1.2654641879659725,4.565420960203316,1.1492918068214655,0.0,0.0,29.0,0.0,286.70278894179626,18.007916509432118,18.007916509432118,nan,nan,nan,1.2375049224728207,0.0,0.0,0.05970605327626136,86.96122624144061,0.0,0.0,199.74156270035564
D_collaborative_prepare_i0,D,,collaborative,prepare,0,B,0.0,0.0,0.06466085661770468,0.9365714894466007,0.006140323602705587,0.0,0.0,1.0,0.0,293.64121309960996,17.45365933275418,nan,17.45365933275418,nan,nan,0.0,0.0,0.0,0.0,88.76244333648705,0.0,0.0,204.8787697631229
D_collaborative_prepare_i1,D,,collaborative,prepare,1,M,0.0,0.0,2.103120591475769,3.859990810388197,0.6353606100699883,0.0,0.0,15.0,0.0,296.1420294707774,nan,nan,nan,nan,nan,0.0,0.0,0.0,0.0,97.00832994106548,0.0,0.0,199.13369952971192
D_collaborative_prepare_i1,D,,collaborative,prepare,1,R,2.106835599306981,2.106835599306981,1.0130178117274087,3.878807710155557,0.16726290457779974,0.0,0.0,7.0,0.0,289.8090505569958,17.48930148136726,18.093738384800428,17.48930148136726,nan,nan,2.1049475144106373,0.0,0.0,0.0018880848963437557,87.04316672282152,0.0,0.0,202.7658838341743
D_collaborative_prepare_i1,D,,collaborative,prepare,1,F,1.2972109757490844,1.2972109757490844,1.2654641879659725,4.565420960203316,1.1492918068214655,0.0,0.0,29.0,0.0,286.70278894179626,18.093738384800428,18.093738384800428,nan,nan,nan,1.2400425946464064,0.0,0.0,0.05716838110267572,87.85874249480071,0.0,0.0,198.84404644699555
D_collaborative_prepare_i1,D,,collaborative,prepare,1,B,0.0038722708265769516,0.0038722708265769516,0.1157487531695127,1.1989472829287895,0.010617565247425402,0.0,0.0,2.0,0.0,293.51974907562857,17.48930148136726,nan,17.48930148136726,nan,nan,0.0038722708265769516,0.0,0.0,0.0,89.55750488319643,0.0,0.0,203.96224419243214
D_collaborative_prepare_i2,D,,collaborative,prepare,2,M,1.2368332694542092,1.2368332694542092,5.7988714600369775,8.226432413542723,3.0768844164439884,0.0,0.0,50.0,0.0,291.71595536329704,nan,nan,nan,nan,nan,0.5850668440087707,0.0,0.0,0.6517664254454405,95.25474273022758,0.0,0.0,196.46121263306947
D_collaborative_prepare_i2,D,,collaborative,prepare,2,R,5.058074817432136,5.058074817432136,2.583313273505879,6.340422546424312,1.368771254127968,0.0,0.0,34.0,0.0,286.76327012359764,17.554016854515236,18.139518818198507,17.554016854515236,nan,nan,5.052780820360985,0.0,0.0,0.005293997071150436,85.86105449860722,0.0,0.0,200.90221562499042
D_collaborative_prepare_i2,D,,collaborative,prepare,2,F,1.2972109757490844,1.2972109757490844,1.2654641879659725,4.565420960203316,1.1492918068214655,0.0,0.0,29.0,0.0,286.70278894179614,18.139518818198507,18.139518818198507,nan,nan,nan,1.2447989694618093,0.0,0.0,0.05241200628727293,89.65408719295016,0.0,0.0,197.04870174884599
D_collaborative_prepare_i2,D,,collaborative,prepare,2,B,1.7689438716283268,1.7689438716283268,0.2487559740758435,1.5379623541414935,0.005713985776106778,0.0,0.0,1.0,0.0,290.9092532690824,17.554016854515236,nan,17.554016854515236,nan,nan,1.743289855040327,0.0,0.0,0.025654016587999526,89.1617049298226,0.0,0.0,201.7475483392598
D_short_window_none_i0,D,,short_window,none,0,M,8.74294337948867,8.74294337948867,19.406596654404623,10.517422434576458,4.382610425192988,0.0,0.0,64.0,0.0,282.28317659349767,nan,nan,nan,nan,nan,8.117129684661457,0.0,0.0,0.6258136948272005,92.09335384131109,0.0,0.0,190.1898227521866
D_short_window_none_i0,D,,short_window,none,0,R,9.257801146773394,9.257801146773394,12.078685172986805,9.938511336897406,3.1659694985965605,0.0,0.0,51.0,0.0,282.57904610277615,13.001562500000073,13.001562500000073,14.467994314330266,nan,nan,9.1706575328073,0.0,0.0,0.08714361396608938,88.222145385511,0.0,0.0,194.35690071726515
D_short_window_none_i0,D,,short_window,none,0,F,0.0,0.0,0.0,0.0,0.0,0.0,0.0,0.0,0.0,287.99999999999795,13.001562500000073,13.001562500000073,nan,nan,nan,0.0,0.0,0.0,0.0,97.20000000000061,0.0,0.0,190.79999999999734
D_short_window_none_i0,D,,short_window,none,0,B,6.303284395381964,6.303284395381964,2.8037085236180563,4.12285172616014,0.014562844756416931,0.0,0.0,2.0,0.0,284.95040950924954,14.467994314330266,nan,14.467994314330266,nan,nan,5.121328989774489,0.0,0.0,1.1819554056074748,92.19106238628407,0.0,0.0,192.75934712296547
D_short_window_none_i1,D,,short_window,none,1,M,4.299693614902906,4.299693614902906,7.138958177052334,8.088894858168421,1.3878419742610004,0.0,0.0,45.0,0.0,285.7412075182695,nan,nan,nan,nan,nan,4.299693614902906,0.0,0.0,0.0,95.75975988857655,0.0,0.0,189.98144762969295
D_short_window_none_i1,D,,short_window,none,1,R,9.463857545722341,9.463857545722341,13.25174514870205,10.308844638657733,3.2620414856685898,0.0,0.0,56.0,0.0,282.53189298539024,12.868593750000098,12.868593750000098,14.42664872967509,nan,nan,9.397483923988895,0.0,0.0,0.06637362173344548,89.92983923459514,0.0,0.0,192.6020537507951
D_short_window_none_i1,D,,short_window,none,1,F,0.0,0.0,0.0,0.0,0.0,0.0,0.0,0.0,0.0,287.99999999999795,12.868593750000098,12.868593750000098,nan,nan,nan,0.0,0.0,0.0,0.0,99.00000000000063,0.0,0.0,188.99999999999733
D_short_window_none_i1,D,,short_window,none,1,B,6.486228098201049,6.486228098201049,3.0255758164013438,4.312291920507575,0.01842156096333897,0.0,0.0,2.0,0.0,284.81878215071345,14.42664872967509,nan,14.42664872967509,nan,nan,5.285263602652205,0.0,0.0,1.2009644955488412,93.87043183246072,0.0,0.0,190.94835031825272
D_short_window_none_i2,D,,short_window,none,2,M,10.762115630785349,10.762115630785349,22.235846691783927,12.359051650189034,5.233363635419738,0.0,0.0,76.0,0.0,280.2653474356527,nan,nan,nan,nan,nan,10.093248709292313,0.0,0.0,0.668866921493053,93.71430155351848,0.0,0.0,186.55104588213422
D_short_window_none_i2,D,,short_window,none,2,R,11.933388916004372,11.933388916004372,10.68296099166523,9.362361326323548,2.161042131753661,0.0,0.0,42.0,0.0,279.3787804852241,10.205156250000012,10.205156250000012,14.2152722677295,nan,nan,11.640686987084825,0.0,0.0,0.29270192891954744,89.15000829905514,0.0,0.0,190.22877218616898
D_short_window_none_i2,D,,short_window,none,2,F,0.0,0.0,0.0,0.0,0.0,0.0,0.0,0.0,0.0,287.999999999998,10.205156250000012,10.205156250000012,nan,nan,nan,0.0,0.0,0.0,0.0,100.80000000000064,0.0,0.0,187.19999999999737
D_short_window_none_i2,D,,short_window,none,2,B,8.588344327826684,8.588344327826684,2.7543284064426725,3.8760670610888495,0.014176111252910885,0.0,0.0,2.0,0.0,282.1894960202291,14.2152722677295,nan,14.2152722677295,nan,nan,6.87710213071928,0.0,0.0,1.71124219710741,93.89907248196727,0.0,0.0,188.29042353826185
D_short_window_prepare_i0,D,,short_window,prepare,0,M,13.279792933085243,13.279792933085243,20.582101504615697,11.097889175294394,4.386605311449023,0.0,0.0,63.0,8.0,277.74619892931554,6.878493661110594,nan,nan,7.274607369896796,6.878493661110594,3.8713566498618146,6.999988027829038,0.0,2.40844825539439,57.56003560138771,34.44491712825564,0.0,185.7412461996722
D_short_window_prepare_i0,D,,short_window,prepare,0,R,22.407271614775148,22.407271614775148,13.15523866464424,14.7561114524056,12.61866196773748,18.0,6.40805105807645,101.0,8.0,265.7891349389468,6.878493661110594,13.001562500000073,11.965931517714534,nan,6.878493661110594,6.834554130004972,8.45887173165094,0.0,7.11384575311923,51.76879615091288,32.96126568332478,0.0,181.05907310470914
D_short_window_prepare_i0,D,,short_window,prepare,0,F,1.2972109757490844,1.2972109757490844,1.2654641879659725,4.565420960203316,1.1492918068214655,0.0,0.0,29.0,8.0,286.70278894179614,7.274607369896796,13.001562500000073,nan,7.274607369896796,nan,1.031231485231193,0.23203251214100784,0.0,0.03394697837688128,57.4604724293732,41.17554211750968,0.0,188.06677439491327
D_short_window_prepare_i0,D,,short_window,prepare,0,B,17.546525751354828,17.546525751354828,4.149973114409675,5.037207711742193,0.014562844756416931,0.0,0.0,2.0,8.0,270.58936313916246,11.965931517714534,nan,11.965931517714534,nan,nan,2.008662336816903,5.996484906852551,0.0,9.54137850768537,56.57461911577754,35.38561526374632,0.0,178.6291287596386
D_short_window_prepare_i1,D,,short_window,prepare,1,M,5.990258199369889,5.990258199369889,8.60852170129825,7.931458420078271,1.7385284624354735,0.0,0.0,48.0,0.0,283.55416312560646,nan,nan,nan,nan,nan,5.990258199369889,0.0,0.0,0.0,95.71558907622932,0.0,0.0,187.83857404937714
D_short_window_prepare_i1,D,,short_window,prepare,1,R,11.5176068531191,11.5176068531191,17.323319065035477,11.275157143486863,4.35067618922372,0.0,0.0,62.0,0.0,280.860089186819,12.868593750000098,12.868593750000098,13.562785532009155,nan,nan,11.501077643581747,0.0,0.0,0.01652920953735411,89.62815879907615,0.0,0.0,191.23193038774284
D_short_window_prepare_i1,D,,short_window,prepare,1,F,1.2972109757490844,1.2972109757490844,1.2654641879659725,4.565420960203316,1.1492918068214655,0.0,0.0,29.0,0.0,286.70278894179614,12.868593750000098,12.868593750000098,nan,nan,nan,1.264706908862563,0.0,0.0,0.03250406688651921,99.5346022972617,0.0,0.0,187.16818664453444
D_short_window_prepare_i1,D,,short_window,prepare,1,B,8.871842324632713,8.871842324632713,4.553424458075998,5.023964787298997,0.01842156096333897,0.0,0.0,2.0,0.0,282.5293931025826,13.562785532009155,nan,13.562785532009155,nan,nan,6.935394472140505,0.0,0.0,1.9364478524922037,94.00936389110217,0.0,0.0,188.52002921148045
D_short_window_prepare_i2,D,,short_window,prepare,2,M,13.37929916614486,13.37929916614486,26.5795471183761,12.969017972141486,6.138752139102719,0.0,0.0,84.0,0.0,277.6479932011177,nan,nan,nan,nan,nan,12.393049627965597,0.0,0.0,0.9862495381792534,93.20499002909861,0.0,0.0,184.44300317201908
D_short_window_prepare_i2,D,,short_window,prepare,2,R,13.853862746676807,13.853862746676807,14.435314940010269,10.253771234165846,3.1878487131873356,0.0,0.0,50.0,0.0,277.74781909269757,10.205156250000012,10.205156250000012,13.38473762902613,nan,nan,13.681463029213099,0.0,0.0,0.1723997174637111,88.91139794338454,0.0,0.0,188.83642114931303
D_short_window_prepare_i2,D,,short_window,prepare,2,F,1.2972109757490844,1.2972109757490844,1.2654641879659725,4.565420960203316,1.1492918068214655,0.0,0.0,29.0,0.0,286.70278894179626,10.205156250000012,10.205156250000012,nan,nan,nan,1.2674113668871458,0.0,0.0,0.029799608861936527,101.33195530897015,0.0,0.0,185.3708336328261
D_short_window_prepare_i2,D,,short_window,prepare,2,B,10.928226020088742,10.928226020088742,4.177381222292082,4.565437613725505,0.014176111252910885,0.0,0.0,2.0,0.0,279.97055877242553,13.38473762902613,nan,13.38473762902613,nan,nan,8.519913626792128,0.0,0.0,2.40831239329662,94.04625348184749,0.0,0.0,185.92430529057805
E_ample_none_i0,E,,ample,none,0,M,0.0,0.0,2.679800672320283,3.9772408325420545,0.10999182647682873,0.0,0.0,7.0,0.0,300.29610839667674,8.651412483201664,nan,nan,9.509258691450224,8.651412483201664,0.0,0.0,0.0,0.0,26.090175748533852,60.45551319477036,213.75041945337253,0.0
E_ample_none_i0,E,,ample,none,0,R,0.0,0.0,0.16640135344231458,1.9930127844038172,0.06727863854134565,0.0,0.0,6.0,0.0,290.0322269560408,8.651412483201664,28.773140132086166,17.300534090516418,nan,8.651412483201664,0.0,0.0,0.0,0.0,21.795951285057228,54.467025486914864,213.7692501840687,0.0
E_ample_none_i0,E,,ample,none,0,F,0.0,0.0,0.10382143997435297,0.7862495690905905,0.025187499999999908,0.0,0.0,3.0,0.0,288.60536708812697,9.509258691450224,28.773140132086166,nan,9.509258691450224,nan,0.0,0.0,0.0,0.0,21.991434035977505,54.19813547027434,212.41579758187513,0.0
E_ample_none_i0,E,,ample,none,0,B,0.0,0.0,0.11140996246278895,0.69792007161115,0.007721330492195478,0.0,0.0,2.0,0.0,294.9316928655244,17.300534090516418,nan,17.300534090516418,nan,nan,0.0,0.0,0.0,0.0,21.772468930659564,55.36761328828175,217.79161064658305,0.0
E_ample_none_i1,E,,ample,none,1,M,0.0,0.0,1.5768969808496565,4.377927701179761,0.0677741959941876,0.0,0.0,5.0,0.0,300.8086186959003,nan,nan,nan,nan,nan,0.0,0.0,0.0,0.0,99.42784063066114,0.0,0.0,201.38077806523916
E_ample_none_i1,E,,ample,none,1,R,0.010998137820150865,0.010998137820150865,0.21555725137887213,1.5362606606786349,0.02995412000649746,0.0,0.0,4.0,0.0,295.5458559857604,19.65241544088418,23.25951110236657,19.65241544088418,nan,nan,0.008617911909575327,0.0,0.0,0.0023802259105755396,88.91276299700519,0.0,0.0,206.6330929887552
E_ample_none_i1,E,,ample,none,1,F,0.0,0.0,0.10382143997435297,0.7862495690905905,0.025187499999999908,0.0,0.0,3.0,0.0,288.60536708812697,23.25951110236657,23.25951110236657,nan,nan,nan,0.0,0.0,0.0,0.0,88.79676664726426,0.0,0.0,199.8086004408627
E_ample_none_i1,E,,ample,none,1,B,0.0,0.0,0.12873989893131602,0.8482705820696752,0.012090571663026777,0.0,0.0,2.0,0.0,298.0934405448762,19.65241544088418,nan,19.65241544088418,nan,nan,0.0,0.0,0.0,0.0,90.13194904462492,0.0,0.0,207.9614915002513
E_ample_none_i2,E,,ample,none,2,M,0.0,0.0,2.6162330952236146,5.208582256456283,0.23293125597364958,8.0,0.7752916571633378,17.0,0.0,301.00534723256044,8.300019855566529,nan,nan,8.300019855566529,8.601105903386834,0.0,0.0,0.0,0.0,39.93013943200506,57.60845316596297,0.0,203.4667546345924
E_ample_none_i2,E,,ample,none,2,R,0.5410551449458965,0.5410551449458965,0.5983709665077733,3.027709436693531,0.22319912560223204,0.0,0.0,10.0,0.0,288.8981910447262,8.601105903386834,26.677405442100348,17.4714663535412,nan,8.601105903386834,0.312316708749284,0.0,0.0,0.22873843619661235,33.1593001097319,52.876823339929246,0.0,202.86206759506507
E_ample_none_i2,E,,ample,none,2,F,0.0,0.0,0.10382143997435297,0.7862495690905905,0.025187499999999908,0.0,0.0,3.0,0.0,288.60536708812697,8.300019855566529,26.677405442100348,nan,8.300019855566529,nan,0.0,0.0,0.0,0.0,33.783725746730994,52.311844009650855,0.0,202.50979733174512
E_ample_none_i2,E,,ample,none,2,B,0.1820618899573571,0.1820618899573571,0.21281861447675882,0.7280669490399667,0.0073672113606861635,0.0,0.0,2.0,0.0,294.126724691185,17.4714663535412,nan,17.4714663535412,nan,nan,0.1820618899573571,0.0,0.0,0.0,33.20320424057792,53.475977940614655,0.0,207.44754250999245
E_ample_prepare_i0,E,,ample,prepare,0,M,0.0,0.0,2.9481447664286575,3.5622500903257266,0.0873686310534825,0.0,0.0,5.0,0.0,299.39184691263296,8.651412483201664,nan,nan,9.08625123148563,8.651412483201664,0.0,0.0,0.0,0.0,26.090175748533852,59.9635253319108,213.3381458321883,0.0
E_ample_prepare_i0,E,,ample,prepare,0,R,1.0137804120835754,1.0137804120835754,0.7178256489570375,3.2852825770430316,0.04431695700186448,0.0,0.0,5.0,0.0,288.6082592134165,8.651412483201664,28.869838930702098,17.141662848249336,nan,8.651412483201664,0.0,0.8284727187444585,0.18530769333911723,0.0,21.795951285057228,53.332809916075334,213.47949801228393,0.0
E_ample_prepare_i0,E,,ample,prepare,0,F,1.1544896481720748,1.1544896481720748,1.4874506612792644,5.193971383454953,1.1736736003854564,0.0,0.0,32.0,0.0,287.2780981441186,9.08625123148563,28.869838930702098,nan,9.08625123148563,nan,0.0,1.054390748590451,0.10009889958162431,0.0,21.991434035977505,52.98463590610646,212.30202820203462,0.0
E_ample_prepare_i0,E,,ample,prepare,0,B,0.0,0.0,0.12022639777696185,0.9753408450312216,0.007721330492195478,0.0,0.0,2.0,0.0,293.66659636516715,17.141662848249336,nan,17.141662848249336,nan,nan,0.0,0.0,0.0,0.0,21.772468930659564,55.070028226560886,216.8240992079467,0.0
E_ample_prepare_i1,E,,ample,prepare,1,M,0.0,0.0,1.4940937492170012,3.4021757240108834,0.03064108188393623,0.0,0.0,3.0,0.0,299.0931618393174,nan,nan,nan,nan,nan,0.0,0.0,0.0,0.0,99.28784134752212,0.0,0.0,199.8053204917953
E_ample_prepare_i1,E,,ample,prepare,1,R,1.2462415974258563,1.2462415974258563,0.8461268619696001,2.924397305670028,0.015636049799535527,0.0,0.0,3.0,0.0,293.73747741911245,19.3449394871849,23.740620725006135,19.3449394871849,nan,nan,1.1603265375023695,0.0,0.0,0.08591505992348676,88.44147963095293,0.0,0.0,205.29599778815953
E_ample_prepare_i1,E,,ample,prepare,1,F,1.1544896481720748,1.1544896481720748,1.4874506612792644,5.193971383454953,1.1736736003854564,0.0,0.0,32.0,0.0,287.2780981441186,23.740620725006135,23.740620725006135,nan,nan,nan,1.102310506346895,0.0,0.0,0.05217914182518016,88.42916847917985,0.0,0.0,198.84892966493874
E_ample_prepare_i1,E,,ample,prepare,1,B,0.0,0.0,0.17297846546496778,1.1695984349160662,0.012090571663026777,0.0,0.0,2.0,0.0,296.59253793192755,19.3449394871849,nan,19.3449394871849,nan,nan,0.0,0.0,0.0,0.0,90.55942228793467,0.0,0.0,206.0331156439929
E_ample_prepare_i2,E,,ample,prepare,2,M,0.6990435506058221,0.6990435506058221,3.8772575692193816,6.512049146463385,1.0774817800536858,9.0,1.5935483990909622,30.0,0.0,298.97221937964275,8.339337828965977,nan,nan,8.339337828965977,8.611312211789905,0.0,0.0,0.0,0.6990435506058221,39.92367362581683,57.8811408295889,0.0,201.16740492423702
E_ample_prepare_i2,E,,ample,prepare,2,R,1.6443073812012101,1.6443073812012101,0.9413396736160689,4.473264264939507,0.206158468108495,0.0,0.0,8.0,0.0,286.5617399491809,8.611312211789905,27.06300154552134,17.03485908969635,nan,8.611312211789905,0.312316708749284,0.6810761111963076,0.0,0.6509145612556184,33.146021940569426,52.46175038747805,0.0,200.95396762113342
E_ample_prepare_i2,E,,ample,prepare,2,F,1.1544896481720748,1.1544896481720748,1.4874506612792644,5.193971383454953,1.1736736003854564,0.0,0.0,32.0,0.0,287.2780981441187,8.339337828965977,27.06300154552134,nan,8.339337828965977,nan,0.04156799508856324,1.0534809161551806,0.0,0.059440736928331364,33.68283992263321,52.05343584275391,0.0,201.54182237873158
E_ample_prepare_i2,E,,ample,prepare,2,B,0.1820618899573571,0.1820618899573571,0.1639802056102488,0.8338801468246614,0.0073672113606861635,0.0,0.0,2.0,0.0,292.22688085948454,17.03485908969635,nan,17.03485908969635,nan,nan,0.1820618899573571,0.0,0.0,0.0,33.2029288948862,54.007606145146184,0.0,205.01634581945214
E_collaborative_none_i0,E,,collaborative,none,0,M,0.0947023789909469,0.0947023789909469,3.290151178324904,3.915324084686283,1.0399599957938788,0.0,0.0,17.0,0.0,294.62218054251747,nan,nan,nan,nan,nan,0.002798304965246068,0.0,0.0,0.09190407402570083,94.0127173180891,0.0,0.0,200.60946322442837
E_collaborative_none_i0,E,,collaborative,none,0,R,0.7103171738351578,0.7103171738351578,0.5623523881096778,3.301304836622013,0.27553221463053224,0.0,0.0,9.0,0.0,291.51270119642214,17.672496433659898,17.687298803575697,17.672496433659898,nan,nan,0.7103171738351578,0.0,0.0,0.0,86.85177976313017,0.0,0.0,204.66092143329197
E_collaborative_none_i0,E,,collaborative,none,0,F,0.0,0.0,0.0,0.0,0.0,0.0,0.0,0.0,0.0,287.99999999999784,17.687298803575697,17.687298803575697,nan,nan,nan,0.0,0.0,0.0,0.0,87.30000000000055,0.0,0.0,200.6999999999973
E_collaborative_none_i0,E,,collaborative,none,0,B,0.0,0.0,0.05500865791235099,0.7373809664557205,0.006140323602705587,0.0,0.0,1.0,0.0,295.04020476276224,17.672496433659898,nan,17.672496433659898,nan,nan,0.0,0.0,0.0,0.0,88.36978381226291,0.0,0.0,206.67042095049933
E_collaborative_none_i1,E,,collaborative,none,1,M,0.0,0.0,0.7043166749761559,3.28808996212762,0.07008363154851531,0.0,0.0,7.0,0.0,295.6995260590712,nan,nan,nan,nan,nan,0.0,0.0,0.0,0.0,97.4324583039257,0.0,0.0,198.26706775514552
E_collaborative_none_i1,E,,collaborative,none,1,R,0.6091539869870718,0.6091539869870718,0.4325085250896079,2.6336212992079564,0.19411700698055415,0.0,0.0,8.0,0.0,291.33157664649696,17.658223015861562,17.868423353500884,17.658223015861562,nan,nan,0.6091539869870718,0.0,0.0,0.0,90.39976547969272,0.0,0.0,200.93181116680424
E_collaborative_none_i1,E,,collaborative,none,1,F,0.0,0.0,0.0,0.0,0.0,0.0,0.0,0.0,0.0,287.99999999999784,17.868423353500884,17.868423353500884,nan,nan,nan,0.0,0.0,0.0,0.0,90.90000000000057,0.0,0.0,197.09999999999727
E_collaborative_none_i1,E,,collaborative,none,1,B,0.0,0.0,0.05522365195916638,0.7249022033334901,0.010617565247425402,0.0,0.0,2.0,0.0,294.8733536306354,17.658223015861562,nan,17.658223015861562,nan,nan,0.0,0.0,0.0,0.0,92.08819805254879,0.0,0.0,202.7851555780866
E_collaborative_none_i2,E,,collaborative,none,2,M,0.5793332392735303,0.5793332392735303,6.981624143275048,6.712217431259297,2.847157024585594,0.0,0.0,39.0,0.0,291.65182947856283,7.705312499999974,nan,nan,8.565018285103445,7.705312499999974,0.0,0.5793332392735303,0.0,0.0,36.423749999999956,53.538187729947765,201.6898917486151,0.0
E_collaborative_none_i2,E,,collaborative,none,2,R,8.25466817352061,8.25466817352061,6.9077290451458,10.584809275723517,4.24584359331685,0.0,0.0,60.0,0.0,280.3831235171187,7.705312499999974,18.230156250000004,15.658840479107095,nan,7.705312499999974,2.7956250000000047,2.2499945227985902,3.2090486507220204,0.0,29.55968749999998,52.19441305338047,198.62902296373824,0.0
E_collaborative_none_i2,E,,collaborative,none,2,F,0.0,0.0,0.0,0.0,0.0,0.0,0.0,0.0,0.0,287.9999999999979,8.565018285103445,18.230156250000004,nan,8.565018285103445,nan,0.0,0.0,0.0,0.0,32.400000000000205,54.00000000000034,201.59999999999735,0.0
E_collaborative_none_i2,E,,collaborative,none,2,B,2.2032870505465203,2.2032870505465203,0.6067412679033277,2.445414369784211,0.005713985776106778,0.0,0.0,1.0,0.0,286.4242830380116,15.658840479107095,nan,15.658840479107095,nan,nan,0.5721678349431172,1.5442377102164146,0.08688150538698855,0.0,31.81971413167308,52.471216055736065,202.13335285060245,0.0
E_collaborative_prepare_i0,E,,collaborative,prepare,0,M,0.5686035190600492,0.5686035190600492,3.767782799361722,4.554598544683878,1.0647718422438837,0.0,0.0,18.0,0.0,293.48187244176404,nan,nan,nan,nan,nan,0.14383495531431248,0.0,0.0,0.4247685637457369,94.09882063281063,0.0,0.0,199.3830518089534
E_collaborative_prepare_i0,E,,collaborative,prepare,0,R,1.801094652708499,1.801094652708499,0.6624621792026035,4.15395673879132,0.2707949999999828,0.0,0.0,8.0,0.0,289.9075543129838,17.449875503520854,17.995234628812465,17.449875503520854,nan,nan,1.786280443887567,0.0,0.0,0.014814208820932252,86.4116370620026,0.0,0.0,203.4959172509812
E_collaborative_prepare_i0,E,,collaborative,prepare,0,F,1.2972109757490844,1.2972109757490844,1.2654641879659725,4.565420960203316,1.1492918068214655,0.0,0.0,29.0,0.0,286.70278894179626,17.995234628812465,17.995234628812465,nan,nan,nan,1.2375049224728207,0.0,0.0,0.05970605327626136,86.96122624144061,0.0,0.0,199.74156270035564
E_collaborative_prepare_i0,E,,collaborative,prepare,0,B,0.0,0.0,0.060081753058062855,0.919207904309088,0.006140323602705587,0.0,0.0,1.0,0.0,293.65767880946294,17.449875503520854,nan,17.449875503520854,nan,nan,0.0,0.0,0.0,0.0,88.78313862367611,0.0,0.0,204.87454018578683
E_collaborative_prepare_i1,E,,collaborative,prepare,1,M,0.0,0.0,0.56403821554854,3.1338698380527514,0.04821715518223108,0.0,0.0,5.0,0.0,294.3651074937358,nan,nan,nan,nan,nan,0.0,0.0,0.0,0.0,97.4692009541485,0.0,0.0,196.89590653958732
E_collaborative_prepare_i1,E,,collaborative,prepare,1,R,1.9370964648740399,1.9370964648740399,0.8251040308367662,3.8659122472425036,0.18962760587948155,0.0,0.0,7.0,0.0,289.8237846296823,17.467633430343948,18.079004312113977,17.467633430343948,nan,nan,1.9291418876263389,0.0,0.0,0.007954577247701168,89.91813901633392,0.0,0.0,199.90564561334836
E_collaborative_prepare_i1,E,,collaborative,prepare,1,F,1.2972109757490844,1.2972109757490844,1.2654641879659725,4.565420960203316,1.1492918068214655,0.0,0.0,29.0,0.0,286.70278894179626,18.079004312113977,18.079004312113977,nan,nan,nan,1.247026644638363,0.0,0.0,0.050184331110719266,90.5519068558711,0.0,0.0,196.15088208592516
E_collaborative_prepare_i1,E,,collaborative,prepare,1,B,0.0,0.0,0.09669196673228383,1.1104823535035286,0.010617565247425402,0.0,0.0,2.0,0.0,293.55615119933833,17.467633430343948,nan,17.467633430343948,nan,nan,0.0,0.0,0.0,0.0,92.4062018237156,0.0,0.0,201.14994937562273
E_collaborative_prepare_i2,E,,collaborative,prepare,2,M,3.8309426323150757,3.8309426323150757,9.993668845395867,9.96153375754677,4.466058288583066,10.0,1.4715275656482747,71.0,22.0,288.29414278853625,7.627957265870447,nan,nan,8.111224884780139,7.627957265870447,0.0,2.8612360002003094,0.0,0.9697066321147653,36.423749999999956,51.21959907019439,0.0,200.6507937183419
E_collaborative_prepare_i2,E,,collaborative,prepare,2,R,14.919926847270553,14.919926847270553,11.359673444996481,14.258778397687005,7.020398605677461,26.0,4.929924626405038,98.0,22.0,273.37036296245725,7.627957265870447,18.230156250000004,14.546265749720202,nan,7.627957265870447,2.7956250000000047,2.999191828554231,0.0,9.125110018716317,29.55968749999998,51.05519485169752,0.0,192.75548061075975
E_collaborative_prepare_i2,E,,collaborative,prepare,2,F,1.2972109757490844,1.2972109757490844,1.2654641879659725,4.565420960203316,1.1492918068214655,0.0,0.0,29.0,22.0,286.70278894179614,8.111224884780139,18.230156250000004,nan,8.111224884780139,nan,0.06782813281250029,1.1642585311353666,0.0,0.06512431180121564,32.3227429025099,52.843786459462024,0.0,201.53625957982422
E_collaborative_prepare_i2,E,,collaborative,prepare,2,B,8.683266860573953,8.683266860573953,1.6949976604229624,4.668663222028653,0.005713985776106778,0.0,0.0,1.0,22.0,279.5282067796338,14.546265749720202,nan,14.546265749720202,nan,nan,0.5721678349431172,1.8324253253209415,0.0,6.278673700309896,31.81971413167308,52.17767995963115,0.0,195.5308126883296
E_short_window_none_i0,E,,short_window,none,0,M,14.48732809990874,14.48732809990874,25.926738802335,11.634597713996616,6.646836247297923,0.0,0.0,73.0,56.0,276.5379053550544,5.638005711425291,nan,nan,7.324908235895703,5.638005711425291,2.85115912724059,9.64975075026175,0.0,1.986418222406394,51.37504880729608,40.80756016601157,0.0,184.35529638174677
E_short_window_none_i0,E,,short_window,none,0,R,49.09565949662337,49.09565949662337,55.43091021525789,22.381276983731595,36.1227253787038,57.0,3.819474622315763,173.0,56.0,240.03938494642244,5.638005711425291,13.001562500000073,10.471138671212298,nan,5.638005711425291,6.600625000000002,10.055000000000003,0.0,32.440034496623355,44.76203124999998,40.47312500000032,0.0,154.80422869642214
E_short_window_none_i0,E,,short_window,none,0,F,0.0,0.0,0.0,0.0,0.0,0.0,0.0,0.0,56.0,287.99999999999795,7.324908235895703,13.001562500000073,nan,7.324908235895703,nan,0.0,0.0,0.0,0.0,51.300000000000324,50.40000000000032,0.0,186.2999999999973
E_short_window_none_i0,E,,short_window,none,0,B,41.335667519345854,41.335667519345854,16.324948287885427,11.667694272199203,0.023847870234250442,0.0,0.0,11.0,56.0,246.7525868512202,10.471138671212298,nan,10.471138671212298,nan,nan,1.7109504446232602,9.169220794045941,0.0,30.45549628067663,49.661019882021904,41.23230070079457,0.0,155.85926626840373
E_short_window_none_i1,E,,short_window,none,1,M,8.959101957794253,8.959101957794253,14.051217913241526,8.840767913847273,2.7447821278438687,0.0,0.0,54.0,0.0,279.9255184703059,nan,nan,nan,nan,nan,8.954136770479334,0.0,0.0,0.0049651873149192845,95.39621273381621,0.0,0.0,184.5293057364897
E_short_window_none_i1,E,,short_window,none,1,R,17.351428499999304,17.351428499999304,30.8146196743898,12.973156568743304,22.591133413316722,0.0,0.0,101.0,0.0,278.3337780105016,11.910841327548649,12.868593750000098,11.910841327548649,nan,nan,17.29926749999935,0.0,0.0,0.05216099999995426,86.52241550000102,0.0,0.0,191.81136251050057
E_short_window_none_i1,E,,short_window,none,1,F,0.0,0.0,0.0,0.0,0.0,0.0,0.0,0.0,0.0,287.99999999999795,12.868593750000098,12.868593750000098,nan,nan,nan,0.0,0.0,0.0,0.0,103.50000000000065,0.0,0.0,184.4999999999973
E_short_window_none_i1,E,,short_window,none,1,B,16.328050038934606,16.328050038934606,9.57353296442332,6.827626026619501,0.01842156096333897,0.0,0.0,2.0,0.0,275.6833624611668,11.910841327548649,nan,11.910841327548649,nan,nan,11.321752977187838,0.0,0.0,5.006297061746762,92.29293336861952,0.0,0.0,183.39042909254727
E_short_window_none_i2,E,,short_window,none,2,M,17.132273969119918,17.132273969119918,30.10045004379066,12.232491772278825,7.170804439959685,0.0,0.0,75.0,44.0,273.8927301770044,6.6545714598142185,nan,nan,7.018160714726844,6.6545714598142185,3.0172484420316428,11.922792451480525,0.0,2.1922330756077435,51.19991824366801,42.13873248557758,0.0,180.55407944775882
E_short_window_none_i2,E,,short_window,none,2,R,43.65078606467095,43.65078606467095,47.82605100936358,21.808684751548924,37.59375588858173,46.0,3.587794855326824,168.0,44.0,244.51406024123384,6.6545714598142185,10.205156250000012,11.28843195393237,nan,6.6545714598142185,8.256756249999942,13.211513249999454,0.0,22.182516564671534,42.88835475000009,40.922972750000994,0.0,160.70273274123275
E_short_window_none_i2,E,,short_window,none,2,F,0.0,0.0,0.0,0.0,0.0,0.0,0.0,0.0,44.0,287.999999999998,7.018160714726844,10.205156250000012,nan,7.018160714726844,nan,0.0,0.0,0.0,0.0,51.300000000000324,54.00000000000034,0.0,182.69999999999735
E_short_window_none_i2,E,,short_window,none,2,B,37.8562869154004,37.8562869154004,13.200916727433288,10.36512752068748,0.014176111252910885,0.0,0.0,2.0,44.0,250.12870906861326,11.28843195393237,nan,11.28843195393237,nan,nan,2.635473898287022,12.00989304883929,0.0,23.210919968274084,48.59229605674743,41.98987871842884,0.0,159.546534293437
E_short_window_prepare_i0,E,,short_window,prepare,0,M,16.138573395601625,16.138573395601625,27.756191720848687,12.284811610047829,6.618572328640892,0.0,0.0,76.0,46.0,274.88665195334875,6.174093867764509,nan,nan,7.122270121062411,6.174093867764509,3.568303810712121,10.247301727459336,0.0,2.3229678574301738,53.34725860694988,39.31421319305903,0.0,182.22518015333983
E_short_window_prepare_i0,E,,short_window,prepare,0,R,43.621303630109395,43.621303630109395,43.78756304559309,21.754546529524333,28.133829530639815,49.0,8.305744718445984,167.0,46.0,244.57201650815733,6.174093867764509,13.001562500000073,10.492767654144568,nan,6.174093867764509,7.441337343749955,9.459566874999693,0.0,26.72039941135975,46.61917292968752,40.16534070312551,0.0,157.7875028753443
E_short_window_prepare_i0,E,,short_window,prepare,0,F,1.2972109757490844,1.2972109757490844,1.2654641879659725,4.565420960203316,1.1492918068214655,0.0,0.0,29.0,46.0,286.70278894179614,7.122270121062411,13.001562500000073,nan,7.122270121062411,nan,0.906805689573936,0.36187232559918675,0.0,0.02853296057595941,53.07781925516548,49.15289632179477,0.0,184.4720733648359
E_short_window_prepare_i0,E,,short_window,prepare,0,B,37.866852914517345,37.866852914517345,13.512965266275739,10.949924352605885,0.017107164816643324,0.0,0.0,7.0,46.0,250.24744586000844,10.492767654144568,nan,10.492767654144568,nan,nan,2.1250892544879534,9.100050753070695,0.0,26.641712906958652,51.9401946761992,40.40940457687681,0.0,157.89784660693243
E_short_window_prepare_i1,E,,short_window,prepare,1,M,10.870950850817026,10.870950850817026,14.339747645608073,8.425979168276434,2.548235774587071,0.0,0.0,52.0,0.0,277.98092278693355,nan,nan,nan,nan,nan,10.435478421857699,0.0,0.0,0.4354724289593302,95.7062714498673,0.0,0.0,182.27465133706625
E_short_window_prepare_i1,E,,short_window,prepare,1,R,17.786905374999478,17.786905374999478,31.655263347834353,13.03642147861131,20.508278749029394,0.0,0.0,102.0,0.0,277.80026138606706,11.807275803902439,12.868593750000098,11.807275803902439,nan,nan,17.755699624999504,0.0,0.0,0.03120574999997476,87.86868275000074,0.0,0.0,189.93157863606632
E_short_window_prepare_i1,E,,short_window,prepare,1,F,1.2972109757490844,1.2972109757490844,1.2654641879659725,4.565420960203316,1.1492918068214655,0.0,0.0,29.0,0.0,286.70278894179614,12.868593750000098,12.868593750000098,nan,nan,nan,1.2710521019720815,0.0,0.0,0.026158873777000807,104.02839193950578,0.0,0.0,182.67439700229036
E_short_window_prepare_i1,E,,short_window,prepare,1,B,16.878670525940468,16.878670525940468,9.893563337502645,6.910371264227437,0.01842156096333897,0.0,0.0,2.0,0.0,274.99551403496343,11.807275803902439,nan,11.807275803902439,nan,nan,11.843183587167822,0.0,0.0,5.035486938772643,93.57126794868,0.0,0.0,181.42424608628343
E_short_window_prepare_i2,E,,short_window,prepare,2,M,19.641291396171997,19.641291396171997,33.1377306109714,12.786037129853879,7.550239597079168,0.0,0.0,79.0,38.0,271.3836993132169,6.576437956153836,nan,nan,6.901654116655959,6.576437956153836,3.8112248073115214,13.13068207585322,0.0,2.699384513007259,53.09223322969524,40.0343937456754,0.0,178.25707233784624
E_short_window_prepare_i2,E,,short_window,prepare,2,R,38.78392126713137,38.78392126713137,35.84325719923104,20.06917468075974,29.006074461863967,41.0,10.554276054674915,151.0,38.0,249.38174685335701,6.576437956153836,10.205156250000012,11.18242445830381,nan,6.576437956153836,9.263125000000004,12.854375000000001,0.0,16.66642126713139,44.57781249999998,40.37265625000033,0.0,164.4312781033567
E_short_window_prepare_i2,E,,short_window,prepare,2,F,1.2972109757490844,1.2972109757490844,1.2654641879659725,4.565420960203316,1.1492918068214655,0.0,0.0,29.0,38.0,286.70278894179626,6.901654116655959,10.205156250000012,nan,6.901654116655959,nan,0.906805689573936,0.36642299001347306,0.0,0.023982296161673106,53.07781925516548,52.748442358999284,0.0,180.8765273276315
E_short_window_prepare_i2,E,,short_window,prepare,2,B,33.68469718808629,33.68469718808629,11.397785558605339,9.333651382590359,0.014176111252910885,0.0,0.0,2.0,38.0,254.3194465837576,11.18242445830381,nan,11.18242445830381,nan,nan,3.1490133433083987,12.098880247457597,0.0,18.436803597320345,50.770603676459416,41.00878070231565,0.0,162.54006220498255
